glyph_id,char,work_id,work_title,canvas_index,canvas_label,auto_col,auto_row,bbox_x,bbox_y,bbox_w,bbox_h,cell_x,cell_y,cell_w,cell_h,cell_xywh,display_x,display_y,display_w,display_h,display_xywh,fg_pixel_count,bbox_method,local_image,work_index,uri,viewer_url,manifest_url,canvas_id,canvas_width,canvas_height,annotation_page_url,annotation_id,annotation_index,order_in_page,motivation,bbox_xywh,bbox_xyxy,target,creator,contribution,temporal,temporal_value,year,script_form,shelf_mark,brief_source,source,quality
001_道因法师碑_p0005_c001,故,001_道因法师碑,道因法师碑,5,五,0,0,808,683,283,283,816,712,267,225,"[816, 712, 267, 225]",795,690,309,270,"[795, 690, 309, 270]",28601,text_constrained_column_cell_pixel_assignment,assets/page_images/001_道因法师碑/p0005.jpg,1,http://data.library.sh.cn/bt/resource/work/v1e0qbx3r5wp1uw4,http://iiif.library.sh.cn/api/viewer/17A331,https://iiif.library.sh.cn/p/3/02c55611-7427-4cd0-a2cd-a15b5ccbaa9c,https://iiif.library.sh.cn/c/3/8b03244a-3815-42c9-b4c1-61271a61f55b,1450,2228,https://iiif.library.sh.cn/c/3/8b03244a-3815-42c9-b4c1-61271a61f55b/ap/s,https://iiif.library.sh.cn/c/3/8b03244a-3815-42c9-b4c1-61271a61f55b/ap/c/a/73071e6b-c3ff-4509-b698-887f8d503004,1,1,supplementing,"[808, 683, 283, 283]","[808, 683, 1091, 966]","https://iiif.library.sh.cn/c/3/8b03244a-3815-42c9-b4c1-61271a61f55b#xywh=808,683,283,283",李俨撰文，欧阳通楷书,欧阳通（楷书）；李儇（撰文）,唐,龙朔三年十月十日刻立（663）,663,楷书,17A331,《翰墨瑰宝：上海图书馆藏珍本碑帖丛刊》第二辑,iiif_annotation_target_xywh,iiif_xywh
001_道因法师碑_p0005_c002,大,001_道因法师碑,道因法师碑,5,五,0,1,808,926,283,283,816,956,267,258,"[816, 956, 267, 258]",795,930,309,310,"[795, 930, 309, 310]",30043,text_constrained_column_cell_pixel_assignment,assets/page_images/001_道因法师碑/p0005.jpg,1,http://data.library.sh.cn/bt/resource/work/v1e0qbx3r5wp1uw4,http://iiif.library.sh.cn/api/viewer/17A331,https://iiif.library.sh.cn/p/3/02c55611-7427-4cd0-a2cd-a15b5ccbaa9c,https://iiif.library.sh.cn/c/3/8b03244a-3815-42c9-b4c1-61271a61f55b,1450,2228,https://iiif.library.sh.cn/c/3/8b03244a-3815-42c9-b4c1-61271a61f55b/ap/s,https://iiif.library.sh.cn/c/3/8b03244a-3815-42c9-b4c1-61271a61f55b/ap/c/a/be9bc485-08a1-46ae-8da3-c9dca0a70f7f,2,2,supplementing,"[808, 926, 283, 283]","[808, 926, 1091, 1209]","https://iiif.library.sh.cn/c/3/8b03244a-3815-42c9-b4c1-61271a61f55b#xywh=808,926,283,283",李俨撰文，欧阳通楷书,欧阳通（楷书）；李儇（撰文）,唐,龙朔三年十月十日刻立（663）,663,楷书,17A331,《翰墨瑰宝：上海图书馆藏珍本碑帖丛刊》第二辑,iiif_annotation_target_xywh,iiif_xywh
001_道因法师碑_p0005_c003,德,001_道因法师碑,道因法师碑,5,五,0,2,808,1238,283,283,816,1234,267,284,"[816, 1234, 267, 284]",795,1206,309,340,"[795, 1206, 309, 340]",32247,text_constrained_column_cell_pixel_assignment,assets/page_images/001_道因法师碑/p0005.jpg,1,http://data.library.sh.cn/bt/resource/work/v1e0qbx3r5wp1uw4,http://iiif.library.sh.cn/api/viewer/17A331,https://iiif.library.sh.cn/p/3/02c55611-7427-4cd0-a2cd-a15b5ccbaa9c,https://iiif.library.sh.cn/c/3/8b03244a-3815-42c9-b4c1-61271a61f55b,1450,2228,https://iiif.library.sh.cn/c/3/8b03244a-3815-42c9-b4c1-61271a61f55b/ap/s,https://iiif.library.sh.cn/c/3/8b03244a-3815-42c9-b4c1-61271a61f55b/ap/c/a/df2c94de-7afa-4269-8f4e-12eb7fb074f6,3,3,supplementing,"[808, 1238, 283, 283]","[808, 1238, 1091, 1521]","https://iiif.library.sh.cn/c/3/8b03244a-3815-42c9-b4c1-61271a61f55b#xywh=808,1238,283,283",李俨撰文，欧阳通楷书,欧阳通（楷书）；李儇（撰文）,唐,龙朔三年十月十日刻立（663）,663,楷书,17A331,《翰墨瑰宝：上海图书馆藏珍本碑帖丛刊》第二辑,iiif_annotation_target_xywh,iiif_xywh
001_道因法师碑_p0005_c004,因,001_道因法师碑,道因法师碑,5,五,0,3,808,1537,283,283,816,1539,267,279,"[816, 1539, 267, 279]",795,1511,309,335,"[795, 1511, 309, 335]",45775,text_constrained_column_cell_pixel_assignment,assets/page_images/001_道因法师碑/p0005.jpg,1,http://data.library.sh.cn/bt/resource/work/v1e0qbx3r5wp1uw4,http://iiif.library.sh.cn/api/viewer/17A331,https://iiif.library.sh.cn/p/3/02c55611-7427-4cd0-a2cd-a15b5ccbaa9c,https://iiif.library.sh.cn/c/3/8b03244a-3815-42c9-b4c1-61271a61f55b,1450,2228,https://iiif.library.sh.cn/c/3/8b03244a-3815-42c9-b4c1-61271a61f55b/ap/s,https://iiif.library.sh.cn/c/3/8b03244a-3815-42c9-b4c1-61271a61f55b/ap/c/a/d43ed0c1-6772-42cb-bf7d-85cc6ddc39b7,4,4,supplementing,"[808, 1537, 283, 283]","[808, 1537, 1091, 1820]","https://iiif.library.sh.cn/c/3/8b03244a-3815-42c9-b4c1-61271a61f55b#xywh=808,1537,283,283",李俨撰文，欧阳通楷书,欧阳通（楷书）；李儇（撰文）,唐,龙朔三年十月十日刻立（663）,663,楷书,17A331,《翰墨瑰宝：上海图书馆藏珍本碑帖丛刊》第二辑,iiif_annotation_target_xywh,iiif_xywh
001_道因法师碑_p0005_c005,法,001_道因法师碑,道因法师碑,5,五,1,0,549,697,225,225,528,708,267,203,"[528, 708, 267, 203]",507,688,309,243,"[507, 688, 309, 243]",21072,text_constrained_column_cell_pixel_assignment,assets/page_images/001_道因法师碑/p0005.jpg,1,http://data.library.sh.cn/bt/resource/work/v1e0qbx3r5wp1uw4,http://iiif.library.sh.cn/api/viewer/17A331,https://iiif.library.sh.cn/p/3/02c55611-7427-4cd0-a2cd-a15b5ccbaa9c,https://iiif.library.sh.cn/c/3/8b03244a-3815-42c9-b4c1-61271a61f55b,1450,2228,https://iiif.library.sh.cn/c/3/8b03244a-3815-42c9-b4c1-61271a61f55b/ap/s,https://iiif.library.sh.cn/c/3/8b03244a-3815-42c9-b4c1-61271a61f55b/ap/c/a/83a8c286-9dac-45b3-9322-7fdd78ebfedb,5,5,supplementing,"[549, 697, 225, 225]","[549, 697, 774, 922]","https://iiif.library.sh.cn/c/3/8b03244a-3815-42c9-b4c1-61271a61f55b#xywh=549,697,225,225",李俨撰文，欧阳通楷书,欧阳通（楷书）；李儇（撰文）,唐,龙朔三年十月十日刻立（663）,663,楷书,17A331,《翰墨瑰宝：上海图书馆藏珍本碑帖丛刊》第二辑,iiif_annotation_target_xywh,iiif_xywh
001_道因法师碑_p0005_c006,师,001_道因法师碑,道因法师碑,5,五,1,1,549,916,225,225,528,928,267,226,"[528, 928, 267, 226]",507,905,309,272,"[507, 905, 309, 272]",20245,text_constrained_column_cell_pixel_assignment,assets/page_images/001_道因法师碑/p0005.jpg,1,http://data.library.sh.cn/bt/resource/work/v1e0qbx3r5wp1uw4,http://iiif.library.sh.cn/api/viewer/17A331,https://iiif.library.sh.cn/p/3/02c55611-7427-4cd0-a2cd-a15b5ccbaa9c,https://iiif.library.sh.cn/c/3/8b03244a-3815-42c9-b4c1-61271a61f55b,1450,2228,https://iiif.library.sh.cn/c/3/8b03244a-3815-42c9-b4c1-61271a61f55b/ap/s,https://iiif.library.sh.cn/c/3/8b03244a-3815-42c9-b4c1-61271a61f55b/ap/c/a/58ed1b59-a0c5-4dae-b2d5-6a2a82b93594,6,6,supplementing,"[549, 916, 225, 225]","[549, 916, 774, 1141]","https://iiif.library.sh.cn/c/3/8b03244a-3815-42c9-b4c1-61271a61f55b#xywh=549,916,225,225",李俨撰文，欧阳通楷书,欧阳通（楷书）；李儇（撰文）,唐,龙朔三年十月十日刻立（663）,663,楷书,17A331,《翰墨瑰宝：上海图书馆藏珍本碑帖丛刊》第二辑,iiif_annotation_target_xywh,iiif_xywh
001_道因法师碑_p0005_c007,碑,001_道因法师碑,道因法师碑,5,五,1,2,549,1185,225,225,528,1172,267,251,"[528, 1172, 267, 251]",507,1147,309,301,"[507, 1147, 309, 301]",25183,text_constrained_column_cell_pixel_assignment,assets/page_images/001_道因法师碑/p0005.jpg,1,http://data.library.sh.cn/bt/resource/work/v1e0qbx3r5wp1uw4,http://iiif.library.sh.cn/api/viewer/17A331,https://iiif.library.sh.cn/p/3/02c55611-7427-4cd0-a2cd-a15b5ccbaa9c,https://iiif.library.sh.cn/c/3/8b03244a-3815-42c9-b4c1-61271a61f55b,1450,2228,https://iiif.library.sh.cn/c/3/8b03244a-3815-42c9-b4c1-61271a61f55b/ap/s,https://iiif.library.sh.cn/c/3/8b03244a-3815-42c9-b4c1-61271a61f55b/ap/c/a/fdb076f6-0acf-441e-abf1-0a502b7fa844,7,7,supplementing,"[549, 1185, 225, 225]","[549, 1185, 774, 1410]","https://iiif.library.sh.cn/c/3/8b03244a-3815-42c9-b4c1-61271a61f55b#xywh=549,1185,225,225",李俨撰文，欧阳通楷书,欧阳通（楷书）；李儇（撰文）,唐,龙朔三年十月十日刻立（663）,663,楷书,17A331,《翰墨瑰宝：上海图书馆藏珍本碑帖丛刊》第二辑,iiif_annotation_target_xywh,iiif_xywh
001_道因法师碑_p0006_c001,大,001_道因法师碑,道因法师碑,6,六,0,0,836,534,148,148,830,550,160,116,"[830, 550, 160, 116]",817,538,186,140,"[817, 538, 186, 140]",12070,text_constrained_column_cell_pixel_assignment,assets/page_images/001_道因法师碑/p0006.jpg,1,http://data.library.sh.cn/bt/resource/work/v1e0qbx3r5wp1uw4,http://iiif.library.sh.cn/api/viewer/17A331,https://iiif.library.sh.cn/p/3/02c55611-7427-4cd0-a2cd-a15b5ccbaa9c,https://iiif.library.sh.cn/c/3/3c38db5e-7ee1-4618-8370-e0321ae2f75b,1436,2231,https://iiif.library.sh.cn/c/3/3c38db5e-7ee1-4618-8370-e0321ae2f75b/ap/s,https://iiif.library.sh.cn/c/3/3c38db5e-7ee1-4618-8370-e0321ae2f75b/ap/c/a/11d30791-1305-4af0-a224-fcbb42237e73,1,1,supplementing,"[836, 534, 148, 148]","[836, 534, 984, 682]","https://iiif.library.sh.cn/c/3/3c38db5e-7ee1-4618-8370-e0321ae2f75b#xywh=836,534,148,148",李俨撰文，欧阳通楷书,欧阳通（楷书）；李儇（撰文）,唐,龙朔三年十月十日刻立（663）,663,楷书,17A331,《翰墨瑰宝：上海图书馆藏珍本碑帖丛刊》第二辑,iiif_annotation_target_xywh,iiif_xywh
001_道因法师碑_p0006_c002,唐,001_道因法师碑,道因法师碑,6,六,0,1,836,659,148,148,830,676,160,160,"[830, 676, 160, 160]",817,660,186,192,"[817, 660, 186, 192]",12977,text_constrained_column_cell_pixel_assignment,assets/page_images/001_道因法师碑/p0006.jpg,1,http://data.library.sh.cn/bt/resource/work/v1e0qbx3r5wp1uw4,http://iiif.library.sh.cn/api/viewer/17A331,https://iiif.library.sh.cn/p/3/02c55611-7427-4cd0-a2cd-a15b5ccbaa9c,https://iiif.library.sh.cn/c/3/3c38db5e-7ee1-4618-8370-e0321ae2f75b,1436,2231,https://iiif.library.sh.cn/c/3/3c38db5e-7ee1-4618-8370-e0321ae2f75b/ap/s,https://iiif.library.sh.cn/c/3/3c38db5e-7ee1-4618-8370-e0321ae2f75b/ap/c/a/a9242e1c-5c51-464e-8348-17079a0f3223,2,2,supplementing,"[836, 659, 148, 148]","[836, 659, 984, 807]","https://iiif.library.sh.cn/c/3/3c38db5e-7ee1-4618-8370-e0321ae2f75b#xywh=836,659,148,148",李俨撰文，欧阳通楷书,欧阳通（楷书）；李儇（撰文）,唐,龙朔三年十月十日刻立（663）,663,楷书,17A331,《翰墨瑰宝：上海图书馆藏珍本碑帖丛刊》第二辑,iiif_annotation_target_xywh,iiif_xywh
001_道因法师碑_p0006_c003,故,001_道因法师碑,道因法师碑,6,六,0,2,836,876,148,148,830,848,160,184,"[830, 848, 160, 184]",817,830,186,220,"[817, 830, 186, 220]",13383,text_constrained_column_cell_pixel_assignment,assets/page_images/001_道因法师碑/p0006.jpg,1,http://data.library.sh.cn/bt/resource/work/v1e0qbx3r5wp1uw4,http://iiif.library.sh.cn/api/viewer/17A331,https://iiif.library.sh.cn/p/3/02c55611-7427-4cd0-a2cd-a15b5ccbaa9c,https://iiif.library.sh.cn/c/3/3c38db5e-7ee1-4618-8370-e0321ae2f75b,1436,2231,https://iiif.library.sh.cn/c/3/3c38db5e-7ee1-4618-8370-e0321ae2f75b/ap/s,https://iiif.library.sh.cn/c/3/3c38db5e-7ee1-4618-8370-e0321ae2f75b/ap/c/a/8ecfa53e-9db3-49a1-9646-92d141ed5ad1,3,3,supplementing,"[836, 876, 148, 148]","[836, 876, 984, 1024]","https://iiif.library.sh.cn/c/3/3c38db5e-7ee1-4618-8370-e0321ae2f75b#xywh=836,876,148,148",李俨撰文，欧阳通楷书,欧阳通（楷书）；李儇（撰文）,唐,龙朔三年十月十日刻立（663）,663,楷书,17A331,《翰墨瑰宝：上海图书馆藏珍本碑帖丛刊》第二辑,iiif_annotation_target_xywh,iiif_xywh
001_道因法师碑_p0006_c004,翻,001_道因法师碑,道因法师碑,6,六,0,3,836,1053,148,148,830,1045,160,173,"[830, 1045, 160, 173]",817,1028,186,207,"[817, 1028, 186, 207]",10927,text_constrained_column_cell_pixel_assignment,assets/page_images/001_道因法师碑/p0006.jpg,1,http://data.library.sh.cn/bt/resource/work/v1e0qbx3r5wp1uw4,http://iiif.library.sh.cn/api/viewer/17A331,https://iiif.library.sh.cn/p/3/02c55611-7427-4cd0-a2cd-a15b5ccbaa9c,https://iiif.library.sh.cn/c/3/3c38db5e-7ee1-4618-8370-e0321ae2f75b,1436,2231,https://iiif.library.sh.cn/c/3/3c38db5e-7ee1-4618-8370-e0321ae2f75b/ap/s,https://iiif.library.sh.cn/c/3/3c38db5e-7ee1-4618-8370-e0321ae2f75b/ap/c/a/d978ad94-55e7-40b0-bc61-12e81d372e1e,4,4,supplementing,"[836, 1053, 148, 148]","[836, 1053, 984, 1201]","https://iiif.library.sh.cn/c/3/3c38db5e-7ee1-4618-8370-e0321ae2f75b#xywh=836,1053,148,148",李俨撰文，欧阳通楷书,欧阳通（楷书）；李儇（撰文）,唐,龙朔三年十月十日刻立（663）,663,楷书,17A331,《翰墨瑰宝：上海图书馆藏珍本碑帖丛刊》第二辑,iiif_annotation_target_xywh,iiif_xywh
001_道因法师碑_p0006_c005,经,001_道因法师碑,道因法师碑,6,六,0,4,836,1247,148,148,830,1230,160,167,"[830, 1230, 160, 167]",817,1213,186,201,"[817, 1213, 186, 201]",12114,text_constrained_column_cell_pixel_assignment,assets/page_images/001_道因法师碑/p0006.jpg,1,http://data.library.sh.cn/bt/resource/work/v1e0qbx3r5wp1uw4,http://iiif.library.sh.cn/api/viewer/17A331,https://iiif.library.sh.cn/p/3/02c55611-7427-4cd0-a2cd-a15b5ccbaa9c,https://iiif.library.sh.cn/c/3/3c38db5e-7ee1-4618-8370-e0321ae2f75b,1436,2231,https://iiif.library.sh.cn/c/3/3c38db5e-7ee1-4618-8370-e0321ae2f75b/ap/s,https://iiif.library.sh.cn/c/3/3c38db5e-7ee1-4618-8370-e0321ae2f75b/ap/c/a/819b3a9b-0865-4c64-a99e-92b7edbb9640,5,5,supplementing,"[836, 1247, 148, 148]","[836, 1247, 984, 1395]","https://iiif.library.sh.cn/c/3/3c38db5e-7ee1-4618-8370-e0321ae2f75b#xywh=836,1247,148,148",李俨撰文，欧阳通楷书,欧阳通（楷书）；李儇（撰文）,唐,龙朔三年十月十日刻立（663）,663,楷书,17A331,《翰墨瑰宝：上海图书馆藏珍本碑帖丛刊》第二辑,iiif_annotation_target_xywh,iiif_xywh
001_道因法师碑_p0006_c006,大,001_道因法师碑,道因法师碑,6,六,0,5,836,1411,148,148,830,1410,160,178,"[830, 1410, 160, 178]",817,1392,186,214,"[817, 1392, 186, 214]",14511,text_constrained_column_cell_pixel_assignment,assets/page_images/001_道因法师碑/p0006.jpg,1,http://data.library.sh.cn/bt/resource/work/v1e0qbx3r5wp1uw4,http://iiif.library.sh.cn/api/viewer/17A331,https://iiif.library.sh.cn/p/3/02c55611-7427-4cd0-a2cd-a15b5ccbaa9c,https://iiif.library.sh.cn/c/3/3c38db5e-7ee1-4618-8370-e0321ae2f75b,1436,2231,https://iiif.library.sh.cn/c/3/3c38db5e-7ee1-4618-8370-e0321ae2f75b/ap/s,https://iiif.library.sh.cn/c/3/3c38db5e-7ee1-4618-8370-e0321ae2f75b/ap/c/a/44d82b92-6ffe-4ac3-bfef-40f26584b1c1,6,6,supplementing,"[836, 1411, 148, 148]","[836, 1411, 984, 1559]","https://iiif.library.sh.cn/c/3/3c38db5e-7ee1-4618-8370-e0321ae2f75b#xywh=836,1411,148,148",李俨撰文，欧阳通楷书,欧阳通（楷书）；李儇（撰文）,唐,龙朔三年十月十日刻立（663）,663,楷书,17A331,《翰墨瑰宝：上海图书馆藏珍本碑帖丛刊》第二辑,iiif_annotation_target_xywh,iiif_xywh
001_道因法师碑_p0006_c007,德,001_道因法师碑,道因法师碑,6,六,0,6,836,1631,148,148,830,1602,160,188,"[830, 1602, 160, 188]",817,1583,186,226,"[817, 1583, 186, 226]",11889,text_constrained_column_cell_pixel_assignment,assets/page_images/001_道因法师碑/p0006.jpg,1,http://data.library.sh.cn/bt/resource/work/v1e0qbx3r5wp1uw4,http://iiif.library.sh.cn/api/viewer/17A331,https://iiif.library.sh.cn/p/3/02c55611-7427-4cd0-a2cd-a15b5ccbaa9c,https://iiif.library.sh.cn/c/3/3c38db5e-7ee1-4618-8370-e0321ae2f75b,1436,2231,https://iiif.library.sh.cn/c/3/3c38db5e-7ee1-4618-8370-e0321ae2f75b/ap/s,https://iiif.library.sh.cn/c/3/3c38db5e-7ee1-4618-8370-e0321ae2f75b/ap/c/a/62354618-a9d2-4c47-8656-7d066bf32109,7,7,supplementing,"[836, 1631, 148, 148]","[836, 1631, 984, 1779]","https://iiif.library.sh.cn/c/3/3c38db5e-7ee1-4618-8370-e0321ae2f75b#xywh=836,1631,148,148",李俨撰文，欧阳通楷书,欧阳通（楷书）；李儇（撰文）,唐,龙朔三年十月十日刻立（663）,663,楷书,17A331,《翰墨瑰宝：上海图书馆藏珍本碑帖丛刊》第二辑,iiif_annotation_target_xywh,iiif_xywh
001_道因法师碑_p0006_c008,益,001_道因法师碑,道因法师碑,6,六,0,7,836,1816,148,148,830,1804,160,172,"[830, 1804, 160, 172]",817,1787,186,206,"[817, 1787, 186, 206]",17111,text_constrained_column_cell_pixel_assignment,assets/page_images/001_道因法师碑/p0006.jpg,1,http://data.library.sh.cn/bt/resource/work/v1e0qbx3r5wp1uw4,http://iiif.library.sh.cn/api/viewer/17A331,https://iiif.library.sh.cn/p/3/02c55611-7427-4cd0-a2cd-a15b5ccbaa9c,https://iiif.library.sh.cn/c/3/3c38db5e-7ee1-4618-8370-e0321ae2f75b,1436,2231,https://iiif.library.sh.cn/c/3/3c38db5e-7ee1-4618-8370-e0321ae2f75b/ap/s,https://iiif.library.sh.cn/c/3/3c38db5e-7ee1-4618-8370-e0321ae2f75b/ap/c/a/ade3a176-a804-437f-8dc6-efedcf100c85,8,8,supplementing,"[836, 1816, 148, 148]","[836, 1816, 984, 1964]","https://iiif.library.sh.cn/c/3/3c38db5e-7ee1-4618-8370-e0321ae2f75b#xywh=836,1816,148,148",李俨撰文，欧阳通楷书,欧阳通（楷书）；李儇（撰文）,唐,龙朔三年十月十日刻立（663）,663,楷书,17A331,《翰墨瑰宝：上海图书馆藏珍本碑帖丛刊》第二辑,iiif_annotation_target_xywh,iiif_xywh
001_道因法师碑_p0006_c009,州,001_道因法师碑,道因法师碑,6,六,1,0,673,544,130,130,669,539,149,140,"[669, 539, 149, 140]",657,525,173,168,"[657, 525, 173, 168]",15193,text_constrained_column_cell_pixel_assignment,assets/page_images/001_道因法师碑/p0006.jpg,1,http://data.library.sh.cn/bt/resource/work/v1e0qbx3r5wp1uw4,http://iiif.library.sh.cn/api/viewer/17A331,https://iiif.library.sh.cn/p/3/02c55611-7427-4cd0-a2cd-a15b5ccbaa9c,https://iiif.library.sh.cn/c/3/3c38db5e-7ee1-4618-8370-e0321ae2f75b,1436,2231,https://iiif.library.sh.cn/c/3/3c38db5e-7ee1-4618-8370-e0321ae2f75b/ap/s,https://iiif.library.sh.cn/c/3/3c38db5e-7ee1-4618-8370-e0321ae2f75b/ap/c/a/b6d8a8ab-a38f-44d9-95bf-d77b7d55bbf0,9,9,supplementing,"[673, 544, 130, 130]","[673, 544, 803, 674]","https://iiif.library.sh.cn/c/3/3c38db5e-7ee1-4618-8370-e0321ae2f75b#xywh=673,544,130,130",李俨撰文，欧阳通楷书,欧阳通（楷书）；李儇（撰文）,唐,龙朔三年十月十日刻立（663）,663,楷书,17A331,《翰墨瑰宝：上海图书馆藏珍本碑帖丛刊》第二辑,iiif_annotation_target_xywh,iiif_xywh
001_道因法师碑_p0006_c010,多,001_道因法师碑,道因法师碑,6,六,1,1,673,695,130,130,669,690,149,154,"[669, 690, 149, 154]",657,675,173,184,"[657, 675, 173, 184]",11194,text_constrained_column_cell_pixel_assignment,assets/page_images/001_道因法师碑/p0006.jpg,1,http://data.library.sh.cn/bt/resource/work/v1e0qbx3r5wp1uw4,http://iiif.library.sh.cn/api/viewer/17A331,https://iiif.library.sh.cn/p/3/02c55611-7427-4cd0-a2cd-a15b5ccbaa9c,https://iiif.library.sh.cn/c/3/3c38db5e-7ee1-4618-8370-e0321ae2f75b,1436,2231,https://iiif.library.sh.cn/c/3/3c38db5e-7ee1-4618-8370-e0321ae2f75b/ap/s,https://iiif.library.sh.cn/c/3/3c38db5e-7ee1-4618-8370-e0321ae2f75b/ap/c/a/74b821b3-d00b-47e1-abe4-533f5fba0f01,10,10,supplementing,"[673, 695, 130, 130]","[673, 695, 803, 825]","https://iiif.library.sh.cn/c/3/3c38db5e-7ee1-4618-8370-e0321ae2f75b#xywh=673,695,130,130",李俨撰文，欧阳通楷书,欧阳通（楷书）；李儇（撰文）,唐,龙朔三年十月十日刻立（663）,663,楷书,17A331,《翰墨瑰宝：上海图书馆藏珍本碑帖丛刊》第二辑,iiif_annotation_target_xywh,iiif_xywh
001_道因法师碑_p0006_c011,宝,001_道因法师碑,道因法师碑,6,六,1,2,673,874,130,130,669,856,149,161,"[669, 856, 149, 161]",657,840,173,193,"[657, 840, 173, 193]",9638,text_constrained_column_cell_pixel_assignment,assets/page_images/001_道因法师碑/p0006.jpg,1,http://data.library.sh.cn/bt/resource/work/v1e0qbx3r5wp1uw4,http://iiif.library.sh.cn/api/viewer/17A331,https://iiif.library.sh.cn/p/3/02c55611-7427-4cd0-a2cd-a15b5ccbaa9c,https://iiif.library.sh.cn/c/3/3c38db5e-7ee1-4618-8370-e0321ae2f75b,1436,2231,https://iiif.library.sh.cn/c/3/3c38db5e-7ee1-4618-8370-e0321ae2f75b/ap/s,https://iiif.library.sh.cn/c/3/3c38db5e-7ee1-4618-8370-e0321ae2f75b/ap/c/a/e1ce9e66-5606-4318-b636-ab7f124edb7e,11,11,supplementing,"[673, 874, 130, 130]","[673, 874, 803, 1004]","https://iiif.library.sh.cn/c/3/3c38db5e-7ee1-4618-8370-e0321ae2f75b#xywh=673,874,130,130",李俨撰文，欧阳通楷书,欧阳通（楷书）；李儇（撰文）,唐,龙朔三年十月十日刻立（663）,663,楷书,17A331,《翰墨瑰宝：上海图书馆藏珍本碑帖丛刊》第二辑,iiif_annotation_target_xywh,iiif_xywh
001_道因法师碑_p0006_c012,寺,001_道因法师碑,道因法师碑,6,六,1,3,673,1043,130,130,669,1030,149,166,"[669, 1030, 149, 166]",657,1013,173,200,"[657, 1013, 173, 200]",10277,text_constrained_column_cell_pixel_assignment,assets/page_images/001_道因法师碑/p0006.jpg,1,http://data.library.sh.cn/bt/resource/work/v1e0qbx3r5wp1uw4,http://iiif.library.sh.cn/api/viewer/17A331,https://iiif.library.sh.cn/p/3/02c55611-7427-4cd0-a2cd-a15b5ccbaa9c,https://iiif.library.sh.cn/c/3/3c38db5e-7ee1-4618-8370-e0321ae2f75b,1436,2231,https://iiif.library.sh.cn/c/3/3c38db5e-7ee1-4618-8370-e0321ae2f75b/ap/s,https://iiif.library.sh.cn/c/3/3c38db5e-7ee1-4618-8370-e0321ae2f75b/ap/c/a/29317c34-7373-402c-9713-9c4976ed7114,12,12,supplementing,"[673, 1043, 130, 130]","[673, 1043, 803, 1173]","https://iiif.library.sh.cn/c/3/3c38db5e-7ee1-4618-8370-e0321ae2f75b#xywh=673,1043,130,130",李俨撰文，欧阳通楷书,欧阳通（楷书）；李儇（撰文）,唐,龙朔三年十月十日刻立（663）,663,楷书,17A331,《翰墨瑰宝：上海图书馆藏珍本碑帖丛刊》第二辑,iiif_annotation_target_xywh,iiif_xywh
001_道因法师碑_p0006_c013,道,001_道因法师碑,道因法师碑,6,六,1,4,673,1232,130,130,669,1209,149,168,"[669, 1209, 149, 168]",657,1192,173,202,"[657, 1192, 173, 202]",11181,text_constrained_column_cell_pixel_assignment,assets/page_images/001_道因法师碑/p0006.jpg,1,http://data.library.sh.cn/bt/resource/work/v1e0qbx3r5wp1uw4,http://iiif.library.sh.cn/api/viewer/17A331,https://iiif.library.sh.cn/p/3/02c55611-7427-4cd0-a2cd-a15b5ccbaa9c,https://iiif.library.sh.cn/c/3/3c38db5e-7ee1-4618-8370-e0321ae2f75b,1436,2231,https://iiif.library.sh.cn/c/3/3c38db5e-7ee1-4618-8370-e0321ae2f75b/ap/s,https://iiif.library.sh.cn/c/3/3c38db5e-7ee1-4618-8370-e0321ae2f75b/ap/c/a/083b1619-6766-47a4-9f63-ca607b67738e,13,13,supplementing,"[673, 1232, 130, 130]","[673, 1232, 803, 1362]","https://iiif.library.sh.cn/c/3/3c38db5e-7ee1-4618-8370-e0321ae2f75b#xywh=673,1232,130,130",李俨撰文，欧阳通楷书,欧阳通（楷书）；李儇（撰文）,唐,龙朔三年十月十日刻立（663）,663,楷书,17A331,《翰墨瑰宝：上海图书馆藏珍本碑帖丛刊》第二辑,iiif_annotation_target_xywh,iiif_xywh
001_道因法师碑_p0006_c014,因,001_道因法师碑,道因法师碑,6,六,1,5,673,1405,130,130,669,1389,149,148,"[669, 1389, 149, 148]",657,1374,173,178,"[657, 1374, 173, 178]",9365,text_constrained_column_cell_pixel_assignment,assets/page_images/001_道因法师碑/p0006.jpg,1,http://data.library.sh.cn/bt/resource/work/v1e0qbx3r5wp1uw4,http://iiif.library.sh.cn/api/viewer/17A331,https://iiif.library.sh.cn/p/3/02c55611-7427-4cd0-a2cd-a15b5ccbaa9c,https://iiif.library.sh.cn/c/3/3c38db5e-7ee1-4618-8370-e0321ae2f75b,1436,2231,https://iiif.library.sh.cn/c/3/3c38db5e-7ee1-4618-8370-e0321ae2f75b/ap/s,https://iiif.library.sh.cn/c/3/3c38db5e-7ee1-4618-8370-e0321ae2f75b/ap/c/a/129b8cef-c720-4ff9-87b8-50569e5fe33f,14,14,supplementing,"[673, 1405, 130, 130]","[673, 1405, 803, 1535]","https://iiif.library.sh.cn/c/3/3c38db5e-7ee1-4618-8370-e0321ae2f75b#xywh=673,1405,130,130",李俨撰文，欧阳通楷书,欧阳通（楷书）；李儇（撰文）,唐,龙朔三年十月十日刻立（663）,663,楷书,17A331,《翰墨瑰宝：上海图书馆藏珍本碑帖丛刊》第二辑,iiif_annotation_target_xywh,iiif_xywh
001_道因法师碑_p0006_c015,法,001_道因法师碑,道因法师碑,6,六,1,6,673,1550,130,130,669,1548,149,149,"[669, 1548, 149, 149]",657,1533,173,179,"[657, 1533, 173, 179]",10158,text_constrained_column_cell_pixel_assignment,assets/page_images/001_道因法师碑/p0006.jpg,1,http://data.library.sh.cn/bt/resource/work/v1e0qbx3r5wp1uw4,http://iiif.library.sh.cn/api/viewer/17A331,https://iiif.library.sh.cn/p/3/02c55611-7427-4cd0-a2cd-a15b5ccbaa9c,https://iiif.library.sh.cn/c/3/3c38db5e-7ee1-4618-8370-e0321ae2f75b,1436,2231,https://iiif.library.sh.cn/c/3/3c38db5e-7ee1-4618-8370-e0321ae2f75b/ap/s,https://iiif.library.sh.cn/c/3/3c38db5e-7ee1-4618-8370-e0321ae2f75b/ap/c/a/44f81650-5cb8-4be2-bcfb-0d69a4784486,15,15,supplementing,"[673, 1550, 130, 130]","[673, 1550, 803, 1680]","https://iiif.library.sh.cn/c/3/3c38db5e-7ee1-4618-8370-e0321ae2f75b#xywh=673,1550,130,130",李俨撰文，欧阳通楷书,欧阳通（楷书）；李儇（撰文）,唐,龙朔三年十月十日刻立（663）,663,楷书,17A331,《翰墨瑰宝：上海图书馆藏珍本碑帖丛刊》第二辑,iiif_annotation_target_xywh,iiif_xywh
001_道因法师碑_p0006_c016,师,001_道因法师碑,道因法师碑,6,六,1,7,673,1725,130,130,669,1709,149,162,"[669, 1709, 149, 162]",657,1693,173,194,"[657, 1693, 173, 194]",8412,text_constrained_column_cell_pixel_assignment,assets/page_images/001_道因法师碑/p0006.jpg,1,http://data.library.sh.cn/bt/resource/work/v1e0qbx3r5wp1uw4,http://iiif.library.sh.cn/api/viewer/17A331,https://iiif.library.sh.cn/p/3/02c55611-7427-4cd0-a2cd-a15b5ccbaa9c,https://iiif.library.sh.cn/c/3/3c38db5e-7ee1-4618-8370-e0321ae2f75b,1436,2231,https://iiif.library.sh.cn/c/3/3c38db5e-7ee1-4618-8370-e0321ae2f75b/ap/s,https://iiif.library.sh.cn/c/3/3c38db5e-7ee1-4618-8370-e0321ae2f75b/ap/c/a/a82fe331-4f3c-491b-9420-9b394dbab4e9,16,16,supplementing,"[673, 1725, 130, 130]","[673, 1725, 803, 1855]","https://iiif.library.sh.cn/c/3/3c38db5e-7ee1-4618-8370-e0321ae2f75b#xywh=673,1725,130,130",李俨撰文，欧阳通楷书,欧阳通（楷书）；李儇（撰文）,唐,龙朔三年十月十日刻立（663）,663,楷书,17A331,《翰墨瑰宝：上海图书馆藏珍本碑帖丛刊》第二辑,iiif_annotation_target_xywh,iiif_xywh
001_道因法师碑_p0006_c017,碑,001_道因法师碑,道因法师碑,6,六,2,0,510,542,156,156,504,551,153,138,"[504, 551, 153, 138]",492,537,177,166,"[492, 537, 177, 166]",10703,text_constrained_column_cell_pixel_assignment,assets/page_images/001_道因法师碑/p0006.jpg,1,http://data.library.sh.cn/bt/resource/work/v1e0qbx3r5wp1uw4,http://iiif.library.sh.cn/api/viewer/17A331,https://iiif.library.sh.cn/p/3/02c55611-7427-4cd0-a2cd-a15b5ccbaa9c,https://iiif.library.sh.cn/c/3/3c38db5e-7ee1-4618-8370-e0321ae2f75b,1436,2231,https://iiif.library.sh.cn/c/3/3c38db5e-7ee1-4618-8370-e0321ae2f75b/ap/s,https://iiif.library.sh.cn/c/3/3c38db5e-7ee1-4618-8370-e0321ae2f75b/ap/c/a/aeb4bf5c-100a-419d-aab9-30da421eca34,17,17,supplementing,"[510, 542, 156, 156]","[510, 542, 666, 698]","https://iiif.library.sh.cn/c/3/3c38db5e-7ee1-4618-8370-e0321ae2f75b#xywh=510,542,156,156",李俨撰文，欧阳通楷书,欧阳通（楷书）；李儇（撰文）,唐,龙朔三年十月十日刻立（663）,663,楷书,17A331,《翰墨瑰宝：上海图书馆藏珍本碑帖丛刊》第二辑,iiif_annotation_target_xywh,iiif_xywh
001_道因法师碑_p0006_c018,文,001_道因法师碑,道因法师碑,6,六,2,1,510,691,156,156,504,700,153,145,"[504, 700, 153, 145]",492,686,177,174,"[492, 686, 177, 174]",8622,text_constrained_column_cell_pixel_assignment,assets/page_images/001_道因法师碑/p0006.jpg,1,http://data.library.sh.cn/bt/resource/work/v1e0qbx3r5wp1uw4,http://iiif.library.sh.cn/api/viewer/17A331,https://iiif.library.sh.cn/p/3/02c55611-7427-4cd0-a2cd-a15b5ccbaa9c,https://iiif.library.sh.cn/c/3/3c38db5e-7ee1-4618-8370-e0321ae2f75b,1436,2231,https://iiif.library.sh.cn/c/3/3c38db5e-7ee1-4618-8370-e0321ae2f75b/ap/s,https://iiif.library.sh.cn/c/3/3c38db5e-7ee1-4618-8370-e0321ae2f75b/ap/c/a/e41ca696-3087-472f-91c6-7e7bffeb1981,18,18,supplementing,"[510, 691, 156, 156]","[510, 691, 666, 847]","https://iiif.library.sh.cn/c/3/3c38db5e-7ee1-4618-8370-e0321ae2f75b#xywh=510,691,156,156",李俨撰文，欧阳通楷书,欧阳通（楷书）；李儇（撰文）,唐,龙朔三年十月十日刻立（663）,663,楷书,17A331,《翰墨瑰宝：上海图书馆藏珍本碑帖丛刊》第二辑,iiif_annotation_target_xywh,iiif_xywh
001_道因法师碑_p0006_c019,并,001_道因法师碑,道因法师碑,6,六,2,2,510,854,156,156,504,857,153,159,"[504, 857, 153, 159]",492,841,177,191,"[492, 841, 177, 191]",11102,text_constrained_column_cell_pixel_assignment,assets/page_images/001_道因法师碑/p0006.jpg,1,http://data.library.sh.cn/bt/resource/work/v1e0qbx3r5wp1uw4,http://iiif.library.sh.cn/api/viewer/17A331,https://iiif.library.sh.cn/p/3/02c55611-7427-4cd0-a2cd-a15b5ccbaa9c,https://iiif.library.sh.cn/c/3/3c38db5e-7ee1-4618-8370-e0321ae2f75b,1436,2231,https://iiif.library.sh.cn/c/3/3c38db5e-7ee1-4618-8370-e0321ae2f75b/ap/s,https://iiif.library.sh.cn/c/3/3c38db5e-7ee1-4618-8370-e0321ae2f75b/ap/c/a/4bf02a25-8a03-446b-baba-866e079ebb04,19,19,supplementing,"[510, 854, 156, 156]","[510, 854, 666, 1010]","https://iiif.library.sh.cn/c/3/3c38db5e-7ee1-4618-8370-e0321ae2f75b#xywh=510,854,156,156",李俨撰文，欧阳通楷书,欧阳通（楷书）；李儇（撰文）,唐,龙朔三年十月十日刻立（663）,663,楷书,17A331,《翰墨瑰宝：上海图书馆藏珍本碑帖丛刊》第二辑,iiif_annotation_target_xywh,iiif_xywh
001_道因法师碑_p0006_c020,序,001_道因法师碑,道因法师碑,6,六,2,3,510,1035,156,156,504,1029,153,168,"[504, 1029, 153, 168]",492,1012,177,202,"[492, 1012, 177, 202]",11547,text_constrained_column_cell_pixel_assignment,assets/page_images/001_道因法师碑/p0006.jpg,1,http://data.library.sh.cn/bt/resource/work/v1e0qbx3r5wp1uw4,http://iiif.library.sh.cn/api/viewer/17A331,https://iiif.library.sh.cn/p/3/02c55611-7427-4cd0-a2cd-a15b5ccbaa9c,https://iiif.library.sh.cn/c/3/3c38db5e-7ee1-4618-8370-e0321ae2f75b,1436,2231,https://iiif.library.sh.cn/c/3/3c38db5e-7ee1-4618-8370-e0321ae2f75b/ap/s,https://iiif.library.sh.cn/c/3/3c38db5e-7ee1-4618-8370-e0321ae2f75b/ap/c/a/7a73470c-bf23-4f83-a1d1-edfaea6c23d6,20,20,supplementing,"[510, 1035, 156, 156]","[510, 1035, 666, 1191]","https://iiif.library.sh.cn/c/3/3c38db5e-7ee1-4618-8370-e0321ae2f75b#xywh=510,1035,156,156",李俨撰文，欧阳通楷书,欧阳通（楷书）；李儇（撰文）,唐,龙朔三年十月十日刻立（663）,663,楷书,17A331,《翰墨瑰宝：上海图书馆藏珍本碑帖丛刊》第二辑,iiif_annotation_target_xywh,iiif_xywh
001_道因法师碑_p0006_c021,中,001_道因法师碑,道因法师碑,6,六,3,0,345,672,126,126,324,655,168,160,"[324, 655, 168, 160]",311,639,194,192,"[311, 639, 194, 192]",9212,text_constrained_column_cell_pixel_assignment,assets/page_images/001_道因法师碑/p0006.jpg,1,http://data.library.sh.cn/bt/resource/work/v1e0qbx3r5wp1uw4,http://iiif.library.sh.cn/api/viewer/17A331,https://iiif.library.sh.cn/p/3/02c55611-7427-4cd0-a2cd-a15b5ccbaa9c,https://iiif.library.sh.cn/c/3/3c38db5e-7ee1-4618-8370-e0321ae2f75b,1436,2231,https://iiif.library.sh.cn/c/3/3c38db5e-7ee1-4618-8370-e0321ae2f75b/ap/s,https://iiif.library.sh.cn/c/3/3c38db5e-7ee1-4618-8370-e0321ae2f75b/ap/c/a/8c6d3261-2bf4-4398-92a2-b77cb06822c1,21,21,supplementing,"[345, 672, 126, 126]","[345, 672, 471, 798]","https://iiif.library.sh.cn/c/3/3c38db5e-7ee1-4618-8370-e0321ae2f75b#xywh=345,672,126,126",李俨撰文，欧阳通楷书,欧阳通（楷书）；李儇（撰文）,唐,龙朔三年十月十日刻立（663）,663,楷书,17A331,《翰墨瑰宝：上海图书馆藏珍本碑帖丛刊》第二辑,iiif_annotation_target_xywh,iiif_xywh
001_道因法师碑_p0006_c022,台,001_道因法师碑,道因法师碑,6,六,3,1,345,844,126,126,324,828,168,182,"[324, 828, 168, 182]",311,810,194,218,"[311, 810, 194, 218]",11892,text_constrained_column_cell_pixel_assignment,assets/page_images/001_道因法师碑/p0006.jpg,1,http://data.library.sh.cn/bt/resource/work/v1e0qbx3r5wp1uw4,http://iiif.library.sh.cn/api/viewer/17A331,https://iiif.library.sh.cn/p/3/02c55611-7427-4cd0-a2cd-a15b5ccbaa9c,https://iiif.library.sh.cn/c/3/3c38db5e-7ee1-4618-8370-e0321ae2f75b,1436,2231,https://iiif.library.sh.cn/c/3/3c38db5e-7ee1-4618-8370-e0321ae2f75b/ap/s,https://iiif.library.sh.cn/c/3/3c38db5e-7ee1-4618-8370-e0321ae2f75b/ap/c/a/4297c48f-655d-4a89-9d50-6ed1c639f691,22,22,supplementing,"[345, 844, 126, 126]","[345, 844, 471, 970]","https://iiif.library.sh.cn/c/3/3c38db5e-7ee1-4618-8370-e0321ae2f75b#xywh=345,844,126,126",李俨撰文，欧阳通楷书,欧阳通（楷书）；李儇（撰文）,唐,龙朔三年十月十日刻立（663）,663,楷书,17A331,《翰墨瑰宝：上海图书馆藏珍本碑帖丛刊》第二辑,iiif_annotation_target_xywh,iiif_xywh
001_道因法师碑_p0006_c023,司,001_道因法师碑,道因法师碑,6,六,3,2,345,1064,126,126,324,1023,168,163,"[324, 1023, 168, 163]",311,1007,194,195,"[311, 1007, 194, 195]",9593,text_constrained_column_cell_pixel_assignment,assets/page_images/001_道因法师碑/p0006.jpg,1,http://data.library.sh.cn/bt/resource/work/v1e0qbx3r5wp1uw4,http://iiif.library.sh.cn/api/viewer/17A331,https://iiif.library.sh.cn/p/3/02c55611-7427-4cd0-a2cd-a15b5ccbaa9c,https://iiif.library.sh.cn/c/3/3c38db5e-7ee1-4618-8370-e0321ae2f75b,1436,2231,https://iiif.library.sh.cn/c/3/3c38db5e-7ee1-4618-8370-e0321ae2f75b/ap/s,https://iiif.library.sh.cn/c/3/3c38db5e-7ee1-4618-8370-e0321ae2f75b/ap/c/a/bfc41896-703f-4d09-8a3f-60499bb07b12,23,23,supplementing,"[345, 1064, 126, 126]","[345, 1064, 471, 1190]","https://iiif.library.sh.cn/c/3/3c38db5e-7ee1-4618-8370-e0321ae2f75b#xywh=345,1064,126,126",李俨撰文，欧阳通楷书,欧阳通（楷书）；李儇（撰文）,唐,龙朔三年十月十日刻立（663）,663,楷书,17A331,《翰墨瑰宝：上海图书馆藏珍本碑帖丛刊》第二辑,iiif_annotation_target_xywh,iiif_xywh
001_道因法师碑_p0006_c024,藩,001_道因法师碑,道因法师碑,6,六,3,3,345,1194,126,126,324,1197,168,144,"[324, 1197, 168, 144]",311,1183,194,172,"[311, 1183, 194, 172]",11324,text_constrained_column_cell_pixel_assignment,assets/page_images/001_道因法师碑/p0006.jpg,1,http://data.library.sh.cn/bt/resource/work/v1e0qbx3r5wp1uw4,http://iiif.library.sh.cn/api/viewer/17A331,https://iiif.library.sh.cn/p/3/02c55611-7427-4cd0-a2cd-a15b5ccbaa9c,https://iiif.library.sh.cn/c/3/3c38db5e-7ee1-4618-8370-e0321ae2f75b,1436,2231,https://iiif.library.sh.cn/c/3/3c38db5e-7ee1-4618-8370-e0321ae2f75b/ap/s,https://iiif.library.sh.cn/c/3/3c38db5e-7ee1-4618-8370-e0321ae2f75b/ap/c/a/33b99250-3cfa-45da-8501-69f2a3afec77,24,24,supplementing,"[345, 1194, 126, 126]","[345, 1194, 471, 1320]","https://iiif.library.sh.cn/c/3/3c38db5e-7ee1-4618-8370-e0321ae2f75b#xywh=345,1194,126,126",李俨撰文，欧阳通楷书,欧阳通（楷书）；李儇（撰文）,唐,龙朔三年十月十日刻立（663）,663,楷书,17A331,《翰墨瑰宝：上海图书馆藏珍本碑帖丛刊》第二辑,iiif_annotation_target_xywh,iiif_xywh
001_道因法师碑_p0006_c025,大,001_道因法师碑,道因法师碑,6,六,3,4,345,1373,126,126,324,1353,168,174,"[324, 1353, 168, 174]",311,1336,194,208,"[311, 1336, 194, 208]",14900,text_constrained_column_cell_pixel_assignment,assets/page_images/001_道因法师碑/p0006.jpg,1,http://data.library.sh.cn/bt/resource/work/v1e0qbx3r5wp1uw4,http://iiif.library.sh.cn/api/viewer/17A331,https://iiif.library.sh.cn/p/3/02c55611-7427-4cd0-a2cd-a15b5ccbaa9c,https://iiif.library.sh.cn/c/3/3c38db5e-7ee1-4618-8370-e0321ae2f75b,1436,2231,https://iiif.library.sh.cn/c/3/3c38db5e-7ee1-4618-8370-e0321ae2f75b/ap/s,https://iiif.library.sh.cn/c/3/3c38db5e-7ee1-4618-8370-e0321ae2f75b/ap/c/a/d8158779-c840-4531-a4ba-017240554b90,25,25,supplementing,"[345, 1373, 126, 126]","[345, 1373, 471, 1499]","https://iiif.library.sh.cn/c/3/3c38db5e-7ee1-4618-8370-e0321ae2f75b#xywh=345,1373,126,126",李俨撰文，欧阳通楷书,欧阳通（楷书）；李儇（撰文）,唐,龙朔三年十月十日刻立（663）,663,楷书,17A331,《翰墨瑰宝：上海图书馆藏珍本碑帖丛刊》第二辑,iiif_annotation_target_xywh,iiif_xywh
001_道因法师碑_p0006_c026,夫,001_道因法师碑,道因法师碑,6,六,3,5,345,1568,126,126,324,1540,168,186,"[324, 1540, 168, 186]",311,1521,194,224,"[311, 1521, 194, 224]",13022,text_constrained_column_cell_pixel_assignment,assets/page_images/001_道因法师碑/p0006.jpg,1,http://data.library.sh.cn/bt/resource/work/v1e0qbx3r5wp1uw4,http://iiif.library.sh.cn/api/viewer/17A331,https://iiif.library.sh.cn/p/3/02c55611-7427-4cd0-a2cd-a15b5ccbaa9c,https://iiif.library.sh.cn/c/3/3c38db5e-7ee1-4618-8370-e0321ae2f75b,1436,2231,https://iiif.library.sh.cn/c/3/3c38db5e-7ee1-4618-8370-e0321ae2f75b/ap/s,https://iiif.library.sh.cn/c/3/3c38db5e-7ee1-4618-8370-e0321ae2f75b/ap/c/a/e05743f8-50cb-4b42-8ba7-62f113932847,26,26,supplementing,"[345, 1568, 126, 126]","[345, 1568, 471, 1694]","https://iiif.library.sh.cn/c/3/3c38db5e-7ee1-4618-8370-e0321ae2f75b#xywh=345,1568,126,126",李俨撰文，欧阳通楷书,欧阳通（楷书）；李儇（撰文）,唐,龙朔三年十月十日刻立（663）,663,楷书,17A331,《翰墨瑰宝：上海图书馆藏珍本碑帖丛刊》第二辑,iiif_annotation_target_xywh,iiif_xywh
001_道因法师碑_p0006_c027,陇,001_道因法师碑,道因法师碑,6,六,3,6,345,1771,126,126,324,1740,168,188,"[324, 1740, 168, 188]",311,1721,194,226,"[311, 1721, 194, 226]",9040,text_constrained_column_cell_pixel_assignment,assets/page_images/001_道因法师碑/p0006.jpg,1,http://data.library.sh.cn/bt/resource/work/v1e0qbx3r5wp1uw4,http://iiif.library.sh.cn/api/viewer/17A331,https://iiif.library.sh.cn/p/3/02c55611-7427-4cd0-a2cd-a15b5ccbaa9c,https://iiif.library.sh.cn/c/3/3c38db5e-7ee1-4618-8370-e0321ae2f75b,1436,2231,https://iiif.library.sh.cn/c/3/3c38db5e-7ee1-4618-8370-e0321ae2f75b/ap/s,https://iiif.library.sh.cn/c/3/3c38db5e-7ee1-4618-8370-e0321ae2f75b/ap/c/a/eef884a6-f16b-4ca3-8a81-fdac0ed506c4,27,27,supplementing,"[345, 1771, 126, 126]","[345, 1771, 471, 1897]","https://iiif.library.sh.cn/c/3/3c38db5e-7ee1-4618-8370-e0321ae2f75b#xywh=345,1771,126,126",李俨撰文，欧阳通楷书,欧阳通（楷书）；李儇（撰文）,唐,龙朔三年十月十日刻立（663）,663,楷书,17A331,《翰墨瑰宝：上海图书馆藏珍本碑帖丛刊》第二辑,iiif_annotation_target_xywh,iiif_xywh
001_道因法师碑_p0006_c028,西,001_道因法师碑,道因法师碑,6,六,4,0,154,680,146,146,143,676,168,154,"[143, 676, 168, 154]",130,661,194,184,"[130, 661, 194, 184]",16026,text_constrained_column_cell_pixel_assignment,assets/page_images/001_道因法师碑/p0006.jpg,1,http://data.library.sh.cn/bt/resource/work/v1e0qbx3r5wp1uw4,http://iiif.library.sh.cn/api/viewer/17A331,https://iiif.library.sh.cn/p/3/02c55611-7427-4cd0-a2cd-a15b5ccbaa9c,https://iiif.library.sh.cn/c/3/3c38db5e-7ee1-4618-8370-e0321ae2f75b,1436,2231,https://iiif.library.sh.cn/c/3/3c38db5e-7ee1-4618-8370-e0321ae2f75b/ap/s,https://iiif.library.sh.cn/c/3/3c38db5e-7ee1-4618-8370-e0321ae2f75b/ap/c/a/e08a01ef-3948-4e18-9310-9b03baf45915,28,28,supplementing,"[154, 680, 146, 146]","[154, 680, 300, 826]","https://iiif.library.sh.cn/c/3/3c38db5e-7ee1-4618-8370-e0321ae2f75b#xywh=154,680,146,146",李俨撰文，欧阳通楷书,欧阳通（楷书）；李儇（撰文）,唐,龙朔三年十月十日刻立（663）,663,楷书,17A331,《翰墨瑰宝：上海图书馆藏珍本碑帖丛刊》第二辑,iiif_annotation_target_xywh,iiif_xywh
001_道因法师碑_p0006_c029,李,001_道因法师碑,道因法师碑,6,六,4,1,154,846,146,146,143,843,168,174,"[143, 843, 168, 174]",130,826,194,208,"[130, 826, 194, 208]",15156,text_constrained_column_cell_pixel_assignment,assets/page_images/001_道因法师碑/p0006.jpg,1,http://data.library.sh.cn/bt/resource/work/v1e0qbx3r5wp1uw4,http://iiif.library.sh.cn/api/viewer/17A331,https://iiif.library.sh.cn/p/3/02c55611-7427-4cd0-a2cd-a15b5ccbaa9c,https://iiif.library.sh.cn/c/3/3c38db5e-7ee1-4618-8370-e0321ae2f75b,1436,2231,https://iiif.library.sh.cn/c/3/3c38db5e-7ee1-4618-8370-e0321ae2f75b/ap/s,https://iiif.library.sh.cn/c/3/3c38db5e-7ee1-4618-8370-e0321ae2f75b/ap/c/a/1d0bbf45-1910-4266-b2b1-689de442ab49,29,29,supplementing,"[154, 846, 146, 146]","[154, 846, 300, 992]","https://iiif.library.sh.cn/c/3/3c38db5e-7ee1-4618-8370-e0321ae2f75b#xywh=154,846,146,146",李俨撰文，欧阳通楷书,欧阳通（楷书）；李儇（撰文）,唐,龙朔三年十月十日刻立（663）,663,楷书,17A331,《翰墨瑰宝：上海图书馆藏珍本碑帖丛刊》第二辑,iiif_annotation_target_xywh,iiif_xywh
001_道因法师碑_p0006_c030,俨,001_道因法师碑,道因法师碑,6,六,4,2,154,1055,146,146,143,1030,168,179,"[143, 1030, 168, 179]",130,1012,194,215,"[130, 1012, 194, 215]",13614,text_constrained_column_cell_pixel_assignment,assets/page_images/001_道因法师碑/p0006.jpg,1,http://data.library.sh.cn/bt/resource/work/v1e0qbx3r5wp1uw4,http://iiif.library.sh.cn/api/viewer/17A331,https://iiif.library.sh.cn/p/3/02c55611-7427-4cd0-a2cd-a15b5ccbaa9c,https://iiif.library.sh.cn/c/3/3c38db5e-7ee1-4618-8370-e0321ae2f75b,1436,2231,https://iiif.library.sh.cn/c/3/3c38db5e-7ee1-4618-8370-e0321ae2f75b/ap/s,https://iiif.library.sh.cn/c/3/3c38db5e-7ee1-4618-8370-e0321ae2f75b/ap/c/a/2eb6f71c-b1d1-4310-bbc4-e15bc5e5cb5b,30,30,supplementing,"[154, 1055, 146, 146]","[154, 1055, 300, 1201]","https://iiif.library.sh.cn/c/3/3c38db5e-7ee1-4618-8370-e0321ae2f75b#xywh=154,1055,146,146",李俨撰文，欧阳通楷书,欧阳通（楷书）；李儇（撰文）,唐,龙朔三年十月十日刻立（663）,663,楷书,17A331,《翰墨瑰宝：上海图书馆藏珍本碑帖丛刊》第二辑,iiif_annotation_target_xywh,iiif_xywh
001_道因法师碑_p0006_c031,字,001_道因法师碑,道因法师碑,6,六,4,3,154,1230,146,146,143,1222,168,171,"[143, 1222, 168, 171]",130,1205,194,205,"[130, 1205, 194, 205]",15929,text_constrained_column_cell_pixel_assignment,assets/page_images/001_道因法师碑/p0006.jpg,1,http://data.library.sh.cn/bt/resource/work/v1e0qbx3r5wp1uw4,http://iiif.library.sh.cn/api/viewer/17A331,https://iiif.library.sh.cn/p/3/02c55611-7427-4cd0-a2cd-a15b5ccbaa9c,https://iiif.library.sh.cn/c/3/3c38db5e-7ee1-4618-8370-e0321ae2f75b,1436,2231,https://iiif.library.sh.cn/c/3/3c38db5e-7ee1-4618-8370-e0321ae2f75b/ap/s,https://iiif.library.sh.cn/c/3/3c38db5e-7ee1-4618-8370-e0321ae2f75b/ap/c/a/89627b2e-d27f-4754-aa99-c308353bbe65,31,31,supplementing,"[154, 1230, 146, 146]","[154, 1230, 300, 1376]","https://iiif.library.sh.cn/c/3/3c38db5e-7ee1-4618-8370-e0321ae2f75b#xywh=154,1230,146,146",李俨撰文，欧阳通楷书,欧阳通（楷书）；李儇（撰文）,唐,龙朔三年十月十日刻立（663）,663,楷书,17A331,《翰墨瑰宝：上海图书馆藏珍本碑帖丛刊》第二辑,iiif_annotation_target_xywh,iiif_xywh
001_道因法师碑_p0006_c032,仲,001_道因法师碑,道因法师碑,6,六,4,4,154,1422,146,146,143,1406,168,186,"[143, 1406, 168, 186]",130,1387,194,224,"[130, 1387, 194, 224]",15188,text_constrained_column_cell_pixel_assignment,assets/page_images/001_道因法师碑/p0006.jpg,1,http://data.library.sh.cn/bt/resource/work/v1e0qbx3r5wp1uw4,http://iiif.library.sh.cn/api/viewer/17A331,https://iiif.library.sh.cn/p/3/02c55611-7427-4cd0-a2cd-a15b5ccbaa9c,https://iiif.library.sh.cn/c/3/3c38db5e-7ee1-4618-8370-e0321ae2f75b,1436,2231,https://iiif.library.sh.cn/c/3/3c38db5e-7ee1-4618-8370-e0321ae2f75b/ap/s,https://iiif.library.sh.cn/c/3/3c38db5e-7ee1-4618-8370-e0321ae2f75b/ap/c/a/c2a19f27-5365-46a9-bba3-cb6d8abc59c9,32,32,supplementing,"[154, 1422, 146, 146]","[154, 1422, 300, 1568]","https://iiif.library.sh.cn/c/3/3c38db5e-7ee1-4618-8370-e0321ae2f75b#xywh=154,1422,146,146",李俨撰文，欧阳通楷书,欧阳通（楷书）；李儇（撰文）,唐,龙朔三年十月十日刻立（663）,663,楷书,17A331,《翰墨瑰宝：上海图书馆藏珍本碑帖丛刊》第二辑,iiif_annotation_target_xywh,iiif_xywh
001_道因法师碑_p0006_c033,思,001_道因法师碑,道因法师碑,6,六,4,5,154,1629,146,146,143,1604,168,157,"[143, 1604, 168, 157]",130,1588,194,189,"[130, 1588, 194, 189]",12575,text_constrained_column_cell_pixel_assignment,assets/page_images/001_道因法师碑/p0006.jpg,1,http://data.library.sh.cn/bt/resource/work/v1e0qbx3r5wp1uw4,http://iiif.library.sh.cn/api/viewer/17A331,https://iiif.library.sh.cn/p/3/02c55611-7427-4cd0-a2cd-a15b5ccbaa9c,https://iiif.library.sh.cn/c/3/3c38db5e-7ee1-4618-8370-e0321ae2f75b,1436,2231,https://iiif.library.sh.cn/c/3/3c38db5e-7ee1-4618-8370-e0321ae2f75b/ap/s,https://iiif.library.sh.cn/c/3/3c38db5e-7ee1-4618-8370-e0321ae2f75b/ap/c/a/a39f656b-c3a6-4c54-8444-f75076ef3352,33,33,supplementing,"[154, 1629, 146, 146]","[154, 1629, 300, 1775]","https://iiif.library.sh.cn/c/3/3c38db5e-7ee1-4618-8370-e0321ae2f75b#xywh=154,1629,146,146",李俨撰文，欧阳通楷书,欧阳通（楷书）；李儇（撰文）,唐,龙朔三年十月十日刻立（663）,663,楷书,17A331,《翰墨瑰宝：上海图书馆藏珍本碑帖丛刊》第二辑,iiif_annotation_target_xywh,iiif_xywh
001_道因法师碑_p0006_c034,制,001_道因法师碑,道因法师碑,6,六,4,6,154,1759,146,146,143,1772,168,120,"[143, 1772, 168, 120]",130,1760,194,144,"[130, 1760, 194, 144]",10967,text_constrained_column_cell_pixel_assignment,assets/page_images/001_道因法师碑/p0006.jpg,1,http://data.library.sh.cn/bt/resource/work/v1e0qbx3r5wp1uw4,http://iiif.library.sh.cn/api/viewer/17A331,https://iiif.library.sh.cn/p/3/02c55611-7427-4cd0-a2cd-a15b5ccbaa9c,https://iiif.library.sh.cn/c/3/3c38db5e-7ee1-4618-8370-e0321ae2f75b,1436,2231,https://iiif.library.sh.cn/c/3/3c38db5e-7ee1-4618-8370-e0321ae2f75b/ap/s,https://iiif.library.sh.cn/c/3/3c38db5e-7ee1-4618-8370-e0321ae2f75b/ap/c/a/c9e54deb-bd37-4a55-aaa7-60652eb40dbe,34,34,supplementing,"[154, 1759, 146, 146]","[154, 1759, 300, 1905]","https://iiif.library.sh.cn/c/3/3c38db5e-7ee1-4618-8370-e0321ae2f75b#xywh=154,1759,146,146",李俨撰文，欧阳通楷书,欧阳通（楷书）；李儇（撰文）,唐,龙朔三年十月十日刻立（663）,663,楷书,17A331,《翰墨瑰宝：上海图书馆藏珍本碑帖丛刊》第二辑,iiif_annotation_target_xywh,iiif_xywh
001_道因法师碑_p0007_c001,文,001_道因法师碑,道因法师碑,7,七,0,0,1125,664,132,132,1114,647,154,166,"[1114, 647, 154, 166]",1102,630,178,200,"[1102, 630, 178, 200]",9206,text_constrained_column_cell_pixel_assignment,assets/page_images/001_道因法师碑/p0007.jpg,1,http://data.library.sh.cn/bt/resource/work/v1e0qbx3r5wp1uw4,http://iiif.library.sh.cn/api/viewer/17A331,https://iiif.library.sh.cn/p/3/02c55611-7427-4cd0-a2cd-a15b5ccbaa9c,https://iiif.library.sh.cn/c/3/a35ae535-435d-4d7e-8350-477a5ee9e099,1444,2231,https://iiif.library.sh.cn/c/3/a35ae535-435d-4d7e-8350-477a5ee9e099/ap/s,https://iiif.library.sh.cn/c/3/a35ae535-435d-4d7e-8350-477a5ee9e099/ap/c/a/14556482-bad4-497a-904d-5b4b941982a6,1,1,supplementing,"[1125, 664, 132, 132]","[1125, 664, 1257, 796]","https://iiif.library.sh.cn/c/3/a35ae535-435d-4d7e-8350-477a5ee9e099#xywh=1125,664,132,132",李俨撰文，欧阳通楷书,欧阳通（楷书）；李儇（撰文）,唐,龙朔三年十月十日刻立（663）,663,楷书,17A331,《翰墨瑰宝：上海图书馆藏珍本碑帖丛刊》第二辑,iiif_annotation_target_xywh,iiif_xywh
001_道因法师碑_p0007_c002,奉,001_道因法师碑,道因法师碑,7,七,1,0,948,674,154,154,952,669,150,164,"[952, 669, 150, 164]",940,653,174,196,"[940, 653, 174, 196]",10753,text_constrained_column_cell_pixel_assignment,assets/page_images/001_道因法师碑/p0007.jpg,1,http://data.library.sh.cn/bt/resource/work/v1e0qbx3r5wp1uw4,http://iiif.library.sh.cn/api/viewer/17A331,https://iiif.library.sh.cn/p/3/02c55611-7427-4cd0-a2cd-a15b5ccbaa9c,https://iiif.library.sh.cn/c/3/a35ae535-435d-4d7e-8350-477a5ee9e099,1444,2231,https://iiif.library.sh.cn/c/3/a35ae535-435d-4d7e-8350-477a5ee9e099/ap/s,https://iiif.library.sh.cn/c/3/a35ae535-435d-4d7e-8350-477a5ee9e099/ap/c/a/9f1cbb04-43e7-465c-bb18-bbe1d2ede815,2,2,supplementing,"[948, 674, 154, 154]","[948, 674, 1102, 828]","https://iiif.library.sh.cn/c/3/a35ae535-435d-4d7e-8350-477a5ee9e099#xywh=948,674,154,154",李俨撰文，欧阳通楷书,欧阳通（楷书）；李儇（撰文）,唐,龙朔三年十月十日刻立（663）,663,楷书,17A331,《翰墨瑰宝：上海图书馆藏珍本碑帖丛刊》第二辑,iiif_annotation_target_xywh,iiif_xywh
001_道因法师碑_p0007_c003,义,001_道因法师碑,道因法师碑,7,七,1,1,948,850,154,154,952,845,150,161,"[952, 845, 150, 161]",940,829,174,193,"[940, 829, 174, 193]",9401,text_constrained_column_cell_pixel_assignment,assets/page_images/001_道因法师碑/p0007.jpg,1,http://data.library.sh.cn/bt/resource/work/v1e0qbx3r5wp1uw4,http://iiif.library.sh.cn/api/viewer/17A331,https://iiif.library.sh.cn/p/3/02c55611-7427-4cd0-a2cd-a15b5ccbaa9c,https://iiif.library.sh.cn/c/3/a35ae535-435d-4d7e-8350-477a5ee9e099,1444,2231,https://iiif.library.sh.cn/c/3/a35ae535-435d-4d7e-8350-477a5ee9e099/ap/s,https://iiif.library.sh.cn/c/3/a35ae535-435d-4d7e-8350-477a5ee9e099/ap/c/a/f97e30de-408c-4ac5-8c6d-2c9cb4130a27,3,3,supplementing,"[948, 850, 154, 154]","[948, 850, 1102, 1004]","https://iiif.library.sh.cn/c/3/a35ae535-435d-4d7e-8350-477a5ee9e099#xywh=948,850,154,154",李俨撰文，欧阳通楷书,欧阳通（楷书）；李儇（撰文）,唐,龙朔三年十月十日刻立（663）,663,楷书,17A331,《翰墨瑰宝：上海图书馆藏珍本碑帖丛刊》第二辑,iiif_annotation_target_xywh,iiif_xywh
001_道因法师碑_p0007_c004,郎,001_道因法师碑,道因法师碑,7,七,1,2,948,1021,154,154,952,1018,150,160,"[952, 1018, 150, 160]",940,1002,174,192,"[940, 1002, 174, 192]",10021,text_constrained_column_cell_pixel_assignment,assets/page_images/001_道因法师碑/p0007.jpg,1,http://data.library.sh.cn/bt/resource/work/v1e0qbx3r5wp1uw4,http://iiif.library.sh.cn/api/viewer/17A331,https://iiif.library.sh.cn/p/3/02c55611-7427-4cd0-a2cd-a15b5ccbaa9c,https://iiif.library.sh.cn/c/3/a35ae535-435d-4d7e-8350-477a5ee9e099,1444,2231,https://iiif.library.sh.cn/c/3/a35ae535-435d-4d7e-8350-477a5ee9e099/ap/s,https://iiif.library.sh.cn/c/3/a35ae535-435d-4d7e-8350-477a5ee9e099/ap/c/a/69e14714-d495-4499-8314-36e11f3e7c12,4,4,supplementing,"[948, 1021, 154, 154]","[948, 1021, 1102, 1175]","https://iiif.library.sh.cn/c/3/a35ae535-435d-4d7e-8350-477a5ee9e099#xywh=948,1021,154,154",李俨撰文，欧阳通楷书,欧阳通（楷书）；李儇（撰文）,唐,龙朔三年十月十日刻立（663）,663,楷书,17A331,《翰墨瑰宝：上海图书馆藏珍本碑帖丛刊》第二辑,iiif_annotation_target_xywh,iiif_xywh
001_道因法师碑_p0007_c005,行,001_道因法师碑,道因法师碑,7,七,1,3,948,1192,154,154,952,1190,150,159,"[952, 1190, 150, 159]",940,1174,174,191,"[940, 1174, 174, 191]",10500,text_constrained_column_cell_pixel_assignment,assets/page_images/001_道因法师碑/p0007.jpg,1,http://data.library.sh.cn/bt/resource/work/v1e0qbx3r5wp1uw4,http://iiif.library.sh.cn/api/viewer/17A331,https://iiif.library.sh.cn/p/3/02c55611-7427-4cd0-a2cd-a15b5ccbaa9c,https://iiif.library.sh.cn/c/3/a35ae535-435d-4d7e-8350-477a5ee9e099,1444,2231,https://iiif.library.sh.cn/c/3/a35ae535-435d-4d7e-8350-477a5ee9e099/ap/s,https://iiif.library.sh.cn/c/3/a35ae535-435d-4d7e-8350-477a5ee9e099/ap/c/a/f098e46b-6055-423f-bf12-2143edb11fa1,5,5,supplementing,"[948, 1192, 154, 154]","[948, 1192, 1102, 1346]","https://iiif.library.sh.cn/c/3/a35ae535-435d-4d7e-8350-477a5ee9e099#xywh=948,1192,154,154",李俨撰文，欧阳通楷书,欧阳通（楷书）；李儇（撰文）,唐,龙朔三年十月十日刻立（663）,663,楷书,17A331,《翰墨瑰宝：上海图书馆藏珍本碑帖丛刊》第二辑,iiif_annotation_target_xywh,iiif_xywh
001_道因法师碑_p0007_c006,兰,001_道因法师碑,道因法师碑,7,七,1,4,948,1365,154,154,952,1362,150,166,"[952, 1362, 150, 166]",940,1345,174,200,"[940, 1345, 174, 200]",11350,text_constrained_column_cell_pixel_assignment,assets/page_images/001_道因法师碑/p0007.jpg,1,http://data.library.sh.cn/bt/resource/work/v1e0qbx3r5wp1uw4,http://iiif.library.sh.cn/api/viewer/17A331,https://iiif.library.sh.cn/p/3/02c55611-7427-4cd0-a2cd-a15b5ccbaa9c,https://iiif.library.sh.cn/c/3/a35ae535-435d-4d7e-8350-477a5ee9e099,1444,2231,https://iiif.library.sh.cn/c/3/a35ae535-435d-4d7e-8350-477a5ee9e099/ap/s,https://iiif.library.sh.cn/c/3/a35ae535-435d-4d7e-8350-477a5ee9e099/ap/c/a/cc4c7d6a-ce6d-4524-9f6a-e48b14a1231e,6,6,supplementing,"[948, 1365, 154, 154]","[948, 1365, 1102, 1519]","https://iiif.library.sh.cn/c/3/a35ae535-435d-4d7e-8350-477a5ee9e099#xywh=948,1365,154,154",李俨撰文，欧阳通楷书,欧阳通（楷书）；李儇（撰文）,唐,龙朔三年十月十日刻立（663）,663,楷书,17A331,《翰墨瑰宝：上海图书馆藏珍本碑帖丛刊》第二辑,iiif_annotation_target_xywh,iiif_xywh
001_道因法师碑_p0007_c007,台,001_道因法师碑,道因法师碑,7,七,1,5,948,1550,154,154,952,1541,150,182,"[952, 1541, 150, 182]",940,1523,174,218,"[940, 1523, 174, 218]",12309,text_constrained_column_cell_pixel_assignment,assets/page_images/001_道因法师碑/p0007.jpg,1,http://data.library.sh.cn/bt/resource/work/v1e0qbx3r5wp1uw4,http://iiif.library.sh.cn/api/viewer/17A331,https://iiif.library.sh.cn/p/3/02c55611-7427-4cd0-a2cd-a15b5ccbaa9c,https://iiif.library.sh.cn/c/3/a35ae535-435d-4d7e-8350-477a5ee9e099,1444,2231,https://iiif.library.sh.cn/c/3/a35ae535-435d-4d7e-8350-477a5ee9e099/ap/s,https://iiif.library.sh.cn/c/3/a35ae535-435d-4d7e-8350-477a5ee9e099/ap/c/a/105f33a2-f6eb-4072-82d8-bf23be6e16e1,7,7,supplementing,"[948, 1550, 154, 154]","[948, 1550, 1102, 1704]","https://iiif.library.sh.cn/c/3/a35ae535-435d-4d7e-8350-477a5ee9e099#xywh=948,1550,154,154",李俨撰文，欧阳通楷书,欧阳通（楷书）；李儇（撰文）,唐,龙朔三年十月十日刻立（663）,663,楷书,17A331,《翰墨瑰宝：上海图书馆藏珍本碑帖丛刊》第二辑,iiif_annotation_target_xywh,iiif_xywh
001_道因法师碑_p0007_c008,郎,001_道因法师碑,道因法师碑,7,七,1,6,948,1755,154,154,952,1737,150,190,"[952, 1737, 150, 190]",940,1718,174,228,"[940, 1718, 174, 228]",14757,text_constrained_column_cell_pixel_assignment,assets/page_images/001_道因法师碑/p0007.jpg,1,http://data.library.sh.cn/bt/resource/work/v1e0qbx3r5wp1uw4,http://iiif.library.sh.cn/api/viewer/17A331,https://iiif.library.sh.cn/p/3/02c55611-7427-4cd0-a2cd-a15b5ccbaa9c,https://iiif.library.sh.cn/c/3/a35ae535-435d-4d7e-8350-477a5ee9e099,1444,2231,https://iiif.library.sh.cn/c/3/a35ae535-435d-4d7e-8350-477a5ee9e099/ap/s,https://iiif.library.sh.cn/c/3/a35ae535-435d-4d7e-8350-477a5ee9e099/ap/c/a/0bc555e2-b989-459c-9543-2aebf0fe881b,8,8,supplementing,"[948, 1755, 154, 154]","[948, 1755, 1102, 1909]","https://iiif.library.sh.cn/c/3/a35ae535-435d-4d7e-8350-477a5ee9e099#xywh=948,1755,154,154",李俨撰文，欧阳通楷书,欧阳通（楷书）；李儇（撰文）,唐,龙朔三年十月十日刻立（663）,663,楷书,17A331,《翰墨瑰宝：上海图书馆藏珍本碑帖丛刊》第二辑,iiif_annotation_target_xywh,iiif_xywh
001_道因法师碑_p0007_c009,渤,001_道因法师碑,道因法师碑,7,七,2,0,803,646,131,131,787,617,154,189,"[787, 617, 154, 189]",775,598,178,227,"[775, 598, 178, 227]",11021,text_constrained_column_cell_pixel_assignment,assets/page_images/001_道因法师碑/p0007.jpg,1,http://data.library.sh.cn/bt/resource/work/v1e0qbx3r5wp1uw4,http://iiif.library.sh.cn/api/viewer/17A331,https://iiif.library.sh.cn/p/3/02c55611-7427-4cd0-a2cd-a15b5ccbaa9c,https://iiif.library.sh.cn/c/3/a35ae535-435d-4d7e-8350-477a5ee9e099,1444,2231,https://iiif.library.sh.cn/c/3/a35ae535-435d-4d7e-8350-477a5ee9e099/ap/s,https://iiif.library.sh.cn/c/3/a35ae535-435d-4d7e-8350-477a5ee9e099/ap/c/a/86737059-fa77-43bf-98e4-b09acdbcae0f,9,9,supplementing,"[803, 646, 131, 131]","[803, 646, 934, 777]","https://iiif.library.sh.cn/c/3/a35ae535-435d-4d7e-8350-477a5ee9e099#xywh=803,646,131,131",李俨撰文，欧阳通楷书,欧阳通（楷书）；李儇（撰文）,唐,龙朔三年十月十日刻立（663）,663,楷书,17A331,《翰墨瑰宝：上海图书馆藏珍本碑帖丛刊》第二辑,iiif_annotation_target_xywh,iiif_xywh
001_道因法师碑_p0007_c010,海,001_道因法师碑,道因法师碑,7,七,2,1,803,850,131,131,787,820,154,173,"[787, 820, 154, 173]",775,803,178,207,"[775, 803, 178, 207]",7892,text_constrained_column_cell_pixel_assignment,assets/page_images/001_道因法师碑/p0007.jpg,1,http://data.library.sh.cn/bt/resource/work/v1e0qbx3r5wp1uw4,http://iiif.library.sh.cn/api/viewer/17A331,https://iiif.library.sh.cn/p/3/02c55611-7427-4cd0-a2cd-a15b5ccbaa9c,https://iiif.library.sh.cn/c/3/a35ae535-435d-4d7e-8350-477a5ee9e099,1444,2231,https://iiif.library.sh.cn/c/3/a35ae535-435d-4d7e-8350-477a5ee9e099/ap/s,https://iiif.library.sh.cn/c/3/a35ae535-435d-4d7e-8350-477a5ee9e099/ap/c/a/8d47225f-fe98-4ffc-aa96-54b55f046e4d,10,10,supplementing,"[803, 850, 131, 131]","[803, 850, 934, 981]","https://iiif.library.sh.cn/c/3/a35ae535-435d-4d7e-8350-477a5ee9e099#xywh=803,850,131,131",李俨撰文，欧阳通楷书,欧阳通（楷书）；李儇（撰文）,唐,龙朔三年十月十日刻立（663）,663,楷书,17A331,《翰墨瑰宝：上海图书馆藏珍本碑帖丛刊》第二辑,iiif_annotation_target_xywh,iiif_xywh
001_道因法师碑_p0007_c011,县,001_道因法师碑,道因法师碑,7,七,2,2,803,1017,131,131,787,1005,154,156,"[787, 1005, 154, 156]",775,989,178,188,"[775, 989, 178, 188]",7865,text_constrained_column_cell_pixel_assignment,assets/page_images/001_道因法师碑/p0007.jpg,1,http://data.library.sh.cn/bt/resource/work/v1e0qbx3r5wp1uw4,http://iiif.library.sh.cn/api/viewer/17A331,https://iiif.library.sh.cn/p/3/02c55611-7427-4cd0-a2cd-a15b5ccbaa9c,https://iiif.library.sh.cn/c/3/a35ae535-435d-4d7e-8350-477a5ee9e099,1444,2231,https://iiif.library.sh.cn/c/3/a35ae535-435d-4d7e-8350-477a5ee9e099/ap/s,https://iiif.library.sh.cn/c/3/a35ae535-435d-4d7e-8350-477a5ee9e099/ap/c/a/c4ae8bbe-37e6-4aff-90e1-ddfa6edf4ce0,11,11,supplementing,"[803, 1017, 131, 131]","[803, 1017, 934, 1148]","https://iiif.library.sh.cn/c/3/a35ae535-435d-4d7e-8350-477a5ee9e099#xywh=803,1017,131,131",李俨撰文，欧阳通楷书,欧阳通（楷书）；李儇（撰文）,唐,龙朔三年十月十日刻立（663）,663,楷书,17A331,《翰墨瑰宝：上海图书馆藏珍本碑帖丛刊》第二辑,iiif_annotation_target_xywh,iiif_xywh
001_道因法师碑_p0007_c012,开,001_道因法师碑,道因法师碑,7,七,2,3,803,1186,131,131,787,1173,154,164,"[787, 1173, 154, 164]",775,1157,178,196,"[775, 1157, 178, 196]",8276,text_constrained_column_cell_pixel_assignment,assets/page_images/001_道因法师碑/p0007.jpg,1,http://data.library.sh.cn/bt/resource/work/v1e0qbx3r5wp1uw4,http://iiif.library.sh.cn/api/viewer/17A331,https://iiif.library.sh.cn/p/3/02c55611-7427-4cd0-a2cd-a15b5ccbaa9c,https://iiif.library.sh.cn/c/3/a35ae535-435d-4d7e-8350-477a5ee9e099,1444,2231,https://iiif.library.sh.cn/c/3/a35ae535-435d-4d7e-8350-477a5ee9e099/ap/s,https://iiif.library.sh.cn/c/3/a35ae535-435d-4d7e-8350-477a5ee9e099/ap/c/a/566c9f5d-43f1-4baa-b59a-8a70f91ba61a,12,12,supplementing,"[803, 1186, 131, 131]","[803, 1186, 934, 1317]","https://iiif.library.sh.cn/c/3/a35ae535-435d-4d7e-8350-477a5ee9e099#xywh=803,1186,131,131",李俨撰文，欧阳通楷书,欧阳通（楷书）；李儇（撰文）,唐,龙朔三年十月十日刻立（663）,663,楷书,17A331,《翰墨瑰宝：上海图书馆藏珍本碑帖丛刊》第二辑,iiif_annotation_target_xywh,iiif_xywh
001_道因法师碑_p0007_c013,国,001_道因法师碑,道因法师碑,7,七,2,4,803,1369,131,131,787,1350,154,172,"[787, 1350, 154, 172]",775,1333,178,206,"[775, 1333, 178, 206]",9685,text_constrained_column_cell_pixel_assignment,assets/page_images/001_道因法师碑/p0007.jpg,1,http://data.library.sh.cn/bt/resource/work/v1e0qbx3r5wp1uw4,http://iiif.library.sh.cn/api/viewer/17A331,https://iiif.library.sh.cn/p/3/02c55611-7427-4cd0-a2cd-a15b5ccbaa9c,https://iiif.library.sh.cn/c/3/a35ae535-435d-4d7e-8350-477a5ee9e099,1444,2231,https://iiif.library.sh.cn/c/3/a35ae535-435d-4d7e-8350-477a5ee9e099/ap/s,https://iiif.library.sh.cn/c/3/a35ae535-435d-4d7e-8350-477a5ee9e099/ap/c/a/4de5e900-2f1c-4392-92c1-c0ed1a4f0158,13,13,supplementing,"[803, 1369, 131, 131]","[803, 1369, 934, 1500]","https://iiif.library.sh.cn/c/3/a35ae535-435d-4d7e-8350-477a5ee9e099#xywh=803,1369,131,131",李俨撰文，欧阳通楷书,欧阳通（楷书）；李儇（撰文）,唐,龙朔三年十月十日刻立（663）,663,楷书,17A331,《翰墨瑰宝：上海图书馆藏珍本碑帖丛刊》第二辑,iiif_annotation_target_xywh,iiif_xywh
001_道因法师碑_p0007_c014,男,001_道因法师碑,道因法师碑,7,七,2,5,803,1558,131,131,787,1535,154,169,"[787, 1535, 154, 169]",775,1518,178,203,"[775, 1518, 178, 203]",8565,text_constrained_column_cell_pixel_assignment,assets/page_images/001_道因法师碑/p0007.jpg,1,http://data.library.sh.cn/bt/resource/work/v1e0qbx3r5wp1uw4,http://iiif.library.sh.cn/api/viewer/17A331,https://iiif.library.sh.cn/p/3/02c55611-7427-4cd0-a2cd-a15b5ccbaa9c,https://iiif.library.sh.cn/c/3/a35ae535-435d-4d7e-8350-477a5ee9e099,1444,2231,https://iiif.library.sh.cn/c/3/a35ae535-435d-4d7e-8350-477a5ee9e099/ap/s,https://iiif.library.sh.cn/c/3/a35ae535-435d-4d7e-8350-477a5ee9e099/ap/c/a/89ad3d61-f933-4f43-8765-6e7763fbe4ae,14,14,supplementing,"[803, 1558, 131, 131]","[803, 1558, 934, 1689]","https://iiif.library.sh.cn/c/3/a35ae535-435d-4d7e-8350-477a5ee9e099#xywh=803,1558,131,131",李俨撰文，欧阳通楷书,欧阳通（楷书）；李儇（撰文）,唐,龙朔三年十月十日刻立（663）,663,楷书,17A331,《翰墨瑰宝：上海图书馆藏珍本碑帖丛刊》第二辑,iiif_annotation_target_xywh,iiif_xywh
001_道因法师碑_p0007_c015,骑,001_道因法师碑,道因法师碑,7,七,2,6,803,1731,131,131,787,1716,154,161,"[787, 1716, 154, 161]",775,1700,178,193,"[775, 1700, 178, 193]",7406,text_constrained_column_cell_pixel_assignment,assets/page_images/001_道因法师碑/p0007.jpg,1,http://data.library.sh.cn/bt/resource/work/v1e0qbx3r5wp1uw4,http://iiif.library.sh.cn/api/viewer/17A331,https://iiif.library.sh.cn/p/3/02c55611-7427-4cd0-a2cd-a15b5ccbaa9c,https://iiif.library.sh.cn/c/3/a35ae535-435d-4d7e-8350-477a5ee9e099,1444,2231,https://iiif.library.sh.cn/c/3/a35ae535-435d-4d7e-8350-477a5ee9e099/ap/s,https://iiif.library.sh.cn/c/3/a35ae535-435d-4d7e-8350-477a5ee9e099/ap/c/a/fa6419e0-f558-4bba-aa3c-2e024bf6930b,15,15,supplementing,"[803, 1731, 131, 131]","[803, 1731, 934, 1862]","https://iiif.library.sh.cn/c/3/a35ae535-435d-4d7e-8350-477a5ee9e099#xywh=803,1731,131,131",李俨撰文，欧阳通楷书,欧阳通（楷书）；李儇（撰文）,唐,龙朔三年十月十日刻立（663）,663,楷书,17A331,《翰墨瑰宝：上海图书馆藏珍本碑帖丛刊》第二辑,iiif_annotation_target_xywh,iiif_xywh
001_道因法师碑_p0007_c016,都,001_道因法师碑,道因法师碑,7,七,3,0,622,635,144,144,620,615,155,184,"[620, 615, 155, 184]",608,597,179,220,"[608, 597, 179, 220]",10804,text_constrained_column_cell_pixel_assignment,assets/page_images/001_道因法师碑/p0007.jpg,1,http://data.library.sh.cn/bt/resource/work/v1e0qbx3r5wp1uw4,http://iiif.library.sh.cn/api/viewer/17A331,https://iiif.library.sh.cn/p/3/02c55611-7427-4cd0-a2cd-a15b5ccbaa9c,https://iiif.library.sh.cn/c/3/a35ae535-435d-4d7e-8350-477a5ee9e099,1444,2231,https://iiif.library.sh.cn/c/3/a35ae535-435d-4d7e-8350-477a5ee9e099/ap/s,https://iiif.library.sh.cn/c/3/a35ae535-435d-4d7e-8350-477a5ee9e099/ap/c/a/4fe0c809-5b9b-4b25-ac36-ef9ffcad91c3,16,16,supplementing,"[622, 635, 144, 144]","[622, 635, 766, 779]","https://iiif.library.sh.cn/c/3/a35ae535-435d-4d7e-8350-477a5ee9e099#xywh=622,635,144,144",李俨撰文，欧阳通楷书,欧阳通（楷书）；李儇（撰文）,唐,龙朔三年十月十日刻立（663）,663,楷书,17A331,《翰墨瑰宝：上海图书馆藏珍本碑帖丛刊》第二辑,iiif_annotation_target_xywh,iiif_xywh
001_道因法师碑_p0007_c017,尉,001_道因法师碑,道因法师碑,7,七,3,1,622,832,144,144,620,812,155,182,"[620, 812, 155, 182]",608,794,179,218,"[608, 794, 179, 218]",9432,text_constrained_column_cell_pixel_assignment,assets/page_images/001_道因法师碑/p0007.jpg,1,http://data.library.sh.cn/bt/resource/work/v1e0qbx3r5wp1uw4,http://iiif.library.sh.cn/api/viewer/17A331,https://iiif.library.sh.cn/p/3/02c55611-7427-4cd0-a2cd-a15b5ccbaa9c,https://iiif.library.sh.cn/c/3/a35ae535-435d-4d7e-8350-477a5ee9e099,1444,2231,https://iiif.library.sh.cn/c/3/a35ae535-435d-4d7e-8350-477a5ee9e099/ap/s,https://iiif.library.sh.cn/c/3/a35ae535-435d-4d7e-8350-477a5ee9e099/ap/c/a/3b4e5ed3-f8a2-4ba0-99ae-21f26235f790,17,17,supplementing,"[622, 832, 144, 144]","[622, 832, 766, 976]","https://iiif.library.sh.cn/c/3/a35ae535-435d-4d7e-8350-477a5ee9e099#xywh=622,832,144,144",李俨撰文，欧阳通楷书,欧阳通（楷书）；李儇（撰文）,唐,龙朔三年十月十日刻立（663）,663,楷书,17A331,《翰墨瑰宝：上海图书馆藏珍本碑帖丛刊》第二辑,iiif_annotation_target_xywh,iiif_xywh
001_道因法师碑_p0007_c018,欧,001_道因法师碑,道因法师碑,7,七,3,2,622,1025,144,144,620,1007,155,166,"[620, 1007, 155, 166]",608,990,179,200,"[608, 990, 179, 200]",8436,text_constrained_column_cell_pixel_assignment,assets/page_images/001_道因法师碑/p0007.jpg,1,http://data.library.sh.cn/bt/resource/work/v1e0qbx3r5wp1uw4,http://iiif.library.sh.cn/api/viewer/17A331,https://iiif.library.sh.cn/p/3/02c55611-7427-4cd0-a2cd-a15b5ccbaa9c,https://iiif.library.sh.cn/c/3/a35ae535-435d-4d7e-8350-477a5ee9e099,1444,2231,https://iiif.library.sh.cn/c/3/a35ae535-435d-4d7e-8350-477a5ee9e099/ap/s,https://iiif.library.sh.cn/c/3/a35ae535-435d-4d7e-8350-477a5ee9e099/ap/c/a/436746e6-f023-48b3-bccd-529f48208d13,18,18,supplementing,"[622, 1025, 144, 144]","[622, 1025, 766, 1169]","https://iiif.library.sh.cn/c/3/a35ae535-435d-4d7e-8350-477a5ee9e099#xywh=622,1025,144,144",李俨撰文，欧阳通楷书,欧阳通（楷书）；李儇（撰文）,唐,龙朔三年十月十日刻立（663）,663,楷书,17A331,《翰墨瑰宝：上海图书馆藏珍本碑帖丛刊》第二辑,iiif_annotation_target_xywh,iiif_xywh
001_道因法师碑_p0007_c019,阳,001_道因法师碑,道因法师碑,7,七,3,3,622,1190,144,144,620,1186,155,161,"[620, 1186, 155, 161]",608,1170,179,193,"[608, 1170, 179, 193]",8121,text_constrained_column_cell_pixel_assignment,assets/page_images/001_道因法师碑/p0007.jpg,1,http://data.library.sh.cn/bt/resource/work/v1e0qbx3r5wp1uw4,http://iiif.library.sh.cn/api/viewer/17A331,https://iiif.library.sh.cn/p/3/02c55611-7427-4cd0-a2cd-a15b5ccbaa9c,https://iiif.library.sh.cn/c/3/a35ae535-435d-4d7e-8350-477a5ee9e099,1444,2231,https://iiif.library.sh.cn/c/3/a35ae535-435d-4d7e-8350-477a5ee9e099/ap/s,https://iiif.library.sh.cn/c/3/a35ae535-435d-4d7e-8350-477a5ee9e099/ap/c/a/9104d984-9337-4d95-9393-40d1528109e5,19,19,supplementing,"[622, 1190, 144, 144]","[622, 1190, 766, 1334]","https://iiif.library.sh.cn/c/3/a35ae535-435d-4d7e-8350-477a5ee9e099#xywh=622,1190,144,144",李俨撰文，欧阳通楷书,欧阳通（楷书）；李儇（撰文）,唐,龙朔三年十月十日刻立（663）,663,楷书,17A331,《翰墨瑰宝：上海图书馆藏珍本碑帖丛刊》第二辑,iiif_annotation_target_xywh,iiif_xywh
001_道因法师碑_p0007_c020,通,001_道因法师碑,道因法师碑,7,七,3,4,622,1373,144,144,620,1360,155,165,"[620, 1360, 155, 165]",608,1344,179,198,"[608, 1344, 179, 198]",8856,text_constrained_column_cell_pixel_assignment,assets/page_images/001_道因法师碑/p0007.jpg,1,http://data.library.sh.cn/bt/resource/work/v1e0qbx3r5wp1uw4,http://iiif.library.sh.cn/api/viewer/17A331,https://iiif.library.sh.cn/p/3/02c55611-7427-4cd0-a2cd-a15b5ccbaa9c,https://iiif.library.sh.cn/c/3/a35ae535-435d-4d7e-8350-477a5ee9e099,1444,2231,https://iiif.library.sh.cn/c/3/a35ae535-435d-4d7e-8350-477a5ee9e099/ap/s,https://iiif.library.sh.cn/c/3/a35ae535-435d-4d7e-8350-477a5ee9e099/ap/c/a/56897ddd-16bb-43e2-950c-0964d9cd6c40,20,20,supplementing,"[622, 1373, 144, 144]","[622, 1373, 766, 1517]","https://iiif.library.sh.cn/c/3/a35ae535-435d-4d7e-8350-477a5ee9e099#xywh=622,1373,144,144",李俨撰文，欧阳通楷书,欧阳通（楷书）；李儇（撰文）,唐,龙朔三年十月十日刻立（663）,663,楷书,17A331,《翰墨瑰宝：上海图书馆藏珍本碑帖丛刊》第二辑,iiif_annotation_target_xywh,iiif_xywh
001_道因法师碑_p0007_c021,书,001_道因法师碑,道因法师碑,7,七,3,5,622,1546,144,144,620,1538,155,160,"[620, 1538, 155, 160]",608,1522,179,192,"[608, 1522, 179, 192]",9897,text_constrained_column_cell_pixel_assignment,assets/page_images/001_道因法师碑/p0007.jpg,1,http://data.library.sh.cn/bt/resource/work/v1e0qbx3r5wp1uw4,http://iiif.library.sh.cn/api/viewer/17A331,https://iiif.library.sh.cn/p/3/02c55611-7427-4cd0-a2cd-a15b5ccbaa9c,https://iiif.library.sh.cn/c/3/a35ae535-435d-4d7e-8350-477a5ee9e099,1444,2231,https://iiif.library.sh.cn/c/3/a35ae535-435d-4d7e-8350-477a5ee9e099/ap/s,https://iiif.library.sh.cn/c/3/a35ae535-435d-4d7e-8350-477a5ee9e099/ap/c/a/548fc259-7c01-45cb-a086-6da43bdb840e,21,21,supplementing,"[622, 1546, 144, 144]","[622, 1546, 766, 1690]","https://iiif.library.sh.cn/c/3/a35ae535-435d-4d7e-8350-477a5ee9e099#xywh=622,1546,144,144",李俨撰文，欧阳通楷书,欧阳通（楷书）；李儇（撰文）,唐,龙朔三年十月十日刻立（663）,663,楷书,17A331,《翰墨瑰宝：上海图书馆藏珍本碑帖丛刊》第二辑,iiif_annotation_target_xywh,iiif_xywh
001_道因法师碑_p0007_c022,大,001_道因法师碑,道因法师碑,7,七,4,0,461,511,147,147,460,516,149,137,"[460, 516, 149, 137]",448,502,173,165,"[448, 502, 173, 165]",12410,text_constrained_column_cell_pixel_assignment,assets/page_images/001_道因法师碑/p0007.jpg,1,http://data.library.sh.cn/bt/resource/work/v1e0qbx3r5wp1uw4,http://iiif.library.sh.cn/api/viewer/17A331,https://iiif.library.sh.cn/p/3/02c55611-7427-4cd0-a2cd-a15b5ccbaa9c,https://iiif.library.sh.cn/c/3/a35ae535-435d-4d7e-8350-477a5ee9e099,1444,2231,https://iiif.library.sh.cn/c/3/a35ae535-435d-4d7e-8350-477a5ee9e099/ap/s,https://iiif.library.sh.cn/c/3/a35ae535-435d-4d7e-8350-477a5ee9e099/ap/c/a/2c3af103-da96-47bc-9e5a-726d3f8d4249,22,22,supplementing,"[461, 511, 147, 147]","[461, 511, 608, 658]","https://iiif.library.sh.cn/c/3/a35ae535-435d-4d7e-8350-477a5ee9e099#xywh=461,511,147,147",李俨撰文，欧阳通楷书,欧阳通（楷书）；李儇（撰文）,唐,龙朔三年十月十日刻立（663）,663,楷书,17A331,《翰墨瑰宝：上海图书馆藏珍本碑帖丛刊》第二辑,iiif_annotation_target_xywh,iiif_xywh
001_道因法师碑_p0007_c023,哉,001_道因法师碑,道因法师碑,7,七,4,1,461,659,147,147,460,664,149,156,"[460, 664, 149, 156]",448,648,173,188,"[448, 648, 173, 188]",11542,text_constrained_column_cell_pixel_assignment,assets/page_images/001_道因法师碑/p0007.jpg,1,http://data.library.sh.cn/bt/resource/work/v1e0qbx3r5wp1uw4,http://iiif.library.sh.cn/api/viewer/17A331,https://iiif.library.sh.cn/p/3/02c55611-7427-4cd0-a2cd-a15b5ccbaa9c,https://iiif.library.sh.cn/c/3/a35ae535-435d-4d7e-8350-477a5ee9e099,1444,2231,https://iiif.library.sh.cn/c/3/a35ae535-435d-4d7e-8350-477a5ee9e099/ap/s,https://iiif.library.sh.cn/c/3/a35ae535-435d-4d7e-8350-477a5ee9e099/ap/c/a/ec2c7320-4b46-4bd2-a614-87ae4522f85a,23,23,supplementing,"[461, 659, 147, 147]","[461, 659, 608, 806]","https://iiif.library.sh.cn/c/3/a35ae535-435d-4d7e-8350-477a5ee9e099#xywh=461,659,147,147",李俨撰文，欧阳通楷书,欧阳通（楷书）；李儇（撰文）,唐,龙朔三年十月十日刻立（663）,663,楷书,17A331,《翰墨瑰宝：上海图书馆藏珍本碑帖丛刊》第二辑,iiif_annotation_target_xywh,iiif_xywh
001_道因法师碑_p0007_c024,乾,001_道因法师碑,道因法师碑,7,七,4,2,461,846,147,147,460,833,149,179,"[460, 833, 149, 179]",448,815,173,215,"[448, 815, 173, 215]",13433,text_constrained_column_cell_pixel_assignment,assets/page_images/001_道因法师碑/p0007.jpg,1,http://data.library.sh.cn/bt/resource/work/v1e0qbx3r5wp1uw4,http://iiif.library.sh.cn/api/viewer/17A331,https://iiif.library.sh.cn/p/3/02c55611-7427-4cd0-a2cd-a15b5ccbaa9c,https://iiif.library.sh.cn/c/3/a35ae535-435d-4d7e-8350-477a5ee9e099,1444,2231,https://iiif.library.sh.cn/c/3/a35ae535-435d-4d7e-8350-477a5ee9e099/ap/s,https://iiif.library.sh.cn/c/3/a35ae535-435d-4d7e-8350-477a5ee9e099/ap/c/a/d6f55cad-98e5-4450-8e1b-3d34f398fc7d,24,24,supplementing,"[461, 846, 147, 147]","[461, 846, 608, 993]","https://iiif.library.sh.cn/c/3/a35ae535-435d-4d7e-8350-477a5ee9e099#xywh=461,846,147,147",李俨撰文，欧阳通楷书,欧阳通（楷书）；李儇（撰文）,唐,龙朔三年十月十日刻立（663）,663,楷书,17A331,《翰墨瑰宝：上海图书馆藏珍本碑帖丛刊》第二辑,iiif_annotation_target_xywh,iiif_xywh
001_道因法师碑_p0007_c025,元,001_道因法师碑,道因法师碑,7,七,4,3,461,1045,147,147,460,1025,149,169,"[460, 1025, 149, 169]",448,1008,173,203,"[448, 1008, 173, 203]",13094,text_constrained_column_cell_pixel_assignment,assets/page_images/001_道因法师碑/p0007.jpg,1,http://data.library.sh.cn/bt/resource/work/v1e0qbx3r5wp1uw4,http://iiif.library.sh.cn/api/viewer/17A331,https://iiif.library.sh.cn/p/3/02c55611-7427-4cd0-a2cd-a15b5ccbaa9c,https://iiif.library.sh.cn/c/3/a35ae535-435d-4d7e-8350-477a5ee9e099,1444,2231,https://iiif.library.sh.cn/c/3/a35ae535-435d-4d7e-8350-477a5ee9e099/ap/s,https://iiif.library.sh.cn/c/3/a35ae535-435d-4d7e-8350-477a5ee9e099/ap/c/a/5d201580-c168-4f1c-9eae-785a3c85ca8a,25,25,supplementing,"[461, 1045, 147, 147]","[461, 1045, 608, 1192]","https://iiif.library.sh.cn/c/3/a35ae535-435d-4d7e-8350-477a5ee9e099#xywh=461,1045,147,147",李俨撰文，欧阳通楷书,欧阳通（楷书）；李儇（撰文）,唐,龙朔三年十月十日刻立（663）,663,楷书,17A331,《翰墨瑰宝：上海图书馆藏珍本碑帖丛刊》第二辑,iiif_annotation_target_xywh,iiif_xywh
001_道因法师碑_p0007_c026,播,001_道因法师碑,道因法师碑,7,七,4,4,461,1208,147,147,460,1206,149,169,"[460, 1206, 149, 169]",448,1189,173,203,"[448, 1189, 173, 203]",11733,text_constrained_column_cell_pixel_assignment,assets/page_images/001_道因法师碑/p0007.jpg,1,http://data.library.sh.cn/bt/resource/work/v1e0qbx3r5wp1uw4,http://iiif.library.sh.cn/api/viewer/17A331,https://iiif.library.sh.cn/p/3/02c55611-7427-4cd0-a2cd-a15b5ccbaa9c,https://iiif.library.sh.cn/c/3/a35ae535-435d-4d7e-8350-477a5ee9e099,1444,2231,https://iiif.library.sh.cn/c/3/a35ae535-435d-4d7e-8350-477a5ee9e099/ap/s,https://iiif.library.sh.cn/c/3/a35ae535-435d-4d7e-8350-477a5ee9e099/ap/c/a/4b0da508-b093-4c4a-84ca-ea937239a7b7,26,26,supplementing,"[461, 1208, 147, 147]","[461, 1208, 608, 1355]","https://iiif.library.sh.cn/c/3/a35ae535-435d-4d7e-8350-477a5ee9e099#xywh=461,1208,147,147",李俨撰文，欧阳通楷书,欧阳通（楷书）；李儇（撰文）,唐,龙朔三年十月十日刻立（663）,663,楷书,17A331,《翰墨瑰宝：上海图书馆藏珍本碑帖丛刊》第二辑,iiif_annotation_target_xywh,iiif_xywh
001_道因法师碑_p0007_c027,物,001_道因法师碑,道因法师碑,7,七,4,5,461,1407,147,147,460,1387,149,173,"[460, 1387, 149, 173]",448,1370,173,207,"[448, 1370, 173, 207]",12602,text_constrained_column_cell_pixel_assignment,assets/page_images/001_道因法师碑/p0007.jpg,1,http://data.library.sh.cn/bt/resource/work/v1e0qbx3r5wp1uw4,http://iiif.library.sh.cn/api/viewer/17A331,https://iiif.library.sh.cn/p/3/02c55611-7427-4cd0-a2cd-a15b5ccbaa9c,https://iiif.library.sh.cn/c/3/a35ae535-435d-4d7e-8350-477a5ee9e099,1444,2231,https://iiif.library.sh.cn/c/3/a35ae535-435d-4d7e-8350-477a5ee9e099/ap/s,https://iiif.library.sh.cn/c/3/a35ae535-435d-4d7e-8350-477a5ee9e099/ap/c/a/54ea33fc-7a22-4c70-8de0-76f7566e2045,27,27,supplementing,"[461, 1407, 147, 147]","[461, 1407, 608, 1554]","https://iiif.library.sh.cn/c/3/a35ae535-435d-4d7e-8350-477a5ee9e099#xywh=461,1407,147,147",李俨撰文，欧阳通楷书,欧阳通（楷书）；李儇（撰文）,唐,龙朔三年十月十日刻立（663）,663,楷书,17A331,《翰墨瑰宝：上海图书馆藏珍本碑帖丛刊》第二辑,iiif_annotation_target_xywh,iiif_xywh
001_道因法师碑_p0007_c028,垂,001_道因法师碑,道因法师碑,7,七,4,6,461,1578,147,147,460,1573,149,175,"[460, 1573, 149, 175]",448,1556,173,210,"[448, 1556, 173, 210]",15001,text_constrained_column_cell_pixel_assignment,assets/page_images/001_道因法师碑/p0007.jpg,1,http://data.library.sh.cn/bt/resource/work/v1e0qbx3r5wp1uw4,http://iiif.library.sh.cn/api/viewer/17A331,https://iiif.library.sh.cn/p/3/02c55611-7427-4cd0-a2cd-a15b5ccbaa9c,https://iiif.library.sh.cn/c/3/a35ae535-435d-4d7e-8350-477a5ee9e099,1444,2231,https://iiif.library.sh.cn/c/3/a35ae535-435d-4d7e-8350-477a5ee9e099/ap/s,https://iiif.library.sh.cn/c/3/a35ae535-435d-4d7e-8350-477a5ee9e099/ap/c/a/3a027b9b-eef9-4801-b977-72d82fdd197b,28,28,supplementing,"[461, 1578, 147, 147]","[461, 1578, 608, 1725]","https://iiif.library.sh.cn/c/3/a35ae535-435d-4d7e-8350-477a5ee9e099#xywh=461,1578,147,147",李俨撰文，欧阳通楷书,欧阳通（楷书）；李儇（撰文）,唐,龙朔三年十月十日刻立（663）,663,楷书,17A331,《翰墨瑰宝：上海图书馆藏珍本碑帖丛刊》第二辑,iiif_annotation_target_xywh,iiif_xywh
001_道因法师碑_p0007_c029,象,001_道因法师碑,道因法师碑,7,七,4,7,461,1784,147,147,460,1762,149,191,"[460, 1762, 149, 191]",448,1743,173,229,"[448, 1743, 173, 229]",18709,text_constrained_column_cell_pixel_assignment,assets/page_images/001_道因法师碑/p0007.jpg,1,http://data.library.sh.cn/bt/resource/work/v1e0qbx3r5wp1uw4,http://iiif.library.sh.cn/api/viewer/17A331,https://iiif.library.sh.cn/p/3/02c55611-7427-4cd0-a2cd-a15b5ccbaa9c,https://iiif.library.sh.cn/c/3/a35ae535-435d-4d7e-8350-477a5ee9e099,1444,2231,https://iiif.library.sh.cn/c/3/a35ae535-435d-4d7e-8350-477a5ee9e099/ap/s,https://iiif.library.sh.cn/c/3/a35ae535-435d-4d7e-8350-477a5ee9e099/ap/c/a/2387a94b-3ad5-43bc-9c97-c110242f13b2,29,29,supplementing,"[461, 1784, 147, 147]","[461, 1784, 608, 1931]","https://iiif.library.sh.cn/c/3/a35ae535-435d-4d7e-8350-477a5ee9e099#xywh=461,1784,147,147",李俨撰文，欧阳通楷书,欧阳通（楷书）；李儇（撰文）,唐,龙朔三年十月十日刻立（663）,663,楷书,17A331,《翰墨瑰宝：上海图书馆藏珍本碑帖丛刊》第二辑,iiif_annotation_target_xywh,iiif_xywh
001_道因法师碑_p0008_c001,肇,001_道因法师碑,道因法师碑,8,八,0,0,847,516,161,161,852,519,151,155,"[852, 519, 151, 155]",840,504,175,186,"[840, 504, 175, 186]",11461,text_constrained_column_cell_pixel_assignment,assets/page_images/001_道因法师碑/p0008.jpg,1,http://data.library.sh.cn/bt/resource/work/v1e0qbx3r5wp1uw4,http://iiif.library.sh.cn/api/viewer/17A331,https://iiif.library.sh.cn/p/3/02c55611-7427-4cd0-a2cd-a15b5ccbaa9c,https://iiif.library.sh.cn/c/3/20ed3e46-2558-437c-ab2d-87bae7186c19,1460,2228,https://iiif.library.sh.cn/c/3/20ed3e46-2558-437c-ab2d-87bae7186c19/ap/s,https://iiif.library.sh.cn/c/3/20ed3e46-2558-437c-ab2d-87bae7186c19/ap/c/a/bd460bdb-c04d-4e0c-be13-98b1d06f28f2,1,1,supplementing,"[847, 516, 161, 161]","[847, 516, 1008, 677]","https://iiif.library.sh.cn/c/3/20ed3e46-2558-437c-ab2d-87bae7186c19#xywh=847,516,161,161",李俨撰文，欧阳通楷书,欧阳通（楷书）；李儇（撰文）,唐,龙朔三年十月十日刻立（663）,663,楷书,17A331,《翰墨瑰宝：上海图书馆藏珍本碑帖丛刊》第二辑,iiif_annotation_target_xywh,iiif_xywh
001_道因法师碑_p0008_c002,有,001_道因法师碑,道因法师碑,8,八,0,1,847,682,161,161,852,686,151,160,"[852, 686, 151, 160]",840,670,175,192,"[840, 670, 175, 192]",15027,text_constrained_column_cell_pixel_assignment,assets/page_images/001_道因法师碑/p0008.jpg,1,http://data.library.sh.cn/bt/resource/work/v1e0qbx3r5wp1uw4,http://iiif.library.sh.cn/api/viewer/17A331,https://iiif.library.sh.cn/p/3/02c55611-7427-4cd0-a2cd-a15b5ccbaa9c,https://iiif.library.sh.cn/c/3/20ed3e46-2558-437c-ab2d-87bae7186c19,1460,2228,https://iiif.library.sh.cn/c/3/20ed3e46-2558-437c-ab2d-87bae7186c19/ap/s,https://iiif.library.sh.cn/c/3/20ed3e46-2558-437c-ab2d-87bae7186c19/ap/c/a/1062eeac-5730-41b1-bee7-1a62c303d9df,2,2,supplementing,"[847, 682, 161, 161]","[847, 682, 1008, 843]","https://iiif.library.sh.cn/c/3/20ed3e46-2558-437c-ab2d-87bae7186c19#xywh=847,682,161,161",李俨撰文，欧阳通楷书,欧阳通（楷书）；李儇（撰文）,唐,龙朔三年十月十日刻立（663）,663,楷书,17A331,《翰墨瑰宝：上海图书馆藏珍本碑帖丛刊》第二辑,iiif_annotation_target_xywh,iiif_xywh
001_道因法师碑_p0008_c003,书,001_道因法师碑,道因法师碑,8,八,0,2,847,861,161,161,852,858,151,171,"[852, 858, 151, 171]",840,841,175,205,"[840, 841, 175, 205]",12793,text_constrained_column_cell_pixel_assignment,assets/page_images/001_道因法师碑/p0008.jpg,1,http://data.library.sh.cn/bt/resource/work/v1e0qbx3r5wp1uw4,http://iiif.library.sh.cn/api/viewer/17A331,https://iiif.library.sh.cn/p/3/02c55611-7427-4cd0-a2cd-a15b5ccbaa9c,https://iiif.library.sh.cn/c/3/20ed3e46-2558-437c-ab2d-87bae7186c19,1460,2228,https://iiif.library.sh.cn/c/3/20ed3e46-2558-437c-ab2d-87bae7186c19/ap/s,https://iiif.library.sh.cn/c/3/20ed3e46-2558-437c-ab2d-87bae7186c19/ap/c/a/ebdca339-dbf4-4382-af4b-366d4a3d08af,3,3,supplementing,"[847, 861, 161, 161]","[847, 861, 1008, 1022]","https://iiif.library.sh.cn/c/3/20ed3e46-2558-437c-ab2d-87bae7186c19#xywh=847,861,161,161",李俨撰文，欧阳通楷书,欧阳通（楷书）；李儇（撰文）,唐,龙朔三年十月十日刻立（663）,663,楷书,17A331,《翰墨瑰宝：上海图书馆藏珍本碑帖丛刊》第二辑,iiif_annotation_target_xywh,iiif_xywh
001_道因法师碑_p0008_c004,契,001_道因法师碑,道因法师碑,8,八,0,3,847,1048,161,161,852,1042,151,182,"[852, 1042, 151, 182]",840,1024,175,218,"[840, 1024, 175, 218]",12137,text_constrained_column_cell_pixel_assignment,assets/page_images/001_道因法师碑/p0008.jpg,1,http://data.library.sh.cn/bt/resource/work/v1e0qbx3r5wp1uw4,http://iiif.library.sh.cn/api/viewer/17A331,https://iiif.library.sh.cn/p/3/02c55611-7427-4cd0-a2cd-a15b5ccbaa9c,https://iiif.library.sh.cn/c/3/20ed3e46-2558-437c-ab2d-87bae7186c19,1460,2228,https://iiif.library.sh.cn/c/3/20ed3e46-2558-437c-ab2d-87bae7186c19/ap/s,https://iiif.library.sh.cn/c/3/20ed3e46-2558-437c-ab2d-87bae7186c19/ap/c/a/05327c63-869a-4039-be3c-a22eb5949fea,4,4,supplementing,"[847, 1048, 161, 161]","[847, 1048, 1008, 1209]","https://iiif.library.sh.cn/c/3/20ed3e46-2558-437c-ab2d-87bae7186c19#xywh=847,1048,161,161",李俨撰文，欧阳通楷书,欧阳通（楷书）；李儇（撰文）,唐,龙朔三年十月十日刻立（663）,663,楷书,17A331,《翰墨瑰宝：上海图书馆藏珍本碑帖丛刊》第二辑,iiif_annotation_target_xywh,iiif_xywh
001_道因法师碑_p0008_c005,文,001_道因法师碑,道因法师碑,8,八,0,4,847,1252,161,161,852,1237,151,175,"[852, 1237, 151, 175]",840,1220,175,210,"[840, 1220, 175, 210]",12313,text_constrained_column_cell_pixel_assignment,assets/page_images/001_道因法师碑/p0008.jpg,1,http://data.library.sh.cn/bt/resource/work/v1e0qbx3r5wp1uw4,http://iiif.library.sh.cn/api/viewer/17A331,https://iiif.library.sh.cn/p/3/02c55611-7427-4cd0-a2cd-a15b5ccbaa9c,https://iiif.library.sh.cn/c/3/20ed3e46-2558-437c-ab2d-87bae7186c19,1460,2228,https://iiif.library.sh.cn/c/3/20ed3e46-2558-437c-ab2d-87bae7186c19/ap/s,https://iiif.library.sh.cn/c/3/20ed3e46-2558-437c-ab2d-87bae7186c19/ap/c/a/c398c161-6af7-41f1-8661-bd3c4b1acdb9,5,5,supplementing,"[847, 1252, 161, 161]","[847, 1252, 1008, 1413]","https://iiif.library.sh.cn/c/3/20ed3e46-2558-437c-ab2d-87bae7186c19#xywh=847,1252,161,161",李俨撰文，欧阳通楷书,欧阳通（楷书）；李儇（撰文）,唐,龙朔三年十月十日刻立（663）,663,楷书,17A331,《翰墨瑰宝：上海图书馆藏珍本碑帖丛刊》第二辑,iiif_annotation_target_xywh,iiif_xywh
001_道因法师碑_p0008_c006,籍,001_道因法师碑,道因法师碑,8,八,0,5,847,1424,161,161,852,1425,151,159,"[852, 1425, 151, 159]",840,1409,175,191,"[840, 1409, 175, 191]",11180,text_constrained_column_cell_pixel_assignment,assets/page_images/001_道因法师碑/p0008.jpg,1,http://data.library.sh.cn/bt/resource/work/v1e0qbx3r5wp1uw4,http://iiif.library.sh.cn/api/viewer/17A331,https://iiif.library.sh.cn/p/3/02c55611-7427-4cd0-a2cd-a15b5ccbaa9c,https://iiif.library.sh.cn/c/3/20ed3e46-2558-437c-ab2d-87bae7186c19,1460,2228,https://iiif.library.sh.cn/c/3/20ed3e46-2558-437c-ab2d-87bae7186c19/ap/s,https://iiif.library.sh.cn/c/3/20ed3e46-2558-437c-ab2d-87bae7186c19/ap/c/a/90fab90b-4b16-43ae-a170-5cb0e030967e,6,6,supplementing,"[847, 1424, 161, 161]","[847, 1424, 1008, 1585]","https://iiif.library.sh.cn/c/3/20ed3e46-2558-437c-ab2d-87bae7186c19#xywh=847,1424,161,161",李俨撰文，欧阳通楷书,欧阳通（楷书）；李儇（撰文）,唐,龙朔三年十月十日刻立（663）,663,楷书,17A331,《翰墨瑰宝：上海图书馆藏珍本碑帖丛刊》第二辑,iiif_annotation_target_xywh,iiif_xywh
001_道因法师碑_p0008_c007,生,001_道因法师碑,道因法师碑,8,八,0,6,847,1595,161,161,852,1596,151,154,"[852, 1596, 151, 154]",840,1581,175,184,"[840, 1581, 175, 184]",16050,text_constrained_column_cell_pixel_assignment,assets/page_images/001_道因法师碑/p0008.jpg,1,http://data.library.sh.cn/bt/resource/work/v1e0qbx3r5wp1uw4,http://iiif.library.sh.cn/api/viewer/17A331,https://iiif.library.sh.cn/p/3/02c55611-7427-4cd0-a2cd-a15b5ccbaa9c,https://iiif.library.sh.cn/c/3/20ed3e46-2558-437c-ab2d-87bae7186c19,1460,2228,https://iiif.library.sh.cn/c/3/20ed3e46-2558-437c-ab2d-87bae7186c19/ap/s,https://iiif.library.sh.cn/c/3/20ed3e46-2558-437c-ab2d-87bae7186c19/ap/c/a/cd0d2249-0c59-4947-994d-d7231cc65da5,7,7,supplementing,"[847, 1595, 161, 161]","[847, 1595, 1008, 1756]","https://iiif.library.sh.cn/c/3/20ed3e46-2558-437c-ab2d-87bae7186c19#xywh=847,1595,161,161",李俨撰文，欧阳通楷书,欧阳通（楷书）；李儇（撰文）,唐,龙朔三年十月十日刻立（663）,663,楷书,17A331,《翰墨瑰宝：上海图书馆藏珍本碑帖丛刊》第二辑,iiif_annotation_target_xywh,iiif_xywh
001_道因法师碑_p0008_c008,焉,001_道因法师碑,道因法师碑,8,八,0,7,847,1756,161,161,852,1762,151,149,"[852, 1762, 151, 149]",840,1747,175,179,"[840, 1747, 175, 179]",13584,text_constrained_column_cell_pixel_assignment,assets/page_images/001_道因法师碑/p0008.jpg,1,http://data.library.sh.cn/bt/resource/work/v1e0qbx3r5wp1uw4,http://iiif.library.sh.cn/api/viewer/17A331,https://iiif.library.sh.cn/p/3/02c55611-7427-4cd0-a2cd-a15b5ccbaa9c,https://iiif.library.sh.cn/c/3/20ed3e46-2558-437c-ab2d-87bae7186c19,1460,2228,https://iiif.library.sh.cn/c/3/20ed3e46-2558-437c-ab2d-87bae7186c19/ap/s,https://iiif.library.sh.cn/c/3/20ed3e46-2558-437c-ab2d-87bae7186c19/ap/c/a/4ab65cd1-66d2-494c-ac8e-efa8c5d8e78c,8,8,supplementing,"[847, 1756, 161, 161]","[847, 1756, 1008, 1917]","https://iiif.library.sh.cn/c/3/20ed3e46-2558-437c-ab2d-87bae7186c19#xywh=847,1756,161,161",李俨撰文，欧阳通楷书,欧阳通（楷书）；李儇（撰文）,唐,龙朔三年十月十日刻立（663）,663,楷书,17A331,《翰墨瑰宝：上海图书馆藏珍本碑帖丛刊》第二辑,iiif_annotation_target_xywh,iiif_xywh
001_道因法师碑_p0008_c009,虽,001_道因法师碑,道因法师碑,8,八,1,0,695,532,144,144,688,543,152,122,"[688, 543, 152, 122]",676,531,176,146,"[676, 531, 176, 146]",8278,text_constrained_column_cell_pixel_assignment,assets/page_images/001_道因法师碑/p0008.jpg,1,http://data.library.sh.cn/bt/resource/work/v1e0qbx3r5wp1uw4,http://iiif.library.sh.cn/api/viewer/17A331,https://iiif.library.sh.cn/p/3/02c55611-7427-4cd0-a2cd-a15b5ccbaa9c,https://iiif.library.sh.cn/c/3/20ed3e46-2558-437c-ab2d-87bae7186c19,1460,2228,https://iiif.library.sh.cn/c/3/20ed3e46-2558-437c-ab2d-87bae7186c19/ap/s,https://iiif.library.sh.cn/c/3/20ed3e46-2558-437c-ab2d-87bae7186c19/ap/c/a/08df302a-99e2-47f1-a9f8-44b3816dee46,9,9,supplementing,"[695, 532, 144, 144]","[695, 532, 839, 676]","https://iiif.library.sh.cn/c/3/20ed3e46-2558-437c-ab2d-87bae7186c19#xywh=695,532,144,144",李俨撰文，欧阳通楷书,欧阳通（楷书）；李儇（撰文）,唐,龙朔三年十月十日刻立（663）,663,楷书,17A331,《翰墨瑰宝：上海图书馆藏珍本碑帖丛刊》第二辑,iiif_annotation_target_xywh,iiif_xywh
001_道因法师碑_p0008_c010,十,001_道因法师碑,道因法师碑,8,八,1,1,695,664,144,144,688,675,152,139,"[688, 675, 152, 139]",676,661,176,167,"[676, 661, 176, 167]",6571,text_constrained_column_cell_pixel_assignment,assets/page_images/001_道因法师碑/p0008.jpg,1,http://data.library.sh.cn/bt/resource/work/v1e0qbx3r5wp1uw4,http://iiif.library.sh.cn/api/viewer/17A331,https://iiif.library.sh.cn/p/3/02c55611-7427-4cd0-a2cd-a15b5ccbaa9c,https://iiif.library.sh.cn/c/3/20ed3e46-2558-437c-ab2d-87bae7186c19,1460,2228,https://iiif.library.sh.cn/c/3/20ed3e46-2558-437c-ab2d-87bae7186c19/ap/s,https://iiif.library.sh.cn/c/3/20ed3e46-2558-437c-ab2d-87bae7186c19/ap/c/a/5073695c-9e42-4835-8eb6-38e7d8e01bd8,10,10,supplementing,"[695, 664, 144, 144]","[695, 664, 839, 808]","https://iiif.library.sh.cn/c/3/20ed3e46-2558-437c-ab2d-87bae7186c19#xywh=695,664,144,144",李俨撰文，欧阳通楷书,欧阳通（楷书）；李儇（撰文）,唐,龙朔三年十月十日刻立（663）,663,楷书,17A331,《翰墨瑰宝：上海图书馆藏珍本碑帖丛刊》第二辑,iiif_annotation_target_xywh,iiif_xywh
001_道因法师碑_p0008_c011,翼,001_道因法师碑,道因法师碑,8,八,1,2,695,830,144,144,688,825,152,169,"[688, 825, 152, 169]",676,808,176,203,"[676, 808, 176, 203]",11205,text_constrained_column_cell_pixel_assignment,assets/page_images/001_道因法师碑/p0008.jpg,1,http://data.library.sh.cn/bt/resource/work/v1e0qbx3r5wp1uw4,http://iiif.library.sh.cn/api/viewer/17A331,https://iiif.library.sh.cn/p/3/02c55611-7427-4cd0-a2cd-a15b5ccbaa9c,https://iiif.library.sh.cn/c/3/20ed3e46-2558-437c-ab2d-87bae7186c19,1460,2228,https://iiif.library.sh.cn/c/3/20ed3e46-2558-437c-ab2d-87bae7186c19/ap/s,https://iiif.library.sh.cn/c/3/20ed3e46-2558-437c-ab2d-87bae7186c19/ap/c/a/4ffc3210-6056-498c-84be-f9d22450c94f,11,11,supplementing,"[695, 830, 144, 144]","[695, 830, 839, 974]","https://iiif.library.sh.cn/c/3/20ed3e46-2558-437c-ab2d-87bae7186c19#xywh=695,830,144,144",李俨撰文，欧阳通楷书,欧阳通（楷书）；李儇（撰文）,唐,龙朔三年十月十日刻立（663）,663,楷书,17A331,《翰墨瑰宝：上海图书馆藏珍本碑帖丛刊》第二辑,iiif_annotation_target_xywh,iiif_xywh
001_道因法师碑_p0008_c012,精,001_道因法师碑,道因法师碑,8,八,1,3,695,1026,144,144,688,1006,152,173,"[688, 1006, 152, 173]",676,989,176,207,"[676, 989, 176, 207]",13054,text_constrained_column_cell_pixel_assignment,assets/page_images/001_道因法师碑/p0008.jpg,1,http://data.library.sh.cn/bt/resource/work/v1e0qbx3r5wp1uw4,http://iiif.library.sh.cn/api/viewer/17A331,https://iiif.library.sh.cn/p/3/02c55611-7427-4cd0-a2cd-a15b5ccbaa9c,https://iiif.library.sh.cn/c/3/20ed3e46-2558-437c-ab2d-87bae7186c19,1460,2228,https://iiif.library.sh.cn/c/3/20ed3e46-2558-437c-ab2d-87bae7186c19/ap/s,https://iiif.library.sh.cn/c/3/20ed3e46-2558-437c-ab2d-87bae7186c19/ap/c/a/4e93b159-2c92-4b2d-8347-c52b3ebd66ee,12,12,supplementing,"[695, 1026, 144, 144]","[695, 1026, 839, 1170]","https://iiif.library.sh.cn/c/3/20ed3e46-2558-437c-ab2d-87bae7186c19#xywh=695,1026,144,144",李俨撰文，欧阳通楷书,欧阳通（楷书）；李儇（撰文）,唐,龙朔三年十月十日刻立（663）,663,楷书,17A331,《翰墨瑰宝：上海图书馆藏珍本碑帖丛刊》第二辑,iiif_annotation_target_xywh,iiif_xywh
001_道因法师碑_p0008_c013,微,001_道因法师碑,道因法师碑,8,八,1,4,695,1201,144,144,688,1192,152,167,"[688, 1192, 152, 167]",676,1175,176,201,"[676, 1175, 176, 201]",10042,text_constrained_column_cell_pixel_assignment,assets/page_images/001_道因法师碑/p0008.jpg,1,http://data.library.sh.cn/bt/resource/work/v1e0qbx3r5wp1uw4,http://iiif.library.sh.cn/api/viewer/17A331,https://iiif.library.sh.cn/p/3/02c55611-7427-4cd0-a2cd-a15b5ccbaa9c,https://iiif.library.sh.cn/c/3/20ed3e46-2558-437c-ab2d-87bae7186c19,1460,2228,https://iiif.library.sh.cn/c/3/20ed3e46-2558-437c-ab2d-87bae7186c19/ap/s,https://iiif.library.sh.cn/c/3/20ed3e46-2558-437c-ab2d-87bae7186c19/ap/c/a/f85fccaf-caa5-4d79-8f9e-2d452229f096,13,13,supplementing,"[695, 1201, 144, 144]","[695, 1201, 839, 1345]","https://iiif.library.sh.cn/c/3/20ed3e46-2558-437c-ab2d-87bae7186c19#xywh=695,1201,144,144",李俨撰文，欧阳通楷书,欧阳通（楷书）；李儇（撰文）,唐,龙朔三年十月十日刻立（663）,663,楷书,17A331,《翰墨瑰宝：上海图书馆藏珍本碑帖丛刊》第二辑,iiif_annotation_target_xywh,iiif_xywh
001_道因法师碑_p0008_c014,阴,001_道因法师碑,道因法师碑,8,八,1,5,695,1392,131,131,688,1372,152,172,"[688, 1372, 152, 172]",676,1355,176,206,"[676, 1355, 176, 206]",8220,text_constrained_column_cell_pixel_assignment,assets/page_images/001_道因法师碑/p0008.jpg,1,http://data.library.sh.cn/bt/resource/work/v1e0qbx3r5wp1uw4,http://iiif.library.sh.cn/api/viewer/17A331,https://iiif.library.sh.cn/p/3/02c55611-7427-4cd0-a2cd-a15b5ccbaa9c,https://iiif.library.sh.cn/c/3/20ed3e46-2558-437c-ab2d-87bae7186c19,1460,2228,https://iiif.library.sh.cn/c/3/20ed3e46-2558-437c-ab2d-87bae7186c19/ap/s,https://iiif.library.sh.cn/c/3/20ed3e46-2558-437c-ab2d-87bae7186c19/ap/c/a/4767aa96-2ace-42bd-aaa4-091b5491b145,14,14,supplementing,"[695, 1392, 131, 131]","[695, 1392, 826, 1523]","https://iiif.library.sh.cn/c/3/20ed3e46-2558-437c-ab2d-87bae7186c19#xywh=695,1392,131,131",李俨撰文，欧阳通楷书,欧阳通（楷书）；李儇（撰文）,唐,龙朔三年十月十日刻立（663）,663,楷书,17A331,《翰墨瑰宝：上海图书馆藏珍本碑帖丛刊》第二辑,iiif_annotation_target_xywh,iiif_xywh
001_道因法师碑_p0008_c015,阳,001_道因法师碑,道因法师碑,8,八,1,6,695,1577,131,131,688,1556,152,168,"[688, 1556, 152, 168]",676,1539,176,202,"[676, 1539, 176, 202]",7609,text_constrained_column_cell_pixel_assignment,assets/page_images/001_道因法师碑/p0008.jpg,1,http://data.library.sh.cn/bt/resource/work/v1e0qbx3r5wp1uw4,http://iiif.library.sh.cn/api/viewer/17A331,https://iiif.library.sh.cn/p/3/02c55611-7427-4cd0-a2cd-a15b5ccbaa9c,https://iiif.library.sh.cn/c/3/20ed3e46-2558-437c-ab2d-87bae7186c19,1460,2228,https://iiif.library.sh.cn/c/3/20ed3e46-2558-437c-ab2d-87bae7186c19/ap/s,https://iiif.library.sh.cn/c/3/20ed3e46-2558-437c-ab2d-87bae7186c19/ap/c/a/d9e2889e-593c-4fc7-8e18-c0e920e5df8d,15,15,supplementing,"[695, 1577, 131, 131]","[695, 1577, 826, 1708]","https://iiif.library.sh.cn/c/3/20ed3e46-2558-437c-ab2d-87bae7186c19#xywh=695,1577,131,131",李俨撰文，欧阳通楷书,欧阳通（楷书）；李儇（撰文）,唐,龙朔三年十月十日刻立（663）,663,楷书,17A331,《翰墨瑰宝：上海图书馆藏珍本碑帖丛刊》第二辑,iiif_annotation_target_xywh,iiif_xywh
001_道因法师碑_p0008_c016,之,001_道因法师碑,道因法师碑,8,八,1,7,695,1752,131,131,688,1736,152,163,"[688, 1736, 152, 163]",676,1720,176,195,"[676, 1720, 176, 195]",9726,text_constrained_column_cell_pixel_assignment,assets/page_images/001_道因法师碑/p0008.jpg,1,http://data.library.sh.cn/bt/resource/work/v1e0qbx3r5wp1uw4,http://iiif.library.sh.cn/api/viewer/17A331,https://iiif.library.sh.cn/p/3/02c55611-7427-4cd0-a2cd-a15b5ccbaa9c,https://iiif.library.sh.cn/c/3/20ed3e46-2558-437c-ab2d-87bae7186c19,1460,2228,https://iiif.library.sh.cn/c/3/20ed3e46-2558-437c-ab2d-87bae7186c19/ap/s,https://iiif.library.sh.cn/c/3/20ed3e46-2558-437c-ab2d-87bae7186c19/ap/c/a/2831fc14-e29b-44c8-b7b4-0b8a202aae25,16,16,supplementing,"[695, 1752, 131, 131]","[695, 1752, 826, 1883]","https://iiif.library.sh.cn/c/3/20ed3e46-2558-437c-ab2d-87bae7186c19#xywh=695,1752,131,131",李俨撰文，欧阳通楷书,欧阳通（楷书）；李儇（撰文）,唐,龙朔三年十月十日刻立（663）,663,楷书,17A331,《翰墨瑰宝：上海图书馆藏珍本碑帖丛刊》第二辑,iiif_annotation_target_xywh,iiif_xywh
001_道因法师碑_p0008_c017,化,001_道因法师碑,道因法师碑,8,八,2,0,524,514,151,151,521,514,155,151,"[521, 514, 155, 151]",509,499,179,181,"[509, 499, 179, 181]",14623,text_constrained_column_cell_pixel_assignment,assets/page_images/001_道因法师碑/p0008.jpg,1,http://data.library.sh.cn/bt/resource/work/v1e0qbx3r5wp1uw4,http://iiif.library.sh.cn/api/viewer/17A331,https://iiif.library.sh.cn/p/3/02c55611-7427-4cd0-a2cd-a15b5ccbaa9c,https://iiif.library.sh.cn/c/3/20ed3e46-2558-437c-ab2d-87bae7186c19,1460,2228,https://iiif.library.sh.cn/c/3/20ed3e46-2558-437c-ab2d-87bae7186c19/ap/s,https://iiif.library.sh.cn/c/3/20ed3e46-2558-437c-ab2d-87bae7186c19/ap/c/a/27765a5f-61aa-4119-a27e-9272a8a480bb,17,17,supplementing,"[524, 514, 151, 151]","[524, 514, 675, 665]","https://iiif.library.sh.cn/c/3/20ed3e46-2558-437c-ab2d-87bae7186c19#xywh=524,514,151,151",李俨撰文，欧阳通楷书,欧阳通（楷书）；李儇（撰文）,唐,龙朔三年十月十日刻立（663）,663,楷书,17A331,《翰墨瑰宝：上海图书馆藏珍本碑帖丛刊》第二辑,iiif_annotation_target_xywh,iiif_xywh
001_道因法师碑_p0008_c018,不,001_道因法师碑,道因法师碑,8,八,2,1,524,676,151,151,521,677,155,161,"[521, 677, 155, 161]",509,661,179,193,"[509, 661, 179, 193]",9155,text_constrained_column_cell_pixel_assignment,assets/page_images/001_道因法师碑/p0008.jpg,1,http://data.library.sh.cn/bt/resource/work/v1e0qbx3r5wp1uw4,http://iiif.library.sh.cn/api/viewer/17A331,https://iiif.library.sh.cn/p/3/02c55611-7427-4cd0-a2cd-a15b5ccbaa9c,https://iiif.library.sh.cn/c/3/20ed3e46-2558-437c-ab2d-87bae7186c19,1460,2228,https://iiif.library.sh.cn/c/3/20ed3e46-2558-437c-ab2d-87bae7186c19/ap/s,https://iiif.library.sh.cn/c/3/20ed3e46-2558-437c-ab2d-87bae7186c19/ap/c/a/1d0aad29-fb19-4114-b200-b76fe3394034,18,18,supplementing,"[524, 676, 151, 151]","[524, 676, 675, 827]","https://iiif.library.sh.cn/c/3/20ed3e46-2558-437c-ab2d-87bae7186c19#xywh=524,676,151,151",李俨撰文，欧阳通楷书,欧阳通（楷书）；李儇（撰文）,唐,龙朔三年十月十日刻立（663）,663,楷书,17A331,《翰墨瑰宝：上海图书馆藏珍本碑帖丛刊》第二辑,iiif_annotation_target_xywh,iiif_xywh
001_道因法师碑_p0008_c019,测,001_道因法师碑,道因法师碑,8,八,2,2,524,861,151,151,521,851,155,172,"[521, 851, 155, 172]",509,834,179,206,"[509, 834, 179, 206]",11033,text_constrained_column_cell_pixel_assignment,assets/page_images/001_道因法师碑/p0008.jpg,1,http://data.library.sh.cn/bt/resource/work/v1e0qbx3r5wp1uw4,http://iiif.library.sh.cn/api/viewer/17A331,https://iiif.library.sh.cn/p/3/02c55611-7427-4cd0-a2cd-a15b5ccbaa9c,https://iiif.library.sh.cn/c/3/20ed3e46-2558-437c-ab2d-87bae7186c19,1460,2228,https://iiif.library.sh.cn/c/3/20ed3e46-2558-437c-ab2d-87bae7186c19/ap/s,https://iiif.library.sh.cn/c/3/20ed3e46-2558-437c-ab2d-87bae7186c19/ap/c/a/e629090d-1e71-4087-b302-26a810124976,19,19,supplementing,"[524, 861, 151, 151]","[524, 861, 675, 1012]","https://iiif.library.sh.cn/c/3/20ed3e46-2558-437c-ab2d-87bae7186c19#xywh=524,861,151,151",李俨撰文，欧阳通楷书,欧阳通（楷书）；李儇（撰文）,唐,龙朔三年十月十日刻立（663）,663,楷书,17A331,《翰墨瑰宝：上海图书馆藏珍本碑帖丛刊》第二辑,iiif_annotation_target_xywh,iiif_xywh
001_道因法师碑_p0008_c020,九,001_道因法师碑,道因法师碑,8,八,2,3,524,1048,151,151,521,1036,155,173,"[521, 1036, 155, 173]",509,1019,179,207,"[509, 1019, 179, 207]",9931,text_constrained_column_cell_pixel_assignment,assets/page_images/001_道因法师碑/p0008.jpg,1,http://data.library.sh.cn/bt/resource/work/v1e0qbx3r5wp1uw4,http://iiif.library.sh.cn/api/viewer/17A331,https://iiif.library.sh.cn/p/3/02c55611-7427-4cd0-a2cd-a15b5ccbaa9c,https://iiif.library.sh.cn/c/3/20ed3e46-2558-437c-ab2d-87bae7186c19,1460,2228,https://iiif.library.sh.cn/c/3/20ed3e46-2558-437c-ab2d-87bae7186c19/ap/s,https://iiif.library.sh.cn/c/3/20ed3e46-2558-437c-ab2d-87bae7186c19/ap/c/a/750b6c4a-f163-4d20-86b5-8df5d7d95934,20,20,supplementing,"[524, 1048, 151, 151]","[524, 1048, 675, 1199]","https://iiif.library.sh.cn/c/3/20ed3e46-2558-437c-ab2d-87bae7186c19#xywh=524,1048,151,151",李俨撰文，欧阳通楷书,欧阳通（楷书）；李儇（撰文）,唐,龙朔三年十月十日刻立（663）,663,楷书,17A331,《翰墨瑰宝：上海图书馆藏珍本碑帖丛刊》第二辑,iiif_annotation_target_xywh,iiif_xywh
001_道因法师碑_p0008_c021,流,001_道因法师碑,道因法师碑,8,八,2,4,524,1231,151,151,521,1222,155,185,"[521, 1222, 155, 185]",509,1204,179,222,"[509, 1204, 179, 222]",10318,text_constrained_column_cell_pixel_assignment,assets/page_images/001_道因法师碑/p0008.jpg,1,http://data.library.sh.cn/bt/resource/work/v1e0qbx3r5wp1uw4,http://iiif.library.sh.cn/api/viewer/17A331,https://iiif.library.sh.cn/p/3/02c55611-7427-4cd0-a2cd-a15b5ccbaa9c,https://iiif.library.sh.cn/c/3/20ed3e46-2558-437c-ab2d-87bae7186c19,1460,2228,https://iiif.library.sh.cn/c/3/20ed3e46-2558-437c-ab2d-87bae7186c19/ap/s,https://iiif.library.sh.cn/c/3/20ed3e46-2558-437c-ab2d-87bae7186c19/ap/c/a/45272fb1-5080-485a-9fe7-083e3da5a720,21,21,supplementing,"[524, 1231, 151, 151]","[524, 1231, 675, 1382]","https://iiif.library.sh.cn/c/3/20ed3e46-2558-437c-ab2d-87bae7186c19#xywh=524,1231,151,151",李俨撰文，欧阳通楷书,欧阳通（楷书）；李儇（撰文）,唐,龙朔三年十月十日刻立（663）,663,楷书,17A331,《翰墨瑰宝：上海图书馆藏珍本碑帖丛刊》第二辑,iiif_annotation_target_xywh,iiif_xywh
001_道因法师碑_p0008_c022,沉,001_道因法师碑,道因法师碑,8,八,2,5,524,1445,151,151,521,1420,155,173,"[521, 1420, 155, 173]",509,1403,179,207,"[509, 1403, 179, 207]",9610,text_constrained_column_cell_pixel_assignment,assets/page_images/001_道因法师碑/p0008.jpg,1,http://data.library.sh.cn/bt/resource/work/v1e0qbx3r5wp1uw4,http://iiif.library.sh.cn/api/viewer/17A331,https://iiif.library.sh.cn/p/3/02c55611-7427-4cd0-a2cd-a15b5ccbaa9c,https://iiif.library.sh.cn/c/3/20ed3e46-2558-437c-ab2d-87bae7186c19,1460,2228,https://iiif.library.sh.cn/c/3/20ed3e46-2558-437c-ab2d-87bae7186c19/ap/s,https://iiif.library.sh.cn/c/3/20ed3e46-2558-437c-ab2d-87bae7186c19/ap/c/a/96dbfaf9-aa54-4667-a90c-80913deee4f1,22,22,supplementing,"[524, 1445, 151, 151]","[524, 1445, 675, 1596]","https://iiif.library.sh.cn/c/3/20ed3e46-2558-437c-ab2d-87bae7186c19#xywh=524,1445,151,151",李俨撰文，欧阳通楷书,欧阳通（楷书）；李儇（撰文）,唐,龙朔三年十月十日刻立（663）,663,楷书,17A331,《翰墨瑰宝：上海图书馆藏珍本碑帖丛刊》第二辑,iiif_annotation_target_xywh,iiif_xywh
001_道因法师碑_p0008_c023,奥,001_道因法师碑,道因法师碑,8,八,2,6,524,1603,151,151,521,1606,155,162,"[521, 1606, 155, 162]",509,1590,179,194,"[509, 1590, 179, 194]",9314,text_constrained_column_cell_pixel_assignment,assets/page_images/001_道因法师碑/p0008.jpg,1,http://data.library.sh.cn/bt/resource/work/v1e0qbx3r5wp1uw4,http://iiif.library.sh.cn/api/viewer/17A331,https://iiif.library.sh.cn/p/3/02c55611-7427-4cd0-a2cd-a15b5ccbaa9c,https://iiif.library.sh.cn/c/3/20ed3e46-2558-437c-ab2d-87bae7186c19,1460,2228,https://iiif.library.sh.cn/c/3/20ed3e46-2558-437c-ab2d-87bae7186c19/ap/s,https://iiif.library.sh.cn/c/3/20ed3e46-2558-437c-ab2d-87bae7186c19/ap/c/a/1c23ac6b-9a13-4efc-b766-c25fea2e405e,23,23,supplementing,"[524, 1603, 151, 151]","[524, 1603, 675, 1754]","https://iiif.library.sh.cn/c/3/20ed3e46-2558-437c-ab2d-87bae7186c19#xywh=524,1603,151,151",李俨撰文，欧阳通楷书,欧阳通（楷书）；李儇（撰文）,唐,龙朔三年十月十日刻立（663）,663,楷书,17A331,《翰墨瑰宝：上海图书馆藏珍本碑帖丛刊》第二辑,iiif_annotation_target_xywh,iiif_xywh
001_道因法师碑_p0008_c024,仁,001_道因法师碑,道因法师碑,8,八,2,7,524,1795,151,151,521,1781,155,179,"[521, 1781, 155, 179]",509,1763,179,215,"[509, 1763, 179, 215]",13293,text_constrained_column_cell_pixel_assignment,assets/page_images/001_道因法师碑/p0008.jpg,1,http://data.library.sh.cn/bt/resource/work/v1e0qbx3r5wp1uw4,http://iiif.library.sh.cn/api/viewer/17A331,https://iiif.library.sh.cn/p/3/02c55611-7427-4cd0-a2cd-a15b5ccbaa9c,https://iiif.library.sh.cn/c/3/20ed3e46-2558-437c-ab2d-87bae7186c19,1460,2228,https://iiif.library.sh.cn/c/3/20ed3e46-2558-437c-ab2d-87bae7186c19/ap/s,https://iiif.library.sh.cn/c/3/20ed3e46-2558-437c-ab2d-87bae7186c19/ap/c/a/aa584bed-8bf4-440a-8eb1-ce2495449a64,24,24,supplementing,"[524, 1795, 151, 151]","[524, 1795, 675, 1946]","https://iiif.library.sh.cn/c/3/20ed3e46-2558-437c-ab2d-87bae7186c19#xywh=524,1795,151,151",李俨撰文，欧阳通楷书,欧阳通（楷书）；李儇（撰文）,唐,龙朔三年十月十日刻立（663）,663,楷书,17A331,《翰墨瑰宝：上海图书馆藏珍本碑帖丛刊》第二辑,iiif_annotation_target_xywh,iiif_xywh
001_道因法师碑_p0008_c025,义,001_道因法师碑,道因法师碑,8,八,3,0,355,539,132,132,352,523,157,164,"[352, 523, 157, 164]",339,507,183,196,"[339, 507, 183, 196]",8330,text_constrained_column_cell_pixel_assignment,assets/page_images/001_道因法师碑/p0008.jpg,1,http://data.library.sh.cn/bt/resource/work/v1e0qbx3r5wp1uw4,http://iiif.library.sh.cn/api/viewer/17A331,https://iiif.library.sh.cn/p/3/02c55611-7427-4cd0-a2cd-a15b5ccbaa9c,https://iiif.library.sh.cn/c/3/20ed3e46-2558-437c-ab2d-87bae7186c19,1460,2228,https://iiif.library.sh.cn/c/3/20ed3e46-2558-437c-ab2d-87bae7186c19/ap/s,https://iiif.library.sh.cn/c/3/20ed3e46-2558-437c-ab2d-87bae7186c19/ap/c/a/73fc2a21-fae9-4927-bff5-976f441a4c9e,25,25,supplementing,"[355, 539, 132, 132]","[355, 539, 487, 671]","https://iiif.library.sh.cn/c/3/20ed3e46-2558-437c-ab2d-87bae7186c19#xywh=355,539,132,132",李俨撰文，欧阳通楷书,欧阳通（楷书）；李儇（撰文）,唐,龙朔三年十月十日刻立（663）,663,楷书,17A331,《翰墨瑰宝：上海图书馆藏珍本碑帖丛刊》第二辑,iiif_annotation_target_xywh,iiif_xywh
001_道因法师碑_p0008_c026,之,001_道因法师碑,道因法师碑,8,八,3,1,355,715,132,132,352,699,157,150,"[352, 699, 157, 150]",339,684,183,180,"[339, 684, 183, 180]",9318,text_constrained_column_cell_pixel_assignment,assets/page_images/001_道因法师碑/p0008.jpg,1,http://data.library.sh.cn/bt/resource/work/v1e0qbx3r5wp1uw4,http://iiif.library.sh.cn/api/viewer/17A331,https://iiif.library.sh.cn/p/3/02c55611-7427-4cd0-a2cd-a15b5ccbaa9c,https://iiif.library.sh.cn/c/3/20ed3e46-2558-437c-ab2d-87bae7186c19,1460,2228,https://iiif.library.sh.cn/c/3/20ed3e46-2558-437c-ab2d-87bae7186c19/ap/s,https://iiif.library.sh.cn/c/3/20ed3e46-2558-437c-ab2d-87bae7186c19/ap/c/a/9ab58cdb-76b2-4c99-b3b0-5df79ea2116d,26,26,supplementing,"[355, 715, 132, 132]","[355, 715, 487, 847]","https://iiif.library.sh.cn/c/3/20ed3e46-2558-437c-ab2d-87bae7186c19#xywh=355,715,132,132",李俨撰文，欧阳通楷书,欧阳通（楷书）；李儇（撰文）,唐,龙朔三年十月十日刻立（663）,663,楷书,17A331,《翰墨瑰宝：上海图书馆藏珍本碑帖丛刊》第二辑,iiif_annotation_target_xywh,iiif_xywh
001_道因法师碑_p0008_c027,涂,001_道因法师碑,道因法师碑,8,八,3,2,355,848,159,159,352,860,157,158,"[352, 860, 157, 158]",339,844,183,190,"[339, 844, 183, 190]",11761,text_constrained_column_cell_pixel_assignment,assets/page_images/001_道因法师碑/p0008.jpg,1,http://data.library.sh.cn/bt/resource/work/v1e0qbx3r5wp1uw4,http://iiif.library.sh.cn/api/viewer/17A331,https://iiif.library.sh.cn/p/3/02c55611-7427-4cd0-a2cd-a15b5ccbaa9c,https://iiif.library.sh.cn/c/3/20ed3e46-2558-437c-ab2d-87bae7186c19,1460,2228,https://iiif.library.sh.cn/c/3/20ed3e46-2558-437c-ab2d-87bae7186c19/ap/s,https://iiif.library.sh.cn/c/3/20ed3e46-2558-437c-ab2d-87bae7186c19/ap/c/a/fc37cc0f-e0b9-45c4-ae28-7528a4d3ae76,27,27,supplementing,"[355, 848, 159, 159]","[355, 848, 514, 1007]","https://iiif.library.sh.cn/c/3/20ed3e46-2558-437c-ab2d-87bae7186c19#xywh=355,848,159,159",李俨撰文，欧阳通楷书,欧阳通（楷书）；李儇（撰文）,唐,龙朔三年十月十日刻立（663）,663,楷书,17A331,《翰墨瑰宝：上海图书馆藏珍本碑帖丛刊》第二辑,iiif_annotation_target_xywh,iiif_xywh
001_道因法师碑_p0008_c028,斯,001_道因法师碑,道因法师碑,8,八,3,3,355,1040,159,159,352,1030,157,181,"[352, 1030, 157, 181]",339,1012,183,217,"[339, 1012, 183, 217]",10203,text_constrained_column_cell_pixel_assignment,assets/page_images/001_道因法师碑/p0008.jpg,1,http://data.library.sh.cn/bt/resource/work/v1e0qbx3r5wp1uw4,http://iiif.library.sh.cn/api/viewer/17A331,https://iiif.library.sh.cn/p/3/02c55611-7427-4cd0-a2cd-a15b5ccbaa9c,https://iiif.library.sh.cn/c/3/20ed3e46-2558-437c-ab2d-87bae7186c19,1460,2228,https://iiif.library.sh.cn/c/3/20ed3e46-2558-437c-ab2d-87bae7186c19/ap/s,https://iiif.library.sh.cn/c/3/20ed3e46-2558-437c-ab2d-87bae7186c19/ap/c/a/d97824b4-ddde-4304-93f1-70ae6e94c466,28,28,supplementing,"[355, 1040, 159, 159]","[355, 1040, 514, 1199]","https://iiif.library.sh.cn/c/3/20ed3e46-2558-437c-ab2d-87bae7186c19#xywh=355,1040,159,159",李俨撰文，欧阳通楷书,欧阳通（楷书）；李儇（撰文）,唐,龙朔三年十月十日刻立（663）,663,楷书,17A331,《翰墨瑰宝：上海图书馆藏珍本碑帖丛刊》第二辑,iiif_annotation_target_xywh,iiif_xywh
001_道因法师碑_p0008_c029,阐,001_道因法师碑,道因法师碑,8,八,3,4,355,1237,159,159,352,1224,157,169,"[352, 1224, 157, 169]",339,1207,183,203,"[339, 1207, 183, 203]",10237,text_constrained_column_cell_pixel_assignment,assets/page_images/001_道因法师碑/p0008.jpg,1,http://data.library.sh.cn/bt/resource/work/v1e0qbx3r5wp1uw4,http://iiif.library.sh.cn/api/viewer/17A331,https://iiif.library.sh.cn/p/3/02c55611-7427-4cd0-a2cd-a15b5ccbaa9c,https://iiif.library.sh.cn/c/3/20ed3e46-2558-437c-ab2d-87bae7186c19,1460,2228,https://iiif.library.sh.cn/c/3/20ed3e46-2558-437c-ab2d-87bae7186c19/ap/s,https://iiif.library.sh.cn/c/3/20ed3e46-2558-437c-ab2d-87bae7186c19/ap/c/a/308df5f0-7220-494b-ae8c-6175b35108ec,29,29,supplementing,"[355, 1237, 159, 159]","[355, 1237, 514, 1396]","https://iiif.library.sh.cn/c/3/20ed3e46-2558-437c-ab2d-87bae7186c19#xywh=355,1237,159,159",李俨撰文，欧阳通楷书,欧阳通（楷书）；李儇（撰文）,唐,龙朔三年十月十日刻立（663）,663,楷书,17A331,《翰墨瑰宝：上海图书馆藏珍本碑帖丛刊》第二辑,iiif_annotation_target_xywh,iiif_xywh
001_道因法师碑_p0008_c030,而,001_道因法师碑,道因法师碑,8,八,3,5,355,1402,159,159,352,1405,157,158,"[352, 1405, 157, 158]",339,1389,183,190,"[339, 1389, 183, 190]",10174,text_constrained_column_cell_pixel_assignment,assets/page_images/001_道因法师碑/p0008.jpg,1,http://data.library.sh.cn/bt/resource/work/v1e0qbx3r5wp1uw4,http://iiif.library.sh.cn/api/viewer/17A331,https://iiif.library.sh.cn/p/3/02c55611-7427-4cd0-a2cd-a15b5ccbaa9c,https://iiif.library.sh.cn/c/3/20ed3e46-2558-437c-ab2d-87bae7186c19,1460,2228,https://iiif.library.sh.cn/c/3/20ed3e46-2558-437c-ab2d-87bae7186c19/ap/s,https://iiif.library.sh.cn/c/3/20ed3e46-2558-437c-ab2d-87bae7186c19/ap/c/a/95c95df7-900d-4707-834a-d7111852e764,30,30,supplementing,"[355, 1402, 159, 159]","[355, 1402, 514, 1561]","https://iiif.library.sh.cn/c/3/20ed3e46-2558-437c-ab2d-87bae7186c19#xywh=355,1402,159,159",李俨撰文，欧阳通楷书,欧阳通（楷书）；李儇（撰文）,唐,龙朔三年十月十日刻立（663）,663,楷书,17A331,《翰墨瑰宝：上海图书馆藏珍本碑帖丛刊》第二辑,iiif_annotation_target_xywh,iiif_xywh
001_道因法师碑_p0008_c031,劳,001_道因法师碑,道因法师碑,8,八,3,6,355,1577,159,159,352,1576,157,172,"[352, 1576, 157, 172]",339,1559,183,206,"[339, 1559, 183, 206]",11252,text_constrained_column_cell_pixel_assignment,assets/page_images/001_道因法师碑/p0008.jpg,1,http://data.library.sh.cn/bt/resource/work/v1e0qbx3r5wp1uw4,http://iiif.library.sh.cn/api/viewer/17A331,https://iiif.library.sh.cn/p/3/02c55611-7427-4cd0-a2cd-a15b5ccbaa9c,https://iiif.library.sh.cn/c/3/20ed3e46-2558-437c-ab2d-87bae7186c19,1460,2228,https://iiif.library.sh.cn/c/3/20ed3e46-2558-437c-ab2d-87bae7186c19/ap/s,https://iiif.library.sh.cn/c/3/20ed3e46-2558-437c-ab2d-87bae7186c19/ap/c/a/258f7b6e-7b25-4b4c-bec2-f115a8cdf43a,31,31,supplementing,"[355, 1577, 159, 159]","[355, 1577, 514, 1736]","https://iiif.library.sh.cn/c/3/20ed3e46-2558-437c-ab2d-87bae7186c19#xywh=355,1577,159,159",李俨撰文，欧阳通楷书,欧阳通（楷书）；李儇（撰文）,唐,龙朔三年十月十日刻立（663）,663,楷书,17A331,《翰墨瑰宝：上海图书馆藏珍本碑帖丛刊》第二辑,iiif_annotation_target_xywh,iiif_xywh
001_道因法师碑_p0008_c032,生,001_道因法师碑,道因法师碑,8,八,3,7,355,1774,159,159,352,1762,157,183,"[352, 1762, 157, 183]",339,1744,183,219,"[339, 1744, 183, 219]",19565,text_constrained_column_cell_pixel_assignment,assets/page_images/001_道因法师碑/p0008.jpg,1,http://data.library.sh.cn/bt/resource/work/v1e0qbx3r5wp1uw4,http://iiif.library.sh.cn/api/viewer/17A331,https://iiif.library.sh.cn/p/3/02c55611-7427-4cd0-a2cd-a15b5ccbaa9c,https://iiif.library.sh.cn/c/3/20ed3e46-2558-437c-ab2d-87bae7186c19,1460,2228,https://iiif.library.sh.cn/c/3/20ed3e46-2558-437c-ab2d-87bae7186c19/ap/s,https://iiif.library.sh.cn/c/3/20ed3e46-2558-437c-ab2d-87bae7186c19/ap/c/a/20885640-24a6-4e86-b6a1-999b355fcec0,32,32,supplementing,"[355, 1774, 159, 159]","[355, 1774, 514, 1933]","https://iiif.library.sh.cn/c/3/20ed3e46-2558-437c-ab2d-87bae7186c19#xywh=355,1774,159,159",李俨撰文，欧阳通楷书,欧阳通（楷书）；李儇（撰文）,唐,龙朔三年十月十日刻立（663）,663,楷书,17A331,《翰墨瑰宝：上海图书馆藏珍本碑帖丛刊》第二辑,iiif_annotation_target_xywh,iiif_xywh
001_道因法师碑_p0008_c033,蠢,001_道因法师碑,道因法师碑,8,八,4,0,194,528,136,136,183,516,158,160,"[183, 516, 158, 160]",170,500,184,192,"[170, 500, 184, 192]",7823,text_constrained_column_cell_pixel_assignment,assets/page_images/001_道因法师碑/p0008.jpg,1,http://data.library.sh.cn/bt/resource/work/v1e0qbx3r5wp1uw4,http://iiif.library.sh.cn/api/viewer/17A331,https://iiif.library.sh.cn/p/3/02c55611-7427-4cd0-a2cd-a15b5ccbaa9c,https://iiif.library.sh.cn/c/3/20ed3e46-2558-437c-ab2d-87bae7186c19,1460,2228,https://iiif.library.sh.cn/c/3/20ed3e46-2558-437c-ab2d-87bae7186c19/ap/s,https://iiif.library.sh.cn/c/3/20ed3e46-2558-437c-ab2d-87bae7186c19/ap/c/a/f5d69742-84e8-493a-988f-61fcdc08a6f9,33,33,supplementing,"[194, 528, 136, 136]","[194, 528, 330, 664]","https://iiif.library.sh.cn/c/3/20ed3e46-2558-437c-ab2d-87bae7186c19#xywh=194,528,136,136",李俨撰文，欧阳通楷书,欧阳通（楷书）；李儇（撰文）,唐,龙朔三年十月十日刻立（663）,663,楷书,17A331,《翰墨瑰宝：上海图书馆藏珍本碑帖丛刊》第二辑,iiif_annotation_target_xywh,iiif_xywh
001_道因法师碑_p0008_c034,蠢,001_道因法师碑,道因法师碑,8,八,4,1,194,700,136,136,183,688,158,165,"[183, 688, 158, 165]",170,672,184,198,"[170, 672, 184, 198]",8921,text_constrained_column_cell_pixel_assignment,assets/page_images/001_道因法师碑/p0008.jpg,1,http://data.library.sh.cn/bt/resource/work/v1e0qbx3r5wp1uw4,http://iiif.library.sh.cn/api/viewer/17A331,https://iiif.library.sh.cn/p/3/02c55611-7427-4cd0-a2cd-a15b5ccbaa9c,https://iiif.library.sh.cn/c/3/20ed3e46-2558-437c-ab2d-87bae7186c19,1460,2228,https://iiif.library.sh.cn/c/3/20ed3e46-2558-437c-ab2d-87bae7186c19/ap/s,https://iiif.library.sh.cn/c/3/20ed3e46-2558-437c-ab2d-87bae7186c19/ap/c/a/730f009f-cf41-4827-a45a-9130517920cf,34,34,supplementing,"[194, 700, 136, 136]","[194, 700, 330, 836]","https://iiif.library.sh.cn/c/3/20ed3e46-2558-437c-ab2d-87bae7186c19#xywh=194,700,136,136",李俨撰文，欧阳通楷书,欧阳通（楷书）；李儇（撰文）,唐,龙朔三年十月十日刻立（663）,663,楷书,17A331,《翰墨瑰宝：上海图书馆藏珍本碑帖丛刊》第二辑,iiif_annotation_target_xywh,iiif_xywh
001_道因法师碑_p0008_c035,岂,001_道因法师碑,道因法师碑,8,八,4,2,194,883,136,136,183,866,158,163,"[183, 866, 158, 163]",170,850,184,195,"[170, 850, 184, 195]",10972,text_constrained_column_cell_pixel_assignment,assets/page_images/001_道因法师碑/p0008.jpg,1,http://data.library.sh.cn/bt/resource/work/v1e0qbx3r5wp1uw4,http://iiif.library.sh.cn/api/viewer/17A331,https://iiif.library.sh.cn/p/3/02c55611-7427-4cd0-a2cd-a15b5ccbaa9c,https://iiif.library.sh.cn/c/3/20ed3e46-2558-437c-ab2d-87bae7186c19,1460,2228,https://iiif.library.sh.cn/c/3/20ed3e46-2558-437c-ab2d-87bae7186c19/ap/s,https://iiif.library.sh.cn/c/3/20ed3e46-2558-437c-ab2d-87bae7186c19/ap/c/a/badeb6bb-0dcb-4dc4-899c-2f723f173403,35,35,supplementing,"[194, 883, 136, 136]","[194, 883, 330, 1019]","https://iiif.library.sh.cn/c/3/20ed3e46-2558-437c-ab2d-87bae7186c19#xywh=194,883,136,136",李俨撰文，欧阳通楷书,欧阳通（楷书）；李儇（撰文）,唐,龙朔三年十月十日刻立（663）,663,楷书,17A331,《翰墨瑰宝：上海图书馆藏珍本碑帖丛刊》第二辑,iiif_annotation_target_xywh,iiif_xywh
001_道因法师碑_p0008_c036,厌,001_道因法师碑,道因法师碑,8,八,4,3,194,1052,136,136,183,1042,158,162,"[183, 1042, 158, 162]",170,1026,184,194,"[170, 1026, 184, 194]",9035,text_constrained_column_cell_pixel_assignment,assets/page_images/001_道因法师碑/p0008.jpg,1,http://data.library.sh.cn/bt/resource/work/v1e0qbx3r5wp1uw4,http://iiif.library.sh.cn/api/viewer/17A331,https://iiif.library.sh.cn/p/3/02c55611-7427-4cd0-a2cd-a15b5ccbaa9c,https://iiif.library.sh.cn/c/3/20ed3e46-2558-437c-ab2d-87bae7186c19,1460,2228,https://iiif.library.sh.cn/c/3/20ed3e46-2558-437c-ab2d-87bae7186c19/ap/s,https://iiif.library.sh.cn/c/3/20ed3e46-2558-437c-ab2d-87bae7186c19/ap/c/a/f6735512-64e9-4857-8b38-5129e9669552,36,36,supplementing,"[194, 1052, 136, 136]","[194, 1052, 330, 1188]","https://iiif.library.sh.cn/c/3/20ed3e46-2558-437c-ab2d-87bae7186c19#xywh=194,1052,136,136",李俨撰文，欧阳通楷书,欧阳通（楷书）；李儇（撰文）,唐,龙朔三年十月十日刻立（663）,663,楷书,17A331,《翰墨瑰宝：上海图书馆藏珍本碑帖丛刊》第二辑,iiif_annotation_target_xywh,iiif_xywh
001_道因法师碑_p0008_c037,尘,001_道因法师碑,道因法师碑,8,八,4,4,194,1233,136,136,183,1217,158,164,"[183, 1217, 158, 164]",170,1201,184,196,"[170, 1201, 184, 196]",8410,text_constrained_column_cell_pixel_assignment,assets/page_images/001_道因法师碑/p0008.jpg,1,http://data.library.sh.cn/bt/resource/work/v1e0qbx3r5wp1uw4,http://iiif.library.sh.cn/api/viewer/17A331,https://iiif.library.sh.cn/p/3/02c55611-7427-4cd0-a2cd-a15b5ccbaa9c,https://iiif.library.sh.cn/c/3/20ed3e46-2558-437c-ab2d-87bae7186c19,1460,2228,https://iiif.library.sh.cn/c/3/20ed3e46-2558-437c-ab2d-87bae7186c19/ap/s,https://iiif.library.sh.cn/c/3/20ed3e46-2558-437c-ab2d-87bae7186c19/ap/c/a/eb5cf7aa-f46f-4bd1-9008-2ed0463a011f,37,37,supplementing,"[194, 1233, 136, 136]","[194, 1233, 330, 1369]","https://iiif.library.sh.cn/c/3/20ed3e46-2558-437c-ab2d-87bae7186c19#xywh=194,1233,136,136",李俨撰文，欧阳通楷书,欧阳通（楷书）；李儇（撰文）,唐,龙朔三年十月十日刻立（663）,663,楷书,17A331,《翰墨瑰宝：上海图书馆藏珍本碑帖丛刊》第二辑,iiif_annotation_target_xywh,iiif_xywh
001_道因法师碑_p0008_c038,门,001_道因法师碑,道因法师碑,8,八,4,5,194,1406,136,136,183,1394,158,162,"[183, 1394, 158, 162]",170,1378,184,194,"[170, 1378, 184, 194]",8365,text_constrained_column_cell_pixel_assignment,assets/page_images/001_道因法师碑/p0008.jpg,1,http://data.library.sh.cn/bt/resource/work/v1e0qbx3r5wp1uw4,http://iiif.library.sh.cn/api/viewer/17A331,https://iiif.library.sh.cn/p/3/02c55611-7427-4cd0-a2cd-a15b5ccbaa9c,https://iiif.library.sh.cn/c/3/20ed3e46-2558-437c-ab2d-87bae7186c19,1460,2228,https://iiif.library.sh.cn/c/3/20ed3e46-2558-437c-ab2d-87bae7186c19/ap/s,https://iiif.library.sh.cn/c/3/20ed3e46-2558-437c-ab2d-87bae7186c19/ap/c/a/17788517-d08d-4ff2-ae7f-f18c2453b57b,38,38,supplementing,"[194, 1406, 136, 136]","[194, 1406, 330, 1542]","https://iiif.library.sh.cn/c/3/20ed3e46-2558-437c-ab2d-87bae7186c19#xywh=194,1406,136,136",李俨撰文，欧阳通楷书,欧阳通（楷书）；李儇（撰文）,唐,龙朔三年十月十日刻立（663）,663,楷书,17A331,《翰墨瑰宝：上海图书馆藏珍本碑帖丛刊》第二辑,iiif_annotation_target_xywh,iiif_xywh
001_道因法师碑_p0008_c039,暗,001_道因法师碑,道因法师碑,8,八,4,6,194,1583,136,136,183,1569,158,176,"[183, 1569, 158, 176]",170,1551,184,212,"[170, 1551, 184, 212]",8785,text_constrained_column_cell_pixel_assignment,assets/page_images/001_道因法师碑/p0008.jpg,1,http://data.library.sh.cn/bt/resource/work/v1e0qbx3r5wp1uw4,http://iiif.library.sh.cn/api/viewer/17A331,https://iiif.library.sh.cn/p/3/02c55611-7427-4cd0-a2cd-a15b5ccbaa9c,https://iiif.library.sh.cn/c/3/20ed3e46-2558-437c-ab2d-87bae7186c19,1460,2228,https://iiif.library.sh.cn/c/3/20ed3e46-2558-437c-ab2d-87bae7186c19/ap/s,https://iiif.library.sh.cn/c/3/20ed3e46-2558-437c-ab2d-87bae7186c19/ap/c/a/99c29009-9818-4181-8816-bf065f5c6853,39,39,supplementing,"[194, 1583, 136, 136]","[194, 1583, 330, 1719]","https://iiif.library.sh.cn/c/3/20ed3e46-2558-437c-ab2d-87bae7186c19#xywh=194,1583,136,136",李俨撰文，欧阳通楷书,欧阳通（楷书）；李儇（撰文）,唐,龙朔三年十月十日刻立（663）,663,楷书,17A331,《翰墨瑰宝：上海图书馆藏珍本碑帖丛刊》第二辑,iiif_annotation_target_xywh,iiif_xywh
001_道因法师碑_p0008_c040,海,001_道因法师碑,道因法师碑,8,八,4,7,194,1784,136,136,183,1759,158,186,"[183, 1759, 158, 186]",170,1740,184,224,"[170, 1740, 184, 224]",10084,text_constrained_column_cell_pixel_assignment,assets/page_images/001_道因法师碑/p0008.jpg,1,http://data.library.sh.cn/bt/resource/work/v1e0qbx3r5wp1uw4,http://iiif.library.sh.cn/api/viewer/17A331,https://iiif.library.sh.cn/p/3/02c55611-7427-4cd0-a2cd-a15b5ccbaa9c,https://iiif.library.sh.cn/c/3/20ed3e46-2558-437c-ab2d-87bae7186c19,1460,2228,https://iiif.library.sh.cn/c/3/20ed3e46-2558-437c-ab2d-87bae7186c19/ap/s,https://iiif.library.sh.cn/c/3/20ed3e46-2558-437c-ab2d-87bae7186c19/ap/c/a/801d7984-85f1-45a6-93ee-c9fe6cc1abb7,40,40,supplementing,"[194, 1784, 136, 136]","[194, 1784, 330, 1920]","https://iiif.library.sh.cn/c/3/20ed3e46-2558-437c-ab2d-87bae7186c19#xywh=194,1784,136,136",李俨撰文，欧阳通楷书,欧阳通（楷书）；李儇（撰文）,唐,龙朔三年十月十日刻立（663）,663,楷书,17A331,《翰墨瑰宝：上海图书馆藏珍本碑帖丛刊》第二辑,iiif_annotation_target_xywh,iiif_xywh
001_道因法师碑_p0009_c001,茫,001_道因法师碑,道因法师碑,9,九,0,0,1124,505,145,145,1122,495,149,165,"[1122, 495, 149, 165]",1110,478,173,198,"[1110, 478, 173, 198]",12532,text_constrained_column_cell_pixel_assignment,assets/page_images/001_道因法师碑/p0009.jpg,1,http://data.library.sh.cn/bt/resource/work/v1e0qbx3r5wp1uw4,http://iiif.library.sh.cn/api/viewer/17A331,https://iiif.library.sh.cn/p/3/02c55611-7427-4cd0-a2cd-a15b5ccbaa9c,https://iiif.library.sh.cn/c/3/233ab5ae-8b00-4025-8b72-0b366267f8cf,1436,2225,https://iiif.library.sh.cn/c/3/233ab5ae-8b00-4025-8b72-0b366267f8cf/ap/s,https://iiif.library.sh.cn/c/3/233ab5ae-8b00-4025-8b72-0b366267f8cf/ap/c/a/25458c21-6974-47fa-8027-89f88bc7758a,1,1,supplementing,"[1124, 505, 145, 145]","[1124, 505, 1269, 650]","https://iiif.library.sh.cn/c/3/233ab5ae-8b00-4025-8b72-0b366267f8cf#xywh=1124,505,145,145",李俨撰文，欧阳通楷书,欧阳通（楷书）；李儇（撰文）,唐,龙朔三年十月十日刻立（663）,663,楷书,17A331,《翰墨瑰宝：上海图书馆藏珍本碑帖丛刊》第二辑,iiif_annotation_target_xywh,iiif_xywh
001_道因法师碑_p0009_c002,茫,001_道因法师碑,道因法师碑,9,九,0,1,1124,683,145,145,1122,673,149,167,"[1122, 673, 149, 167]",1110,656,173,201,"[1110, 656, 173, 201]",9730,text_constrained_column_cell_pixel_assignment,assets/page_images/001_道因法师碑/p0009.jpg,1,http://data.library.sh.cn/bt/resource/work/v1e0qbx3r5wp1uw4,http://iiif.library.sh.cn/api/viewer/17A331,https://iiif.library.sh.cn/p/3/02c55611-7427-4cd0-a2cd-a15b5ccbaa9c,https://iiif.library.sh.cn/c/3/233ab5ae-8b00-4025-8b72-0b366267f8cf,1436,2225,https://iiif.library.sh.cn/c/3/233ab5ae-8b00-4025-8b72-0b366267f8cf/ap/s,https://iiif.library.sh.cn/c/3/233ab5ae-8b00-4025-8b72-0b366267f8cf/ap/c/a/5a7f28ae-b2de-493d-84fc-971eda1e2b31,2,2,supplementing,"[1124, 683, 145, 145]","[1124, 683, 1269, 828]","https://iiif.library.sh.cn/c/3/233ab5ae-8b00-4025-8b72-0b366267f8cf#xywh=1124,683,145,145",李俨撰文，欧阳通楷书,欧阳通（楷书）；李儇（撰文）,唐,龙朔三年十月十日刻立（663）,663,楷书,17A331,《翰墨瑰宝：上海图书馆藏珍本碑帖丛刊》第二辑,iiif_annotation_target_xywh,iiif_xywh
001_道因法师碑_p0009_c003,恒,001_道因法师碑,道因法师碑,9,九,0,2,1124,864,145,145,1122,852,149,152,"[1122, 852, 149, 152]",1110,837,173,182,"[1110, 837, 173, 182]",11168,text_constrained_column_cell_pixel_assignment,assets/page_images/001_道因法师碑/p0009.jpg,1,http://data.library.sh.cn/bt/resource/work/v1e0qbx3r5wp1uw4,http://iiif.library.sh.cn/api/viewer/17A331,https://iiif.library.sh.cn/p/3/02c55611-7427-4cd0-a2cd-a15b5ccbaa9c,https://iiif.library.sh.cn/c/3/233ab5ae-8b00-4025-8b72-0b366267f8cf,1436,2225,https://iiif.library.sh.cn/c/3/233ab5ae-8b00-4025-8b72-0b366267f8cf/ap/s,https://iiif.library.sh.cn/c/3/233ab5ae-8b00-4025-8b72-0b366267f8cf/ap/c/a/e56e6259-a854-47df-82a7-0b7f426d049d,3,3,supplementing,"[1124, 864, 145, 145]","[1124, 864, 1269, 1009]","https://iiif.library.sh.cn/c/3/233ab5ae-8b00-4025-8b72-0b366267f8cf#xywh=1124,864,145,145",李俨撰文，欧阳通楷书,欧阳通（楷书）；李儇（撰文）,唐,龙朔三年十月十日刻立（663）,663,楷书,17A331,《翰墨瑰宝：上海图书馆藏珍本碑帖丛刊》第二辑,iiif_annotation_target_xywh,iiif_xywh
001_道因法师碑_p0009_c004,漂,001_道因法师碑,道因法师碑,9,九,0,3,1124,1011,145,145,1122,1016,149,161,"[1122, 1016, 149, 161]",1110,1000,173,193,"[1110, 1000, 173, 193]",10762,text_constrained_column_cell_pixel_assignment,assets/page_images/001_道因法师碑/p0009.jpg,1,http://data.library.sh.cn/bt/resource/work/v1e0qbx3r5wp1uw4,http://iiif.library.sh.cn/api/viewer/17A331,https://iiif.library.sh.cn/p/3/02c55611-7427-4cd0-a2cd-a15b5ccbaa9c,https://iiif.library.sh.cn/c/3/233ab5ae-8b00-4025-8b72-0b366267f8cf,1436,2225,https://iiif.library.sh.cn/c/3/233ab5ae-8b00-4025-8b72-0b366267f8cf/ap/s,https://iiif.library.sh.cn/c/3/233ab5ae-8b00-4025-8b72-0b366267f8cf/ap/c/a/7d216f6e-88a8-43ef-bd27-cf113313e92d,4,4,supplementing,"[1124, 1011, 145, 145]","[1124, 1011, 1269, 1156]","https://iiif.library.sh.cn/c/3/233ab5ae-8b00-4025-8b72-0b366267f8cf#xywh=1124,1011,145,145",李俨撰文，欧阳通楷书,欧阳通（楷书）；李儇（撰文）,唐,龙朔三年十月十日刻立（663）,663,楷书,17A331,《翰墨瑰宝：上海图书馆藏珍本碑帖丛刊》第二辑,iiif_annotation_target_xywh,iiif_xywh
001_道因法师碑_p0009_c005,苦,001_道因法师碑,道因法师碑,9,九,0,4,1124,1210,145,145,1122,1189,149,173,"[1122, 1189, 149, 173]",1110,1172,173,207,"[1110, 1172, 173, 207]",12175,text_constrained_column_cell_pixel_assignment,assets/page_images/001_道因法师碑/p0009.jpg,1,http://data.library.sh.cn/bt/resource/work/v1e0qbx3r5wp1uw4,http://iiif.library.sh.cn/api/viewer/17A331,https://iiif.library.sh.cn/p/3/02c55611-7427-4cd0-a2cd-a15b5ccbaa9c,https://iiif.library.sh.cn/c/3/233ab5ae-8b00-4025-8b72-0b366267f8cf,1436,2225,https://iiif.library.sh.cn/c/3/233ab5ae-8b00-4025-8b72-0b366267f8cf/ap/s,https://iiif.library.sh.cn/c/3/233ab5ae-8b00-4025-8b72-0b366267f8cf/ap/c/a/2d415a41-7096-4754-b807-dcf5549fe33c,5,5,supplementing,"[1124, 1210, 145, 145]","[1124, 1210, 1269, 1355]","https://iiif.library.sh.cn/c/3/233ab5ae-8b00-4025-8b72-0b366267f8cf#xywh=1124,1210,145,145",李俨撰文，欧阳通楷书,欧阳通（楷书）；李儇（撰文）,唐,龙朔三年十月十日刻立（663）,663,楷书,17A331,《翰墨瑰宝：上海图书馆藏珍本碑帖丛刊》第二辑,iiif_annotation_target_xywh,iiif_xywh
001_道因法师碑_p0009_c006,浪,001_道因法师碑,道因法师碑,9,九,0,5,1124,1381,145,145,1122,1375,149,173,"[1122, 1375, 149, 173]",1110,1358,173,207,"[1110, 1358, 173, 207]",10516,text_constrained_column_cell_pixel_assignment,assets/page_images/001_道因法师碑/p0009.jpg,1,http://data.library.sh.cn/bt/resource/work/v1e0qbx3r5wp1uw4,http://iiif.library.sh.cn/api/viewer/17A331,https://iiif.library.sh.cn/p/3/02c55611-7427-4cd0-a2cd-a15b5ccbaa9c,https://iiif.library.sh.cn/c/3/233ab5ae-8b00-4025-8b72-0b366267f8cf,1436,2225,https://iiif.library.sh.cn/c/3/233ab5ae-8b00-4025-8b72-0b366267f8cf/ap/s,https://iiif.library.sh.cn/c/3/233ab5ae-8b00-4025-8b72-0b366267f8cf/ap/c/a/f81bf6bf-78da-4254-bb6b-14b86ff2df3c,6,6,supplementing,"[1124, 1381, 145, 145]","[1124, 1381, 1269, 1526]","https://iiif.library.sh.cn/c/3/233ab5ae-8b00-4025-8b72-0b366267f8cf#xywh=1124,1381,145,145",李俨撰文，欧阳通楷书,欧阳通（楷书）；李儇（撰文）,唐,龙朔三年十月十日刻立（663）,663,楷书,17A331,《翰墨瑰宝：上海图书馆藏珍本碑帖丛刊》第二辑,iiif_annotation_target_xywh,iiif_xywh
001_道因法师碑_p0009_c007,亦,001_道因法师碑,道因法师碑,9,九,0,6,1124,1584,145,145,1122,1561,149,164,"[1122, 1561, 149, 164]",1110,1545,173,196,"[1110, 1545, 173, 196]",10848,text_constrained_column_cell_pixel_assignment,assets/page_images/001_道因法师碑/p0009.jpg,1,http://data.library.sh.cn/bt/resource/work/v1e0qbx3r5wp1uw4,http://iiif.library.sh.cn/api/viewer/17A331,https://iiif.library.sh.cn/p/3/02c55611-7427-4cd0-a2cd-a15b5ccbaa9c,https://iiif.library.sh.cn/c/3/233ab5ae-8b00-4025-8b72-0b366267f8cf,1436,2225,https://iiif.library.sh.cn/c/3/233ab5ae-8b00-4025-8b72-0b366267f8cf/ap/s,https://iiif.library.sh.cn/c/3/233ab5ae-8b00-4025-8b72-0b366267f8cf/ap/c/a/1635f528-ba30-435d-b133-278fdc94f782,7,7,supplementing,"[1124, 1584, 145, 145]","[1124, 1584, 1269, 1729]","https://iiif.library.sh.cn/c/3/233ab5ae-8b00-4025-8b72-0b366267f8cf#xywh=1124,1584,145,145",李俨撰文，欧阳通楷书,欧阳通（楷书）；李儇（撰文）,唐,龙朔三年十月十日刻立（663）,663,楷书,17A331,《翰墨瑰宝：上海图书馆藏珍本碑帖丛刊》第二辑,iiif_annotation_target_xywh,iiif_xywh
001_道因法师碑_p0009_c008,有,001_道因法师碑,道因法师碑,9,九,0,7,1124,1733,145,145,1122,1736,149,139,"[1122, 1736, 149, 139]",1110,1722,173,167,"[1110, 1722, 173, 167]",13738,text_constrained_column_cell_pixel_assignment,assets/page_images/001_道因法师碑/p0009.jpg,1,http://data.library.sh.cn/bt/resource/work/v1e0qbx3r5wp1uw4,http://iiif.library.sh.cn/api/viewer/17A331,https://iiif.library.sh.cn/p/3/02c55611-7427-4cd0-a2cd-a15b5ccbaa9c,https://iiif.library.sh.cn/c/3/233ab5ae-8b00-4025-8b72-0b366267f8cf,1436,2225,https://iiif.library.sh.cn/c/3/233ab5ae-8b00-4025-8b72-0b366267f8cf/ap/s,https://iiif.library.sh.cn/c/3/233ab5ae-8b00-4025-8b72-0b366267f8cf/ap/c/a/6272f31b-278c-40bb-9f20-f111eddd3171,8,8,supplementing,"[1124, 1733, 145, 145]","[1124, 1733, 1269, 1878]","https://iiif.library.sh.cn/c/3/233ab5ae-8b00-4025-8b72-0b366267f8cf#xywh=1124,1733,145,145",李俨撰文，欧阳通楷书,欧阳通（楷书）；李儇（撰文）,唐,龙朔三年十月十日刻立（663）,663,楷书,17A331,《翰墨瑰宝：上海图书馆藏珍本碑帖丛刊》第二辑,iiif_annotation_target_xywh,iiif_xywh
001_道因法师碑_p0009_c009,宝,001_道因法师碑,道因法师碑,9,九,1,0,963,509,149,149,961,485,150,197,"[961, 485, 150, 197]",949,465,174,237,"[949, 465, 174, 237]",13905,text_constrained_column_cell_pixel_assignment,assets/page_images/001_道因法师碑/p0009.jpg,1,http://data.library.sh.cn/bt/resource/work/v1e0qbx3r5wp1uw4,http://iiif.library.sh.cn/api/viewer/17A331,https://iiif.library.sh.cn/p/3/02c55611-7427-4cd0-a2cd-a15b5ccbaa9c,https://iiif.library.sh.cn/c/3/233ab5ae-8b00-4025-8b72-0b366267f8cf,1436,2225,https://iiif.library.sh.cn/c/3/233ab5ae-8b00-4025-8b72-0b366267f8cf/ap/s,https://iiif.library.sh.cn/c/3/233ab5ae-8b00-4025-8b72-0b366267f8cf/ap/c/a/8b7e80ad-43f5-4124-b6f1-f556fb0b797c,9,9,supplementing,"[963, 509, 149, 149]","[963, 509, 1112, 658]","https://iiif.library.sh.cn/c/3/233ab5ae-8b00-4025-8b72-0b366267f8cf#xywh=963,509,149,149",李俨撰文，欧阳通楷书,欧阳通（楷书）；李儇（撰文）,唐,龙朔三年十月十日刻立（663）,663,楷书,17A331,《翰墨瑰宝：上海图书馆藏珍本碑帖丛刊》第二辑,iiif_annotation_target_xywh,iiif_xywh
001_道因法师碑_p0009_c010,经,001_道因法师碑,道因法师碑,9,九,1,1,963,720,149,149,961,696,150,181,"[961, 696, 150, 181]",949,678,174,217,"[949, 678, 174, 217]",8863,text_constrained_column_cell_pixel_assignment,assets/page_images/001_道因法师碑/p0009.jpg,1,http://data.library.sh.cn/bt/resource/work/v1e0qbx3r5wp1uw4,http://iiif.library.sh.cn/api/viewer/17A331,https://iiif.library.sh.cn/p/3/02c55611-7427-4cd0-a2cd-a15b5ccbaa9c,https://iiif.library.sh.cn/c/3/233ab5ae-8b00-4025-8b72-0b366267f8cf,1436,2225,https://iiif.library.sh.cn/c/3/233ab5ae-8b00-4025-8b72-0b366267f8cf/ap/s,https://iiif.library.sh.cn/c/3/233ab5ae-8b00-4025-8b72-0b366267f8cf/ap/c/a/f8056bde-a068-4036-87cd-7dd5038b9ef2,10,10,supplementing,"[963, 720, 149, 149]","[963, 720, 1112, 869]","https://iiif.library.sh.cn/c/3/233ab5ae-8b00-4025-8b72-0b366267f8cf#xywh=963,720,149,149",李俨撰文，欧阳通楷书,欧阳通（楷书）；李儇（撰文）,唐,龙朔三年十月十日刻立（663）,663,楷书,17A331,《翰墨瑰宝：上海图书馆藏珍本碑帖丛刊》第二辑,iiif_annotation_target_xywh,iiif_xywh
001_道因法师碑_p0009_c011,浮,001_道因法师碑,道因法师碑,9,九,1,2,963,899,149,149,961,890,150,156,"[961, 890, 150, 156]",949,874,174,188,"[949, 874, 174, 188]",9138,text_constrained_column_cell_pixel_assignment,assets/page_images/001_道因法师碑/p0009.jpg,1,http://data.library.sh.cn/bt/resource/work/v1e0qbx3r5wp1uw4,http://iiif.library.sh.cn/api/viewer/17A331,https://iiif.library.sh.cn/p/3/02c55611-7427-4cd0-a2cd-a15b5ccbaa9c,https://iiif.library.sh.cn/c/3/233ab5ae-8b00-4025-8b72-0b366267f8cf,1436,2225,https://iiif.library.sh.cn/c/3/233ab5ae-8b00-4025-8b72-0b366267f8cf/ap/s,https://iiif.library.sh.cn/c/3/233ab5ae-8b00-4025-8b72-0b366267f8cf/ap/c/a/014691ad-854e-4692-9347-e79f39b565c7,11,11,supplementing,"[963, 899, 149, 149]","[963, 899, 1112, 1048]","https://iiif.library.sh.cn/c/3/233ab5ae-8b00-4025-8b72-0b366267f8cf#xywh=963,899,149,149",李俨撰文，欧阳通楷书,欧阳通（楷书）；李儇（撰文）,唐,龙朔三年十月十日刻立（663）,663,楷书,17A331,《翰墨瑰宝：上海图书馆藏珍本碑帖丛刊》第二辑,iiif_annotation_target_xywh,iiif_xywh
001_道因法师碑_p0009_c012,说,001_道因法师碑,道因法师碑,9,九,1,3,963,1055,149,149,961,1057,150,152,"[961, 1057, 150, 152]",949,1042,174,182,"[949, 1042, 174, 182]",10301,text_constrained_column_cell_pixel_assignment,assets/page_images/001_道因法师碑/p0009.jpg,1,http://data.library.sh.cn/bt/resource/work/v1e0qbx3r5wp1uw4,http://iiif.library.sh.cn/api/viewer/17A331,https://iiif.library.sh.cn/p/3/02c55611-7427-4cd0-a2cd-a15b5ccbaa9c,https://iiif.library.sh.cn/c/3/233ab5ae-8b00-4025-8b72-0b366267f8cf,1436,2225,https://iiif.library.sh.cn/c/3/233ab5ae-8b00-4025-8b72-0b366267f8cf/ap/s,https://iiif.library.sh.cn/c/3/233ab5ae-8b00-4025-8b72-0b366267f8cf/ap/c/a/851041e7-471f-408e-a301-8d6a9c55bd7e,12,12,supplementing,"[963, 1055, 149, 149]","[963, 1055, 1112, 1204]","https://iiif.library.sh.cn/c/3/233ab5ae-8b00-4025-8b72-0b366267f8cf#xywh=963,1055,149,149",李俨撰文，欧阳通楷书,欧阳通（楷书）；李儇（撰文）,唐,龙朔三年十月十日刻立（663）,663,楷书,17A331,《翰墨瑰宝：上海图书馆藏珍本碑帖丛刊》第二辑,iiif_annotation_target_xywh,iiif_xywh
001_道因法师碑_p0009_c013,锦,001_道因法师碑,道因法师碑,9,九,1,4,963,1226,149,149,961,1221,150,157,"[961, 1221, 150, 157]",949,1205,174,189,"[949, 1205, 174, 189]",9690,text_constrained_column_cell_pixel_assignment,assets/page_images/001_道因法师碑/p0009.jpg,1,http://data.library.sh.cn/bt/resource/work/v1e0qbx3r5wp1uw4,http://iiif.library.sh.cn/api/viewer/17A331,https://iiif.library.sh.cn/p/3/02c55611-7427-4cd0-a2cd-a15b5ccbaa9c,https://iiif.library.sh.cn/c/3/233ab5ae-8b00-4025-8b72-0b366267f8cf,1436,2225,https://iiif.library.sh.cn/c/3/233ab5ae-8b00-4025-8b72-0b366267f8cf/ap/s,https://iiif.library.sh.cn/c/3/233ab5ae-8b00-4025-8b72-0b366267f8cf/ap/c/a/c9c51e34-028e-451f-ab68-d99e61a57ab5,13,13,supplementing,"[963, 1226, 149, 149]","[963, 1226, 1112, 1375]","https://iiif.library.sh.cn/c/3/233ab5ae-8b00-4025-8b72-0b366267f8cf#xywh=963,1226,149,149",李俨撰文，欧阳通楷书,欧阳通（楷书）；李儇（撰文）,唐,龙朔三年十月十日刻立（663）,663,楷书,17A331,《翰墨瑰宝：上海图书馆藏珍本碑帖丛刊》第二辑,iiif_annotation_target_xywh,iiif_xywh
001_道因法师碑_p0009_c014,籍,001_道因法师碑,道因法师碑,9,九,1,5,963,1393,149,149,961,1390,150,155,"[961, 1390, 150, 155]",949,1374,174,186,"[949, 1374, 174, 186]",8958,text_constrained_column_cell_pixel_assignment,assets/page_images/001_道因法师碑/p0009.jpg,1,http://data.library.sh.cn/bt/resource/work/v1e0qbx3r5wp1uw4,http://iiif.library.sh.cn/api/viewer/17A331,https://iiif.library.sh.cn/p/3/02c55611-7427-4cd0-a2cd-a15b5ccbaa9c,https://iiif.library.sh.cn/c/3/233ab5ae-8b00-4025-8b72-0b366267f8cf,1436,2225,https://iiif.library.sh.cn/c/3/233ab5ae-8b00-4025-8b72-0b366267f8cf/ap/s,https://iiif.library.sh.cn/c/3/233ab5ae-8b00-4025-8b72-0b366267f8cf/ap/c/a/86b6ba69-f456-4f6c-94a6-713d656dbf39,14,14,supplementing,"[963, 1393, 149, 149]","[963, 1393, 1112, 1542]","https://iiif.library.sh.cn/c/3/233ab5ae-8b00-4025-8b72-0b366267f8cf#xywh=963,1393,149,149",李俨撰文，欧阳通楷书,欧阳通（楷书）；李儇（撰文）,唐,龙朔三年十月十日刻立（663）,663,楷书,17A331,《翰墨瑰宝：上海图书馆藏珍本碑帖丛刊》第二辑,iiif_annotation_target_xywh,iiif_xywh
001_道因法师碑_p0009_c015,寓,001_道因法师碑,道因法师碑,9,九,1,6,963,1566,136,136,961,1556,150,153,"[961, 1556, 150, 153]",949,1541,174,183,"[949, 1541, 174, 183]",8007,text_constrained_column_cell_pixel_assignment,assets/page_images/001_道因法师碑/p0009.jpg,1,http://data.library.sh.cn/bt/resource/work/v1e0qbx3r5wp1uw4,http://iiif.library.sh.cn/api/viewer/17A331,https://iiif.library.sh.cn/p/3/02c55611-7427-4cd0-a2cd-a15b5ccbaa9c,https://iiif.library.sh.cn/c/3/233ab5ae-8b00-4025-8b72-0b366267f8cf,1436,2225,https://iiif.library.sh.cn/c/3/233ab5ae-8b00-4025-8b72-0b366267f8cf/ap/s,https://iiif.library.sh.cn/c/3/233ab5ae-8b00-4025-8b72-0b366267f8cf/ap/c/a/6cc0eeb2-b699-4825-945b-be73164c7e44,15,15,supplementing,"[963, 1566, 136, 136]","[963, 1566, 1099, 1702]","https://iiif.library.sh.cn/c/3/233ab5ae-8b00-4025-8b72-0b366267f8cf#xywh=963,1566,136,136",李俨撰文，欧阳通楷书,欧阳通（楷书）；李儇（撰文）,唐,龙朔三年十月十日刻立（663）,663,楷书,17A331,《翰墨瑰宝：上海图书馆藏珍本碑帖丛刊》第二辑,iiif_annotation_target_xywh,iiif_xywh
001_道因法师碑_p0009_c016,词,001_道因法师碑,道因法师碑,9,九,1,7,963,1727,136,136,961,1720,150,150,"[961, 1720, 150, 150]",949,1705,174,180,"[949, 1705, 174, 180]",11465,text_constrained_column_cell_pixel_assignment,assets/page_images/001_道因法师碑/p0009.jpg,1,http://data.library.sh.cn/bt/resource/work/v1e0qbx3r5wp1uw4,http://iiif.library.sh.cn/api/viewer/17A331,https://iiif.library.sh.cn/p/3/02c55611-7427-4cd0-a2cd-a15b5ccbaa9c,https://iiif.library.sh.cn/c/3/233ab5ae-8b00-4025-8b72-0b366267f8cf,1436,2225,https://iiif.library.sh.cn/c/3/233ab5ae-8b00-4025-8b72-0b366267f8cf/ap/s,https://iiif.library.sh.cn/c/3/233ab5ae-8b00-4025-8b72-0b366267f8cf/ap/c/a/c7d221da-6e76-4221-8b16-b3dd9e3f6e86,16,16,supplementing,"[963, 1727, 136, 136]","[963, 1727, 1099, 1863]","https://iiif.library.sh.cn/c/3/233ab5ae-8b00-4025-8b72-0b366267f8cf#xywh=963,1727,136,136",李俨撰文，欧阳通楷书,欧阳通（楷书）；李儇（撰文）,唐,龙朔三年十月十日刻立（663）,663,楷书,17A331,《翰墨瑰宝：上海图书馆藏珍本碑帖丛刊》第二辑,iiif_annotation_target_xywh,iiif_xywh
001_道因法师碑_p0009_c017,驾,001_道因法师碑,道因法师碑,9,九,2,0,805,524,133,133,798,515,151,151,"[798, 515, 151, 151]",786,500,175,181,"[786, 500, 175, 181]",8162,text_constrained_column_cell_pixel_assignment,assets/page_images/001_道因法师碑/p0009.jpg,1,http://data.library.sh.cn/bt/resource/work/v1e0qbx3r5wp1uw4,http://iiif.library.sh.cn/api/viewer/17A331,https://iiif.library.sh.cn/p/3/02c55611-7427-4cd0-a2cd-a15b5ccbaa9c,https://iiif.library.sh.cn/c/3/233ab5ae-8b00-4025-8b72-0b366267f8cf,1436,2225,https://iiif.library.sh.cn/c/3/233ab5ae-8b00-4025-8b72-0b366267f8cf/ap/s,https://iiif.library.sh.cn/c/3/233ab5ae-8b00-4025-8b72-0b366267f8cf/ap/c/a/35b59673-dbe2-43b9-9d0a-9afb562281c9,17,17,supplementing,"[805, 524, 133, 133]","[805, 524, 938, 657]","https://iiif.library.sh.cn/c/3/233ab5ae-8b00-4025-8b72-0b366267f8cf#xywh=805,524,133,133",李俨撰文，欧阳通楷书,欧阳通（楷书）；李儇（撰文）,唐,龙朔三年十月十日刻立（663）,663,楷书,17A331,《翰墨瑰宝：上海图书馆藏珍本碑帖丛刊》第二辑,iiif_annotation_target_xywh,iiif_xywh
001_道因法师碑_p0009_c018,凤,001_道因法师碑,道因法师碑,9,九,2,1,805,687,133,133,798,678,151,160,"[798, 678, 151, 160]",786,662,175,192,"[786, 662, 175, 192]",9272,text_constrained_column_cell_pixel_assignment,assets/page_images/001_道因法师碑/p0009.jpg,1,http://data.library.sh.cn/bt/resource/work/v1e0qbx3r5wp1uw4,http://iiif.library.sh.cn/api/viewer/17A331,https://iiif.library.sh.cn/p/3/02c55611-7427-4cd0-a2cd-a15b5ccbaa9c,https://iiif.library.sh.cn/c/3/233ab5ae-8b00-4025-8b72-0b366267f8cf,1436,2225,https://iiif.library.sh.cn/c/3/233ab5ae-8b00-4025-8b72-0b366267f8cf/ap/s,https://iiif.library.sh.cn/c/3/233ab5ae-8b00-4025-8b72-0b366267f8cf/ap/c/a/3a82cb7d-d4c6-4e38-bd3a-44b4a8ec46eb,18,18,supplementing,"[805, 687, 133, 133]","[805, 687, 938, 820]","https://iiif.library.sh.cn/c/3/233ab5ae-8b00-4025-8b72-0b366267f8cf#xywh=805,687,133,133",李俨撰文，欧阳通楷书,欧阳通（楷书）；李儇（撰文）,唐,龙朔三年十月十日刻立（663）,663,楷书,17A331,《翰墨瑰宝：上海图书馆藏珍本碑帖丛刊》第二辑,iiif_annotation_target_xywh,iiif_xywh
001_道因法师碑_p0009_c019,升,001_道因法师碑,道因法师碑,9,九,2,2,805,868,133,133,798,850,151,161,"[798, 850, 151, 161]",786,834,175,193,"[786, 834, 175, 193]",8242,text_constrained_column_cell_pixel_assignment,assets/page_images/001_道因法师碑/p0009.jpg,1,http://data.library.sh.cn/bt/resource/work/v1e0qbx3r5wp1uw4,http://iiif.library.sh.cn/api/viewer/17A331,https://iiif.library.sh.cn/p/3/02c55611-7427-4cd0-a2cd-a15b5ccbaa9c,https://iiif.library.sh.cn/c/3/233ab5ae-8b00-4025-8b72-0b366267f8cf,1436,2225,https://iiif.library.sh.cn/c/3/233ab5ae-8b00-4025-8b72-0b366267f8cf/ap/s,https://iiif.library.sh.cn/c/3/233ab5ae-8b00-4025-8b72-0b366267f8cf/ap/c/a/6e4b274e-23f3-4970-89ea-e1d44d2f0d66,19,19,supplementing,"[805, 868, 133, 133]","[805, 868, 938, 1001]","https://iiif.library.sh.cn/c/3/233ab5ae-8b00-4025-8b72-0b366267f8cf#xywh=805,868,133,133",李俨撰文，欧阳通楷书,欧阳通（楷书）；李儇（撰文）,唐,龙朔三年十月十日刻立（663）,663,楷书,17A331,《翰墨瑰宝：上海图书馆藏珍本碑帖丛刊》第二辑,iiif_annotation_target_xywh,iiif_xywh
001_道因法师碑_p0009_c020,云,001_道因法师碑,道因法师碑,9,九,2,3,805,1033,133,133,798,1023,151,169,"[798, 1023, 151, 169]",786,1006,175,203,"[786, 1006, 175, 203]",8844,text_constrained_column_cell_pixel_assignment,assets/page_images/001_道因法师碑/p0009.jpg,1,http://data.library.sh.cn/bt/resource/work/v1e0qbx3r5wp1uw4,http://iiif.library.sh.cn/api/viewer/17A331,https://iiif.library.sh.cn/p/3/02c55611-7427-4cd0-a2cd-a15b5ccbaa9c,https://iiif.library.sh.cn/c/3/233ab5ae-8b00-4025-8b72-0b366267f8cf,1436,2225,https://iiif.library.sh.cn/c/3/233ab5ae-8b00-4025-8b72-0b366267f8cf/ap/s,https://iiif.library.sh.cn/c/3/233ab5ae-8b00-4025-8b72-0b366267f8cf/ap/c/a/6dc18767-a0fa-43f7-bf6d-095fad1faaca,20,20,supplementing,"[805, 1033, 133, 133]","[805, 1033, 938, 1166]","https://iiif.library.sh.cn/c/3/233ab5ae-8b00-4025-8b72-0b366267f8cf#xywh=805,1033,133,133",李俨撰文，欧阳通楷书,欧阳通（楷书）；李儇（撰文）,唐,龙朔三年十月十日刻立（663）,663,楷书,17A331,《翰墨瑰宝：上海图书馆藏珍本碑帖丛刊》第二辑,iiif_annotation_target_xywh,iiif_xywh
001_道因法师碑_p0009_c021,骖,001_道因法师碑,道因法师碑,9,九,2,4,805,1230,133,133,798,1205,151,175,"[798, 1205, 151, 175]",786,1188,175,210,"[786, 1188, 175, 210]",9863,text_constrained_column_cell_pixel_assignment,assets/page_images/001_道因法师碑/p0009.jpg,1,http://data.library.sh.cn/bt/resource/work/v1e0qbx3r5wp1uw4,http://iiif.library.sh.cn/api/viewer/17A331,https://iiif.library.sh.cn/p/3/02c55611-7427-4cd0-a2cd-a15b5ccbaa9c,https://iiif.library.sh.cn/c/3/233ab5ae-8b00-4025-8b72-0b366267f8cf,1436,2225,https://iiif.library.sh.cn/c/3/233ab5ae-8b00-4025-8b72-0b366267f8cf/ap/s,https://iiif.library.sh.cn/c/3/233ab5ae-8b00-4025-8b72-0b366267f8cf/ap/c/a/c330facc-4c33-4031-b531-79ea30619fd7,21,21,supplementing,"[805, 1230, 133, 133]","[805, 1230, 938, 1363]","https://iiif.library.sh.cn/c/3/233ab5ae-8b00-4025-8b72-0b366267f8cf#xywh=805,1230,133,133",李俨撰文，欧阳通楷书,欧阳通（楷书）；李儇（撰文）,唐,龙朔三年十月十日刻立（663）,663,楷书,17A331,《翰墨瑰宝：上海图书馆藏珍本碑帖丛刊》第二辑,iiif_annotation_target_xywh,iiif_xywh
001_道因法师碑_p0009_c022,龙,001_道因法师碑,道因法师碑,9,九,2,5,805,1402,150,150,798,1393,151,156,"[798, 1393, 151, 156]",786,1377,175,188,"[786, 1377, 175, 188]",9425,text_constrained_column_cell_pixel_assignment,assets/page_images/001_道因法师碑/p0009.jpg,1,http://data.library.sh.cn/bt/resource/work/v1e0qbx3r5wp1uw4,http://iiif.library.sh.cn/api/viewer/17A331,https://iiif.library.sh.cn/p/3/02c55611-7427-4cd0-a2cd-a15b5ccbaa9c,https://iiif.library.sh.cn/c/3/233ab5ae-8b00-4025-8b72-0b366267f8cf,1436,2225,https://iiif.library.sh.cn/c/3/233ab5ae-8b00-4025-8b72-0b366267f8cf/ap/s,https://iiif.library.sh.cn/c/3/233ab5ae-8b00-4025-8b72-0b366267f8cf/ap/c/a/8d230692-70f6-41c9-900a-d0287f255b1a,22,22,supplementing,"[805, 1402, 150, 150]","[805, 1402, 955, 1552]","https://iiif.library.sh.cn/c/3/233ab5ae-8b00-4025-8b72-0b366267f8cf#xywh=805,1402,150,150",李俨撰文，欧阳通楷书,欧阳通（楷书）；李儇（撰文）,唐,龙朔三年十月十日刻立（663）,663,楷书,17A331,《翰墨瑰宝：上海图书馆藏珍本碑帖丛刊》第二辑,iiif_annotation_target_xywh,iiif_xywh
001_道因法师碑_p0009_c023,栖,001_道因法师碑,道因法师碑,9,九,2,6,805,1559,146,146,798,1560,151,155,"[798, 1560, 151, 155]",786,1544,175,186,"[786, 1544, 175, 186]",8715,text_constrained_column_cell_pixel_assignment,assets/page_images/001_道因法师碑/p0009.jpg,1,http://data.library.sh.cn/bt/resource/work/v1e0qbx3r5wp1uw4,http://iiif.library.sh.cn/api/viewer/17A331,https://iiif.library.sh.cn/p/3/02c55611-7427-4cd0-a2cd-a15b5ccbaa9c,https://iiif.library.sh.cn/c/3/233ab5ae-8b00-4025-8b72-0b366267f8cf,1436,2225,https://iiif.library.sh.cn/c/3/233ab5ae-8b00-4025-8b72-0b366267f8cf/ap/s,https://iiif.library.sh.cn/c/3/233ab5ae-8b00-4025-8b72-0b366267f8cf/ap/c/a/a4a194fc-ce53-4fa4-bbb5-d87964778da5,23,23,supplementing,"[805, 1559, 146, 146]","[805, 1559, 951, 1705]","https://iiif.library.sh.cn/c/3/233ab5ae-8b00-4025-8b72-0b366267f8cf#xywh=805,1559,146,146",李俨撰文，欧阳通楷书,欧阳通（楷书）；李儇（撰文）,唐,龙朔三年十月十日刻立（663）,663,楷书,17A331,《翰墨瑰宝：上海图书馆藏珍本碑帖丛刊》第二辑,iiif_annotation_target_xywh,iiif_xywh
001_道因法师碑_p0009_c024,月,001_道因法师碑,道因法师碑,9,九,2,7,805,1737,146,146,798,1727,151,166,"[798, 1727, 151, 166]",786,1710,175,200,"[786, 1710, 175, 200]",9586,text_constrained_column_cell_pixel_assignment,assets/page_images/001_道因法师碑/p0009.jpg,1,http://data.library.sh.cn/bt/resource/work/v1e0qbx3r5wp1uw4,http://iiif.library.sh.cn/api/viewer/17A331,https://iiif.library.sh.cn/p/3/02c55611-7427-4cd0-a2cd-a15b5ccbaa9c,https://iiif.library.sh.cn/c/3/233ab5ae-8b00-4025-8b72-0b366267f8cf,1436,2225,https://iiif.library.sh.cn/c/3/233ab5ae-8b00-4025-8b72-0b366267f8cf/ap/s,https://iiif.library.sh.cn/c/3/233ab5ae-8b00-4025-8b72-0b366267f8cf/ap/c/a/aa4ca4a5-c4ad-4f9c-aeb7-38fb89afe9d8,24,24,supplementing,"[805, 1737, 146, 146]","[805, 1737, 951, 1883]","https://iiif.library.sh.cn/c/3/233ab5ae-8b00-4025-8b72-0b366267f8cf#xywh=805,1737,146,146",李俨撰文，欧阳通楷书,欧阳通（楷书）；李儇（撰文）,唐,龙朔三年十月十日刻立（663）,663,楷书,17A331,《翰墨瑰宝：上海图书馆藏珍本碑帖丛刊》第二辑,iiif_annotation_target_xywh,iiif_xywh
001_道因法师碑_p0009_c025,迹,001_道因法师碑,道因法师碑,9,九,3,0,640,524,142,142,634,517,153,156,"[634, 517, 153, 156]",622,501,177,188,"[622, 501, 177, 188]",8384,text_constrained_column_cell_pixel_assignment,assets/page_images/001_道因法师碑/p0009.jpg,1,http://data.library.sh.cn/bt/resource/work/v1e0qbx3r5wp1uw4,http://iiif.library.sh.cn/api/viewer/17A331,https://iiif.library.sh.cn/p/3/02c55611-7427-4cd0-a2cd-a15b5ccbaa9c,https://iiif.library.sh.cn/c/3/233ab5ae-8b00-4025-8b72-0b366267f8cf,1436,2225,https://iiif.library.sh.cn/c/3/233ab5ae-8b00-4025-8b72-0b366267f8cf/ap/s,https://iiif.library.sh.cn/c/3/233ab5ae-8b00-4025-8b72-0b366267f8cf/ap/c/a/e644bcbf-ab19-4994-afc3-a29157a42939,25,25,supplementing,"[640, 524, 142, 142]","[640, 524, 782, 666]","https://iiif.library.sh.cn/c/3/233ab5ae-8b00-4025-8b72-0b366267f8cf#xywh=640,524,142,142",李俨撰文，欧阳通楷书,欧阳通（楷书）；李儇（撰文）,唐,龙朔三年十月十日刻立（663）,663,楷书,17A331,《翰墨瑰宝：上海图书馆藏珍本碑帖丛刊》第二辑,iiif_annotation_target_xywh,iiif_xywh
001_道因法师碑_p0009_c026,均,001_道因法师碑,道因法师碑,9,九,3,1,640,691,142,142,634,684,153,150,"[634, 684, 153, 150]",622,669,177,180,"[622, 669, 177, 180]",7740,text_constrained_column_cell_pixel_assignment,assets/page_images/001_道因法师碑/p0009.jpg,1,http://data.library.sh.cn/bt/resource/work/v1e0qbx3r5wp1uw4,http://iiif.library.sh.cn/api/viewer/17A331,https://iiif.library.sh.cn/p/3/02c55611-7427-4cd0-a2cd-a15b5ccbaa9c,https://iiif.library.sh.cn/c/3/233ab5ae-8b00-4025-8b72-0b366267f8cf,1436,2225,https://iiif.library.sh.cn/c/3/233ab5ae-8b00-4025-8b72-0b366267f8cf/ap/s,https://iiif.library.sh.cn/c/3/233ab5ae-8b00-4025-8b72-0b366267f8cf/ap/c/a/a943b73f-1a27-4d5f-9661-ec5f189c789d,26,26,supplementing,"[640, 691, 142, 142]","[640, 691, 782, 833]","https://iiif.library.sh.cn/c/3/233ab5ae-8b00-4025-8b72-0b366267f8cf#xywh=640,691,142,142",李俨撰文，欧阳通楷书,欧阳通（楷书）；李儇（撰文）,唐,龙朔三年十月十日刻立（663）,663,楷书,17A331,《翰墨瑰宝：上海图书馆藏珍本碑帖丛刊》第二辑,iiif_annotation_target_xywh,iiif_xywh
001_道因法师碑_p0009_c027,转,001_道因法师碑,道因法师碑,9,九,3,2,640,846,142,142,634,846,153,164,"[634, 846, 153, 164]",622,830,177,196,"[622, 830, 177, 196]",9655,text_constrained_column_cell_pixel_assignment,assets/page_images/001_道因法师碑/p0009.jpg,1,http://data.library.sh.cn/bt/resource/work/v1e0qbx3r5wp1uw4,http://iiif.library.sh.cn/api/viewer/17A331,https://iiif.library.sh.cn/p/3/02c55611-7427-4cd0-a2cd-a15b5ccbaa9c,https://iiif.library.sh.cn/c/3/233ab5ae-8b00-4025-8b72-0b366267f8cf,1436,2225,https://iiif.library.sh.cn/c/3/233ab5ae-8b00-4025-8b72-0b366267f8cf/ap/s,https://iiif.library.sh.cn/c/3/233ab5ae-8b00-4025-8b72-0b366267f8cf/ap/c/a/dfd45a90-dd2a-42ef-9d15-8a68232caca6,27,27,supplementing,"[640, 846, 142, 142]","[640, 846, 782, 988]","https://iiif.library.sh.cn/c/3/233ab5ae-8b00-4025-8b72-0b366267f8cf#xywh=640,846,142,142",李俨撰文，欧阳通楷书,欧阳通（楷书）；李儇（撰文）,唐,龙朔三年十月十日刻立（663）,663,楷书,17A331,《翰墨瑰宝：上海图书馆藏珍本碑帖丛刊》第二辑,iiif_annotation_target_xywh,iiif_xywh
001_道因法师碑_p0009_c028,缕,001_道因法师碑,道因法师碑,9,九,3,3,640,1045,142,142,634,1024,153,188,"[634, 1024, 153, 188]",622,1005,177,226,"[622, 1005, 177, 226]",9359,text_constrained_column_cell_pixel_assignment,assets/page_images/001_道因法师碑/p0009.jpg,1,http://data.library.sh.cn/bt/resource/work/v1e0qbx3r5wp1uw4,http://iiif.library.sh.cn/api/viewer/17A331,https://iiif.library.sh.cn/p/3/02c55611-7427-4cd0-a2cd-a15b5ccbaa9c,https://iiif.library.sh.cn/c/3/233ab5ae-8b00-4025-8b72-0b366267f8cf,1436,2225,https://iiif.library.sh.cn/c/3/233ab5ae-8b00-4025-8b72-0b366267f8cf/ap/s,https://iiif.library.sh.cn/c/3/233ab5ae-8b00-4025-8b72-0b366267f8cf/ap/c/a/53557e01-1778-4346-884a-0b0b84654d8d,28,28,supplementing,"[640, 1045, 142, 142]","[640, 1045, 782, 1187]","https://iiif.library.sh.cn/c/3/233ab5ae-8b00-4025-8b72-0b366267f8cf#xywh=640,1045,142,142",李俨撰文，欧阳通楷书,欧阳通（楷书）；李儇（撰文）,唐,龙朔三年十月十日刻立（663）,663,楷书,17A331,《翰墨瑰宝：上海图书馆藏珍本碑帖丛刊》第二辑,iiif_annotation_target_xywh,iiif_xywh
001_道因法师碑_p0009_c029,空,001_道因法师碑,道因法师碑,9,九,3,4,640,1251,142,142,634,1225,153,169,"[634, 1225, 153, 169]",622,1208,177,203,"[622, 1208, 177, 203]",9595,text_constrained_column_cell_pixel_assignment,assets/page_images/001_道因法师碑/p0009.jpg,1,http://data.library.sh.cn/bt/resource/work/v1e0qbx3r5wp1uw4,http://iiif.library.sh.cn/api/viewer/17A331,https://iiif.library.sh.cn/p/3/02c55611-7427-4cd0-a2cd-a15b5ccbaa9c,https://iiif.library.sh.cn/c/3/233ab5ae-8b00-4025-8b72-0b366267f8cf,1436,2225,https://iiif.library.sh.cn/c/3/233ab5ae-8b00-4025-8b72-0b366267f8cf/ap/s,https://iiif.library.sh.cn/c/3/233ab5ae-8b00-4025-8b72-0b366267f8cf/ap/c/a/ea196277-b0da-4928-8c2d-d4b0ff55f133,29,29,supplementing,"[640, 1251, 142, 142]","[640, 1251, 782, 1393]","https://iiif.library.sh.cn/c/3/233ab5ae-8b00-4025-8b72-0b366267f8cf#xywh=640,1251,142,142",李俨撰文，欧阳通楷书,欧阳通（楷书）；李儇（撰文）,唐,龙朔三年十月十日刻立（663）,663,楷书,17A331,《翰墨瑰宝：上海图书馆藏珍本碑帖丛刊》第二辑,iiif_annotation_target_xywh,iiif_xywh
001_道因法师碑_p0009_c030,溺,001_道因法师碑,道因法师碑,9,九,3,5,640,1407,142,142,634,1406,153,149,"[634, 1406, 153, 149]",622,1391,177,179,"[622, 1391, 177, 179]",8851,text_constrained_column_cell_pixel_assignment,assets/page_images/001_道因法师碑/p0009.jpg,1,http://data.library.sh.cn/bt/resource/work/v1e0qbx3r5wp1uw4,http://iiif.library.sh.cn/api/viewer/17A331,https://iiif.library.sh.cn/p/3/02c55611-7427-4cd0-a2cd-a15b5ccbaa9c,https://iiif.library.sh.cn/c/3/233ab5ae-8b00-4025-8b72-0b366267f8cf,1436,2225,https://iiif.library.sh.cn/c/3/233ab5ae-8b00-4025-8b72-0b366267f8cf/ap/s,https://iiif.library.sh.cn/c/3/233ab5ae-8b00-4025-8b72-0b366267f8cf/ap/c/a/77613514-7e12-4ffd-a0c8-5533fcc4720b,30,30,supplementing,"[640, 1407, 142, 142]","[640, 1407, 782, 1549]","https://iiif.library.sh.cn/c/3/233ab5ae-8b00-4025-8b72-0b366267f8cf#xywh=640,1407,142,142",李俨撰文，欧阳通楷书,欧阳通（楷书）；李儇（撰文）,唐,龙朔三年十月十日刻立（663）,663,楷书,17A331,《翰墨瑰宝：上海图书馆藏珍本碑帖丛刊》第二辑,iiif_annotation_target_xywh,iiif_xywh
001_道因法师碑_p0009_c031,志,001_道因法师碑,道因法师碑,9,九,3,6,640,1572,142,142,634,1567,153,161,"[634, 1567, 153, 161]",622,1551,177,193,"[622, 1551, 177, 193]",11158,text_constrained_column_cell_pixel_assignment,assets/page_images/001_道因法师碑/p0009.jpg,1,http://data.library.sh.cn/bt/resource/work/v1e0qbx3r5wp1uw4,http://iiif.library.sh.cn/api/viewer/17A331,https://iiif.library.sh.cn/p/3/02c55611-7427-4cd0-a2cd-a15b5ccbaa9c,https://iiif.library.sh.cn/c/3/233ab5ae-8b00-4025-8b72-0b366267f8cf,1436,2225,https://iiif.library.sh.cn/c/3/233ab5ae-8b00-4025-8b72-0b366267f8cf/ap/s,https://iiif.library.sh.cn/c/3/233ab5ae-8b00-4025-8b72-0b366267f8cf/ap/c/a/72d95854-adac-420a-ad38-9b33935be490,31,31,supplementing,"[640, 1572, 142, 142]","[640, 1572, 782, 1714]","https://iiif.library.sh.cn/c/3/233ab5ae-8b00-4025-8b72-0b366267f8cf#xywh=640,1572,142,142",李俨撰文，欧阳通楷书,欧阳通（楷书）；李儇（撰文）,唐,龙朔三年十月十日刻立（663）,663,楷书,17A331,《翰墨瑰宝：上海图书馆藏珍本碑帖丛刊》第二辑,iiif_annotation_target_xywh,iiif_xywh
001_道因法师碑_p0009_c032,于,001_道因法师碑,道因法师碑,9,九,3,7,640,1755,142,142,634,1741,153,170,"[634, 1741, 153, 170]",622,1724,177,204,"[622, 1724, 177, 204]",10605,text_constrained_column_cell_pixel_assignment,assets/page_images/001_道因法师碑/p0009.jpg,1,http://data.library.sh.cn/bt/resource/work/v1e0qbx3r5wp1uw4,http://iiif.library.sh.cn/api/viewer/17A331,https://iiif.library.sh.cn/p/3/02c55611-7427-4cd0-a2cd-a15b5ccbaa9c,https://iiif.library.sh.cn/c/3/233ab5ae-8b00-4025-8b72-0b366267f8cf,1436,2225,https://iiif.library.sh.cn/c/3/233ab5ae-8b00-4025-8b72-0b366267f8cf/ap/s,https://iiif.library.sh.cn/c/3/233ab5ae-8b00-4025-8b72-0b366267f8cf/ap/c/a/90557d78-92fb-4ca5-98c2-8b5e485d733b,32,32,supplementing,"[640, 1755, 142, 142]","[640, 1755, 782, 1897]","https://iiif.library.sh.cn/c/3/233ab5ae-8b00-4025-8b72-0b366267f8cf#xywh=640,1755,142,142",李俨撰文，欧阳通楷书,欧阳通（楷书）；李儇（撰文）,唐,龙朔三年十月十日刻立（663）,663,楷书,17A331,《翰墨瑰宝：上海图书馆藏珍本碑帖丛刊》第二辑,iiif_annotation_target_xywh,iiif_xywh
001_道因法师碑_p0009_c033,邪,001_道因法师碑,道因法师碑,9,九,4,0,479,513,134,134,469,493,154,174,"[469, 493, 154, 174]",457,476,178,208,"[457, 476, 178, 208]",14314,text_constrained_column_cell_pixel_assignment,assets/page_images/001_道因法师碑/p0009.jpg,1,http://data.library.sh.cn/bt/resource/work/v1e0qbx3r5wp1uw4,http://iiif.library.sh.cn/api/viewer/17A331,https://iiif.library.sh.cn/p/3/02c55611-7427-4cd0-a2cd-a15b5ccbaa9c,https://iiif.library.sh.cn/c/3/233ab5ae-8b00-4025-8b72-0b366267f8cf,1436,2225,https://iiif.library.sh.cn/c/3/233ab5ae-8b00-4025-8b72-0b366267f8cf/ap/s,https://iiif.library.sh.cn/c/3/233ab5ae-8b00-4025-8b72-0b366267f8cf/ap/c/a/7fd585a3-3f3e-453e-b067-f5e6119ce397,33,33,supplementing,"[479, 513, 134, 134]","[479, 513, 613, 647]","https://iiif.library.sh.cn/c/3/233ab5ae-8b00-4025-8b72-0b366267f8cf#xywh=479,513,134,134",李俨撰文，欧阳通楷书,欧阳通（楷书）；李儇（撰文）,唐,龙朔三年十月十日刻立（663）,663,楷书,17A331,《翰墨瑰宝：上海图书馆藏珍本碑帖丛刊》第二辑,iiif_annotation_target_xywh,iiif_xywh
001_道因法师碑_p0009_c034,山,001_道因法师碑,道因法师碑,9,九,4,1,479,701,134,134,469,680,154,149,"[469, 680, 154, 149]",457,665,178,179,"[457, 665, 178, 179]",8893,text_constrained_column_cell_pixel_assignment,assets/page_images/001_道因法师碑/p0009.jpg,1,http://data.library.sh.cn/bt/resource/work/v1e0qbx3r5wp1uw4,http://iiif.library.sh.cn/api/viewer/17A331,https://iiif.library.sh.cn/p/3/02c55611-7427-4cd0-a2cd-a15b5ccbaa9c,https://iiif.library.sh.cn/c/3/233ab5ae-8b00-4025-8b72-0b366267f8cf,1436,2225,https://iiif.library.sh.cn/c/3/233ab5ae-8b00-4025-8b72-0b366267f8cf/ap/s,https://iiif.library.sh.cn/c/3/233ab5ae-8b00-4025-8b72-0b366267f8cf/ap/c/a/222a83d8-9786-465a-a294-5a602d655752,34,34,supplementing,"[479, 701, 134, 134]","[479, 701, 613, 835]","https://iiif.library.sh.cn/c/3/233ab5ae-8b00-4025-8b72-0b366267f8cf#xywh=479,701,134,134",李俨撰文，欧阳通楷书,欧阳通（楷书）；李儇（撰文）,唐,龙朔三年十月十日刻立（663）,663,楷书,17A331,《翰墨瑰宝：上海图书馆藏珍本碑帖丛刊》第二辑,iiif_annotation_target_xywh,iiif_xywh
001_道因法师碑_p0009_c035,事,001_道因法师碑,道因法师碑,9,九,4,2,479,834,134,134,469,840,154,149,"[469, 840, 154, 149]",457,825,178,179,"[457, 825, 178, 179]",10466,text_constrained_column_cell_pixel_assignment,assets/page_images/001_道因法师碑/p0009.jpg,1,http://data.library.sh.cn/bt/resource/work/v1e0qbx3r5wp1uw4,http://iiif.library.sh.cn/api/viewer/17A331,https://iiif.library.sh.cn/p/3/02c55611-7427-4cd0-a2cd-a15b5ccbaa9c,https://iiif.library.sh.cn/c/3/233ab5ae-8b00-4025-8b72-0b366267f8cf,1436,2225,https://iiif.library.sh.cn/c/3/233ab5ae-8b00-4025-8b72-0b366267f8cf/ap/s,https://iiif.library.sh.cn/c/3/233ab5ae-8b00-4025-8b72-0b366267f8cf/ap/c/a/fb2ffed3-3832-48a2-9f15-6c22c6c94b96,35,35,supplementing,"[479, 834, 134, 134]","[479, 834, 613, 968]","https://iiif.library.sh.cn/c/3/233ab5ae-8b00-4025-8b72-0b366267f8cf#xywh=479,834,134,134",李俨撰文，欧阳通楷书,欧阳通（楷书）；李儇（撰文）,唐,龙朔三年十月十日刻立（663）,663,楷书,17A331,《翰墨瑰宝：上海图书馆藏珍本碑帖丛刊》第二辑,iiif_annotation_target_xywh,iiif_xywh
001_道因法师碑_p0009_c036,比,001_道因法师碑,道因法师碑,9,九,4,3,479,1021,134,134,469,1001,154,160,"[469, 1001, 154, 160]",457,985,178,192,"[457, 985, 178, 192]",12311,text_constrained_column_cell_pixel_assignment,assets/page_images/001_道因法师碑/p0009.jpg,1,http://data.library.sh.cn/bt/resource/work/v1e0qbx3r5wp1uw4,http://iiif.library.sh.cn/api/viewer/17A331,https://iiif.library.sh.cn/p/3/02c55611-7427-4cd0-a2cd-a15b5ccbaa9c,https://iiif.library.sh.cn/c/3/233ab5ae-8b00-4025-8b72-0b366267f8cf,1436,2225,https://iiif.library.sh.cn/c/3/233ab5ae-8b00-4025-8b72-0b366267f8cf/ap/s,https://iiif.library.sh.cn/c/3/233ab5ae-8b00-4025-8b72-0b366267f8cf/ap/c/a/e5dc672e-eba3-46b3-9989-96d27ed9fd2d,36,36,supplementing,"[479, 1021, 134, 134]","[479, 1021, 613, 1155]","https://iiif.library.sh.cn/c/3/233ab5ae-8b00-4025-8b72-0b366267f8cf#xywh=479,1021,134,134",李俨撰文，欧阳通楷书,欧阳通（楷书）；李儇（撰文）,唐,龙朔三年十月十日刻立（663）,663,楷书,17A331,《翰墨瑰宝：上海图书馆藏珍本碑帖丛刊》第二辑,iiif_annotation_target_xywh,iiif_xywh
001_道因法师碑_p0009_c037,系,001_道因法师碑,道因法师碑,9,九,4,4,479,1180,134,134,469,1174,154,172,"[469, 1174, 154, 172]",457,1157,178,206,"[457, 1157, 178, 206]",10520,text_constrained_column_cell_pixel_assignment,assets/page_images/001_道因法师碑/p0009.jpg,1,http://data.library.sh.cn/bt/resource/work/v1e0qbx3r5wp1uw4,http://iiif.library.sh.cn/api/viewer/17A331,https://iiif.library.sh.cn/p/3/02c55611-7427-4cd0-a2cd-a15b5ccbaa9c,https://iiif.library.sh.cn/c/3/233ab5ae-8b00-4025-8b72-0b366267f8cf,1436,2225,https://iiif.library.sh.cn/c/3/233ab5ae-8b00-4025-8b72-0b366267f8cf/ap/s,https://iiif.library.sh.cn/c/3/233ab5ae-8b00-4025-8b72-0b366267f8cf/ap/c/a/beca9c6c-6cc5-4464-8cf7-db096c7061f1,37,37,supplementing,"[479, 1180, 134, 134]","[479, 1180, 613, 1314]","https://iiif.library.sh.cn/c/3/233ab5ae-8b00-4025-8b72-0b366267f8cf#xywh=479,1180,134,134",李俨撰文，欧阳通楷书,欧阳通（楷书）；李儇（撰文）,唐,龙朔三年十月十日刻立（663）,663,楷书,17A331,《翰墨瑰宝：上海图书馆藏珍本碑帖丛刊》第二辑,iiif_annotation_target_xywh,iiif_xywh
001_道因法师碑_p0009_c038,绳,001_道因法师碑,道因法师碑,9,九,4,5,479,1391,134,134,469,1359,154,177,"[469, 1359, 154, 177]",457,1341,178,213,"[457, 1341, 178, 213]",9081,text_constrained_column_cell_pixel_assignment,assets/page_images/001_道因法师碑/p0009.jpg,1,http://data.library.sh.cn/bt/resource/work/v1e0qbx3r5wp1uw4,http://iiif.library.sh.cn/api/viewer/17A331,https://iiif.library.sh.cn/p/3/02c55611-7427-4cd0-a2cd-a15b5ccbaa9c,https://iiif.library.sh.cn/c/3/233ab5ae-8b00-4025-8b72-0b366267f8cf,1436,2225,https://iiif.library.sh.cn/c/3/233ab5ae-8b00-4025-8b72-0b366267f8cf/ap/s,https://iiif.library.sh.cn/c/3/233ab5ae-8b00-4025-8b72-0b366267f8cf/ap/c/a/c1464184-e46e-4962-a0b5-53ad0a084236,38,38,supplementing,"[479, 1391, 134, 134]","[479, 1391, 613, 1525]","https://iiif.library.sh.cn/c/3/233ab5ae-8b00-4025-8b72-0b366267f8cf#xywh=479,1391,134,134",李俨撰文，欧阳通楷书,欧阳通（楷书）；李儇（撰文）,唐,龙朔三年十月十日刻立（663）,663,楷书,17A331,《翰墨瑰宝：上海图书馆藏珍本碑帖丛刊》第二辑,iiif_annotation_target_xywh,iiif_xywh
001_道因法师碑_p0009_c039,讵,001_道因法师碑,道因法师碑,9,九,4,6,479,1560,134,134,469,1548,154,160,"[469, 1548, 154, 160]",457,1532,178,192,"[457, 1532, 178, 192]",9461,text_constrained_column_cell_pixel_assignment,assets/page_images/001_道因法师碑/p0009.jpg,1,http://data.library.sh.cn/bt/resource/work/v1e0qbx3r5wp1uw4,http://iiif.library.sh.cn/api/viewer/17A331,https://iiif.library.sh.cn/p/3/02c55611-7427-4cd0-a2cd-a15b5ccbaa9c,https://iiif.library.sh.cn/c/3/233ab5ae-8b00-4025-8b72-0b366267f8cf,1436,2225,https://iiif.library.sh.cn/c/3/233ab5ae-8b00-4025-8b72-0b366267f8cf/ap/s,https://iiif.library.sh.cn/c/3/233ab5ae-8b00-4025-8b72-0b366267f8cf/ap/c/a/e4b1d5b4-2d33-4686-8351-dd9ac60f3056,39,39,supplementing,"[479, 1560, 134, 134]","[479, 1560, 613, 1694]","https://iiif.library.sh.cn/c/3/233ab5ae-8b00-4025-8b72-0b366267f8cf#xywh=479,1560,134,134",李俨撰文，欧阳通楷书,欧阳通（楷书）；李儇（撰文）,唐,龙朔三年十月十日刻立（663）,663,楷书,17A331,《翰墨瑰宝：上海图书馆藏珍本碑帖丛刊》第二辑,iiif_annotation_target_xywh,iiif_xywh
001_道因法师碑_p0009_c040,知,001_道因法师碑,道因法师碑,9,九,4,7,479,1733,134,134,469,1720,154,160,"[469, 1720, 154, 160]",457,1704,178,192,"[457, 1704, 178, 192]",15612,text_constrained_column_cell_pixel_assignment,assets/page_images/001_道因法师碑/p0009.jpg,1,http://data.library.sh.cn/bt/resource/work/v1e0qbx3r5wp1uw4,http://iiif.library.sh.cn/api/viewer/17A331,https://iiif.library.sh.cn/p/3/02c55611-7427-4cd0-a2cd-a15b5ccbaa9c,https://iiif.library.sh.cn/c/3/233ab5ae-8b00-4025-8b72-0b366267f8cf,1436,2225,https://iiif.library.sh.cn/c/3/233ab5ae-8b00-4025-8b72-0b366267f8cf/ap/s,https://iiif.library.sh.cn/c/3/233ab5ae-8b00-4025-8b72-0b366267f8cf/ap/c/a/de02098b-e190-4889-9875-4fe4162a29a3,40,40,supplementing,"[479, 1733, 134, 134]","[479, 1733, 613, 1867]","https://iiif.library.sh.cn/c/3/233ab5ae-8b00-4025-8b72-0b366267f8cf#xywh=479,1733,134,134",李俨撰文，欧阳通楷书,欧阳通（楷书）；李儇（撰文）,唐,龙朔三年十月十日刻立（663）,663,楷书,17A331,《翰墨瑰宝：上海图书馆藏珍本碑帖丛刊》第二辑,iiif_annotation_target_xywh,iiif_xywh
001_道因法师碑_p0010_c001,方,001_道因法师碑,道因法师碑,10,十,0,0,861,510,155,155,860,508,157,159,"[860, 508, 157, 159]",847,492,183,191,"[847, 492, 183, 191]",16239,text_constrained_column_cell_pixel_assignment,assets/page_images/001_道因法师碑/p0010.jpg,1,http://data.library.sh.cn/bt/resource/work/v1e0qbx3r5wp1uw4,http://iiif.library.sh.cn/api/viewer/17A331,https://iiif.library.sh.cn/p/3/02c55611-7427-4cd0-a2cd-a15b5ccbaa9c,https://iiif.library.sh.cn/c/3/67a64ea9-d545-4cc3-b358-78b8112f50f4,1452,2231,https://iiif.library.sh.cn/c/3/67a64ea9-d545-4cc3-b358-78b8112f50f4/ap/s,https://iiif.library.sh.cn/c/3/67a64ea9-d545-4cc3-b358-78b8112f50f4/ap/c/a/a9d4912d-b5bd-4ece-9abb-529e2b52fd9c,1,1,supplementing,"[861, 510, 155, 155]","[861, 510, 1016, 665]","https://iiif.library.sh.cn/c/3/67a64ea9-d545-4cc3-b358-78b8112f50f4#xywh=861,510,155,155",李俨撰文，欧阳通楷书,欧阳通（楷书）；李儇（撰文）,唐,龙朔三年十月十日刻立（663）,663,楷书,17A331,《翰墨瑰宝：上海图书馆藏珍本碑帖丛刊》第二辑,iiif_annotation_target_xywh,iiif_xywh
001_道因法师碑_p0010_c002,于,001_道因法师碑,道因法师碑,10,十,0,1,861,680,155,155,860,679,157,159,"[860, 679, 157, 159]",847,663,183,191,"[847, 663, 183, 191]",13678,text_constrained_column_cell_pixel_assignment,assets/page_images/001_道因法师碑/p0010.jpg,1,http://data.library.sh.cn/bt/resource/work/v1e0qbx3r5wp1uw4,http://iiif.library.sh.cn/api/viewer/17A331,https://iiif.library.sh.cn/p/3/02c55611-7427-4cd0-a2cd-a15b5ccbaa9c,https://iiif.library.sh.cn/c/3/67a64ea9-d545-4cc3-b358-78b8112f50f4,1452,2231,https://iiif.library.sh.cn/c/3/67a64ea9-d545-4cc3-b358-78b8112f50f4/ap/s,https://iiif.library.sh.cn/c/3/67a64ea9-d545-4cc3-b358-78b8112f50f4/ap/c/a/5d062c34-a397-49ff-ac28-0894e04d0b1d,2,2,supplementing,"[861, 680, 155, 155]","[861, 680, 1016, 835]","https://iiif.library.sh.cn/c/3/67a64ea9-d545-4cc3-b358-78b8112f50f4#xywh=861,680,155,155",李俨撰文，欧阳通楷书,欧阳通（楷书）；李儇（撰文）,唐,龙朔三年十月十日刻立（663）,663,楷书,17A331,《翰墨瑰宝：上海图书馆藏珍本碑帖丛刊》第二辑,iiif_annotation_target_xywh,iiif_xywh
001_道因法师碑_p0010_c003,觉,001_道因法师碑,道因法师碑,10,十,0,2,861,853,155,155,860,851,157,178,"[860, 851, 157, 178]",847,833,183,214,"[847, 833, 183, 214]",16073,text_constrained_column_cell_pixel_assignment,assets/page_images/001_道因法师碑/p0010.jpg,1,http://data.library.sh.cn/bt/resource/work/v1e0qbx3r5wp1uw4,http://iiif.library.sh.cn/api/viewer/17A331,https://iiif.library.sh.cn/p/3/02c55611-7427-4cd0-a2cd-a15b5ccbaa9c,https://iiif.library.sh.cn/c/3/67a64ea9-d545-4cc3-b358-78b8112f50f4,1452,2231,https://iiif.library.sh.cn/c/3/67a64ea9-d545-4cc3-b358-78b8112f50f4/ap/s,https://iiif.library.sh.cn/c/3/67a64ea9-d545-4cc3-b358-78b8112f50f4/ap/c/a/e93ff9ff-67c2-4bb8-9bf0-4361fe423096,3,3,supplementing,"[861, 853, 155, 155]","[861, 853, 1016, 1008]","https://iiif.library.sh.cn/c/3/67a64ea9-d545-4cc3-b358-78b8112f50f4#xywh=861,853,155,155",李俨撰文，欧阳通楷书,欧阳通（楷书）；李儇（撰文）,唐,龙朔三年十月十日刻立（663）,663,楷书,17A331,《翰墨瑰宝：上海图书馆藏珍本碑帖丛刊》第二辑,iiif_annotation_target_xywh,iiif_xywh
001_道因法师碑_p0010_c004,路,001_道因法师碑,道因法师碑,10,十,0,3,861,1064,155,155,860,1042,157,172,"[860, 1042, 157, 172]",847,1025,183,206,"[847, 1025, 183, 206]",12444,text_constrained_column_cell_pixel_assignment,assets/page_images/001_道因法师碑/p0010.jpg,1,http://data.library.sh.cn/bt/resource/work/v1e0qbx3r5wp1uw4,http://iiif.library.sh.cn/api/viewer/17A331,https://iiif.library.sh.cn/p/3/02c55611-7427-4cd0-a2cd-a15b5ccbaa9c,https://iiif.library.sh.cn/c/3/67a64ea9-d545-4cc3-b358-78b8112f50f4,1452,2231,https://iiif.library.sh.cn/c/3/67a64ea9-d545-4cc3-b358-78b8112f50f4/ap/s,https://iiif.library.sh.cn/c/3/67a64ea9-d545-4cc3-b358-78b8112f50f4/ap/c/a/6df36de3-e0af-4218-b5c4-3782a2490067,4,4,supplementing,"[861, 1064, 155, 155]","[861, 1064, 1016, 1219]","https://iiif.library.sh.cn/c/3/67a64ea9-d545-4cc3-b358-78b8112f50f4#xywh=861,1064,155,155",李俨撰文，欧阳通楷书,欧阳通（楷书）；李儇（撰文）,唐,龙朔三年十月十日刻立（663）,663,楷书,17A331,《翰墨瑰宝：上海图书馆藏珍本碑帖丛刊》第二辑,iiif_annotation_target_xywh,iiif_xywh
001_道因法师碑_p0010_c005,孰,001_道因法师碑,道因法师碑,10,十,0,4,861,1221,155,155,860,1226,157,161,"[860, 1226, 157, 161]",847,1210,183,193,"[847, 1210, 183, 193]",12273,text_constrained_column_cell_pixel_assignment,assets/page_images/001_道因法师碑/p0010.jpg,1,http://data.library.sh.cn/bt/resource/work/v1e0qbx3r5wp1uw4,http://iiif.library.sh.cn/api/viewer/17A331,https://iiif.library.sh.cn/p/3/02c55611-7427-4cd0-a2cd-a15b5ccbaa9c,https://iiif.library.sh.cn/c/3/67a64ea9-d545-4cc3-b358-78b8112f50f4,1452,2231,https://iiif.library.sh.cn/c/3/67a64ea9-d545-4cc3-b358-78b8112f50f4/ap/s,https://iiif.library.sh.cn/c/3/67a64ea9-d545-4cc3-b358-78b8112f50f4/ap/c/a/1ef12681-8481-400e-9987-49f09bb685db,5,5,supplementing,"[861, 1221, 155, 155]","[861, 1221, 1016, 1376]","https://iiif.library.sh.cn/c/3/67a64ea9-d545-4cc3-b358-78b8112f50f4#xywh=861,1221,155,155",李俨撰文，欧阳通楷书,欧阳通（楷书）；李儇（撰文）,唐,龙朔三年十月十日刻立（663）,663,楷书,17A331,《翰墨瑰宝：上海图书馆藏珍本碑帖丛刊》第二辑,iiif_annotation_target_xywh,iiif_xywh
001_道因法师碑_p0010_c006,若,001_道因法师碑,道因法师碑,10,十,0,5,861,1410,155,155,860,1400,157,175,"[860, 1400, 157, 175]",847,1382,183,210,"[847, 1382, 183, 210]",14887,text_constrained_column_cell_pixel_assignment,assets/page_images/001_道因法师碑/p0010.jpg,1,http://data.library.sh.cn/bt/resource/work/v1e0qbx3r5wp1uw4,http://iiif.library.sh.cn/api/viewer/17A331,https://iiif.library.sh.cn/p/3/02c55611-7427-4cd0-a2cd-a15b5ccbaa9c,https://iiif.library.sh.cn/c/3/67a64ea9-d545-4cc3-b358-78b8112f50f4,1452,2231,https://iiif.library.sh.cn/c/3/67a64ea9-d545-4cc3-b358-78b8112f50f4/ap/s,https://iiif.library.sh.cn/c/3/67a64ea9-d545-4cc3-b358-78b8112f50f4/ap/c/a/4c5e2ed0-af67-4d07-a4c6-b990f112aa6e,6,6,supplementing,"[861, 1410, 155, 155]","[861, 1410, 1016, 1565]","https://iiif.library.sh.cn/c/3/67a64ea9-d545-4cc3-b358-78b8112f50f4#xywh=861,1410,155,155",李俨撰文，欧阳通楷书,欧阳通（楷书）；李儇（撰文）,唐,龙朔三年十月十日刻立（663）,663,楷书,17A331,《翰墨瑰宝：上海图书馆藏珍本碑帖丛刊》第二辑,iiif_annotation_target_xywh,iiif_xywh
001_道因法师碑_p0010_c007,训,001_道因法师碑,道因法师碑,10,十,0,6,861,1599,155,155,860,1588,157,155,"[860, 1588, 157, 155]",847,1572,183,186,"[847, 1572, 183, 186]",13864,text_constrained_column_cell_pixel_assignment,assets/page_images/001_道因法师碑/p0010.jpg,1,http://data.library.sh.cn/bt/resource/work/v1e0qbx3r5wp1uw4,http://iiif.library.sh.cn/api/viewer/17A331,https://iiif.library.sh.cn/p/3/02c55611-7427-4cd0-a2cd-a15b5ccbaa9c,https://iiif.library.sh.cn/c/3/67a64ea9-d545-4cc3-b358-78b8112f50f4,1452,2231,https://iiif.library.sh.cn/c/3/67a64ea9-d545-4cc3-b358-78b8112f50f4/ap/s,https://iiif.library.sh.cn/c/3/67a64ea9-d545-4cc3-b358-78b8112f50f4/ap/c/a/d2655a88-d78c-458f-bf7d-32caf64787ba,7,7,supplementing,"[861, 1599, 155, 155]","[861, 1599, 1016, 1754]","https://iiif.library.sh.cn/c/3/67a64ea9-d545-4cc3-b358-78b8112f50f4#xywh=861,1599,155,155",李俨撰文，欧阳通楷书,欧阳通（楷书）；李儇（撰文）,唐,龙朔三年十月十日刻立（663）,663,楷书,17A331,《翰墨瑰宝：上海图书馆藏珍本碑帖丛刊》第二辑,iiif_annotation_target_xywh,iiif_xywh
001_道因法师碑_p0010_c008,昭,001_道因法师碑,道因法师碑,10,十,0,7,861,1744,155,155,860,1754,157,135,"[860, 1754, 157, 135]",847,1740,183,162,"[847, 1740, 183, 162]",11954,text_constrained_column_cell_pixel_assignment,assets/page_images/001_道因法师碑/p0010.jpg,1,http://data.library.sh.cn/bt/resource/work/v1e0qbx3r5wp1uw4,http://iiif.library.sh.cn/api/viewer/17A331,https://iiif.library.sh.cn/p/3/02c55611-7427-4cd0-a2cd-a15b5ccbaa9c,https://iiif.library.sh.cn/c/3/67a64ea9-d545-4cc3-b358-78b8112f50f4,1452,2231,https://iiif.library.sh.cn/c/3/67a64ea9-d545-4cc3-b358-78b8112f50f4/ap/s,https://iiif.library.sh.cn/c/3/67a64ea9-d545-4cc3-b358-78b8112f50f4/ap/c/a/6684f087-8d09-44a6-9e84-ad795e29a0e3,8,8,supplementing,"[861, 1744, 155, 155]","[861, 1744, 1016, 1899]","https://iiif.library.sh.cn/c/3/67a64ea9-d545-4cc3-b358-78b8112f50f4#xywh=861,1744,155,155",李俨撰文，欧阳通楷书,欧阳通（楷书）；李儇（撰文）,唐,龙朔三年十月十日刻立（663）,663,楷书,17A331,《翰墨瑰宝：上海图书馆藏珍本碑帖丛刊》第二辑,iiif_annotation_target_xywh,iiif_xywh
001_道因法师碑_p0010_c009,金,001_道因法师碑,道因法师碑,10,十,1,0,700,514,140,140,692,509,156,150,"[692, 509, 156, 150]",680,494,180,180,"[680, 494, 180, 180]",12075,text_constrained_column_cell_pixel_assignment,assets/page_images/001_道因法师碑/p0010.jpg,1,http://data.library.sh.cn/bt/resource/work/v1e0qbx3r5wp1uw4,http://iiif.library.sh.cn/api/viewer/17A331,https://iiif.library.sh.cn/p/3/02c55611-7427-4cd0-a2cd-a15b5ccbaa9c,https://iiif.library.sh.cn/c/3/67a64ea9-d545-4cc3-b358-78b8112f50f4,1452,2231,https://iiif.library.sh.cn/c/3/67a64ea9-d545-4cc3-b358-78b8112f50f4/ap/s,https://iiif.library.sh.cn/c/3/67a64ea9-d545-4cc3-b358-78b8112f50f4/ap/c/a/297cce5f-fb76-49c1-a020-abda449f195c,9,9,supplementing,"[700, 514, 140, 140]","[700, 514, 840, 654]","https://iiif.library.sh.cn/c/3/67a64ea9-d545-4cc3-b358-78b8112f50f4#xywh=700,514,140,140",李俨撰文，欧阳通楷书,欧阳通（楷书）；李儇（撰文）,唐,龙朔三年十月十日刻立（663）,663,楷书,17A331,《翰墨瑰宝：上海图书馆藏珍本碑帖丛刊》第二辑,iiif_annotation_target_xywh,iiif_xywh
001_道因法师碑_p0010_c010,口,001_道因法师碑,道因法师碑,10,十,1,1,700,676,140,140,692,671,156,151,"[692, 671, 156, 151]",680,656,180,181,"[680, 656, 180, 181]",7515,text_constrained_column_cell_pixel_assignment,assets/page_images/001_道因法师碑/p0010.jpg,1,http://data.library.sh.cn/bt/resource/work/v1e0qbx3r5wp1uw4,http://iiif.library.sh.cn/api/viewer/17A331,https://iiif.library.sh.cn/p/3/02c55611-7427-4cd0-a2cd-a15b5ccbaa9c,https://iiif.library.sh.cn/c/3/67a64ea9-d545-4cc3-b358-78b8112f50f4,1452,2231,https://iiif.library.sh.cn/c/3/67a64ea9-d545-4cc3-b358-78b8112f50f4/ap/s,https://iiif.library.sh.cn/c/3/67a64ea9-d545-4cc3-b358-78b8112f50f4/ap/c/a/65e9f3c3-b43c-42ae-8581-945e3ec58c61,10,10,supplementing,"[700, 676, 140, 140]","[700, 676, 840, 816]","https://iiif.library.sh.cn/c/3/67a64ea9-d545-4cc3-b358-78b8112f50f4#xywh=700,676,140,140",李俨撰文，欧阳通楷书,欧阳通（楷书）；李儇（撰文）,唐,龙朔三年十月十日刻立（663）,663,楷书,17A331,《翰墨瑰宝：上海图书馆藏珍本碑帖丛刊》第二辑,iiif_annotation_target_xywh,iiif_xywh
001_道因法师碑_p0010_c011,道,001_道因法师碑,道因法师碑,10,十,1,2,700,839,140,140,692,834,156,183,"[692, 834, 156, 183]",680,816,180,219,"[680, 816, 180, 219]",12381,text_constrained_column_cell_pixel_assignment,assets/page_images/001_道因法师碑/p0010.jpg,1,http://data.library.sh.cn/bt/resource/work/v1e0qbx3r5wp1uw4,http://iiif.library.sh.cn/api/viewer/17A331,https://iiif.library.sh.cn/p/3/02c55611-7427-4cd0-a2cd-a15b5ccbaa9c,https://iiif.library.sh.cn/c/3/67a64ea9-d545-4cc3-b358-78b8112f50f4,1452,2231,https://iiif.library.sh.cn/c/3/67a64ea9-d545-4cc3-b358-78b8112f50f4/ap/s,https://iiif.library.sh.cn/c/3/67a64ea9-d545-4cc3-b358-78b8112f50f4/ap/c/a/c13f404a-0f26-4990-b70d-97694d4512a8,11,11,supplementing,"[700, 839, 140, 140]","[700, 839, 840, 979]","https://iiif.library.sh.cn/c/3/67a64ea9-d545-4cc3-b358-78b8112f50f4#xywh=700,839,140,140",李俨撰文，欧阳通楷书,欧阳通（楷书）；李儇（撰文）,唐,龙朔三年十月十日刻立（663）,663,楷书,17A331,《翰墨瑰宝：上海图书馆藏珍本碑帖丛刊》第二辑,iiif_annotation_target_xywh,iiif_xywh
001_道因法师碑_p0010_c012,秘,001_道因法师碑,道因法师碑,10,十,1,3,700,1069,140,140,692,1030,156,168,"[692, 1030, 156, 168]",680,1013,180,202,"[680, 1013, 180, 202]",10634,text_constrained_column_cell_pixel_assignment,assets/page_images/001_道因法师碑/p0010.jpg,1,http://data.library.sh.cn/bt/resource/work/v1e0qbx3r5wp1uw4,http://iiif.library.sh.cn/api/viewer/17A331,https://iiif.library.sh.cn/p/3/02c55611-7427-4cd0-a2cd-a15b5ccbaa9c,https://iiif.library.sh.cn/c/3/67a64ea9-d545-4cc3-b358-78b8112f50f4,1452,2231,https://iiif.library.sh.cn/c/3/67a64ea9-d545-4cc3-b358-78b8112f50f4/ap/s,https://iiif.library.sh.cn/c/3/67a64ea9-d545-4cc3-b358-78b8112f50f4/ap/c/a/7c2e1287-bc9c-493c-95ed-14c230de99b1,12,12,supplementing,"[700, 1069, 140, 140]","[700, 1069, 840, 1209]","https://iiif.library.sh.cn/c/3/67a64ea9-d545-4cc3-b358-78b8112f50f4#xywh=700,1069,140,140",李俨撰文，欧阳通楷书,欧阳通（楷书）；李儇（撰文）,唐,龙朔三年十月十日刻立（663）,663,楷书,17A331,《翰墨瑰宝：上海图书馆藏珍本碑帖丛刊》第二辑,iiif_annotation_target_xywh,iiif_xywh
001_道因法师碑_p0010_c013,琼,001_道因法师碑,道因法师碑,10,十,1,4,700,1199,140,140,692,1210,156,164,"[692, 1210, 156, 164]",680,1194,180,196,"[680, 1194, 180, 196]",10104,text_constrained_column_cell_pixel_assignment,assets/page_images/001_道因法师碑/p0010.jpg,1,http://data.library.sh.cn/bt/resource/work/v1e0qbx3r5wp1uw4,http://iiif.library.sh.cn/api/viewer/17A331,https://iiif.library.sh.cn/p/3/02c55611-7427-4cd0-a2cd-a15b5ccbaa9c,https://iiif.library.sh.cn/c/3/67a64ea9-d545-4cc3-b358-78b8112f50f4,1452,2231,https://iiif.library.sh.cn/c/3/67a64ea9-d545-4cc3-b358-78b8112f50f4/ap/s,https://iiif.library.sh.cn/c/3/67a64ea9-d545-4cc3-b358-78b8112f50f4/ap/c/a/6fcfb6b6-3b56-46b2-938d-f62ab29756f1,13,13,supplementing,"[700, 1199, 140, 140]","[700, 1199, 840, 1339]","https://iiif.library.sh.cn/c/3/67a64ea9-d545-4cc3-b358-78b8112f50f4#xywh=700,1199,140,140",李俨撰文，欧阳通楷书,欧阳通（楷书）；李儇（撰文）,唐,龙朔三年十月十日刻立（663）,663,楷书,17A331,《翰墨瑰宝：上海图书馆藏珍本碑帖丛刊》第二辑,iiif_annotation_target_xywh,iiif_xywh
001_道因法师碑_p0010_c014,箱,001_道因法师碑,道因法师碑,10,十,1,5,700,1422,140,140,692,1388,156,187,"[692, 1388, 156, 187]",680,1369,180,225,"[680, 1369, 180, 225]",9952,text_constrained_column_cell_pixel_assignment,assets/page_images/001_道因法师碑/p0010.jpg,1,http://data.library.sh.cn/bt/resource/work/v1e0qbx3r5wp1uw4,http://iiif.library.sh.cn/api/viewer/17A331,https://iiif.library.sh.cn/p/3/02c55611-7427-4cd0-a2cd-a15b5ccbaa9c,https://iiif.library.sh.cn/c/3/67a64ea9-d545-4cc3-b358-78b8112f50f4,1452,2231,https://iiif.library.sh.cn/c/3/67a64ea9-d545-4cc3-b358-78b8112f50f4/ap/s,https://iiif.library.sh.cn/c/3/67a64ea9-d545-4cc3-b358-78b8112f50f4/ap/c/a/6328c232-0572-4bcb-8daa-aa7110f6fd54,14,14,supplementing,"[700, 1422, 140, 140]","[700, 1422, 840, 1562]","https://iiif.library.sh.cn/c/3/67a64ea9-d545-4cc3-b358-78b8112f50f4#xywh=700,1422,140,140",李俨撰文，欧阳通楷书,欧阳通（楷书）；李儇（撰文）,唐,龙朔三年十月十日刻立（663）,663,楷书,17A331,《翰墨瑰宝：上海图书馆藏珍本碑帖丛刊》第二辑,iiif_annotation_target_xywh,iiif_xywh
001_道因法师碑_p0010_c015,静,001_道因法师碑,道因法师碑,10,十,1,6,700,1602,140,140,692,1588,156,156,"[692, 1588, 156, 156]",680,1572,180,188,"[680, 1572, 180, 188]",7650,text_constrained_column_cell_pixel_assignment,assets/page_images/001_道因法师碑/p0010.jpg,1,http://data.library.sh.cn/bt/resource/work/v1e0qbx3r5wp1uw4,http://iiif.library.sh.cn/api/viewer/17A331,https://iiif.library.sh.cn/p/3/02c55611-7427-4cd0-a2cd-a15b5ccbaa9c,https://iiif.library.sh.cn/c/3/67a64ea9-d545-4cc3-b358-78b8112f50f4,1452,2231,https://iiif.library.sh.cn/c/3/67a64ea9-d545-4cc3-b358-78b8112f50f4/ap/s,https://iiif.library.sh.cn/c/3/67a64ea9-d545-4cc3-b358-78b8112f50f4/ap/c/a/ae4f0555-d2bd-48a2-87cd-6acff69818be,15,15,supplementing,"[700, 1602, 140, 140]","[700, 1602, 840, 1742]","https://iiif.library.sh.cn/c/3/67a64ea9-d545-4cc3-b358-78b8112f50f4#xywh=700,1602,140,140",李俨撰文，欧阳通楷书,欧阳通（楷书）；李儇（撰文）,唐,龙朔三年十月十日刻立（663）,663,楷书,17A331,《翰墨瑰宝：上海图书馆藏珍本碑帖丛刊》第二辑,iiif_annotation_target_xywh,iiif_xywh
001_道因法师碑_p0010_c016,痛,001_道因法师碑,道因法师碑,10,十,1,7,700,1758,140,140,692,1755,156,146,"[692, 1755, 156, 146]",680,1740,180,176,"[680, 1740, 180, 176]",9471,text_constrained_column_cell_pixel_assignment,assets/page_images/001_道因法师碑/p0010.jpg,1,http://data.library.sh.cn/bt/resource/work/v1e0qbx3r5wp1uw4,http://iiif.library.sh.cn/api/viewer/17A331,https://iiif.library.sh.cn/p/3/02c55611-7427-4cd0-a2cd-a15b5ccbaa9c,https://iiif.library.sh.cn/c/3/67a64ea9-d545-4cc3-b358-78b8112f50f4,1452,2231,https://iiif.library.sh.cn/c/3/67a64ea9-d545-4cc3-b358-78b8112f50f4/ap/s,https://iiif.library.sh.cn/c/3/67a64ea9-d545-4cc3-b358-78b8112f50f4/ap/c/a/4e770971-5eb8-4c2e-9ca2-f261c07e4af8,16,16,supplementing,"[700, 1758, 140, 140]","[700, 1758, 840, 1898]","https://iiif.library.sh.cn/c/3/67a64ea9-d545-4cc3-b358-78b8112f50f4#xywh=700,1758,140,140",李俨撰文，欧阳通楷书,欧阳通（楷书）；李儇（撰文）,唐,龙朔三年十月十日刻立（663）,663,楷书,17A331,《翰墨瑰宝：上海图书馆藏珍本碑帖丛刊》第二辑,iiif_annotation_target_xywh,iiif_xywh
001_道因法师碑_p0010_c017,毒,001_道因法师碑,道因法师碑,10,十,2,0,525,524,155,155,519,514,161,175,"[519, 514, 161, 175]",506,496,187,210,"[506, 496, 187, 210]",14320,text_constrained_column_cell_pixel_assignment,assets/page_images/001_道因法师碑/p0010.jpg,1,http://data.library.sh.cn/bt/resource/work/v1e0qbx3r5wp1uw4,http://iiif.library.sh.cn/api/viewer/17A331,https://iiif.library.sh.cn/p/3/02c55611-7427-4cd0-a2cd-a15b5ccbaa9c,https://iiif.library.sh.cn/c/3/67a64ea9-d545-4cc3-b358-78b8112f50f4,1452,2231,https://iiif.library.sh.cn/c/3/67a64ea9-d545-4cc3-b358-78b8112f50f4/ap/s,https://iiif.library.sh.cn/c/3/67a64ea9-d545-4cc3-b358-78b8112f50f4/ap/c/a/fafff18d-e2ca-4291-a838-c082ae9e0a2b,17,17,supplementing,"[525, 524, 155, 155]","[525, 524, 680, 679]","https://iiif.library.sh.cn/c/3/67a64ea9-d545-4cc3-b358-78b8112f50f4#xywh=525,524,155,155",李俨撰文，欧阳通楷书,欧阳通（楷书）；李儇（撰文）,唐,龙朔三年十月十日刻立（663）,663,楷书,17A331,《翰墨瑰宝：上海图书馆藏珍本碑帖丛刊》第二辑,iiif_annotation_target_xywh,iiif_xywh
001_道因法师碑_p0010_c018,于,001_道因法师碑,道因法师碑,10,十,2,1,523,712,157,157,519,702,161,169,"[519, 702, 161, 169]",506,685,187,203,"[506, 685, 187, 203]",10523,text_constrained_column_cell_pixel_assignment,assets/page_images/001_道因法师碑/p0010.jpg,1,http://data.library.sh.cn/bt/resource/work/v1e0qbx3r5wp1uw4,http://iiif.library.sh.cn/api/viewer/17A331,https://iiif.library.sh.cn/p/3/02c55611-7427-4cd0-a2cd-a15b5ccbaa9c,https://iiif.library.sh.cn/c/3/67a64ea9-d545-4cc3-b358-78b8112f50f4,1452,2231,https://iiif.library.sh.cn/c/3/67a64ea9-d545-4cc3-b358-78b8112f50f4/ap/s,https://iiif.library.sh.cn/c/3/67a64ea9-d545-4cc3-b358-78b8112f50f4/ap/c/a/02612323-af94-4a7e-9dc5-ab1a471f9964,18,18,supplementing,"[523, 712, 157, 157]","[523, 712, 680, 869]","https://iiif.library.sh.cn/c/3/67a64ea9-d545-4cc3-b358-78b8112f50f4#xywh=523,712,157,157",李俨撰文，欧阳通楷书,欧阳通（楷书）；李儇（撰文）,唐,龙朔三年十月十日刻立（663）,663,楷书,17A331,《翰墨瑰宝：上海图书馆藏珍本碑帖丛刊》第二辑,iiif_annotation_target_xywh,iiif_xywh
001_道因法师碑_p0010_c019,三,001_道因法师碑,道因法师碑,10,十,2,2,523,886,157,157,519,884,161,165,"[519, 884, 161, 165]",506,868,187,198,"[506, 868, 187, 198]",11367,text_constrained_column_cell_pixel_assignment,assets/page_images/001_道因法师碑/p0010.jpg,1,http://data.library.sh.cn/bt/resource/work/v1e0qbx3r5wp1uw4,http://iiif.library.sh.cn/api/viewer/17A331,https://iiif.library.sh.cn/p/3/02c55611-7427-4cd0-a2cd-a15b5ccbaa9c,https://iiif.library.sh.cn/c/3/67a64ea9-d545-4cc3-b358-78b8112f50f4,1452,2231,https://iiif.library.sh.cn/c/3/67a64ea9-d545-4cc3-b358-78b8112f50f4/ap/s,https://iiif.library.sh.cn/c/3/67a64ea9-d545-4cc3-b358-78b8112f50f4/ap/c/a/70ba8d86-4b93-4f76-a250-b6f9a4bde99a,19,19,supplementing,"[523, 886, 157, 157]","[523, 886, 680, 1043]","https://iiif.library.sh.cn/c/3/67a64ea9-d545-4cc3-b358-78b8112f50f4#xywh=523,886,157,157",李俨撰文，欧阳通楷书,欧阳通（楷书）；李儇（撰文）,唐,龙朔三年十月十日刻立（663）,663,楷书,17A331,《翰墨瑰宝：上海图书馆藏珍本碑帖丛刊》第二辑,iiif_annotation_target_xywh,iiif_xywh
001_道因法师碑_p0010_c020,漏,001_道因法师碑,道因法师碑,10,十,2,3,523,1067,157,157,519,1061,161,169,"[519, 1061, 161, 169]",506,1044,187,203,"[506, 1044, 187, 203]",9499,text_constrained_column_cell_pixel_assignment,assets/page_images/001_道因法师碑/p0010.jpg,1,http://data.library.sh.cn/bt/resource/work/v1e0qbx3r5wp1uw4,http://iiif.library.sh.cn/api/viewer/17A331,https://iiif.library.sh.cn/p/3/02c55611-7427-4cd0-a2cd-a15b5ccbaa9c,https://iiif.library.sh.cn/c/3/67a64ea9-d545-4cc3-b358-78b8112f50f4,1452,2231,https://iiif.library.sh.cn/c/3/67a64ea9-d545-4cc3-b358-78b8112f50f4/ap/s,https://iiif.library.sh.cn/c/3/67a64ea9-d545-4cc3-b358-78b8112f50f4/ap/c/a/a017efe4-8ea6-4318-b917-c11d0c8b6454,20,20,supplementing,"[523, 1067, 157, 157]","[523, 1067, 680, 1224]","https://iiif.library.sh.cn/c/3/67a64ea9-d545-4cc3-b358-78b8112f50f4#xywh=523,1067,157,157",李俨撰文，欧阳通楷书,欧阳通（楷书）；李儇（撰文）,唐,龙朔三年十月十日刻立（663）,663,楷书,17A331,《翰墨瑰宝：上海图书馆藏珍本碑帖丛刊》第二辑,iiif_annotation_target_xywh,iiif_xywh
001_道因法师碑_p0010_c021,拯,001_道因法师碑,道因法师碑,10,十,2,4,523,1248,157,157,519,1242,161,165,"[519, 1242, 161, 165]",506,1226,187,198,"[506, 1226, 187, 198]",9626,text_constrained_column_cell_pixel_assignment,assets/page_images/001_道因法师碑/p0010.jpg,1,http://data.library.sh.cn/bt/resource/work/v1e0qbx3r5wp1uw4,http://iiif.library.sh.cn/api/viewer/17A331,https://iiif.library.sh.cn/p/3/02c55611-7427-4cd0-a2cd-a15b5ccbaa9c,https://iiif.library.sh.cn/c/3/67a64ea9-d545-4cc3-b358-78b8112f50f4,1452,2231,https://iiif.library.sh.cn/c/3/67a64ea9-d545-4cc3-b358-78b8112f50f4/ap/s,https://iiif.library.sh.cn/c/3/67a64ea9-d545-4cc3-b358-78b8112f50f4/ap/c/a/9e3168c2-9752-45f2-870a-107e1bcc673e,21,21,supplementing,"[523, 1248, 157, 157]","[523, 1248, 680, 1405]","https://iiif.library.sh.cn/c/3/67a64ea9-d545-4cc3-b358-78b8112f50f4#xywh=523,1248,157,157",李俨撰文，欧阳通楷书,欧阳通（楷书）；李儇（撰文）,唐,龙朔三年十月十日刻立（663）,663,楷书,17A331,《翰墨瑰宝：上海图书馆藏珍本碑帖丛刊》第二辑,iiif_annotation_target_xywh,iiif_xywh
001_道因法师碑_p0010_c022,横,001_道因法师碑,道因法师碑,10,十,2,5,523,1422,157,157,519,1420,161,165,"[519, 1420, 161, 165]",506,1404,187,198,"[506, 1404, 187, 198]",10702,text_constrained_column_cell_pixel_assignment,assets/page_images/001_道因法师碑/p0010.jpg,1,http://data.library.sh.cn/bt/resource/work/v1e0qbx3r5wp1uw4,http://iiif.library.sh.cn/api/viewer/17A331,https://iiif.library.sh.cn/p/3/02c55611-7427-4cd0-a2cd-a15b5ccbaa9c,https://iiif.library.sh.cn/c/3/67a64ea9-d545-4cc3-b358-78b8112f50f4,1452,2231,https://iiif.library.sh.cn/c/3/67a64ea9-d545-4cc3-b358-78b8112f50f4/ap/s,https://iiif.library.sh.cn/c/3/67a64ea9-d545-4cc3-b358-78b8112f50f4/ap/c/a/d8a5d053-790e-409f-bc26-31c18726b6de,22,22,supplementing,"[523, 1422, 157, 157]","[523, 1422, 680, 1579]","https://iiif.library.sh.cn/c/3/67a64ea9-d545-4cc3-b358-78b8112f50f4#xywh=523,1422,157,157",李俨撰文，欧阳通楷书,欧阳通（楷书）；李儇（撰文）,唐,龙朔三年十月十日刻立（663）,663,楷书,17A331,《翰墨瑰宝：上海图书馆藏珍本碑帖丛刊》第二辑,iiif_annotation_target_xywh,iiif_xywh
001_道因法师碑_p0010_c023,流,001_道因法师碑,道因法师碑,10,十,2,6,523,1604,157,157,519,1598,161,164,"[519, 1598, 161, 164]",506,1582,187,196,"[506, 1582, 187, 196]",10578,text_constrained_column_cell_pixel_assignment,assets/page_images/001_道因法师碑/p0010.jpg,1,http://data.library.sh.cn/bt/resource/work/v1e0qbx3r5wp1uw4,http://iiif.library.sh.cn/api/viewer/17A331,https://iiif.library.sh.cn/p/3/02c55611-7427-4cd0-a2cd-a15b5ccbaa9c,https://iiif.library.sh.cn/c/3/67a64ea9-d545-4cc3-b358-78b8112f50f4,1452,2231,https://iiif.library.sh.cn/c/3/67a64ea9-d545-4cc3-b358-78b8112f50f4/ap/s,https://iiif.library.sh.cn/c/3/67a64ea9-d545-4cc3-b358-78b8112f50f4/ap/c/a/eac4d682-5657-4455-a61d-488c836ca324,23,23,supplementing,"[523, 1604, 157, 157]","[523, 1604, 680, 1761]","https://iiif.library.sh.cn/c/3/67a64ea9-d545-4cc3-b358-78b8112f50f4#xywh=523,1604,157,157",李俨撰文，欧阳通楷书,欧阳通（楷书）；李儇（撰文）,唐,龙朔三年十月十日刻立（663）,663,楷书,17A331,《翰墨瑰宝：上海图书馆藏珍本碑帖丛刊》第二辑,iiif_annotation_target_xywh,iiif_xywh
001_道因法师碑_p0010_c024,于,001_道因法师碑,道因法师碑,10,十,2,7,523,1776,157,157,519,1775,161,159,"[519, 1775, 161, 159]",506,1759,187,191,"[506, 1759, 187, 191]",13869,text_constrained_column_cell_pixel_assignment,assets/page_images/001_道因法师碑/p0010.jpg,1,http://data.library.sh.cn/bt/resource/work/v1e0qbx3r5wp1uw4,http://iiif.library.sh.cn/api/viewer/17A331,https://iiif.library.sh.cn/p/3/02c55611-7427-4cd0-a2cd-a15b5ccbaa9c,https://iiif.library.sh.cn/c/3/67a64ea9-d545-4cc3-b358-78b8112f50f4,1452,2231,https://iiif.library.sh.cn/c/3/67a64ea9-d545-4cc3-b358-78b8112f50f4/ap/s,https://iiif.library.sh.cn/c/3/67a64ea9-d545-4cc3-b358-78b8112f50f4/ap/c/a/674d66b5-a4d8-4b6d-8c54-ca23ed1c1783,24,24,supplementing,"[523, 1776, 157, 157]","[523, 1776, 680, 1933]","https://iiif.library.sh.cn/c/3/67a64ea9-d545-4cc3-b358-78b8112f50f4#xywh=523,1776,157,157",李俨撰文，欧阳通楷书,欧阳通（楷书）；李儇（撰文）,唐,龙朔三年十月十日刻立（663）,663,楷书,17A331,《翰墨瑰宝：上海图书馆藏珍本碑帖丛刊》第二辑,iiif_annotation_target_xywh,iiif_xywh
001_道因法师碑_p0010_c025,五,001_道因法师碑,道因法师碑,10,十,3,0,348,524,151,151,344,550,162,99,"[344, 550, 162, 99]",331,540,188,119,"[331, 540, 188, 119]",9147,text_constrained_column_cell_pixel_assignment,assets/page_images/001_道因法师碑/p0010.jpg,1,http://data.library.sh.cn/bt/resource/work/v1e0qbx3r5wp1uw4,http://iiif.library.sh.cn/api/viewer/17A331,https://iiif.library.sh.cn/p/3/02c55611-7427-4cd0-a2cd-a15b5ccbaa9c,https://iiif.library.sh.cn/c/3/67a64ea9-d545-4cc3-b358-78b8112f50f4,1452,2231,https://iiif.library.sh.cn/c/3/67a64ea9-d545-4cc3-b358-78b8112f50f4/ap/s,https://iiif.library.sh.cn/c/3/67a64ea9-d545-4cc3-b358-78b8112f50f4/ap/c/a/ee58b5c7-e682-4d62-8998-e745241446d0,25,25,supplementing,"[348, 524, 151, 151]","[348, 524, 499, 675]","https://iiif.library.sh.cn/c/3/67a64ea9-d545-4cc3-b358-78b8112f50f4#xywh=348,524,151,151",李俨撰文，欧阳通楷书,欧阳通（楷书）；李儇（撰文）,唐,龙朔三年十月十日刻立（663）,663,楷书,17A331,《翰墨瑰宝：上海图书馆藏珍本碑帖丛刊》第二辑,iiif_annotation_target_xywh,iiif_xywh
001_道因法师碑_p0010_c026,浊,001_道因法师碑,道因法师碑,10,十,3,1,348,631,151,151,344,659,162,150,"[344, 659, 162, 150]",331,644,188,180,"[331, 644, 188, 180]",12021,text_constrained_column_cell_pixel_assignment,assets/page_images/001_道因法师碑/p0010.jpg,1,http://data.library.sh.cn/bt/resource/work/v1e0qbx3r5wp1uw4,http://iiif.library.sh.cn/api/viewer/17A331,https://iiif.library.sh.cn/p/3/02c55611-7427-4cd0-a2cd-a15b5ccbaa9c,https://iiif.library.sh.cn/c/3/67a64ea9-d545-4cc3-b358-78b8112f50f4,1452,2231,https://iiif.library.sh.cn/c/3/67a64ea9-d545-4cc3-b358-78b8112f50f4/ap/s,https://iiif.library.sh.cn/c/3/67a64ea9-d545-4cc3-b358-78b8112f50f4/ap/c/a/92fcc861-3b2f-4a42-a3cb-0dfbd8d5d687,26,26,supplementing,"[348, 631, 151, 151]","[348, 631, 499, 782]","https://iiif.library.sh.cn/c/3/67a64ea9-d545-4cc3-b358-78b8112f50f4#xywh=348,631,151,151",李俨撰文，欧阳通楷书,欧阳通（楷书）；李儇（撰文）,唐,龙朔三年十月十日刻立（663）,663,楷书,17A331,《翰墨瑰宝：上海图书馆藏珍本碑帖丛刊》第二辑,iiif_annotation_target_xywh,iiif_xywh
001_道因法师碑_p0010_c027,是,001_道因法师碑,道因法师碑,10,十,3,2,348,847,151,151,344,822,162,190,"[344, 822, 162, 190]",331,803,188,228,"[331, 803, 188, 228]",13710,text_constrained_column_cell_pixel_assignment,assets/page_images/001_道因法师碑/p0010.jpg,1,http://data.library.sh.cn/bt/resource/work/v1e0qbx3r5wp1uw4,http://iiif.library.sh.cn/api/viewer/17A331,https://iiif.library.sh.cn/p/3/02c55611-7427-4cd0-a2cd-a15b5ccbaa9c,https://iiif.library.sh.cn/c/3/67a64ea9-d545-4cc3-b358-78b8112f50f4,1452,2231,https://iiif.library.sh.cn/c/3/67a64ea9-d545-4cc3-b358-78b8112f50f4/ap/s,https://iiif.library.sh.cn/c/3/67a64ea9-d545-4cc3-b358-78b8112f50f4/ap/c/a/ef66e59c-a908-4ad3-a05f-886e1205ebb7,27,27,supplementing,"[348, 847, 151, 151]","[348, 847, 499, 998]","https://iiif.library.sh.cn/c/3/67a64ea9-d545-4cc3-b358-78b8112f50f4#xywh=348,847,151,151",李俨撰文，欧阳通楷书,欧阳通（楷书）；李儇（撰文）,唐,龙朔三年十月十日刻立（663）,663,楷书,17A331,《翰墨瑰宝：上海图书馆藏珍本碑帖丛刊》第二辑,iiif_annotation_target_xywh,iiif_xywh
001_道因法师碑_p0010_c028,生,001_道因法师碑,道因法师碑,10,十,3,3,348,1040,151,151,344,1025,162,161,"[344, 1025, 162, 161]",331,1009,188,193,"[331, 1009, 188, 193]",9384,text_constrained_column_cell_pixel_assignment,assets/page_images/001_道因法师碑/p0010.jpg,1,http://data.library.sh.cn/bt/resource/work/v1e0qbx3r5wp1uw4,http://iiif.library.sh.cn/api/viewer/17A331,https://iiif.library.sh.cn/p/3/02c55611-7427-4cd0-a2cd-a15b5ccbaa9c,https://iiif.library.sh.cn/c/3/67a64ea9-d545-4cc3-b358-78b8112f50f4,1452,2231,https://iiif.library.sh.cn/c/3/67a64ea9-d545-4cc3-b358-78b8112f50f4/ap/s,https://iiif.library.sh.cn/c/3/67a64ea9-d545-4cc3-b358-78b8112f50f4/ap/c/a/f9c7e0d0-d8c0-4958-9105-dc20ce904776,28,28,supplementing,"[348, 1040, 151, 151]","[348, 1040, 499, 1191]","https://iiif.library.sh.cn/c/3/67a64ea9-d545-4cc3-b358-78b8112f50f4#xywh=348,1040,151,151",李俨撰文，欧阳通楷书,欧阳通（楷书）；李儇（撰文）,唐,龙朔三年十月十日刻立（663）,663,楷书,17A331,《翰墨瑰宝：上海图书馆藏珍本碑帖丛刊》第二辑,iiif_annotation_target_xywh,iiif_xywh
001_道因法师碑_p0010_c029,是,001_道因法师碑,道因法师碑,10,十,3,4,348,1193,151,151,344,1198,162,146,"[344, 1198, 162, 146]",331,1183,188,176,"[331, 1183, 188, 176]",9604,text_constrained_column_cell_pixel_assignment,assets/page_images/001_道因法师碑/p0010.jpg,1,http://data.library.sh.cn/bt/resource/work/v1e0qbx3r5wp1uw4,http://iiif.library.sh.cn/api/viewer/17A331,https://iiif.library.sh.cn/p/3/02c55611-7427-4cd0-a2cd-a15b5ccbaa9c,https://iiif.library.sh.cn/c/3/67a64ea9-d545-4cc3-b358-78b8112f50f4,1452,2231,https://iiif.library.sh.cn/c/3/67a64ea9-d545-4cc3-b358-78b8112f50f4/ap/s,https://iiif.library.sh.cn/c/3/67a64ea9-d545-4cc3-b358-78b8112f50f4/ap/c/a/57868893-23da-4d1e-8a44-fccc5fc710b9,29,29,supplementing,"[348, 1193, 151, 151]","[348, 1193, 499, 1344]","https://iiif.library.sh.cn/c/3/67a64ea9-d545-4cc3-b358-78b8112f50f4#xywh=348,1193,151,151",李俨撰文，欧阳通楷书,欧阳通（楷书）；李儇（撰文）,唐,龙朔三年十月十日刻立（663）,663,楷书,17A331,《翰墨瑰宝：上海图书馆藏珍本碑帖丛刊》第二辑,iiif_annotation_target_xywh,iiif_xywh
001_道因法师碑_p0010_c030,灭,001_道因法师碑,道因法师碑,10,十,3,5,348,1355,151,151,344,1356,162,174,"[344, 1356, 162, 174]",331,1339,188,208,"[331, 1339, 188, 208]",11164,text_constrained_column_cell_pixel_assignment,assets/page_images/001_道因法师碑/p0010.jpg,1,http://data.library.sh.cn/bt/resource/work/v1e0qbx3r5wp1uw4,http://iiif.library.sh.cn/api/viewer/17A331,https://iiif.library.sh.cn/p/3/02c55611-7427-4cd0-a2cd-a15b5ccbaa9c,https://iiif.library.sh.cn/c/3/67a64ea9-d545-4cc3-b358-78b8112f50f4,1452,2231,https://iiif.library.sh.cn/c/3/67a64ea9-d545-4cc3-b358-78b8112f50f4/ap/s,https://iiif.library.sh.cn/c/3/67a64ea9-d545-4cc3-b358-78b8112f50f4/ap/c/a/2e86f65c-936e-4599-a70c-767034775030,30,30,supplementing,"[348, 1355, 151, 151]","[348, 1355, 499, 1506]","https://iiif.library.sh.cn/c/3/67a64ea9-d545-4cc3-b358-78b8112f50f4#xywh=348,1355,151,151",李俨撰文，欧阳通楷书,欧阳通（楷书）；李儇（撰文）,唐,龙朔三年十月十日刻立（663）,663,楷书,17A331,《翰墨瑰宝：上海图书馆藏珍本碑帖丛刊》第二辑,iiif_annotation_target_xywh,iiif_xywh
001_道因法师碑_p0010_c031,发,001_道因法师碑,道因法师碑,10,十,3,6,348,1567,151,151,344,1543,162,173,"[344, 1543, 162, 173]",331,1526,188,207,"[331, 1526, 188, 207]",10564,text_constrained_column_cell_pixel_assignment,assets/page_images/001_道因法师碑/p0010.jpg,1,http://data.library.sh.cn/bt/resource/work/v1e0qbx3r5wp1uw4,http://iiif.library.sh.cn/api/viewer/17A331,https://iiif.library.sh.cn/p/3/02c55611-7427-4cd0-a2cd-a15b5ccbaa9c,https://iiif.library.sh.cn/c/3/67a64ea9-d545-4cc3-b358-78b8112f50f4,1452,2231,https://iiif.library.sh.cn/c/3/67a64ea9-d545-4cc3-b358-78b8112f50f4/ap/s,https://iiif.library.sh.cn/c/3/67a64ea9-d545-4cc3-b358-78b8112f50f4/ap/c/a/f8aa5b46-3901-40c3-92b9-6a7e2886f540,31,31,supplementing,"[348, 1567, 151, 151]","[348, 1567, 499, 1718]","https://iiif.library.sh.cn/c/3/67a64ea9-d545-4cc3-b358-78b8112f50f4#xywh=348,1567,151,151",李俨撰文，欧阳通楷书,欧阳通（楷书）；李儇（撰文）,唐,龙朔三年十月十日刻立（663）,663,楷书,17A331,《翰墨瑰宝：上海图书馆藏珍本碑帖丛刊》第二辑,iiif_annotation_target_xywh,iiif_xywh
001_道因法师碑_p0010_c032,莲,001_道因法师碑,道因法师碑,10,十,3,7,348,1728,151,151,344,1729,162,149,"[344, 1729, 162, 149]",331,1714,188,179,"[331, 1714, 188, 179]",11448,text_constrained_column_cell_pixel_assignment,assets/page_images/001_道因法师碑/p0010.jpg,1,http://data.library.sh.cn/bt/resource/work/v1e0qbx3r5wp1uw4,http://iiif.library.sh.cn/api/viewer/17A331,https://iiif.library.sh.cn/p/3/02c55611-7427-4cd0-a2cd-a15b5ccbaa9c,https://iiif.library.sh.cn/c/3/67a64ea9-d545-4cc3-b358-78b8112f50f4,1452,2231,https://iiif.library.sh.cn/c/3/67a64ea9-d545-4cc3-b358-78b8112f50f4/ap/s,https://iiif.library.sh.cn/c/3/67a64ea9-d545-4cc3-b358-78b8112f50f4/ap/c/a/cf5cc773-d67f-457c-b4a5-920e17748294,32,32,supplementing,"[348, 1728, 151, 151]","[348, 1728, 499, 1879]","https://iiif.library.sh.cn/c/3/67a64ea9-d545-4cc3-b358-78b8112f50f4#xywh=348,1728,151,151",李俨撰文，欧阳通楷书,欧阳通（楷书）；李儇（撰文）,唐,龙朔三年十月十日刻立（663）,663,楷书,17A331,《翰墨瑰宝：上海图书馆藏珍本碑帖丛刊》第二辑,iiif_annotation_target_xywh,iiif_xywh
001_道因法师碑_p0010_c033,花,001_道因法师碑,道因法师碑,10,十,4,0,190,524,133,133,172,514,160,153,"[172, 514, 160, 153]",159,499,186,183,"[159, 499, 186, 183]",13249,text_constrained_column_cell_pixel_assignment,assets/page_images/001_道因法师碑/p0010.jpg,1,http://data.library.sh.cn/bt/resource/work/v1e0qbx3r5wp1uw4,http://iiif.library.sh.cn/api/viewer/17A331,https://iiif.library.sh.cn/p/3/02c55611-7427-4cd0-a2cd-a15b5ccbaa9c,https://iiif.library.sh.cn/c/3/67a64ea9-d545-4cc3-b358-78b8112f50f4,1452,2231,https://iiif.library.sh.cn/c/3/67a64ea9-d545-4cc3-b358-78b8112f50f4/ap/s,https://iiif.library.sh.cn/c/3/67a64ea9-d545-4cc3-b358-78b8112f50f4/ap/c/a/c704b602-6132-4781-be6f-9eb2cd842732,33,33,supplementing,"[190, 524, 133, 133]","[190, 524, 323, 657]","https://iiif.library.sh.cn/c/3/67a64ea9-d545-4cc3-b358-78b8112f50f4#xywh=190,524,133,133",李俨撰文，欧阳通楷书,欧阳通（楷书）；李儇（撰文）,唐,龙朔三年十月十日刻立（663）,663,楷书,17A331,《翰墨瑰宝：上海图书馆藏珍本碑帖丛刊》第二辑,iiif_annotation_target_xywh,iiif_xywh
001_道因法师碑_p0010_c034,之,001_道因法师碑,道因法师碑,10,十,4,1,179,683,145,145,172,679,160,151,"[172, 679, 160, 151]",159,664,186,181,"[159, 664, 186, 181]",13501,text_constrained_column_cell_pixel_assignment,assets/page_images/001_道因法师碑/p0010.jpg,1,http://data.library.sh.cn/bt/resource/work/v1e0qbx3r5wp1uw4,http://iiif.library.sh.cn/api/viewer/17A331,https://iiif.library.sh.cn/p/3/02c55611-7427-4cd0-a2cd-a15b5ccbaa9c,https://iiif.library.sh.cn/c/3/67a64ea9-d545-4cc3-b358-78b8112f50f4,1452,2231,https://iiif.library.sh.cn/c/3/67a64ea9-d545-4cc3-b358-78b8112f50f4/ap/s,https://iiif.library.sh.cn/c/3/67a64ea9-d545-4cc3-b358-78b8112f50f4/ap/c/a/0df0b508-b235-4f98-bfaa-fd86e103ba83,34,34,supplementing,"[179, 683, 145, 145]","[179, 683, 324, 828]","https://iiif.library.sh.cn/c/3/67a64ea9-d545-4cc3-b358-78b8112f50f4#xywh=179,683,145,145",李俨撰文，欧阳通楷书,欧阳通（楷书）；李儇（撰文）,唐,龙朔三年十月十日刻立（663）,663,楷书,17A331,《翰墨瑰宝：上海图书馆藏珍本碑帖丛刊》第二辑,iiif_annotation_target_xywh,iiif_xywh
001_道因法师碑_p0010_c035,音,001_道因法师碑,道因法师碑,10,十,4,2,179,843,145,145,172,842,160,173,"[172, 842, 160, 173]",159,825,186,207,"[159, 825, 186, 207]",14699,text_constrained_column_cell_pixel_assignment,assets/page_images/001_道因法师碑/p0010.jpg,1,http://data.library.sh.cn/bt/resource/work/v1e0qbx3r5wp1uw4,http://iiif.library.sh.cn/api/viewer/17A331,https://iiif.library.sh.cn/p/3/02c55611-7427-4cd0-a2cd-a15b5ccbaa9c,https://iiif.library.sh.cn/c/3/67a64ea9-d545-4cc3-b358-78b8112f50f4,1452,2231,https://iiif.library.sh.cn/c/3/67a64ea9-d545-4cc3-b358-78b8112f50f4/ap/s,https://iiif.library.sh.cn/c/3/67a64ea9-d545-4cc3-b358-78b8112f50f4/ap/c/a/54adb9bf-06be-4465-a9a3-9d813124f6b9,35,35,supplementing,"[179, 843, 145, 145]","[179, 843, 324, 988]","https://iiif.library.sh.cn/c/3/67a64ea9-d545-4cc3-b358-78b8112f50f4#xywh=179,843,145,145",李俨撰文，欧阳通楷书,欧阳通（楷书）；李儇（撰文）,唐,龙朔三年十月十日刻立（663）,663,楷书,17A331,《翰墨瑰宝：上海图书馆藏珍本碑帖丛刊》第二辑,iiif_annotation_target_xywh,iiif_xywh
001_道因法师碑_p0010_c036,非,001_道因法师碑,道因法师碑,10,十,4,3,179,1056,145,145,172,1029,160,184,"[172, 1029, 160, 184]",159,1011,186,220,"[159, 1011, 186, 220]",13952,text_constrained_column_cell_pixel_assignment,assets/page_images/001_道因法师碑/p0010.jpg,1,http://data.library.sh.cn/bt/resource/work/v1e0qbx3r5wp1uw4,http://iiif.library.sh.cn/api/viewer/17A331,https://iiif.library.sh.cn/p/3/02c55611-7427-4cd0-a2cd-a15b5ccbaa9c,https://iiif.library.sh.cn/c/3/67a64ea9-d545-4cc3-b358-78b8112f50f4,1452,2231,https://iiif.library.sh.cn/c/3/67a64ea9-d545-4cc3-b358-78b8112f50f4/ap/s,https://iiif.library.sh.cn/c/3/67a64ea9-d545-4cc3-b358-78b8112f50f4/ap/c/a/a2bf4f77-391c-4fee-8f79-9f5bff962ce5,36,36,supplementing,"[179, 1056, 145, 145]","[179, 1056, 324, 1201]","https://iiif.library.sh.cn/c/3/67a64ea9-d545-4cc3-b358-78b8112f50f4#xywh=179,1056,145,145",李俨撰文，欧阳通楷书,欧阳通（楷书）；李儇（撰文）,唐,龙朔三年十月十日刻立（663）,663,楷书,17A331,《翰墨瑰宝：上海图书馆藏珍本碑帖丛刊》第二辑,iiif_annotation_target_xywh,iiif_xywh
001_道因法师碑_p0010_c037,色,001_道因法师碑,道因法师碑,10,十,4,4,179,1239,145,145,172,1226,160,169,"[172, 1226, 160, 169]",159,1209,186,203,"[159, 1209, 186, 203]",14131,text_constrained_column_cell_pixel_assignment,assets/page_images/001_道因法师碑/p0010.jpg,1,http://data.library.sh.cn/bt/resource/work/v1e0qbx3r5wp1uw4,http://iiif.library.sh.cn/api/viewer/17A331,https://iiif.library.sh.cn/p/3/02c55611-7427-4cd0-a2cd-a15b5ccbaa9c,https://iiif.library.sh.cn/c/3/67a64ea9-d545-4cc3-b358-78b8112f50f4,1452,2231,https://iiif.library.sh.cn/c/3/67a64ea9-d545-4cc3-b358-78b8112f50f4/ap/s,https://iiif.library.sh.cn/c/3/67a64ea9-d545-4cc3-b358-78b8112f50f4/ap/c/a/b9e0bd8e-9918-4b69-a0d9-5eabb7173e83,37,37,supplementing,"[179, 1239, 145, 145]","[179, 1239, 324, 1384]","https://iiif.library.sh.cn/c/3/67a64ea9-d545-4cc3-b358-78b8112f50f4#xywh=179,1239,145,145",李俨撰文，欧阳通楷书,欧阳通（楷书）；李儇（撰文）,唐,龙朔三年十月十日刻立（663）,663,楷书,17A331,《翰墨瑰宝：上海图书馆藏珍本碑帖丛刊》第二辑,iiif_annotation_target_xywh,iiif_xywh
001_道因法师碑_p0010_c038,非,001_道因法师碑,道因法师碑,10,十,4,5,179,1418,145,145,172,1407,160,156,"[172, 1407, 160, 156]",159,1391,186,188,"[159, 1391, 186, 188]",13151,text_constrained_column_cell_pixel_assignment,assets/page_images/001_道因法师碑/p0010.jpg,1,http://data.library.sh.cn/bt/resource/work/v1e0qbx3r5wp1uw4,http://iiif.library.sh.cn/api/viewer/17A331,https://iiif.library.sh.cn/p/3/02c55611-7427-4cd0-a2cd-a15b5ccbaa9c,https://iiif.library.sh.cn/c/3/67a64ea9-d545-4cc3-b358-78b8112f50f4,1452,2231,https://iiif.library.sh.cn/c/3/67a64ea9-d545-4cc3-b358-78b8112f50f4/ap/s,https://iiif.library.sh.cn/c/3/67a64ea9-d545-4cc3-b358-78b8112f50f4/ap/c/a/63929dfd-fd62-4221-b053-e7e6c62a2ed5,38,38,supplementing,"[179, 1418, 145, 145]","[179, 1418, 324, 1563]","https://iiif.library.sh.cn/c/3/67a64ea9-d545-4cc3-b358-78b8112f50f4#xywh=179,1418,145,145",李俨撰文，欧阳通楷书,欧阳通（楷书）；李儇（撰文）,唐,龙朔三年十月十日刻立（663）,663,楷书,17A331,《翰墨瑰宝：上海图书馆藏珍本碑帖丛刊》第二辑,iiif_annotation_target_xywh,iiif_xywh
001_道因法师碑_p0010_c039,空,001_道因法师碑,道因法师碑,10,十,4,6,179,1575,145,145,172,1575,160,155,"[172, 1575, 160, 155]",159,1560,186,186,"[159, 1560, 186, 186]",12405,text_constrained_column_cell_pixel_assignment,assets/page_images/001_道因法师碑/p0010.jpg,1,http://data.library.sh.cn/bt/resource/work/v1e0qbx3r5wp1uw4,http://iiif.library.sh.cn/api/viewer/17A331,https://iiif.library.sh.cn/p/3/02c55611-7427-4cd0-a2cd-a15b5ccbaa9c,https://iiif.library.sh.cn/c/3/67a64ea9-d545-4cc3-b358-78b8112f50f4,1452,2231,https://iiif.library.sh.cn/c/3/67a64ea9-d545-4cc3-b358-78b8112f50f4/ap/s,https://iiif.library.sh.cn/c/3/67a64ea9-d545-4cc3-b358-78b8112f50f4/ap/c/a/ee62acaf-2dd1-4b18-b967-92b62fa628a3,39,39,supplementing,"[179, 1575, 145, 145]","[179, 1575, 324, 1720]","https://iiif.library.sh.cn/c/3/67a64ea9-d545-4cc3-b358-78b8112f50f4#xywh=179,1575,145,145",李俨撰文，欧阳通楷书,欧阳通（楷书）；李儇（撰文）,唐,龙朔三年十月十日刻立（663）,663,楷书,17A331,《翰墨瑰宝：上海图书馆藏珍本碑帖丛刊》第二辑,iiif_annotation_target_xywh,iiif_xywh
001_道因法师碑_p0010_c040,被,001_道因法师碑,道因法师碑,10,十,4,7,179,1752,145,145,172,1742,160,165,"[172, 1742, 160, 165]",159,1726,186,198,"[159, 1726, 186, 198]",14204,text_constrained_column_cell_pixel_assignment,assets/page_images/001_道因法师碑/p0010.jpg,1,http://data.library.sh.cn/bt/resource/work/v1e0qbx3r5wp1uw4,http://iiif.library.sh.cn/api/viewer/17A331,https://iiif.library.sh.cn/p/3/02c55611-7427-4cd0-a2cd-a15b5ccbaa9c,https://iiif.library.sh.cn/c/3/67a64ea9-d545-4cc3-b358-78b8112f50f4,1452,2231,https://iiif.library.sh.cn/c/3/67a64ea9-d545-4cc3-b358-78b8112f50f4/ap/s,https://iiif.library.sh.cn/c/3/67a64ea9-d545-4cc3-b358-78b8112f50f4/ap/c/a/bf73e9f2-7260-4d09-9819-46970c197719,40,40,supplementing,"[179, 1752, 145, 145]","[179, 1752, 324, 1897]","https://iiif.library.sh.cn/c/3/67a64ea9-d545-4cc3-b358-78b8112f50f4#xywh=179,1752,145,145",李俨撰文，欧阳通楷书,欧阳通（楷书）；李儇（撰文）,唐,龙朔三年十月十日刻立（663）,663,楷书,17A331,《翰墨瑰宝：上海图书馆藏珍本碑帖丛刊》第二辑,iiif_annotation_target_xywh,iiif_xywh
001_道因法师碑_p0011_c001,栴,001_道因法师碑,道因法师碑,11,十一,0,0,1118,529,163,163,1114,536,171,149,"[1114, 536, 171, 149]",1100,521,199,179,"[1100, 521, 199, 179]",15275,text_constrained_column_cell_pixel_assignment,assets/page_images/001_道因法师碑/p0011.jpg,1,http://data.library.sh.cn/bt/resource/work/v1e0qbx3r5wp1uw4,http://iiif.library.sh.cn/api/viewer/17A331,https://iiif.library.sh.cn/p/3/02c55611-7427-4cd0-a2cd-a15b5ccbaa9c,https://iiif.library.sh.cn/c/3/251cbfcf-5c9f-4443-a4c0-6d093e876ca9,1447,2228,https://iiif.library.sh.cn/c/3/251cbfcf-5c9f-4443-a4c0-6d093e876ca9/ap/s,https://iiif.library.sh.cn/c/3/251cbfcf-5c9f-4443-a4c0-6d093e876ca9/ap/c/a/c545a584-6496-4eb2-8a6a-5f089104e535,1,1,supplementing,"[1118, 529, 163, 163]","[1118, 529, 1281, 692]","https://iiif.library.sh.cn/c/3/251cbfcf-5c9f-4443-a4c0-6d093e876ca9#xywh=1118,529,163,163",李俨撰文，欧阳通楷书,欧阳通（楷书）；李儇（撰文）,唐,龙朔三年十月十日刻立（663）,663,楷书,17A331,《翰墨瑰宝：上海图书馆藏珍本碑帖丛刊》第二辑,iiif_annotation_target_xywh,iiif_xywh
001_道因法师碑_p0011_c002,檀,001_道因法师碑,道因法师碑,11,十一,0,1,1118,689,163,163,1114,696,171,154,"[1114, 696, 171, 154]",1100,681,199,184,"[1100, 681, 199, 184]",14925,text_constrained_column_cell_pixel_assignment,assets/page_images/001_道因法师碑/p0011.jpg,1,http://data.library.sh.cn/bt/resource/work/v1e0qbx3r5wp1uw4,http://iiif.library.sh.cn/api/viewer/17A331,https://iiif.library.sh.cn/p/3/02c55611-7427-4cd0-a2cd-a15b5ccbaa9c,https://iiif.library.sh.cn/c/3/251cbfcf-5c9f-4443-a4c0-6d093e876ca9,1447,2228,https://iiif.library.sh.cn/c/3/251cbfcf-5c9f-4443-a4c0-6d093e876ca9/ap/s,https://iiif.library.sh.cn/c/3/251cbfcf-5c9f-4443-a4c0-6d093e876ca9/ap/c/a/5e812f63-424f-4a25-b3d2-77dafdd023cb,2,2,supplementing,"[1118, 689, 163, 163]","[1118, 689, 1281, 852]","https://iiif.library.sh.cn/c/3/251cbfcf-5c9f-4443-a4c0-6d093e876ca9#xywh=1118,689,163,163",李俨撰文，欧阳通楷书,欧阳通（楷书）；李儇（撰文）,唐,龙朔三年十月十日刻立（663）,663,楷书,17A331,《翰墨瑰宝：上海图书馆藏珍本碑帖丛刊》第二辑,iiif_annotation_target_xywh,iiif_xywh
001_道因法师碑_p0011_c003,之,001_道因法师碑,道因法师碑,11,十一,0,2,1118,860,163,163,1114,862,171,165,"[1114, 862, 171, 165]",1100,846,199,198,"[1100, 846, 199, 198]",15437,text_constrained_column_cell_pixel_assignment,assets/page_images/001_道因法师碑/p0011.jpg,1,http://data.library.sh.cn/bt/resource/work/v1e0qbx3r5wp1uw4,http://iiif.library.sh.cn/api/viewer/17A331,https://iiif.library.sh.cn/p/3/02c55611-7427-4cd0-a2cd-a15b5ccbaa9c,https://iiif.library.sh.cn/c/3/251cbfcf-5c9f-4443-a4c0-6d093e876ca9,1447,2228,https://iiif.library.sh.cn/c/3/251cbfcf-5c9f-4443-a4c0-6d093e876ca9/ap/s,https://iiif.library.sh.cn/c/3/251cbfcf-5c9f-4443-a4c0-6d093e876ca9/ap/c/a/118c2689-ea2b-464e-9286-110519b267db,3,3,supplementing,"[1118, 860, 163, 163]","[1118, 860, 1281, 1023]","https://iiif.library.sh.cn/c/3/251cbfcf-5c9f-4443-a4c0-6d093e876ca9#xywh=1118,860,163,163",李俨撰文，欧阳通楷书,欧阳通（楷书）；李儇（撰文）,唐,龙朔三年十月十日刻立（663）,663,楷书,17A331,《翰墨瑰宝：上海图书馆藏珍本碑帖丛刊》第二辑,iiif_annotation_target_xywh,iiif_xywh
001_道因法师碑_p0011_c004,简,001_道因法师碑,道因法师碑,11,十一,0,3,1118,1043,163,163,1114,1040,171,178,"[1114, 1040, 171, 178]",1100,1022,199,214,"[1100, 1022, 199, 214]",14029,text_constrained_column_cell_pixel_assignment,assets/page_images/001_道因法师碑/p0011.jpg,1,http://data.library.sh.cn/bt/resource/work/v1e0qbx3r5wp1uw4,http://iiif.library.sh.cn/api/viewer/17A331,https://iiif.library.sh.cn/p/3/02c55611-7427-4cd0-a2cd-a15b5ccbaa9c,https://iiif.library.sh.cn/c/3/251cbfcf-5c9f-4443-a4c0-6d093e876ca9,1447,2228,https://iiif.library.sh.cn/c/3/251cbfcf-5c9f-4443-a4c0-6d093e876ca9/ap/s,https://iiif.library.sh.cn/c/3/251cbfcf-5c9f-4443-a4c0-6d093e876ca9/ap/c/a/0b2fb843-734a-4216-8dcf-336d2f6fa2a6,4,4,supplementing,"[1118, 1043, 163, 163]","[1118, 1043, 1281, 1206]","https://iiif.library.sh.cn/c/3/251cbfcf-5c9f-4443-a4c0-6d093e876ca9#xywh=1118,1043,163,163",李俨撰文，欧阳通楷书,欧阳通（楷书）；李儇（撰文）,唐,龙朔三年十月十日刻立（663）,663,楷书,17A331,《翰墨瑰宝：上海图书馆藏珍本碑帖丛刊》第二辑,iiif_annotation_target_xywh,iiif_xywh
001_道因法师碑_p0011_c005,暨,001_道因法师碑,道因法师碑,11,十一,0,4,1118,1244,163,163,1114,1231,171,173,"[1114, 1231, 171, 173]",1100,1214,199,207,"[1100, 1214, 199, 207]",15695,text_constrained_column_cell_pixel_assignment,assets/page_images/001_道因法师碑/p0011.jpg,1,http://data.library.sh.cn/bt/resource/work/v1e0qbx3r5wp1uw4,http://iiif.library.sh.cn/api/viewer/17A331,https://iiif.library.sh.cn/p/3/02c55611-7427-4cd0-a2cd-a15b5ccbaa9c,https://iiif.library.sh.cn/c/3/251cbfcf-5c9f-4443-a4c0-6d093e876ca9,1447,2228,https://iiif.library.sh.cn/c/3/251cbfcf-5c9f-4443-a4c0-6d093e876ca9/ap/s,https://iiif.library.sh.cn/c/3/251cbfcf-5c9f-4443-a4c0-6d093e876ca9/ap/c/a/e94fe792-181e-48c7-8a21-392addfdc36d,5,5,supplementing,"[1118, 1244, 163, 163]","[1118, 1244, 1281, 1407]","https://iiif.library.sh.cn/c/3/251cbfcf-5c9f-4443-a4c0-6d093e876ca9#xywh=1118,1244,163,163",李俨撰文，欧阳通楷书,欧阳通（楷书）；李儇（撰文）,唐,龙朔三年十月十日刻立（663）,663,楷书,17A331,《翰墨瑰宝：上海图书馆藏珍本碑帖丛刊》第二辑,iiif_annotation_target_xywh,iiif_xywh
001_道因法师碑_p0011_c006,乎,001_道因法师碑,道因法师碑,11,十一,0,5,1118,1413,163,163,1114,1416,171,158,"[1114, 1416, 171, 158]",1100,1400,199,190,"[1100, 1400, 199, 190]",14565,text_constrained_column_cell_pixel_assignment,assets/page_images/001_道因法师碑/p0011.jpg,1,http://data.library.sh.cn/bt/resource/work/v1e0qbx3r5wp1uw4,http://iiif.library.sh.cn/api/viewer/17A331,https://iiif.library.sh.cn/p/3/02c55611-7427-4cd0-a2cd-a15b5ccbaa9c,https://iiif.library.sh.cn/c/3/251cbfcf-5c9f-4443-a4c0-6d093e876ca9,1447,2228,https://iiif.library.sh.cn/c/3/251cbfcf-5c9f-4443-a4c0-6d093e876ca9/ap/s,https://iiif.library.sh.cn/c/3/251cbfcf-5c9f-4443-a4c0-6d093e876ca9/ap/c/a/31e83d75-1cd2-4b77-be43-19625d9dd9f4,6,6,supplementing,"[1118, 1413, 163, 163]","[1118, 1413, 1281, 1576]","https://iiif.library.sh.cn/c/3/251cbfcf-5c9f-4443-a4c0-6d093e876ca9#xywh=1118,1413,163,163",李俨撰文，欧阳通楷书,欧阳通（楷书）；李儇（撰文）,唐,龙朔三年十月十日刻立（663）,663,楷书,17A331,《翰墨瑰宝：上海图书馆藏珍本碑帖丛刊》第二辑,iiif_annotation_target_xywh,iiif_xywh
001_道因法师碑_p0011_c007,鹤,001_道因法师碑,道因法师碑,11,十一,0,6,1118,1584,163,163,1114,1586,171,155,"[1114, 1586, 171, 155]",1100,1570,199,186,"[1100, 1570, 199, 186]",14202,text_constrained_column_cell_pixel_assignment,assets/page_images/001_道因法师碑/p0011.jpg,1,http://data.library.sh.cn/bt/resource/work/v1e0qbx3r5wp1uw4,http://iiif.library.sh.cn/api/viewer/17A331,https://iiif.library.sh.cn/p/3/02c55611-7427-4cd0-a2cd-a15b5ccbaa9c,https://iiif.library.sh.cn/c/3/251cbfcf-5c9f-4443-a4c0-6d093e876ca9,1447,2228,https://iiif.library.sh.cn/c/3/251cbfcf-5c9f-4443-a4c0-6d093e876ca9/ap/s,https://iiif.library.sh.cn/c/3/251cbfcf-5c9f-4443-a4c0-6d093e876ca9/ap/c/a/b7d3de64-e1f6-4f95-a901-68b8c208fca9,7,7,supplementing,"[1118, 1584, 163, 163]","[1118, 1584, 1281, 1747]","https://iiif.library.sh.cn/c/3/251cbfcf-5c9f-4443-a4c0-6d093e876ca9#xywh=1118,1584,163,163",李俨撰文，欧阳通楷书,欧阳通（楷书）；李儇（撰文）,唐,龙朔三年十月十日刻立（663）,663,楷书,17A331,《翰墨瑰宝：上海图书馆藏珍本碑帖丛刊》第二辑,iiif_annotation_target_xywh,iiif_xywh
001_道因法师碑_p0011_c008,林,001_道因法师碑,道因法师碑,11,十一,0,7,1118,1747,163,163,1114,1753,171,151,"[1114, 1753, 171, 151]",1100,1738,199,181,"[1100, 1738, 199, 181]",16332,text_constrained_column_cell_pixel_assignment,assets/page_images/001_道因法师碑/p0011.jpg,1,http://data.library.sh.cn/bt/resource/work/v1e0qbx3r5wp1uw4,http://iiif.library.sh.cn/api/viewer/17A331,https://iiif.library.sh.cn/p/3/02c55611-7427-4cd0-a2cd-a15b5ccbaa9c,https://iiif.library.sh.cn/c/3/251cbfcf-5c9f-4443-a4c0-6d093e876ca9,1447,2228,https://iiif.library.sh.cn/c/3/251cbfcf-5c9f-4443-a4c0-6d093e876ca9/ap/s,https://iiif.library.sh.cn/c/3/251cbfcf-5c9f-4443-a4c0-6d093e876ca9/ap/c/a/eadc92a7-3a0c-42f9-aa97-516b36fe3777,8,8,supplementing,"[1118, 1747, 163, 163]","[1118, 1747, 1281, 1910]","https://iiif.library.sh.cn/c/3/251cbfcf-5c9f-4443-a4c0-6d093e876ca9#xywh=1118,1747,163,163",李俨撰文，欧阳通楷书,欧阳通（楷书）；李儇（撰文）,唐,龙朔三年十月十日刻立（663）,663,楷书,17A331,《翰墨瑰宝：上海图书馆藏珍本碑帖丛刊》第二辑,iiif_annotation_target_xywh,iiif_xywh
001_道因法师碑_p0011_c009,税,001_道因法师碑,道因法师碑,11,十一,1,0,939,533,153,153,936,551,165,117,"[936, 551, 165, 117]",923,539,191,141,"[923, 539, 191, 141]",9679,text_constrained_column_cell_pixel_assignment,assets/page_images/001_道因法师碑/p0011.jpg,1,http://data.library.sh.cn/bt/resource/work/v1e0qbx3r5wp1uw4,http://iiif.library.sh.cn/api/viewer/17A331,https://iiif.library.sh.cn/p/3/02c55611-7427-4cd0-a2cd-a15b5ccbaa9c,https://iiif.library.sh.cn/c/3/251cbfcf-5c9f-4443-a4c0-6d093e876ca9,1447,2228,https://iiif.library.sh.cn/c/3/251cbfcf-5c9f-4443-a4c0-6d093e876ca9/ap/s,https://iiif.library.sh.cn/c/3/251cbfcf-5c9f-4443-a4c0-6d093e876ca9/ap/c/a/e7e61f04-6c10-47bf-b441-3687ad2aaec9,9,9,supplementing,"[939, 533, 153, 153]","[939, 533, 1092, 686]","https://iiif.library.sh.cn/c/3/251cbfcf-5c9f-4443-a4c0-6d093e876ca9#xywh=939,533,153,153",李俨撰文，欧阳通楷书,欧阳通（楷书）；李儇（撰文）,唐,龙朔三年十月十日刻立（663）,663,楷书,17A331,《翰墨瑰宝：上海图书馆藏珍本碑帖丛刊》第二辑,iiif_annotation_target_xywh,iiif_xywh
001_道因法师碑_p0011_c010,轸,001_道因法师碑,道因法师碑,11,十一,1,1,939,658,153,153,936,677,165,142,"[936, 677, 165, 142]",923,663,191,170,"[923, 663, 191, 170]",9538,text_constrained_column_cell_pixel_assignment,assets/page_images/001_道因法师碑/p0011.jpg,1,http://data.library.sh.cn/bt/resource/work/v1e0qbx3r5wp1uw4,http://iiif.library.sh.cn/api/viewer/17A331,https://iiif.library.sh.cn/p/3/02c55611-7427-4cd0-a2cd-a15b5ccbaa9c,https://iiif.library.sh.cn/c/3/251cbfcf-5c9f-4443-a4c0-6d093e876ca9,1447,2228,https://iiif.library.sh.cn/c/3/251cbfcf-5c9f-4443-a4c0-6d093e876ca9/ap/s,https://iiif.library.sh.cn/c/3/251cbfcf-5c9f-4443-a4c0-6d093e876ca9/ap/c/a/8e055608-cffa-4cb5-9ce5-70058c105a4d,10,10,supplementing,"[939, 658, 153, 153]","[939, 658, 1092, 811]","https://iiif.library.sh.cn/c/3/251cbfcf-5c9f-4443-a4c0-6d093e876ca9#xywh=939,658,153,153",李俨撰文，欧阳通楷书,欧阳通（楷书）；李儇（撰文）,唐,龙朔三年十月十日刻立（663）,663,楷书,17A331,《翰墨瑰宝：上海图书馆藏珍本碑帖丛刊》第二辑,iiif_annotation_target_xywh,iiif_xywh
001_道因法师碑_p0011_c011,涅,001_道因法师碑,道因法师碑,11,十一,1,2,939,837,153,153,936,830,165,162,"[936, 830, 165, 162]",923,814,191,194,"[923, 814, 191, 194]",10786,text_constrained_column_cell_pixel_assignment,assets/page_images/001_道因法师碑/p0011.jpg,1,http://data.library.sh.cn/bt/resource/work/v1e0qbx3r5wp1uw4,http://iiif.library.sh.cn/api/viewer/17A331,https://iiif.library.sh.cn/p/3/02c55611-7427-4cd0-a2cd-a15b5ccbaa9c,https://iiif.library.sh.cn/c/3/251cbfcf-5c9f-4443-a4c0-6d093e876ca9,1447,2228,https://iiif.library.sh.cn/c/3/251cbfcf-5c9f-4443-a4c0-6d093e876ca9/ap/s,https://iiif.library.sh.cn/c/3/251cbfcf-5c9f-4443-a4c0-6d093e876ca9/ap/c/a/0ab3c7c5-559d-494e-b0ab-fe3cbb551479,11,11,supplementing,"[939, 837, 153, 153]","[939, 837, 1092, 990]","https://iiif.library.sh.cn/c/3/251cbfcf-5c9f-4443-a4c0-6d093e876ca9#xywh=939,837,153,153",李俨撰文，欧阳通楷书,欧阳通（楷书）；李儇（撰文）,唐,龙朔三年十月十日刻立（663）,663,楷书,17A331,《翰墨瑰宝：上海图书馆藏珍本碑帖丛刊》第二辑,iiif_annotation_target_xywh,iiif_xywh
001_道因法师碑_p0011_c012,槃,001_道因法师碑,道因法师碑,11,十一,1,3,939,1006,153,153,936,1005,165,173,"[936, 1005, 165, 173]",923,988,191,207,"[923, 988, 191, 207]",10397,text_constrained_column_cell_pixel_assignment,assets/page_images/001_道因法师碑/p0011.jpg,1,http://data.library.sh.cn/bt/resource/work/v1e0qbx3r5wp1uw4,http://iiif.library.sh.cn/api/viewer/17A331,https://iiif.library.sh.cn/p/3/02c55611-7427-4cd0-a2cd-a15b5ccbaa9c,https://iiif.library.sh.cn/c/3/251cbfcf-5c9f-4443-a4c0-6d093e876ca9,1447,2228,https://iiif.library.sh.cn/c/3/251cbfcf-5c9f-4443-a4c0-6d093e876ca9/ap/s,https://iiif.library.sh.cn/c/3/251cbfcf-5c9f-4443-a4c0-6d093e876ca9/ap/c/a/209d2519-ce55-41b0-a764-04b8a6e87032,12,12,supplementing,"[939, 1006, 153, 153]","[939, 1006, 1092, 1159]","https://iiif.library.sh.cn/c/3/251cbfcf-5c9f-4443-a4c0-6d093e876ca9#xywh=939,1006,153,153",李俨撰文，欧阳通楷书,欧阳通（楷书）；李儇（撰文）,唐,龙朔三年十月十日刻立（663）,663,楷书,17A331,《翰墨瑰宝：上海图书馆藏珍本碑帖丛刊》第二辑,iiif_annotation_target_xywh,iiif_xywh
001_道因法师碑_p0011_c013,之,001_道因法师碑,道因法师碑,11,十一,1,4,939,1210,153,153,936,1191,165,175,"[936, 1191, 165, 175]",923,1174,191,210,"[923, 1174, 191, 210]",9919,text_constrained_column_cell_pixel_assignment,assets/page_images/001_道因法师碑/p0011.jpg,1,http://data.library.sh.cn/bt/resource/work/v1e0qbx3r5wp1uw4,http://iiif.library.sh.cn/api/viewer/17A331,https://iiif.library.sh.cn/p/3/02c55611-7427-4cd0-a2cd-a15b5ccbaa9c,https://iiif.library.sh.cn/c/3/251cbfcf-5c9f-4443-a4c0-6d093e876ca9,1447,2228,https://iiif.library.sh.cn/c/3/251cbfcf-5c9f-4443-a4c0-6d093e876ca9/ap/s,https://iiif.library.sh.cn/c/3/251cbfcf-5c9f-4443-a4c0-6d093e876ca9/ap/c/a/9dced714-9ed7-4aae-b221-9b5ff69d54b7,13,13,supplementing,"[939, 1210, 153, 153]","[939, 1210, 1092, 1363]","https://iiif.library.sh.cn/c/3/251cbfcf-5c9f-4443-a4c0-6d093e876ca9#xywh=939,1210,153,153",李俨撰文，欧阳通楷书,欧阳通（楷书）；李儇（撰文）,唐,龙朔三年十月十日刻立（663）,663,楷书,17A331,《翰墨瑰宝：上海图书馆藏珍本碑帖丛刊》第二辑,iiif_annotation_target_xywh,iiif_xywh
001_道因法师碑_p0011_c014,岸,001_道因法师碑,道因法师碑,11,十一,1,5,939,1382,153,153,936,1379,165,178,"[936, 1379, 165, 178]",923,1361,191,214,"[923, 1361, 191, 214]",10942,text_constrained_column_cell_pixel_assignment,assets/page_images/001_道因法师碑/p0011.jpg,1,http://data.library.sh.cn/bt/resource/work/v1e0qbx3r5wp1uw4,http://iiif.library.sh.cn/api/viewer/17A331,https://iiif.library.sh.cn/p/3/02c55611-7427-4cd0-a2cd-a15b5ccbaa9c,https://iiif.library.sh.cn/c/3/251cbfcf-5c9f-4443-a4c0-6d093e876ca9,1447,2228,https://iiif.library.sh.cn/c/3/251cbfcf-5c9f-4443-a4c0-6d093e876ca9/ap/s,https://iiif.library.sh.cn/c/3/251cbfcf-5c9f-4443-a4c0-6d093e876ca9/ap/c/a/87ee19bd-6568-49f3-9482-496fa467c91d,14,14,supplementing,"[939, 1382, 153, 153]","[939, 1382, 1092, 1535]","https://iiif.library.sh.cn/c/3/251cbfcf-5c9f-4443-a4c0-6d093e876ca9#xywh=939,1382,153,153",李俨撰文，欧阳通楷书,欧阳通（楷书）；李儇（撰文）,唐,龙朔三年十月十日刻立（663）,663,楷书,17A331,《翰墨瑰宝：上海图书馆藏珍本碑帖丛刊》第二辑,iiif_annotation_target_xywh,iiif_xywh
001_道因法师碑_p0011_c015,先,001_道因法师碑,道因法师碑,11,十一,1,6,939,1592,153,153,936,1570,165,163,"[936, 1570, 165, 163]",923,1554,191,195,"[923, 1554, 191, 195]",9880,text_constrained_column_cell_pixel_assignment,assets/page_images/001_道因法师碑/p0011.jpg,1,http://data.library.sh.cn/bt/resource/work/v1e0qbx3r5wp1uw4,http://iiif.library.sh.cn/api/viewer/17A331,https://iiif.library.sh.cn/p/3/02c55611-7427-4cd0-a2cd-a15b5ccbaa9c,https://iiif.library.sh.cn/c/3/251cbfcf-5c9f-4443-a4c0-6d093e876ca9,1447,2228,https://iiif.library.sh.cn/c/3/251cbfcf-5c9f-4443-a4c0-6d093e876ca9/ap/s,https://iiif.library.sh.cn/c/3/251cbfcf-5c9f-4443-a4c0-6d093e876ca9/ap/c/a/cbe24134-e3ec-48bd-a140-9be62a35d7d8,15,15,supplementing,"[939, 1592, 153, 153]","[939, 1592, 1092, 1745]","https://iiif.library.sh.cn/c/3/251cbfcf-5c9f-4443-a4c0-6d093e876ca9#xywh=939,1592,153,153",李俨撰文，欧阳通楷书,欧阳通（楷书）；李儇（撰文）,唐,龙朔三年十月十日刻立（663）,663,楷书,17A331,《翰墨瑰宝：上海图书馆藏珍本碑帖丛刊》第二辑,iiif_annotation_target_xywh,iiif_xywh
001_道因法师碑_p0011_c016,登,001_道因法师碑,道因法师碑,11,十一,1,7,939,1734,153,153,936,1744,165,133,"[936, 1744, 165, 133]",923,1731,191,159,"[923, 1731, 191, 159]",11065,text_constrained_column_cell_pixel_assignment,assets/page_images/001_道因法师碑/p0011.jpg,1,http://data.library.sh.cn/bt/resource/work/v1e0qbx3r5wp1uw4,http://iiif.library.sh.cn/api/viewer/17A331,https://iiif.library.sh.cn/p/3/02c55611-7427-4cd0-a2cd-a15b5ccbaa9c,https://iiif.library.sh.cn/c/3/251cbfcf-5c9f-4443-a4c0-6d093e876ca9,1447,2228,https://iiif.library.sh.cn/c/3/251cbfcf-5c9f-4443-a4c0-6d093e876ca9/ap/s,https://iiif.library.sh.cn/c/3/251cbfcf-5c9f-4443-a4c0-6d093e876ca9/ap/c/a/ae6931e7-0cfb-4092-895b-d3c4bab70e9a,16,16,supplementing,"[939, 1734, 153, 153]","[939, 1734, 1092, 1887]","https://iiif.library.sh.cn/c/3/251cbfcf-5c9f-4443-a4c0-6d093e876ca9#xywh=939,1734,153,153",李俨撰文，欧阳通楷书,欧阳通（楷书）；李儇（撰文）,唐,龙朔三年十月十日刻立（663）,663,楷书,17A331,《翰墨瑰宝：上海图书馆藏珍本碑帖丛刊》第二辑,iiif_annotation_target_xywh,iiif_xywh
001_道因法师碑_p0011_c017,鸟,001_道因法师碑,道因法师碑,11,十一,2,0,768,533,151,151,768,542,156,133,"[768, 542, 156, 133]",756,529,180,159,"[756, 529, 180, 159]",10471,text_constrained_column_cell_pixel_assignment,assets/page_images/001_道因法师碑/p0011.jpg,1,http://data.library.sh.cn/bt/resource/work/v1e0qbx3r5wp1uw4,http://iiif.library.sh.cn/api/viewer/17A331,https://iiif.library.sh.cn/p/3/02c55611-7427-4cd0-a2cd-a15b5ccbaa9c,https://iiif.library.sh.cn/c/3/251cbfcf-5c9f-4443-a4c0-6d093e876ca9,1447,2228,https://iiif.library.sh.cn/c/3/251cbfcf-5c9f-4443-a4c0-6d093e876ca9/ap/s,https://iiif.library.sh.cn/c/3/251cbfcf-5c9f-4443-a4c0-6d093e876ca9/ap/c/a/e71faeaa-b3e6-4a87-b943-4989da2d28e9,17,17,supplementing,"[768, 533, 151, 151]","[768, 533, 919, 684]","https://iiif.library.sh.cn/c/3/251cbfcf-5c9f-4443-a4c0-6d093e876ca9#xywh=768,533,151,151",李俨撰文，欧阳通楷书,欧阳通（楷书）；李儇（撰文）,唐,龙朔三年十月十日刻立（663）,663,楷书,17A331,《翰墨瑰宝：上海图书馆藏珍本碑帖丛刊》第二辑,iiif_annotation_target_xywh,iiif_xywh
001_道因法师碑_p0011_c018,笔,001_道因法师碑,道因法师碑,11,十一,2,1,768,675,151,151,768,685,156,151,"[768, 685, 156, 151]",756,670,180,181,"[756, 670, 180, 181]",10317,text_constrained_column_cell_pixel_assignment,assets/page_images/001_道因法师碑/p0011.jpg,1,http://data.library.sh.cn/bt/resource/work/v1e0qbx3r5wp1uw4,http://iiif.library.sh.cn/api/viewer/17A331,https://iiif.library.sh.cn/p/3/02c55611-7427-4cd0-a2cd-a15b5ccbaa9c,https://iiif.library.sh.cn/c/3/251cbfcf-5c9f-4443-a4c0-6d093e876ca9,1447,2228,https://iiif.library.sh.cn/c/3/251cbfcf-5c9f-4443-a4c0-6d093e876ca9/ap/s,https://iiif.library.sh.cn/c/3/251cbfcf-5c9f-4443-a4c0-6d093e876ca9/ap/c/a/2dced5e1-5dd4-4ea2-9f4d-54cf5dc387b9,18,18,supplementing,"[768, 675, 151, 151]","[768, 675, 919, 826]","https://iiif.library.sh.cn/c/3/251cbfcf-5c9f-4443-a4c0-6d093e876ca9#xywh=768,675,151,151",李俨撰文，欧阳通楷书,欧阳通（楷书）；李儇（撰文）,唐,龙朔三年十月十日刻立（663）,663,楷书,17A331,《翰墨瑰宝：上海图书馆藏珍本碑帖丛刊》第二辑,iiif_annotation_target_xywh,iiif_xywh
001_道因法师碑_p0011_c019,记,001_道因法师碑,道因法师碑,11,十一,2,2,768,858,151,151,768,848,156,163,"[768, 848, 156, 163]",756,832,180,195,"[756, 832, 180, 195]",13779,text_constrained_column_cell_pixel_assignment,assets/page_images/001_道因法师碑/p0011.jpg,1,http://data.library.sh.cn/bt/resource/work/v1e0qbx3r5wp1uw4,http://iiif.library.sh.cn/api/viewer/17A331,https://iiif.library.sh.cn/p/3/02c55611-7427-4cd0-a2cd-a15b5ccbaa9c,https://iiif.library.sh.cn/c/3/251cbfcf-5c9f-4443-a4c0-6d093e876ca9,1447,2228,https://iiif.library.sh.cn/c/3/251cbfcf-5c9f-4443-a4c0-6d093e876ca9/ap/s,https://iiif.library.sh.cn/c/3/251cbfcf-5c9f-4443-a4c0-6d093e876ca9/ap/c/a/718ec93b-9ac8-4784-8cc2-9e43834e4ff7,19,19,supplementing,"[768, 858, 151, 151]","[768, 858, 919, 1009]","https://iiif.library.sh.cn/c/3/251cbfcf-5c9f-4443-a4c0-6d093e876ca9#xywh=768,858,151,151",李俨撰文，欧阳通楷书,欧阳通（楷书）；李儇（撰文）,唐,龙朔三年十月十日刻立（663）,663,楷书,17A331,《翰墨瑰宝：上海图书馆藏珍本碑帖丛刊》第二辑,iiif_annotation_target_xywh,iiif_xywh
001_道因法师碑_p0011_c020,言,001_道因法师碑,道因法师碑,11,十一,2,3,768,1025,151,151,768,1023,156,164,"[768, 1023, 156, 164]",756,1007,180,196,"[756, 1007, 180, 196]",9545,text_constrained_column_cell_pixel_assignment,assets/page_images/001_道因法师碑/p0011.jpg,1,http://data.library.sh.cn/bt/resource/work/v1e0qbx3r5wp1uw4,http://iiif.library.sh.cn/api/viewer/17A331,https://iiif.library.sh.cn/p/3/02c55611-7427-4cd0-a2cd-a15b5ccbaa9c,https://iiif.library.sh.cn/c/3/251cbfcf-5c9f-4443-a4c0-6d093e876ca9,1447,2228,https://iiif.library.sh.cn/c/3/251cbfcf-5c9f-4443-a4c0-6d093e876ca9/ap/s,https://iiif.library.sh.cn/c/3/251cbfcf-5c9f-4443-a4c0-6d093e876ca9/ap/c/a/4342e725-1cb8-4585-ae35-2dced0d20992,20,20,supplementing,"[768, 1025, 151, 151]","[768, 1025, 919, 1176]","https://iiif.library.sh.cn/c/3/251cbfcf-5c9f-4443-a4c0-6d093e876ca9#xywh=768,1025,151,151",李俨撰文，欧阳通楷书,欧阳通（楷书）；李儇（撰文）,唐,龙朔三年十月十日刻立（663）,663,楷书,17A331,《翰墨瑰宝：上海图书馆藏珍本碑帖丛刊》第二辑,iiif_annotation_target_xywh,iiif_xywh
001_道因法师碑_p0011_c021,总,001_道因法师碑,道因法师碑,11,十一,2,4,768,1210,151,151,768,1199,156,159,"[768, 1199, 156, 159]",756,1183,180,191,"[756, 1183, 180, 191]",9550,text_constrained_column_cell_pixel_assignment,assets/page_images/001_道因法师碑/p0011.jpg,1,http://data.library.sh.cn/bt/resource/work/v1e0qbx3r5wp1uw4,http://iiif.library.sh.cn/api/viewer/17A331,https://iiif.library.sh.cn/p/3/02c55611-7427-4cd0-a2cd-a15b5ccbaa9c,https://iiif.library.sh.cn/c/3/251cbfcf-5c9f-4443-a4c0-6d093e876ca9,1447,2228,https://iiif.library.sh.cn/c/3/251cbfcf-5c9f-4443-a4c0-6d093e876ca9/ap/s,https://iiif.library.sh.cn/c/3/251cbfcf-5c9f-4443-a4c0-6d093e876ca9/ap/c/a/d4734e23-133d-47ee-99ca-b9540123c73d,21,21,supplementing,"[768, 1210, 151, 151]","[768, 1210, 919, 1361]","https://iiif.library.sh.cn/c/3/251cbfcf-5c9f-4443-a4c0-6d093e876ca9#xywh=768,1210,151,151",李俨撰文，欧阳通楷书,欧阳通（楷书）；李儇（撰文）,唐,龙朔三年十月十日刻立（663）,663,楷书,17A331,《翰墨瑰宝：上海图书馆藏珍本碑帖丛刊》第二辑,iiif_annotation_target_xywh,iiif_xywh
001_道因法师碑_p0011_c022,持,001_道因法师碑,道因法师碑,11,十一,2,5,768,1366,151,151,768,1370,156,172,"[768, 1370, 156, 172]",756,1353,180,206,"[756, 1353, 180, 206]",10367,text_constrained_column_cell_pixel_assignment,assets/page_images/001_道因法师碑/p0011.jpg,1,http://data.library.sh.cn/bt/resource/work/v1e0qbx3r5wp1uw4,http://iiif.library.sh.cn/api/viewer/17A331,https://iiif.library.sh.cn/p/3/02c55611-7427-4cd0-a2cd-a15b5ccbaa9c,https://iiif.library.sh.cn/c/3/251cbfcf-5c9f-4443-a4c0-6d093e876ca9,1447,2228,https://iiif.library.sh.cn/c/3/251cbfcf-5c9f-4443-a4c0-6d093e876ca9/ap/s,https://iiif.library.sh.cn/c/3/251cbfcf-5c9f-4443-a4c0-6d093e876ca9/ap/c/a/8df5f9a2-7ede-47e0-954a-f953440032ee,22,22,supplementing,"[768, 1366, 151, 151]","[768, 1366, 919, 1517]","https://iiif.library.sh.cn/c/3/251cbfcf-5c9f-4443-a4c0-6d093e876ca9#xywh=768,1366,151,151",李俨撰文，欧阳通楷书,欧阳通（楷书）；李儇（撰文）,唐,龙朔三年十月十日刻立（663）,663,楷书,17A331,《翰墨瑰宝：上海图书馆藏珍本碑帖丛刊》第二辑,iiif_annotation_target_xywh,iiif_xywh
001_道因法师碑_p0011_c023,之,001_道因法师碑,道因法师碑,11,十一,2,6,768,1580,151,151,768,1556,156,190,"[768, 1556, 156, 190]",756,1537,180,228,"[756, 1537, 180, 228]",8602,text_constrained_column_cell_pixel_assignment,assets/page_images/001_道因法师碑/p0011.jpg,1,http://data.library.sh.cn/bt/resource/work/v1e0qbx3r5wp1uw4,http://iiif.library.sh.cn/api/viewer/17A331,https://iiif.library.sh.cn/p/3/02c55611-7427-4cd0-a2cd-a15b5ccbaa9c,https://iiif.library.sh.cn/c/3/251cbfcf-5c9f-4443-a4c0-6d093e876ca9,1447,2228,https://iiif.library.sh.cn/c/3/251cbfcf-5c9f-4443-a4c0-6d093e876ca9/ap/s,https://iiif.library.sh.cn/c/3/251cbfcf-5c9f-4443-a4c0-6d093e876ca9/ap/c/a/9e430f49-a9ed-4d80-b250-6799bbb1d928,23,23,supplementing,"[768, 1580, 151, 151]","[768, 1580, 919, 1731]","https://iiif.library.sh.cn/c/3/251cbfcf-5c9f-4443-a4c0-6d093e876ca9#xywh=768,1580,151,151",李俨撰文，欧阳通楷书,欧阳通（楷书）；李儇（撰文）,唐,龙朔三年十月十日刻立（663）,663,楷书,17A331,《翰墨瑰宝：上海图书馆藏珍本碑帖丛刊》第二辑,iiif_annotation_target_xywh,iiif_xywh
001_道因法师碑_p0011_c024,菀,001_道因法师碑,道因法师碑,11,十一,2,7,768,1775,151,151,768,1760,156,181,"[768, 1760, 156, 181]",756,1742,180,217,"[756, 1742, 180, 217]",15887,text_constrained_column_cell_pixel_assignment,assets/page_images/001_道因法师碑/p0011.jpg,1,http://data.library.sh.cn/bt/resource/work/v1e0qbx3r5wp1uw4,http://iiif.library.sh.cn/api/viewer/17A331,https://iiif.library.sh.cn/p/3/02c55611-7427-4cd0-a2cd-a15b5ccbaa9c,https://iiif.library.sh.cn/c/3/251cbfcf-5c9f-4443-a4c0-6d093e876ca9,1447,2228,https://iiif.library.sh.cn/c/3/251cbfcf-5c9f-4443-a4c0-6d093e876ca9/ap/s,https://iiif.library.sh.cn/c/3/251cbfcf-5c9f-4443-a4c0-6d093e876ca9/ap/c/a/e4dc3500-ed64-4a99-b394-c0c203db6c96,24,24,supplementing,"[768, 1775, 151, 151]","[768, 1775, 919, 1926]","https://iiif.library.sh.cn/c/3/251cbfcf-5c9f-4443-a4c0-6d093e876ca9#xywh=768,1775,151,151",李俨撰文，欧阳通楷书,欧阳通（楷书）；李儇（撰文）,唐,龙朔三年十月十日刻立（663）,663,楷书,17A331,《翰墨瑰宝：上海图书馆藏珍本碑帖丛刊》第二辑,iiif_annotation_target_xywh,iiif_xywh
001_道因法师碑_p0011_c025,斯,001_道因法师碑,道因法师碑,11,十一,3,0,602,539,158,158,607,550,150,136,"[607, 550, 150, 136]",595,536,174,164,"[595, 536, 174, 164]",10251,text_constrained_column_cell_pixel_assignment,assets/page_images/001_道因法师碑/p0011.jpg,1,http://data.library.sh.cn/bt/resource/work/v1e0qbx3r5wp1uw4,http://iiif.library.sh.cn/api/viewer/17A331,https://iiif.library.sh.cn/p/3/02c55611-7427-4cd0-a2cd-a15b5ccbaa9c,https://iiif.library.sh.cn/c/3/251cbfcf-5c9f-4443-a4c0-6d093e876ca9,1447,2228,https://iiif.library.sh.cn/c/3/251cbfcf-5c9f-4443-a4c0-6d093e876ca9/ap/s,https://iiif.library.sh.cn/c/3/251cbfcf-5c9f-4443-a4c0-6d093e876ca9/ap/c/a/d30b82dc-6434-4831-9934-e2747777738f,25,25,supplementing,"[602, 539, 158, 158]","[602, 539, 760, 697]","https://iiif.library.sh.cn/c/3/251cbfcf-5c9f-4443-a4c0-6d093e876ca9#xywh=602,539,158,158",李俨撰文，欧阳通楷书,欧阳通（楷书）；李儇（撰文）,唐,龙朔三年十月十日刻立（663）,663,楷书,17A331,《翰墨瑰宝：上海图书馆藏珍本碑帖丛刊》第二辑,iiif_annotation_target_xywh,iiif_xywh
001_道因法师碑_p0011_c026,辟,001_道因法师碑,道因法师碑,11,十一,3,1,602,685,158,158,607,697,150,150,"[607, 697, 150, 150]",595,682,174,180,"[595, 682, 174, 180]",8795,text_constrained_column_cell_pixel_assignment,assets/page_images/001_道因法师碑/p0011.jpg,1,http://data.library.sh.cn/bt/resource/work/v1e0qbx3r5wp1uw4,http://iiif.library.sh.cn/api/viewer/17A331,https://iiif.library.sh.cn/p/3/02c55611-7427-4cd0-a2cd-a15b5ccbaa9c,https://iiif.library.sh.cn/c/3/251cbfcf-5c9f-4443-a4c0-6d093e876ca9,1447,2228,https://iiif.library.sh.cn/c/3/251cbfcf-5c9f-4443-a4c0-6d093e876ca9/ap/s,https://iiif.library.sh.cn/c/3/251cbfcf-5c9f-4443-a4c0-6d093e876ca9/ap/c/a/92425310-9e2f-44cd-b241-ca2cd2006ecb,26,26,supplementing,"[602, 685, 158, 158]","[602, 685, 760, 843]","https://iiif.library.sh.cn/c/3/251cbfcf-5c9f-4443-a4c0-6d093e876ca9#xywh=602,685,158,158",李俨撰文，欧阳通楷书,欧阳通（楷书）；李儇（撰文）,唐,龙朔三年十月十日刻立（663）,663,楷书,17A331,《翰墨瑰宝：上海图书馆藏珍本碑帖丛刊》第二辑,iiif_annotation_target_xywh,iiif_xywh
001_道因法师碑_p0011_c027,结,001_道因法师碑,道因法师碑,11,十一,3,2,602,862,158,158,607,859,150,160,"[607, 859, 150, 160]",595,843,174,192,"[595, 843, 174, 192]",9573,text_constrained_column_cell_pixel_assignment,assets/page_images/001_道因法师碑/p0011.jpg,1,http://data.library.sh.cn/bt/resource/work/v1e0qbx3r5wp1uw4,http://iiif.library.sh.cn/api/viewer/17A331,https://iiif.library.sh.cn/p/3/02c55611-7427-4cd0-a2cd-a15b5ccbaa9c,https://iiif.library.sh.cn/c/3/251cbfcf-5c9f-4443-a4c0-6d093e876ca9,1447,2228,https://iiif.library.sh.cn/c/3/251cbfcf-5c9f-4443-a4c0-6d093e876ca9/ap/s,https://iiif.library.sh.cn/c/3/251cbfcf-5c9f-4443-a4c0-6d093e876ca9/ap/c/a/4d8b67ef-2369-4b08-b3d4-236cf6619bd1,27,27,supplementing,"[602, 862, 158, 158]","[602, 862, 760, 1020]","https://iiif.library.sh.cn/c/3/251cbfcf-5c9f-4443-a4c0-6d093e876ca9#xywh=602,862,158,158",李俨撰文，欧阳通楷书,欧阳通（楷书）；李儇（撰文）,唐,龙朔三年十月十日刻立（663）,663,楷书,17A331,《翰墨瑰宝：上海图书馆藏珍本碑帖丛刊》第二辑,iiif_annotation_target_xywh,iiif_xywh
001_道因法师碑_p0011_c028,集,001_道因法师碑,道因法师碑,11,十一,3,3,602,1031,158,158,607,1032,150,168,"[607, 1032, 150, 168]",595,1015,174,202,"[595, 1015, 174, 202]",10203,text_constrained_column_cell_pixel_assignment,assets/page_images/001_道因法师碑/p0011.jpg,1,http://data.library.sh.cn/bt/resource/work/v1e0qbx3r5wp1uw4,http://iiif.library.sh.cn/api/viewer/17A331,https://iiif.library.sh.cn/p/3/02c55611-7427-4cd0-a2cd-a15b5ccbaa9c,https://iiif.library.sh.cn/c/3/251cbfcf-5c9f-4443-a4c0-6d093e876ca9,1447,2228,https://iiif.library.sh.cn/c/3/251cbfcf-5c9f-4443-a4c0-6d093e876ca9/ap/s,https://iiif.library.sh.cn/c/3/251cbfcf-5c9f-4443-a4c0-6d093e876ca9/ap/c/a/22315169-566a-4700-be39-cb89fc310c1c,28,28,supplementing,"[602, 1031, 158, 158]","[602, 1031, 760, 1189]","https://iiif.library.sh.cn/c/3/251cbfcf-5c9f-4443-a4c0-6d093e876ca9#xywh=602,1031,158,158",李俨撰文，欧阳通楷书,欧阳通（楷书）；李儇（撰文）,唐,龙朔三年十月十日刻立（663）,663,楷书,17A331,《翰墨瑰宝：上海图书馆藏珍本碑帖丛刊》第二辑,iiif_annotation_target_xywh,iiif_xywh
001_道因法师碑_p0011_c029,之,001_道因法师碑,道因法师碑,11,十一,3,4,602,1224,158,158,607,1213,150,159,"[607, 1213, 150, 159]",595,1197,174,191,"[595, 1197, 174, 191]",9657,text_constrained_column_cell_pixel_assignment,assets/page_images/001_道因法师碑/p0011.jpg,1,http://data.library.sh.cn/bt/resource/work/v1e0qbx3r5wp1uw4,http://iiif.library.sh.cn/api/viewer/17A331,https://iiif.library.sh.cn/p/3/02c55611-7427-4cd0-a2cd-a15b5ccbaa9c,https://iiif.library.sh.cn/c/3/251cbfcf-5c9f-4443-a4c0-6d093e876ca9,1447,2228,https://iiif.library.sh.cn/c/3/251cbfcf-5c9f-4443-a4c0-6d093e876ca9/ap/s,https://iiif.library.sh.cn/c/3/251cbfcf-5c9f-4443-a4c0-6d093e876ca9/ap/c/a/488bf0ec-d5b5-4f79-8cbc-28883480719b,29,29,supplementing,"[602, 1224, 158, 158]","[602, 1224, 760, 1382]","https://iiif.library.sh.cn/c/3/251cbfcf-5c9f-4443-a4c0-6d093e876ca9#xywh=602,1224,158,158",李俨撰文，欧阳通楷书,欧阳通（楷书）；李儇（撰文）,唐,龙朔三年十月十日刻立（663）,663,楷书,17A331,《翰墨瑰宝：上海图书馆藏珍本碑帖丛刊》第二辑,iiif_annotation_target_xywh,iiif_xywh
001_道因法师碑_p0011_c030,侣,001_道因法师碑,道因法师碑,11,十一,3,5,602,1374,158,158,607,1384,150,150,"[607, 1384, 150, 150]",595,1369,174,180,"[595, 1369, 174, 180]",10398,text_constrained_column_cell_pixel_assignment,assets/page_images/001_道因法师碑/p0011.jpg,1,http://data.library.sh.cn/bt/resource/work/v1e0qbx3r5wp1uw4,http://iiif.library.sh.cn/api/viewer/17A331,https://iiif.library.sh.cn/p/3/02c55611-7427-4cd0-a2cd-a15b5ccbaa9c,https://iiif.library.sh.cn/c/3/251cbfcf-5c9f-4443-a4c0-6d093e876ca9,1447,2228,https://iiif.library.sh.cn/c/3/251cbfcf-5c9f-4443-a4c0-6d093e876ca9/ap/s,https://iiif.library.sh.cn/c/3/251cbfcf-5c9f-4443-a4c0-6d093e876ca9/ap/c/a/48d6982d-8777-4108-8095-415729911011,30,30,supplementing,"[602, 1374, 158, 158]","[602, 1374, 760, 1532]","https://iiif.library.sh.cn/c/3/251cbfcf-5c9f-4443-a4c0-6d093e876ca9#xywh=602,1374,158,158",李俨撰文，欧阳通楷书,欧阳通（楷书）；李儇（撰文）,唐,龙朔三年十月十日刻立（663）,663,楷书,17A331,《翰墨瑰宝：上海图书馆藏珍本碑帖丛刊》第二辑,iiif_annotation_target_xywh,iiif_xywh
001_道因法师碑_p0011_c031,扬,001_道因法师碑,道因法师碑,11,十一,3,6,602,1548,158,158,607,1547,150,180,"[607, 1547, 150, 180]",595,1529,174,216,"[595, 1529, 174, 216]",11428,text_constrained_column_cell_pixel_assignment,assets/page_images/001_道因法师碑/p0011.jpg,1,http://data.library.sh.cn/bt/resource/work/v1e0qbx3r5wp1uw4,http://iiif.library.sh.cn/api/viewer/17A331,https://iiif.library.sh.cn/p/3/02c55611-7427-4cd0-a2cd-a15b5ccbaa9c,https://iiif.library.sh.cn/c/3/251cbfcf-5c9f-4443-a4c0-6d093e876ca9,1447,2228,https://iiif.library.sh.cn/c/3/251cbfcf-5c9f-4443-a4c0-6d093e876ca9/ap/s,https://iiif.library.sh.cn/c/3/251cbfcf-5c9f-4443-a4c0-6d093e876ca9/ap/c/a/39e869e7-a011-4fb8-a440-47716c0d498c,31,31,supplementing,"[602, 1548, 158, 158]","[602, 1548, 760, 1706]","https://iiif.library.sh.cn/c/3/251cbfcf-5c9f-4443-a4c0-6d093e876ca9#xywh=602,1548,158,158",李俨撰文，欧阳通楷书,欧阳通（楷书）；李儇（撰文）,唐,龙朔三年十月十日刻立（663）,663,楷书,17A331,《翰墨瑰宝：上海图书馆藏珍本碑帖丛刊》第二辑,iiif_annotation_target_xywh,iiif_xywh
001_道因法师碑_p0011_c032,其,001_道因法师碑,道因法师碑,11,十一,3,7,602,1761,158,158,607,1741,150,198,"[607, 1741, 150, 198]",595,1721,174,238,"[595, 1721, 174, 238]",16397,text_constrained_column_cell_pixel_assignment,assets/page_images/001_道因法师碑/p0011.jpg,1,http://data.library.sh.cn/bt/resource/work/v1e0qbx3r5wp1uw4,http://iiif.library.sh.cn/api/viewer/17A331,https://iiif.library.sh.cn/p/3/02c55611-7427-4cd0-a2cd-a15b5ccbaa9c,https://iiif.library.sh.cn/c/3/251cbfcf-5c9f-4443-a4c0-6d093e876ca9,1447,2228,https://iiif.library.sh.cn/c/3/251cbfcf-5c9f-4443-a4c0-6d093e876ca9/ap/s,https://iiif.library.sh.cn/c/3/251cbfcf-5c9f-4443-a4c0-6d093e876ca9/ap/c/a/b373b70a-3d71-4088-92e0-5160efb9c630,32,32,supplementing,"[602, 1761, 158, 158]","[602, 1761, 760, 1919]","https://iiif.library.sh.cn/c/3/251cbfcf-5c9f-4443-a4c0-6d093e876ca9#xywh=602,1761,158,158",李俨撰文，欧阳通楷书,欧阳通（楷书）；李儇（撰文）,唐,龙朔三年十月十日刻立（663）,663,楷书,17A331,《翰墨瑰宝：上海图书馆藏珍本碑帖丛刊》第二辑,iiif_annotation_target_xywh,iiif_xywh
001_道因法师碑_p0011_c033,实,001_道因法师碑,道因法师碑,11,十一,4,0,457,533,129,129,447,512,149,171,"[447, 512, 149, 171]",435,495,173,205,"[435, 495, 173, 205]",13973,text_constrained_column_cell_pixel_assignment,assets/page_images/001_道因法师碑/p0011.jpg,1,http://data.library.sh.cn/bt/resource/work/v1e0qbx3r5wp1uw4,http://iiif.library.sh.cn/api/viewer/17A331,https://iiif.library.sh.cn/p/3/02c55611-7427-4cd0-a2cd-a15b5ccbaa9c,https://iiif.library.sh.cn/c/3/251cbfcf-5c9f-4443-a4c0-6d093e876ca9,1447,2228,https://iiif.library.sh.cn/c/3/251cbfcf-5c9f-4443-a4c0-6d093e876ca9/ap/s,https://iiif.library.sh.cn/c/3/251cbfcf-5c9f-4443-a4c0-6d093e876ca9/ap/c/a/c037d6c4-3d77-4e9f-b4cc-a0b24fbf6144,33,33,supplementing,"[457, 533, 129, 129]","[457, 533, 586, 662]","https://iiif.library.sh.cn/c/3/251cbfcf-5c9f-4443-a4c0-6d093e876ca9#xywh=457,533,129,129",李俨撰文，欧阳通楷书,欧阳通（楷书）；李儇（撰文）,唐,龙朔三年十月十日刻立（663）,663,楷书,17A331,《翰墨瑰宝：上海图书馆藏珍本碑帖丛刊》第二辑,iiif_annotation_target_xywh,iiif_xywh
001_道因法师碑_p0011_c034,谛,001_道因法师碑,道因法师碑,11,十一,4,1,457,717,129,129,447,695,149,147,"[447, 695, 149, 147]",435,680,173,177,"[435, 680, 173, 177]",9496,text_constrained_column_cell_pixel_assignment,assets/page_images/001_道因法师碑/p0011.jpg,1,http://data.library.sh.cn/bt/resource/work/v1e0qbx3r5wp1uw4,http://iiif.library.sh.cn/api/viewer/17A331,https://iiif.library.sh.cn/p/3/02c55611-7427-4cd0-a2cd-a15b5ccbaa9c,https://iiif.library.sh.cn/c/3/251cbfcf-5c9f-4443-a4c0-6d093e876ca9,1447,2228,https://iiif.library.sh.cn/c/3/251cbfcf-5c9f-4443-a4c0-6d093e876ca9/ap/s,https://iiif.library.sh.cn/c/3/251cbfcf-5c9f-4443-a4c0-6d093e876ca9/ap/c/a/97e13395-a366-499f-abef-9d5090522445,34,34,supplementing,"[457, 717, 129, 129]","[457, 717, 586, 846]","https://iiif.library.sh.cn/c/3/251cbfcf-5c9f-4443-a4c0-6d093e876ca9#xywh=457,717,129,129",李俨撰文，欧阳通楷书,欧阳通（楷书）；李儇（撰文）,唐,龙朔三年十月十日刻立（663）,663,楷书,17A331,《翰墨瑰宝：上海图书馆藏珍本碑帖丛刊》第二辑,iiif_annotation_target_xywh,iiif_xywh
001_道因法师碑_p0011_c035,传,001_道因法师碑,道因法师碑,11,十一,4,2,457,850,129,129,447,854,149,159,"[447, 854, 149, 159]",435,838,173,191,"[435, 838, 173, 191]",13800,text_constrained_column_cell_pixel_assignment,assets/page_images/001_道因法师碑/p0011.jpg,1,http://data.library.sh.cn/bt/resource/work/v1e0qbx3r5wp1uw4,http://iiif.library.sh.cn/api/viewer/17A331,https://iiif.library.sh.cn/p/3/02c55611-7427-4cd0-a2cd-a15b5ccbaa9c,https://iiif.library.sh.cn/c/3/251cbfcf-5c9f-4443-a4c0-6d093e876ca9,1447,2228,https://iiif.library.sh.cn/c/3/251cbfcf-5c9f-4443-a4c0-6d093e876ca9/ap/s,https://iiif.library.sh.cn/c/3/251cbfcf-5c9f-4443-a4c0-6d093e876ca9/ap/c/a/4c316e6a-af1b-4338-beff-d128a9396f7b,35,35,supplementing,"[457, 850, 129, 129]","[457, 850, 586, 979]","https://iiif.library.sh.cn/c/3/251cbfcf-5c9f-4443-a4c0-6d093e876ca9#xywh=457,850,129,129",李俨撰文，欧阳通楷书,欧阳通（楷书）；李儇（撰文）,唐,龙朔三年十月十日刻立（663）,663,楷书,17A331,《翰墨瑰宝：上海图书馆藏珍本碑帖丛刊》第二辑,iiif_annotation_target_xywh,iiif_xywh
001_道因法师碑_p0011_c036,授,001_道因法师碑,道因法师碑,11,十一,4,3,457,1059,129,129,447,1026,149,177,"[447, 1026, 149, 177]",435,1008,173,213,"[435, 1008, 173, 213]",12104,text_constrained_column_cell_pixel_assignment,assets/page_images/001_道因法师碑/p0011.jpg,1,http://data.library.sh.cn/bt/resource/work/v1e0qbx3r5wp1uw4,http://iiif.library.sh.cn/api/viewer/17A331,https://iiif.library.sh.cn/p/3/02c55611-7427-4cd0-a2cd-a15b5ccbaa9c,https://iiif.library.sh.cn/c/3/251cbfcf-5c9f-4443-a4c0-6d093e876ca9,1447,2228,https://iiif.library.sh.cn/c/3/251cbfcf-5c9f-4443-a4c0-6d093e876ca9/ap/s,https://iiif.library.sh.cn/c/3/251cbfcf-5c9f-4443-a4c0-6d093e876ca9/ap/c/a/226d751c-b70e-4b32-9122-ca4555b480b0,36,36,supplementing,"[457, 1059, 129, 129]","[457, 1059, 586, 1188]","https://iiif.library.sh.cn/c/3/251cbfcf-5c9f-4443-a4c0-6d093e876ca9#xywh=457,1059,129,129",李俨撰文，欧阳通楷书,欧阳通（楷书）；李儇（撰文）,唐,龙朔三年十月十日刻立（663）,663,楷书,17A331,《翰墨瑰宝：上海图书馆藏珍本碑帖丛刊》第二辑,iiif_annotation_target_xywh,iiif_xywh
001_道因法师碑_p0011_c037,之,001_道因法师碑,道因法师碑,11,十一,4,4,457,1232,129,129,447,1216,149,160,"[447, 1216, 149, 160]",435,1200,173,192,"[435, 1200, 173, 192]",15672,text_constrained_column_cell_pixel_assignment,assets/page_images/001_道因法师碑/p0011.jpg,1,http://data.library.sh.cn/bt/resource/work/v1e0qbx3r5wp1uw4,http://iiif.library.sh.cn/api/viewer/17A331,https://iiif.library.sh.cn/p/3/02c55611-7427-4cd0-a2cd-a15b5ccbaa9c,https://iiif.library.sh.cn/c/3/251cbfcf-5c9f-4443-a4c0-6d093e876ca9,1447,2228,https://iiif.library.sh.cn/c/3/251cbfcf-5c9f-4443-a4c0-6d093e876ca9/ap/s,https://iiif.library.sh.cn/c/3/251cbfcf-5c9f-4443-a4c0-6d093e876ca9/ap/c/a/fd948537-a6fc-4880-8d3c-859a1ca81bd1,37,37,supplementing,"[457, 1232, 129, 129]","[457, 1232, 586, 1361]","https://iiif.library.sh.cn/c/3/251cbfcf-5c9f-4443-a4c0-6d093e876ca9#xywh=457,1232,129,129",李俨撰文，欧阳通楷书,欧阳通（楷书）；李儇（撰文）,唐,龙朔三年十月十日刻立（663）,663,楷书,17A331,《翰墨瑰宝：上海图书馆藏珍本碑帖丛刊》第二辑,iiif_annotation_target_xywh,iiif_xywh
001_道因法师碑_p0011_c038,宾,001_道因法师碑,道因法师碑,11,十一,4,5,457,1403,129,129,447,1388,149,158,"[447, 1388, 149, 158]",435,1372,173,190,"[435, 1372, 173, 190]",14516,text_constrained_column_cell_pixel_assignment,assets/page_images/001_道因法师碑/p0011.jpg,1,http://data.library.sh.cn/bt/resource/work/v1e0qbx3r5wp1uw4,http://iiif.library.sh.cn/api/viewer/17A331,https://iiif.library.sh.cn/p/3/02c55611-7427-4cd0-a2cd-a15b5ccbaa9c,https://iiif.library.sh.cn/c/3/251cbfcf-5c9f-4443-a4c0-6d093e876ca9,1447,2228,https://iiif.library.sh.cn/c/3/251cbfcf-5c9f-4443-a4c0-6d093e876ca9/ap/s,https://iiif.library.sh.cn/c/3/251cbfcf-5c9f-4443-a4c0-6d093e876ca9/ap/c/a/8402c45a-659e-4380-89da-1962cb62d7f6,38,38,supplementing,"[457, 1403, 129, 129]","[457, 1403, 586, 1532]","https://iiif.library.sh.cn/c/3/251cbfcf-5c9f-4443-a4c0-6d093e876ca9#xywh=457,1403,129,129",李俨撰文，欧阳通楷书,欧阳通（楷书）；李儇（撰文）,唐,龙朔三年十月十日刻立（663）,663,楷书,17A331,《翰墨瑰宝：上海图书馆藏珍本碑帖丛刊》第二辑,iiif_annotation_target_xywh,iiif_xywh
001_道因法师碑_p0011_c039,弘,001_道因法师碑,道因法师碑,11,十一,4,6,457,1572,129,129,447,1558,149,159,"[447, 1558, 149, 159]",435,1542,173,191,"[435, 1542, 173, 191]",14302,text_constrained_column_cell_pixel_assignment,assets/page_images/001_道因法师碑/p0011.jpg,1,http://data.library.sh.cn/bt/resource/work/v1e0qbx3r5wp1uw4,http://iiif.library.sh.cn/api/viewer/17A331,https://iiif.library.sh.cn/p/3/02c55611-7427-4cd0-a2cd-a15b5ccbaa9c,https://iiif.library.sh.cn/c/3/251cbfcf-5c9f-4443-a4c0-6d093e876ca9,1447,2228,https://iiif.library.sh.cn/c/3/251cbfcf-5c9f-4443-a4c0-6d093e876ca9/ap/s,https://iiif.library.sh.cn/c/3/251cbfcf-5c9f-4443-a4c0-6d093e876ca9/ap/c/a/216082b9-0292-4b1a-b84d-d4a6b8e1bdea,39,39,supplementing,"[457, 1572, 129, 129]","[457, 1572, 586, 1701]","https://iiif.library.sh.cn/c/3/251cbfcf-5c9f-4443-a4c0-6d093e876ca9#xywh=457,1572,129,129",李俨撰文，欧阳通楷书,欧阳通（楷书）；李儇（撰文）,唐,龙朔三年十月十日刻立（663）,663,楷书,17A331,《翰墨瑰宝：上海图书馆藏珍本碑帖丛刊》第二辑,iiif_annotation_target_xywh,iiif_xywh
001_道因法师碑_p0011_c040,其,001_道因法师碑,道因法师碑,11,十一,4,7,457,1745,129,129,447,1729,149,161,"[447, 1729, 149, 161]",435,1713,173,193,"[435, 1713, 173, 193]",13892,text_constrained_column_cell_pixel_assignment,assets/page_images/001_道因法师碑/p0011.jpg,1,http://data.library.sh.cn/bt/resource/work/v1e0qbx3r5wp1uw4,http://iiif.library.sh.cn/api/viewer/17A331,https://iiif.library.sh.cn/p/3/02c55611-7427-4cd0-a2cd-a15b5ccbaa9c,https://iiif.library.sh.cn/c/3/251cbfcf-5c9f-4443-a4c0-6d093e876ca9,1447,2228,https://iiif.library.sh.cn/c/3/251cbfcf-5c9f-4443-a4c0-6d093e876ca9/ap/s,https://iiif.library.sh.cn/c/3/251cbfcf-5c9f-4443-a4c0-6d093e876ca9/ap/c/a/9b5f2634-2585-426d-aabd-7586b6c09355,40,40,supplementing,"[457, 1745, 129, 129]","[457, 1745, 586, 1874]","https://iiif.library.sh.cn/c/3/251cbfcf-5c9f-4443-a4c0-6d093e876ca9#xywh=457,1745,129,129",李俨撰文，欧阳通楷书,欧阳通（楷书）；李儇（撰文）,唐,龙朔三年十月十日刻立（663）,663,楷书,17A331,《翰墨瑰宝：上海图书馆藏珍本碑帖丛刊》第二辑,iiif_annotation_target_xywh,iiif_xywh
001_道因法师碑_p0012_c001,妙,001_道因法师碑,道因法师碑,12,十二,0,0,891,510,155,155,888,498,161,179,"[888, 498, 161, 179]",875,480,187,215,"[875, 480, 187, 215]",19445,text_constrained_column_cell_pixel_assignment,assets/page_images/001_道因法师碑/p0012.jpg,1,http://data.library.sh.cn/bt/resource/work/v1e0qbx3r5wp1uw4,http://iiif.library.sh.cn/api/viewer/17A331,https://iiif.library.sh.cn/p/3/02c55611-7427-4cd0-a2cd-a15b5ccbaa9c,https://iiif.library.sh.cn/c/3/a2a0559b-d52c-40c8-a7dc-37082b552694,1465,2233,https://iiif.library.sh.cn/c/3/a2a0559b-d52c-40c8-a7dc-37082b552694/ap/s,https://iiif.library.sh.cn/c/3/a2a0559b-d52c-40c8-a7dc-37082b552694/ap/c/a/b9bbb500-775f-45c4-906a-a7205dc0caf0,1,1,supplementing,"[891, 510, 155, 155]","[891, 510, 1046, 665]","https://iiif.library.sh.cn/c/3/a2a0559b-d52c-40c8-a7dc-37082b552694#xywh=891,510,155,155",李俨撰文，欧阳通楷书,欧阳通（楷书）；李儇（撰文）,唐,龙朔三年十月十日刻立（663）,663,楷书,17A331,《翰墨瑰宝：上海图书馆藏珍本碑帖丛刊》第二辑,iiif_annotation_target_xywh,iiif_xywh
001_道因法师碑_p0012_c002,理,001_道因法师碑,道因法师碑,12,十二,0,1,891,702,155,155,888,689,161,154,"[888, 689, 161, 154]",875,674,187,184,"[875, 674, 187, 184]",14260,text_constrained_column_cell_pixel_assignment,assets/page_images/001_道因法师碑/p0012.jpg,1,http://data.library.sh.cn/bt/resource/work/v1e0qbx3r5wp1uw4,http://iiif.library.sh.cn/api/viewer/17A331,https://iiif.library.sh.cn/p/3/02c55611-7427-4cd0-a2cd-a15b5ccbaa9c,https://iiif.library.sh.cn/c/3/a2a0559b-d52c-40c8-a7dc-37082b552694,1465,2233,https://iiif.library.sh.cn/c/3/a2a0559b-d52c-40c8-a7dc-37082b552694/ap/s,https://iiif.library.sh.cn/c/3/a2a0559b-d52c-40c8-a7dc-37082b552694/ap/c/a/ec79caac-7dd9-4702-a938-72c289e11bb8,2,2,supplementing,"[891, 702, 155, 155]","[891, 702, 1046, 857]","https://iiif.library.sh.cn/c/3/a2a0559b-d52c-40c8-a7dc-37082b552694#xywh=891,702,155,155",李俨撰文，欧阳通楷书,欧阳通（楷书）；李儇（撰文）,唐,龙朔三年十月十日刻立（663）,663,楷书,17A331,《翰墨瑰宝：上海图书馆藏珍本碑帖丛刊》第二辑,iiif_annotation_target_xywh,iiif_xywh
001_道因法师碑_p0012_c003,然,001_道因法师碑,道因法师碑,12,十二,0,2,891,841,155,155,888,855,161,152,"[888, 855, 161, 152]",875,840,187,182,"[875, 840, 187, 182]",14655,text_constrained_column_cell_pixel_assignment,assets/page_images/001_道因法师碑/p0012.jpg,1,http://data.library.sh.cn/bt/resource/work/v1e0qbx3r5wp1uw4,http://iiif.library.sh.cn/api/viewer/17A331,https://iiif.library.sh.cn/p/3/02c55611-7427-4cd0-a2cd-a15b5ccbaa9c,https://iiif.library.sh.cn/c/3/a2a0559b-d52c-40c8-a7dc-37082b552694,1465,2233,https://iiif.library.sh.cn/c/3/a2a0559b-d52c-40c8-a7dc-37082b552694/ap/s,https://iiif.library.sh.cn/c/3/a2a0559b-d52c-40c8-a7dc-37082b552694/ap/c/a/0b008664-788e-46c7-8f17-913fc5c65464,3,3,supplementing,"[891, 841, 155, 155]","[891, 841, 1046, 996]","https://iiif.library.sh.cn/c/3/a2a0559b-d52c-40c8-a7dc-37082b552694#xywh=891,841,155,155",李俨撰文，欧阳通楷书,欧阳通（楷书）；李儇（撰文）,唐,龙朔三年十月十日刻立（663）,663,楷书,17A331,《翰墨瑰宝：上海图书馆藏珍本碑帖丛刊》第二辑,iiif_annotation_target_xywh,iiif_xywh
001_道因法师碑_p0012_c004,则,001_道因法师碑,道因法师碑,12,十二,0,3,891,1030,155,155,888,1019,161,173,"[888, 1019, 161, 173]",875,1002,187,207,"[875, 1002, 187, 207]",15693,text_constrained_column_cell_pixel_assignment,assets/page_images/001_道因法师碑/p0012.jpg,1,http://data.library.sh.cn/bt/resource/work/v1e0qbx3r5wp1uw4,http://iiif.library.sh.cn/api/viewer/17A331,https://iiif.library.sh.cn/p/3/02c55611-7427-4cd0-a2cd-a15b5ccbaa9c,https://iiif.library.sh.cn/c/3/a2a0559b-d52c-40c8-a7dc-37082b552694,1465,2233,https://iiif.library.sh.cn/c/3/a2a0559b-d52c-40c8-a7dc-37082b552694/ap/s,https://iiif.library.sh.cn/c/3/a2a0559b-d52c-40c8-a7dc-37082b552694/ap/c/a/7f44320a-cd8d-4267-9974-9dc2eb65bb58,4,4,supplementing,"[891, 1030, 155, 155]","[891, 1030, 1046, 1185]","https://iiif.library.sh.cn/c/3/a2a0559b-d52c-40c8-a7dc-37082b552694#xywh=891,1030,155,155",李俨撰文，欧阳通楷书,欧阳通（楷书）；李儇（撰文）,唐,龙朔三年十月十日刻立（663）,663,楷书,17A331,《翰墨瑰宝：上海图书馆藏珍本碑帖丛刊》第二辑,iiif_annotation_target_xywh,iiif_xywh
001_道因法师碑_p0012_c005,绍,001_道因法师碑,道因法师碑,12,十二,0,4,891,1211,155,155,888,1205,161,181,"[888, 1205, 161, 181]",875,1187,187,217,"[875, 1187, 187, 217]",16281,text_constrained_column_cell_pixel_assignment,assets/page_images/001_道因法师碑/p0012.jpg,1,http://data.library.sh.cn/bt/resource/work/v1e0qbx3r5wp1uw4,http://iiif.library.sh.cn/api/viewer/17A331,https://iiif.library.sh.cn/p/3/02c55611-7427-4cd0-a2cd-a15b5ccbaa9c,https://iiif.library.sh.cn/c/3/a2a0559b-d52c-40c8-a7dc-37082b552694,1465,2233,https://iiif.library.sh.cn/c/3/a2a0559b-d52c-40c8-a7dc-37082b552694/ap/s,https://iiif.library.sh.cn/c/3/a2a0559b-d52c-40c8-a7dc-37082b552694/ap/c/a/e0e65d50-aff0-46ce-9a41-1649e85b9e50,5,5,supplementing,"[891, 1211, 155, 155]","[891, 1211, 1046, 1366]","https://iiif.library.sh.cn/c/3/a2a0559b-d52c-40c8-a7dc-37082b552694#xywh=891,1211,155,155",李俨撰文，欧阳通楷书,欧阳通（楷书）；李儇（撰文）,唐,龙朔三年十月十日刻立（663）,663,楷书,17A331,《翰墨瑰宝：上海图书馆藏珍本碑帖丛刊》第二辑,iiif_annotation_target_xywh,iiif_xywh
001_道因法师碑_p0012_c006,宣,001_道因法师碑,道因法师碑,12,十二,0,5,891,1420,155,155,888,1399,161,171,"[888, 1399, 161, 171]",875,1382,187,205,"[875, 1382, 187, 205]",15728,text_constrained_column_cell_pixel_assignment,assets/page_images/001_道因法师碑/p0012.jpg,1,http://data.library.sh.cn/bt/resource/work/v1e0qbx3r5wp1uw4,http://iiif.library.sh.cn/api/viewer/17A331,https://iiif.library.sh.cn/p/3/02c55611-7427-4cd0-a2cd-a15b5ccbaa9c,https://iiif.library.sh.cn/c/3/a2a0559b-d52c-40c8-a7dc-37082b552694,1465,2233,https://iiif.library.sh.cn/c/3/a2a0559b-d52c-40c8-a7dc-37082b552694/ap/s,https://iiif.library.sh.cn/c/3/a2a0559b-d52c-40c8-a7dc-37082b552694/ap/c/a/ba577207-0917-4729-9b87-b228786fa691,6,6,supplementing,"[891, 1420, 155, 155]","[891, 1420, 1046, 1575]","https://iiif.library.sh.cn/c/3/a2a0559b-d52c-40c8-a7dc-37082b552694#xywh=891,1420,155,155",李俨撰文，欧阳通楷书,欧阳通（楷书）；李儇（撰文）,唐,龙朔三年十月十日刻立（663）,663,楷书,17A331,《翰墨瑰宝：上海图书馆藏珍本碑帖丛刊》第二辑,iiif_annotation_target_xywh,iiif_xywh
001_道因法师碑_p0012_c007,神,001_道因法师碑,道因法师碑,12,十二,0,6,891,1577,155,155,888,1582,161,168,"[888, 1582, 161, 168]",875,1565,187,202,"[875, 1565, 187, 202]",14533,text_constrained_column_cell_pixel_assignment,assets/page_images/001_道因法师碑/p0012.jpg,1,http://data.library.sh.cn/bt/resource/work/v1e0qbx3r5wp1uw4,http://iiif.library.sh.cn/api/viewer/17A331,https://iiif.library.sh.cn/p/3/02c55611-7427-4cd0-a2cd-a15b5ccbaa9c,https://iiif.library.sh.cn/c/3/a2a0559b-d52c-40c8-a7dc-37082b552694,1465,2233,https://iiif.library.sh.cn/c/3/a2a0559b-d52c-40c8-a7dc-37082b552694/ap/s,https://iiif.library.sh.cn/c/3/a2a0559b-d52c-40c8-a7dc-37082b552694/ap/c/a/62ae6230-faaa-4c05-ad08-46646172ee2f,7,7,supplementing,"[891, 1577, 155, 155]","[891, 1577, 1046, 1732]","https://iiif.library.sh.cn/c/3/a2a0559b-d52c-40c8-a7dc-37082b552694#xywh=891,1577,155,155",李俨撰文，欧阳通楷书,欧阳通（楷书）；李儇（撰文）,唐,龙朔三年十月十日刻立（663）,663,楷书,17A331,《翰墨瑰宝：上海图书馆藏珍本碑帖丛刊》第二辑,iiif_annotation_target_xywh,iiif_xywh
001_道因法师碑_p0012_c008,典,001_道因法师碑,道因法师碑,12,十二,0,7,891,1780,155,155,888,1763,161,189,"[888, 1763, 161, 189]",875,1744,187,227,"[875, 1744, 187, 227]",21192,text_constrained_column_cell_pixel_assignment,assets/page_images/001_道因法师碑/p0012.jpg,1,http://data.library.sh.cn/bt/resource/work/v1e0qbx3r5wp1uw4,http://iiif.library.sh.cn/api/viewer/17A331,https://iiif.library.sh.cn/p/3/02c55611-7427-4cd0-a2cd-a15b5ccbaa9c,https://iiif.library.sh.cn/c/3/a2a0559b-d52c-40c8-a7dc-37082b552694,1465,2233,https://iiif.library.sh.cn/c/3/a2a0559b-d52c-40c8-a7dc-37082b552694/ap/s,https://iiif.library.sh.cn/c/3/a2a0559b-d52c-40c8-a7dc-37082b552694/ap/c/a/e5fe9708-90b3-41a7-ae30-6389ebd76c6a,8,8,supplementing,"[891, 1780, 155, 155]","[891, 1780, 1046, 1935]","https://iiif.library.sh.cn/c/3/a2a0559b-d52c-40c8-a7dc-37082b552694#xywh=891,1780,155,155",李俨撰文，欧阳通楷书,欧阳通（楷书）；李儇（撰文）,唐,龙朔三年十月十日刻立（663）,663,楷书,17A331,《翰墨瑰宝：上海图书馆藏珍本碑帖丛刊》第二辑,iiif_annotation_target_xywh,iiif_xywh
001_道因法师碑_p0012_c009,幽,001_道因法师碑,道因法师碑,12,十二,1,0,720,529,150,150,712,548,164,112,"[712, 548, 164, 112]",699,537,190,134,"[699, 537, 190, 134]",9063,text_constrained_column_cell_pixel_assignment,assets/page_images/001_道因法师碑/p0012.jpg,1,http://data.library.sh.cn/bt/resource/work/v1e0qbx3r5wp1uw4,http://iiif.library.sh.cn/api/viewer/17A331,https://iiif.library.sh.cn/p/3/02c55611-7427-4cd0-a2cd-a15b5ccbaa9c,https://iiif.library.sh.cn/c/3/a2a0559b-d52c-40c8-a7dc-37082b552694,1465,2233,https://iiif.library.sh.cn/c/3/a2a0559b-d52c-40c8-a7dc-37082b552694/ap/s,https://iiif.library.sh.cn/c/3/a2a0559b-d52c-40c8-a7dc-37082b552694/ap/c/a/08fc2269-09bb-4a91-a8f3-50f81c159eb0,9,9,supplementing,"[720, 529, 150, 150]","[720, 529, 870, 679]","https://iiif.library.sh.cn/c/3/a2a0559b-d52c-40c8-a7dc-37082b552694#xywh=720,529,150,150",李俨撰文，欧阳通楷书,欧阳通（楷书）；李儇（撰文）,唐,龙朔三年十月十日刻立（663）,663,楷书,17A331,《翰墨瑰宝：上海图书馆藏珍本碑帖丛刊》第二辑,iiif_annotation_target_xywh,iiif_xywh
001_道因法师碑_p0012_c010,赞,001_道因法师碑,道因法师碑,12,十二,1,1,720,650,150,150,712,671,164,166,"[712, 671, 164, 166]",699,654,190,200,"[699, 654, 190, 200]",10815,text_constrained_column_cell_pixel_assignment,assets/page_images/001_道因法师碑/p0012.jpg,1,http://data.library.sh.cn/bt/resource/work/v1e0qbx3r5wp1uw4,http://iiif.library.sh.cn/api/viewer/17A331,https://iiif.library.sh.cn/p/3/02c55611-7427-4cd0-a2cd-a15b5ccbaa9c,https://iiif.library.sh.cn/c/3/a2a0559b-d52c-40c8-a7dc-37082b552694,1465,2233,https://iiif.library.sh.cn/c/3/a2a0559b-d52c-40c8-a7dc-37082b552694/ap/s,https://iiif.library.sh.cn/c/3/a2a0559b-d52c-40c8-a7dc-37082b552694/ap/c/a/89f374a2-9c06-4cc9-aca2-aa533760cb6d,10,10,supplementing,"[720, 650, 150, 150]","[720, 650, 870, 800]","https://iiif.library.sh.cn/c/3/a2a0559b-d52c-40c8-a7dc-37082b552694#xywh=720,650,150,150",李俨撰文，欧阳通楷书,欧阳通（楷书）；李儇（撰文）,唐,龙朔三年十月十日刻立（663）,663,楷书,17A331,《翰墨瑰宝：上海图书馆藏珍本碑帖丛刊》第二辑,iiif_annotation_target_xywh,iiif_xywh
001_道因法师碑_p0012_c011,玄,001_道因法师碑,道因法师碑,12,十二,1,2,720,886,150,150,712,850,164,187,"[712, 850, 164, 187]",699,831,190,225,"[699, 831, 190, 225]",11809,text_constrained_column_cell_pixel_assignment,assets/page_images/001_道因法师碑/p0012.jpg,1,http://data.library.sh.cn/bt/resource/work/v1e0qbx3r5wp1uw4,http://iiif.library.sh.cn/api/viewer/17A331,https://iiif.library.sh.cn/p/3/02c55611-7427-4cd0-a2cd-a15b5ccbaa9c,https://iiif.library.sh.cn/c/3/a2a0559b-d52c-40c8-a7dc-37082b552694,1465,2233,https://iiif.library.sh.cn/c/3/a2a0559b-d52c-40c8-a7dc-37082b552694/ap/s,https://iiif.library.sh.cn/c/3/a2a0559b-d52c-40c8-a7dc-37082b552694/ap/c/a/e9004fae-7489-489a-8854-ab41819950e6,11,11,supplementing,"[720, 886, 150, 150]","[720, 886, 870, 1036]","https://iiif.library.sh.cn/c/3/a2a0559b-d52c-40c8-a7dc-37082b552694#xywh=720,886,150,150",李俨撰文，欧阳通楷书,欧阳通（楷书）；李儇（撰文）,唐,龙朔三年十月十日刻立（663）,663,楷书,17A331,《翰墨瑰宝：上海图书馆藏珍本碑帖丛刊》第二辑,iiif_annotation_target_xywh,iiif_xywh
001_道因法师碑_p0012_c012,宗,001_道因法师碑,道因法师碑,12,十二,1,3,720,1052,150,150,712,1050,164,152,"[712, 1050, 164, 152]",699,1035,190,182,"[699, 1035, 190, 182]",9847,text_constrained_column_cell_pixel_assignment,assets/page_images/001_道因法师碑/p0012.jpg,1,http://data.library.sh.cn/bt/resource/work/v1e0qbx3r5wp1uw4,http://iiif.library.sh.cn/api/viewer/17A331,https://iiif.library.sh.cn/p/3/02c55611-7427-4cd0-a2cd-a15b5ccbaa9c,https://iiif.library.sh.cn/c/3/a2a0559b-d52c-40c8-a7dc-37082b552694,1465,2233,https://iiif.library.sh.cn/c/3/a2a0559b-d52c-40c8-a7dc-37082b552694/ap/s,https://iiif.library.sh.cn/c/3/a2a0559b-d52c-40c8-a7dc-37082b552694/ap/c/a/1cde22ea-7fd9-4e29-8160-287fa1304c10,12,12,supplementing,"[720, 1052, 150, 150]","[720, 1052, 870, 1202]","https://iiif.library.sh.cn/c/3/a2a0559b-d52c-40c8-a7dc-37082b552694#xywh=720,1052,150,150",李俨撰文，欧阳通楷书,欧阳通（楷书）；李儇（撰文）,唐,龙朔三年十月十日刻立（663）,663,楷书,17A331,《翰墨瑰宝：上海图书馆藏珍本碑帖丛刊》第二辑,iiif_annotation_target_xywh,iiif_xywh
001_道因法师碑_p0012_c013,跨,001_道因法师碑,道因法师碑,12,十二,1,4,720,1213,150,150,712,1214,164,167,"[712, 1214, 164, 167]",699,1197,190,201,"[699, 1197, 190, 201]",10869,text_constrained_column_cell_pixel_assignment,assets/page_images/001_道因法师碑/p0012.jpg,1,http://data.library.sh.cn/bt/resource/work/v1e0qbx3r5wp1uw4,http://iiif.library.sh.cn/api/viewer/17A331,https://iiif.library.sh.cn/p/3/02c55611-7427-4cd0-a2cd-a15b5ccbaa9c,https://iiif.library.sh.cn/c/3/a2a0559b-d52c-40c8-a7dc-37082b552694,1465,2233,https://iiif.library.sh.cn/c/3/a2a0559b-d52c-40c8-a7dc-37082b552694/ap/s,https://iiif.library.sh.cn/c/3/a2a0559b-d52c-40c8-a7dc-37082b552694/ap/c/a/2bdc50f7-d170-4e20-8353-01a6f2d95b61,13,13,supplementing,"[720, 1213, 150, 150]","[720, 1213, 870, 1363]","https://iiif.library.sh.cn/c/3/a2a0559b-d52c-40c8-a7dc-37082b552694#xywh=720,1213,150,150",李俨撰文，欧阳通楷书,欧阳通（楷书）；李儇（撰文）,唐,龙朔三年十月十日刻立（663）,663,楷书,17A331,《翰墨瑰宝：上海图书馆藏珍本碑帖丛刊》第二辑,iiif_annotation_target_xywh,iiif_xywh
001_道因法师碑_p0012_c014,生,001_道因法师碑,道因法师碑,12,十二,1,5,720,1412,150,150,712,1394,164,166,"[712, 1394, 164, 166]",699,1377,190,200,"[699, 1377, 190, 200]",12358,text_constrained_column_cell_pixel_assignment,assets/page_images/001_道因法师碑/p0012.jpg,1,http://data.library.sh.cn/bt/resource/work/v1e0qbx3r5wp1uw4,http://iiif.library.sh.cn/api/viewer/17A331,https://iiif.library.sh.cn/p/3/02c55611-7427-4cd0-a2cd-a15b5ccbaa9c,https://iiif.library.sh.cn/c/3/a2a0559b-d52c-40c8-a7dc-37082b552694,1465,2233,https://iiif.library.sh.cn/c/3/a2a0559b-d52c-40c8-a7dc-37082b552694/ap/s,https://iiif.library.sh.cn/c/3/a2a0559b-d52c-40c8-a7dc-37082b552694/ap/c/a/3ecc4013-41f8-4dfc-afa8-4915a9a217b5,14,14,supplementing,"[720, 1412, 150, 150]","[720, 1412, 870, 1562]","https://iiif.library.sh.cn/c/3/a2a0559b-d52c-40c8-a7dc-37082b552694#xywh=720,1412,150,150",李俨撰文，欧阳通楷书,欧阳通（楷书）；李儇（撰文）,唐,龙朔三年十月十日刻立（663）,663,楷书,17A331,《翰墨瑰宝：上海图书馆藏珍本碑帖丛刊》第二辑,iiif_annotation_target_xywh,iiif_xywh
001_道因法师碑_p0012_c015,肇,001_道因法师碑,道因法师碑,12,十二,1,6,720,1571,150,150,712,1573,164,159,"[712, 1573, 164, 159]",699,1557,190,191,"[699, 1557, 190, 191]",9989,text_constrained_column_cell_pixel_assignment,assets/page_images/001_道因法师碑/p0012.jpg,1,http://data.library.sh.cn/bt/resource/work/v1e0qbx3r5wp1uw4,http://iiif.library.sh.cn/api/viewer/17A331,https://iiif.library.sh.cn/p/3/02c55611-7427-4cd0-a2cd-a15b5ccbaa9c,https://iiif.library.sh.cn/c/3/a2a0559b-d52c-40c8-a7dc-37082b552694,1465,2233,https://iiif.library.sh.cn/c/3/a2a0559b-d52c-40c8-a7dc-37082b552694/ap/s,https://iiif.library.sh.cn/c/3/a2a0559b-d52c-40c8-a7dc-37082b552694/ap/c/a/e844d3ad-1378-4729-b399-9d44c4b09dfc,15,15,supplementing,"[720, 1571, 150, 150]","[720, 1571, 870, 1721]","https://iiif.library.sh.cn/c/3/a2a0559b-d52c-40c8-a7dc-37082b552694#xywh=720,1571,150,150",李俨撰文，欧阳通楷书,欧阳通（楷书）；李儇（撰文）,唐,龙朔三年十月十日刻立（663）,663,楷书,17A331,《翰墨瑰宝：上海图书馆藏珍本碑帖丛刊》第二辑,iiif_annotation_target_xywh,iiif_xywh
001_道因法师碑_p0012_c016,以,001_道因法师碑,道因法师碑,12,十二,1,7,720,1756,150,150,712,1745,164,172,"[712, 1745, 164, 172]",699,1728,190,206,"[699, 1728, 190, 206]",13066,text_constrained_column_cell_pixel_assignment,assets/page_images/001_道因法师碑/p0012.jpg,1,http://data.library.sh.cn/bt/resource/work/v1e0qbx3r5wp1uw4,http://iiif.library.sh.cn/api/viewer/17A331,https://iiif.library.sh.cn/p/3/02c55611-7427-4cd0-a2cd-a15b5ccbaa9c,https://iiif.library.sh.cn/c/3/a2a0559b-d52c-40c8-a7dc-37082b552694,1465,2233,https://iiif.library.sh.cn/c/3/a2a0559b-d52c-40c8-a7dc-37082b552694/ap/s,https://iiif.library.sh.cn/c/3/a2a0559b-d52c-40c8-a7dc-37082b552694/ap/c/a/540fffed-0613-4b7f-b82c-40620b5de9fe,16,16,supplementing,"[720, 1756, 150, 150]","[720, 1756, 870, 1906]","https://iiif.library.sh.cn/c/3/a2a0559b-d52c-40c8-a7dc-37082b552694#xywh=720,1756,150,150",李俨撰文，欧阳通楷书,欧阳通（楷书）；李儇（撰文）,唐,龙朔三年十月十日刻立（663）,663,楷书,17A331,《翰墨瑰宝：上海图书馆藏珍本碑帖丛刊》第二辑,iiif_annotation_target_xywh,iiif_xywh
001_道因法师碑_p0012_c017,遐,001_道因法师碑,道因法师碑,12,十二,2,0,541,516,136,136,539,507,161,154,"[539, 507, 161, 154]",526,492,187,184,"[526, 492, 187, 184]",10599,text_constrained_column_cell_pixel_assignment,assets/page_images/001_道因法师碑/p0012.jpg,1,http://data.library.sh.cn/bt/resource/work/v1e0qbx3r5wp1uw4,http://iiif.library.sh.cn/api/viewer/17A331,https://iiif.library.sh.cn/p/3/02c55611-7427-4cd0-a2cd-a15b5ccbaa9c,https://iiif.library.sh.cn/c/3/a2a0559b-d52c-40c8-a7dc-37082b552694,1465,2233,https://iiif.library.sh.cn/c/3/a2a0559b-d52c-40c8-a7dc-37082b552694/ap/s,https://iiif.library.sh.cn/c/3/a2a0559b-d52c-40c8-a7dc-37082b552694/ap/c/a/20e60641-67d6-4c90-be2f-cfc99eb0dcad,17,17,supplementing,"[541, 516, 136, 136]","[541, 516, 677, 652]","https://iiif.library.sh.cn/c/3/a2a0559b-d52c-40c8-a7dc-37082b552694#xywh=541,516,136,136",李俨撰文，欧阳通楷书,欧阳通（楷书）；李儇（撰文）,唐,龙朔三年十月十日刻立（663）,663,楷书,17A331,《翰墨瑰宝：上海图书馆藏珍本碑帖丛刊》第二辑,iiif_annotation_target_xywh,iiif_xywh
001_道因法师碑_p0012_c018,骞,001_道因法师碑,道因法师碑,12,十二,2,1,541,673,153,153,539,673,161,179,"[539, 673, 161, 179]",526,655,187,215,"[526, 655, 187, 215]",12122,text_constrained_column_cell_pixel_assignment,assets/page_images/001_道因法师碑/p0012.jpg,1,http://data.library.sh.cn/bt/resource/work/v1e0qbx3r5wp1uw4,http://iiif.library.sh.cn/api/viewer/17A331,https://iiif.library.sh.cn/p/3/02c55611-7427-4cd0-a2cd-a15b5ccbaa9c,https://iiif.library.sh.cn/c/3/a2a0559b-d52c-40c8-a7dc-37082b552694,1465,2233,https://iiif.library.sh.cn/c/3/a2a0559b-d52c-40c8-a7dc-37082b552694/ap/s,https://iiif.library.sh.cn/c/3/a2a0559b-d52c-40c8-a7dc-37082b552694/ap/c/a/b7cd8f42-862c-4272-96c9-96caa9d288f4,18,18,supplementing,"[541, 673, 153, 153]","[541, 673, 694, 826]","https://iiif.library.sh.cn/c/3/a2a0559b-d52c-40c8-a7dc-37082b552694#xywh=541,673,153,153",李俨撰文，欧阳通楷书,欧阳通（楷书）；李儇（撰文）,唐,龙朔三年十月十日刻立（663）,663,楷书,17A331,《翰墨瑰宝：上海图书馆藏珍本碑帖丛刊》第二辑,iiif_annotation_target_xywh,iiif_xywh
001_道因法师碑_p0012_c019,追,001_道因法师碑,道因法师碑,12,十二,2,2,541,892,153,153,539,866,161,179,"[539, 866, 161, 179]",526,848,187,215,"[526, 848, 187, 215]",12171,text_constrained_column_cell_pixel_assignment,assets/page_images/001_道因法师碑/p0012.jpg,1,http://data.library.sh.cn/bt/resource/work/v1e0qbx3r5wp1uw4,http://iiif.library.sh.cn/api/viewer/17A331,https://iiif.library.sh.cn/p/3/02c55611-7427-4cd0-a2cd-a15b5ccbaa9c,https://iiif.library.sh.cn/c/3/a2a0559b-d52c-40c8-a7dc-37082b552694,1465,2233,https://iiif.library.sh.cn/c/3/a2a0559b-d52c-40c8-a7dc-37082b552694/ap/s,https://iiif.library.sh.cn/c/3/a2a0559b-d52c-40c8-a7dc-37082b552694/ap/c/a/043318b4-4b65-4e94-8dd7-bc1076b85c4a,19,19,supplementing,"[541, 892, 153, 153]","[541, 892, 694, 1045]","https://iiif.library.sh.cn/c/3/a2a0559b-d52c-40c8-a7dc-37082b552694#xywh=541,892,153,153",李俨撰文，欧阳通楷书,欧阳通（楷书）；李儇（撰文）,唐,龙朔三年十月十日刻立（663）,663,楷书,17A331,《翰墨瑰宝：上海图书馆藏珍本碑帖丛刊》第二辑,iiif_annotation_target_xywh,iiif_xywh
001_道因法师碑_p0012_c020,安,001_道因法师碑,道因法师碑,12,十二,2,3,541,1058,153,153,539,1057,161,150,"[539, 1057, 161, 150]",526,1042,187,180,"[526, 1042, 187, 180]",9852,text_constrained_column_cell_pixel_assignment,assets/page_images/001_道因法师碑/p0012.jpg,1,http://data.library.sh.cn/bt/resource/work/v1e0qbx3r5wp1uw4,http://iiif.library.sh.cn/api/viewer/17A331,https://iiif.library.sh.cn/p/3/02c55611-7427-4cd0-a2cd-a15b5ccbaa9c,https://iiif.library.sh.cn/c/3/a2a0559b-d52c-40c8-a7dc-37082b552694,1465,2233,https://iiif.library.sh.cn/c/3/a2a0559b-d52c-40c8-a7dc-37082b552694/ap/s,https://iiif.library.sh.cn/c/3/a2a0559b-d52c-40c8-a7dc-37082b552694/ap/c/a/07ae42c7-253c-4e7b-bd87-f889ba50d260,20,20,supplementing,"[541, 1058, 153, 153]","[541, 1058, 694, 1211]","https://iiif.library.sh.cn/c/3/a2a0559b-d52c-40c8-a7dc-37082b552694#xywh=541,1058,153,153",李俨撰文，欧阳通楷书,欧阳通（楷书）；李儇（撰文）,唐,龙朔三年十月十日刻立（663）,663,楷书,17A331,《翰墨瑰宝：上海图书馆藏珍本碑帖丛刊》第二辑,iiif_annotation_target_xywh,iiif_xywh
001_道因法师碑_p0012_c021,什,001_道因法师碑,道因法师碑,12,十二,2,4,541,1215,153,153,539,1219,161,159,"[539, 1219, 161, 159]",526,1203,187,191,"[526, 1203, 187, 191]",10529,text_constrained_column_cell_pixel_assignment,assets/page_images/001_道因法师碑/p0012.jpg,1,http://data.library.sh.cn/bt/resource/work/v1e0qbx3r5wp1uw4,http://iiif.library.sh.cn/api/viewer/17A331,https://iiif.library.sh.cn/p/3/02c55611-7427-4cd0-a2cd-a15b5ccbaa9c,https://iiif.library.sh.cn/c/3/a2a0559b-d52c-40c8-a7dc-37082b552694,1465,2233,https://iiif.library.sh.cn/c/3/a2a0559b-d52c-40c8-a7dc-37082b552694/ap/s,https://iiif.library.sh.cn/c/3/a2a0559b-d52c-40c8-a7dc-37082b552694/ap/c/a/0c8e55e7-152e-4160-a51d-455000b2430a,21,21,supplementing,"[541, 1215, 153, 153]","[541, 1215, 694, 1368]","https://iiif.library.sh.cn/c/3/a2a0559b-d52c-40c8-a7dc-37082b552694#xywh=541,1215,153,153",李俨撰文，欧阳通楷书,欧阳通（楷书）；李儇（撰文）,唐,龙朔三年十月十日刻立（663）,663,楷书,17A331,《翰墨瑰宝：上海图书馆藏珍本碑帖丛刊》第二辑,iiif_annotation_target_xywh,iiif_xywh
001_道因法师碑_p0012_c022,而,001_道因法师碑,道因法师碑,12,十二,2,5,541,1400,153,153,539,1390,161,165,"[539, 1390, 161, 165]",526,1374,187,198,"[526, 1374, 187, 198]",14501,text_constrained_column_cell_pixel_assignment,assets/page_images/001_道因法师碑/p0012.jpg,1,http://data.library.sh.cn/bt/resource/work/v1e0qbx3r5wp1uw4,http://iiif.library.sh.cn/api/viewer/17A331,https://iiif.library.sh.cn/p/3/02c55611-7427-4cd0-a2cd-a15b5ccbaa9c,https://iiif.library.sh.cn/c/3/a2a0559b-d52c-40c8-a7dc-37082b552694,1465,2233,https://iiif.library.sh.cn/c/3/a2a0559b-d52c-40c8-a7dc-37082b552694/ap/s,https://iiif.library.sh.cn/c/3/a2a0559b-d52c-40c8-a7dc-37082b552694/ap/c/a/ea42af42-b479-4432-8278-3069e96bfdf8,22,22,supplementing,"[541, 1400, 153, 153]","[541, 1400, 694, 1553]","https://iiif.library.sh.cn/c/3/a2a0559b-d52c-40c8-a7dc-37082b552694#xywh=541,1400,153,153",李俨撰文，欧阳通楷书,欧阳通（楷书）；李儇（撰文）,唐,龙朔三年十月十日刻立（663）,663,楷书,17A331,《翰墨瑰宝：上海图书馆藏珍本碑帖丛刊》第二辑,iiif_annotation_target_xywh,iiif_xywh
001_道因法师碑_p0012_c023,曾,001_道因法师碑,道因法师碑,12,十二,2,6,541,1569,153,153,539,1567,161,169,"[539, 1567, 161, 169]",526,1550,187,203,"[526, 1550, 187, 203]",10423,text_constrained_column_cell_pixel_assignment,assets/page_images/001_道因法师碑/p0012.jpg,1,http://data.library.sh.cn/bt/resource/work/v1e0qbx3r5wp1uw4,http://iiif.library.sh.cn/api/viewer/17A331,https://iiif.library.sh.cn/p/3/02c55611-7427-4cd0-a2cd-a15b5ccbaa9c,https://iiif.library.sh.cn/c/3/a2a0559b-d52c-40c8-a7dc-37082b552694,1465,2233,https://iiif.library.sh.cn/c/3/a2a0559b-d52c-40c8-a7dc-37082b552694/ap/s,https://iiif.library.sh.cn/c/3/a2a0559b-d52c-40c8-a7dc-37082b552694/ap/c/a/372d1eea-9996-4569-9c06-e714de56db3d,23,23,supplementing,"[541, 1569, 153, 153]","[541, 1569, 694, 1722]","https://iiif.library.sh.cn/c/3/a2a0559b-d52c-40c8-a7dc-37082b552694#xywh=541,1569,153,153",李俨撰文，欧阳通楷书,欧阳通（楷书）；李儇（撰文）,唐,龙朔三年十月十日刻立（663）,663,楷书,17A331,《翰墨瑰宝：上海图书馆藏珍本碑帖丛刊》第二辑,iiif_annotation_target_xywh,iiif_xywh
001_道因法师碑_p0012_c024,骛,001_道因法师碑,道因法师碑,12,十二,2,7,541,1763,153,153,539,1749,161,181,"[539, 1749, 161, 181]",526,1731,187,217,"[526, 1731, 187, 217]",13154,text_constrained_column_cell_pixel_assignment,assets/page_images/001_道因法师碑/p0012.jpg,1,http://data.library.sh.cn/bt/resource/work/v1e0qbx3r5wp1uw4,http://iiif.library.sh.cn/api/viewer/17A331,https://iiif.library.sh.cn/p/3/02c55611-7427-4cd0-a2cd-a15b5ccbaa9c,https://iiif.library.sh.cn/c/3/a2a0559b-d52c-40c8-a7dc-37082b552694,1465,2233,https://iiif.library.sh.cn/c/3/a2a0559b-d52c-40c8-a7dc-37082b552694/ap/s,https://iiif.library.sh.cn/c/3/a2a0559b-d52c-40c8-a7dc-37082b552694/ap/c/a/526ef209-be8d-4427-b211-4692c8494748,24,24,supplementing,"[541, 1763, 153, 153]","[541, 1763, 694, 1916]","https://iiif.library.sh.cn/c/3/a2a0559b-d52c-40c8-a7dc-37082b552694#xywh=541,1763,153,153",李俨撰文，欧阳通楷书,欧阳通（楷书）；李儇（撰文）,唐,龙朔三年十月十日刻立（663）,663,楷书,17A331,《翰墨瑰宝：上海图书馆藏珍本碑帖丛刊》第二辑,iiif_annotation_target_xywh,iiif_xywh
001_道因法师碑_p0012_c025,可,001_道因法师碑,道因法师碑,12,十二,3,0,370,524,159,159,368,536,159,135,"[368, 536, 159, 135]",355,522,185,162,"[355, 522, 185, 162]",13992,text_constrained_column_cell_pixel_assignment,assets/page_images/001_道因法师碑/p0012.jpg,1,http://data.library.sh.cn/bt/resource/work/v1e0qbx3r5wp1uw4,http://iiif.library.sh.cn/api/viewer/17A331,https://iiif.library.sh.cn/p/3/02c55611-7427-4cd0-a2cd-a15b5ccbaa9c,https://iiif.library.sh.cn/c/3/a2a0559b-d52c-40c8-a7dc-37082b552694,1465,2233,https://iiif.library.sh.cn/c/3/a2a0559b-d52c-40c8-a7dc-37082b552694/ap/s,https://iiif.library.sh.cn/c/3/a2a0559b-d52c-40c8-a7dc-37082b552694/ap/c/a/b82cb08b-b3da-42ac-90ba-abe726c00543,25,25,supplementing,"[370, 524, 159, 159]","[370, 524, 529, 683]","https://iiif.library.sh.cn/c/3/a2a0559b-d52c-40c8-a7dc-37082b552694#xywh=370,524,159,159",李俨撰文，欧阳通楷书,欧阳通（楷书）；李儇（撰文）,唐,龙朔三年十月十日刻立（663）,663,楷书,17A331,《翰墨瑰宝：上海图书馆藏珍本碑帖丛刊》第二辑,iiif_annotation_target_xywh,iiif_xywh
001_道因法师碑_p0012_c026,以,001_道因法师碑,道因法师碑,12,十二,3,1,370,670,159,159,368,682,159,142,"[368, 682, 159, 142]",355,668,185,170,"[355, 668, 185, 170]",10388,text_constrained_column_cell_pixel_assignment,assets/page_images/001_道因法师碑/p0012.jpg,1,http://data.library.sh.cn/bt/resource/work/v1e0qbx3r5wp1uw4,http://iiif.library.sh.cn/api/viewer/17A331,https://iiif.library.sh.cn/p/3/02c55611-7427-4cd0-a2cd-a15b5ccbaa9c,https://iiif.library.sh.cn/c/3/a2a0559b-d52c-40c8-a7dc-37082b552694,1465,2233,https://iiif.library.sh.cn/c/3/a2a0559b-d52c-40c8-a7dc-37082b552694/ap/s,https://iiif.library.sh.cn/c/3/a2a0559b-d52c-40c8-a7dc-37082b552694/ap/c/a/d46bcf4f-3a74-4e06-8292-dba794815f62,26,26,supplementing,"[370, 670, 159, 159]","[370, 670, 529, 829]","https://iiif.library.sh.cn/c/3/a2a0559b-d52c-40c8-a7dc-37082b552694#xywh=370,670,159,159",李俨撰文，欧阳通楷书,欧阳通（楷书）；李儇（撰文）,唐,龙朔三年十月十日刻立（663）,663,楷书,17A331,《翰墨瑰宝：上海图书馆藏珍本碑帖丛刊》第二辑,iiif_annotation_target_xywh,iiif_xywh
001_道因法师碑_p0012_c027,声,001_道因法师碑,道因法师碑,12,十二,3,2,370,829,159,159,368,836,159,174,"[368, 836, 159, 174]",355,819,185,208,"[355, 819, 185, 208]",12132,text_constrained_column_cell_pixel_assignment,assets/page_images/001_道因法师碑/p0012.jpg,1,http://data.library.sh.cn/bt/resource/work/v1e0qbx3r5wp1uw4,http://iiif.library.sh.cn/api/viewer/17A331,https://iiif.library.sh.cn/p/3/02c55611-7427-4cd0-a2cd-a15b5ccbaa9c,https://iiif.library.sh.cn/c/3/a2a0559b-d52c-40c8-a7dc-37082b552694,1465,2233,https://iiif.library.sh.cn/c/3/a2a0559b-d52c-40c8-a7dc-37082b552694/ap/s,https://iiif.library.sh.cn/c/3/a2a0559b-d52c-40c8-a7dc-37082b552694/ap/c/a/fb7b08b6-44a5-4eb0-9921-82a5a6c3824d,27,27,supplementing,"[370, 829, 159, 159]","[370, 829, 529, 988]","https://iiif.library.sh.cn/c/3/a2a0559b-d52c-40c8-a7dc-37082b552694#xywh=370,829,159,159",李俨撰文，欧阳通楷书,欧阳通（楷书）；李儇（撰文）,唐,龙朔三年十月十日刻立（663）,663,楷书,17A331,《翰墨瑰宝：上海图书馆藏珍本碑帖丛刊》第二辑,iiif_annotation_target_xywh,iiif_xywh
001_道因法师碑_p0012_c028,融,001_道因法师碑,道因法师碑,12,十二,3,3,370,1046,159,159,368,1024,159,188,"[368, 1024, 159, 188]",355,1005,185,226,"[355, 1005, 185, 226]",11691,text_constrained_column_cell_pixel_assignment,assets/page_images/001_道因法师碑/p0012.jpg,1,http://data.library.sh.cn/bt/resource/work/v1e0qbx3r5wp1uw4,http://iiif.library.sh.cn/api/viewer/17A331,https://iiif.library.sh.cn/p/3/02c55611-7427-4cd0-a2cd-a15b5ccbaa9c,https://iiif.library.sh.cn/c/3/a2a0559b-d52c-40c8-a7dc-37082b552694,1465,2233,https://iiif.library.sh.cn/c/3/a2a0559b-d52c-40c8-a7dc-37082b552694/ap/s,https://iiif.library.sh.cn/c/3/a2a0559b-d52c-40c8-a7dc-37082b552694/ap/c/a/f1a957a3-f185-4a39-9068-53ac9312cb3a,28,28,supplementing,"[370, 1046, 159, 159]","[370, 1046, 529, 1205]","https://iiif.library.sh.cn/c/3/a2a0559b-d52c-40c8-a7dc-37082b552694#xywh=370,1046,159,159",李俨撰文，欧阳通楷书,欧阳通（楷书）；李儇（撰文）,唐,龙朔三年十月十日刻立（663）,663,楷书,17A331,《翰墨瑰宝：上海图书馆藏珍本碑帖丛刊》第二辑,iiif_annotation_target_xywh,iiif_xywh
001_道因法师碑_p0012_c029,绣,001_道因法师碑,道因法师碑,12,十二,3,4,370,1233,159,159,368,1225,159,157,"[368, 1225, 159, 157]",355,1209,185,189,"[355, 1209, 185, 189]",11377,text_constrained_column_cell_pixel_assignment,assets/page_images/001_道因法师碑/p0012.jpg,1,http://data.library.sh.cn/bt/resource/work/v1e0qbx3r5wp1uw4,http://iiif.library.sh.cn/api/viewer/17A331,https://iiif.library.sh.cn/p/3/02c55611-7427-4cd0-a2cd-a15b5ccbaa9c,https://iiif.library.sh.cn/c/3/a2a0559b-d52c-40c8-a7dc-37082b552694,1465,2233,https://iiif.library.sh.cn/c/3/a2a0559b-d52c-40c8-a7dc-37082b552694/ap/s,https://iiif.library.sh.cn/c/3/a2a0559b-d52c-40c8-a7dc-37082b552694/ap/c/a/0f8d4eda-c2e6-4b8c-9cab-125ec7908c8b,29,29,supplementing,"[370, 1233, 159, 159]","[370, 1233, 529, 1392]","https://iiif.library.sh.cn/c/3/a2a0559b-d52c-40c8-a7dc-37082b552694#xywh=370,1233,159,159",李俨撰文，欧阳通楷书,欧阳通（楷书）；李儇（撰文）,唐,龙朔三年十月十日刻立（663）,663,楷书,17A331,《翰墨瑰宝：上海图书馆藏珍本碑帖丛刊》第二辑,iiif_annotation_target_xywh,iiif_xywh
001_道因法师碑_p0012_c030,石,001_道因法师碑,道因法师碑,12,十二,3,5,370,1384,159,159,368,1394,159,157,"[368, 1394, 159, 157]",355,1378,185,189,"[355, 1378, 185, 189]",10418,text_constrained_column_cell_pixel_assignment,assets/page_images/001_道因法师碑/p0012.jpg,1,http://data.library.sh.cn/bt/resource/work/v1e0qbx3r5wp1uw4,http://iiif.library.sh.cn/api/viewer/17A331,https://iiif.library.sh.cn/p/3/02c55611-7427-4cd0-a2cd-a15b5ccbaa9c,https://iiif.library.sh.cn/c/3/a2a0559b-d52c-40c8-a7dc-37082b552694,1465,2233,https://iiif.library.sh.cn/c/3/a2a0559b-d52c-40c8-a7dc-37082b552694/ap/s,https://iiif.library.sh.cn/c/3/a2a0559b-d52c-40c8-a7dc-37082b552694/ap/c/a/dd12dfb4-36ef-408a-841c-95ab46dd8fc8,30,30,supplementing,"[370, 1384, 159, 159]","[370, 1384, 529, 1543]","https://iiif.library.sh.cn/c/3/a2a0559b-d52c-40c8-a7dc-37082b552694#xywh=370,1384,159,159",李俨撰文，欧阳通楷书,欧阳通（楷书）；李儇（撰文）,唐,龙朔三年十月十日刻立（663）,663,楷书,17A331,《翰墨瑰宝：上海图书馆藏珍本碑帖丛刊》第二辑,iiif_annotation_target_xywh,iiif_xywh
001_道因法师碑_p0012_c031,采,001_道因法师碑,道因法师碑,12,十二,3,6,370,1571,159,159,368,1563,159,167,"[368, 1563, 159, 167]",355,1546,185,201,"[355, 1546, 185, 201]",11183,text_constrained_column_cell_pixel_assignment,assets/page_images/001_道因法师碑/p0012.jpg,1,http://data.library.sh.cn/bt/resource/work/v1e0qbx3r5wp1uw4,http://iiif.library.sh.cn/api/viewer/17A331,https://iiif.library.sh.cn/p/3/02c55611-7427-4cd0-a2cd-a15b5ccbaa9c,https://iiif.library.sh.cn/c/3/a2a0559b-d52c-40c8-a7dc-37082b552694,1465,2233,https://iiif.library.sh.cn/c/3/a2a0559b-d52c-40c8-a7dc-37082b552694/ap/s,https://iiif.library.sh.cn/c/3/a2a0559b-d52c-40c8-a7dc-37082b552694/ap/c/a/c5b97270-3308-4c5d-8f09-72f04099055a,31,31,supplementing,"[370, 1571, 159, 159]","[370, 1571, 529, 1730]","https://iiif.library.sh.cn/c/3/a2a0559b-d52c-40c8-a7dc-37082b552694#xywh=370,1571,159,159",李俨撰文，欧阳通楷书,欧阳通（楷书）；李儇（撰文）,唐,龙朔三年十月十日刻立（663）,663,楷书,17A331,《翰墨瑰宝：上海图书馆藏珍本碑帖丛刊》第二辑,iiif_annotation_target_xywh,iiif_xywh
001_道因法师碑_p0012_c032,绚,001_道因法师碑,道因法师碑,12,十二,3,7,370,1742,159,159,368,1742,159,159,"[368, 1742, 159, 159]",355,1726,185,191,"[355, 1726, 185, 191]",11883,text_constrained_column_cell_pixel_assignment,assets/page_images/001_道因法师碑/p0012.jpg,1,http://data.library.sh.cn/bt/resource/work/v1e0qbx3r5wp1uw4,http://iiif.library.sh.cn/api/viewer/17A331,https://iiif.library.sh.cn/p/3/02c55611-7427-4cd0-a2cd-a15b5ccbaa9c,https://iiif.library.sh.cn/c/3/a2a0559b-d52c-40c8-a7dc-37082b552694,1465,2233,https://iiif.library.sh.cn/c/3/a2a0559b-d52c-40c8-a7dc-37082b552694/ap/s,https://iiif.library.sh.cn/c/3/a2a0559b-d52c-40c8-a7dc-37082b552694/ap/c/a/cb20d0ed-60d4-4e01-89ae-603fef0c679c,32,32,supplementing,"[370, 1742, 159, 159]","[370, 1742, 529, 1901]","https://iiif.library.sh.cn/c/3/a2a0559b-d52c-40c8-a7dc-37082b552694#xywh=370,1742,159,159",李俨撰文，欧阳通楷书,欧阳通（楷书）；李儇（撰文）,唐,龙朔三年十月十日刻立（663）,663,楷书,17A331,《翰墨瑰宝：上海图书馆藏珍本碑帖丛刊》第二辑,iiif_annotation_target_xywh,iiif_xywh
001_道因法师碑_p0012_c033,雕,001_道因法师碑,道因法师碑,12,十二,4,0,201,533,145,145,192,526,163,159,"[192, 526, 163, 159]",179,510,189,191,"[179, 510, 189, 191]",8834,text_constrained_column_cell_pixel_assignment,assets/page_images/001_道因法师碑/p0012.jpg,1,http://data.library.sh.cn/bt/resource/work/v1e0qbx3r5wp1uw4,http://iiif.library.sh.cn/api/viewer/17A331,https://iiif.library.sh.cn/p/3/02c55611-7427-4cd0-a2cd-a15b5ccbaa9c,https://iiif.library.sh.cn/c/3/a2a0559b-d52c-40c8-a7dc-37082b552694,1465,2233,https://iiif.library.sh.cn/c/3/a2a0559b-d52c-40c8-a7dc-37082b552694/ap/s,https://iiif.library.sh.cn/c/3/a2a0559b-d52c-40c8-a7dc-37082b552694/ap/c/a/d23f29b4-3bfb-453a-87fb-c1af8ff90dc6,33,33,supplementing,"[201, 533, 145, 145]","[201, 533, 346, 678]","https://iiif.library.sh.cn/c/3/a2a0559b-d52c-40c8-a7dc-37082b552694#xywh=201,533,145,145",李俨撰文，欧阳通楷书,欧阳通（楷书）；李儇（撰文）,唐,龙朔三年十月十日刻立（663）,663,楷书,17A331,《翰墨瑰宝：上海图书馆藏珍本碑帖丛刊》第二辑,iiif_annotation_target_xywh,iiif_xywh
001_道因法师碑_p0012_c034,图,001_道因法师碑,道因法师碑,12,十二,4,1,201,704,145,145,192,697,163,164,"[192, 697, 163, 164]",179,681,189,196,"[179, 681, 189, 196]",10506,text_constrained_column_cell_pixel_assignment,assets/page_images/001_道因法师碑/p0012.jpg,1,http://data.library.sh.cn/bt/resource/work/v1e0qbx3r5wp1uw4,http://iiif.library.sh.cn/api/viewer/17A331,https://iiif.library.sh.cn/p/3/02c55611-7427-4cd0-a2cd-a15b5ccbaa9c,https://iiif.library.sh.cn/c/3/a2a0559b-d52c-40c8-a7dc-37082b552694,1465,2233,https://iiif.library.sh.cn/c/3/a2a0559b-d52c-40c8-a7dc-37082b552694/ap/s,https://iiif.library.sh.cn/c/3/a2a0559b-d52c-40c8-a7dc-37082b552694/ap/c/a/554feaf4-a05d-451c-80cf-bc707275a950,34,34,supplementing,"[201, 704, 145, 145]","[201, 704, 346, 849]","https://iiif.library.sh.cn/c/3/a2a0559b-d52c-40c8-a7dc-37082b552694#xywh=201,704,145,145",李俨撰文，欧阳通楷书,欧阳通（楷书）；李儇（撰文）,唐,龙朔三年十月十日刻立（663）,663,楷书,17A331,《翰墨瑰宝：上海图书馆藏珍本碑帖丛刊》第二辑,iiif_annotation_target_xywh,iiif_xywh
001_道因法师碑_p0012_c035,则,001_道因法师碑,道因法师碑,12,十二,4,2,201,885,145,145,192,873,163,160,"[192, 873, 163, 160]",179,857,189,192,"[179, 857, 189, 192]",13635,text_constrained_column_cell_pixel_assignment,assets/page_images/001_道因法师碑/p0012.jpg,1,http://data.library.sh.cn/bt/resource/work/v1e0qbx3r5wp1uw4,http://iiif.library.sh.cn/api/viewer/17A331,https://iiif.library.sh.cn/p/3/02c55611-7427-4cd0-a2cd-a15b5ccbaa9c,https://iiif.library.sh.cn/c/3/a2a0559b-d52c-40c8-a7dc-37082b552694,1465,2233,https://iiif.library.sh.cn/c/3/a2a0559b-d52c-40c8-a7dc-37082b552694/ap/s,https://iiif.library.sh.cn/c/3/a2a0559b-d52c-40c8-a7dc-37082b552694/ap/c/a/d5fbabaf-148f-409c-9b41-dd7c75c84a2d,35,35,supplementing,"[201, 885, 145, 145]","[201, 885, 346, 1030]","https://iiif.library.sh.cn/c/3/a2a0559b-d52c-40c8-a7dc-37082b552694#xywh=201,885,145,145",李俨撰文，欧阳通楷书,欧阳通（楷书）；李儇（撰文）,唐,龙朔三年十月十日刻立（663）,663,楷书,17A331,《翰墨瑰宝：上海图书馆藏珍本碑帖丛刊》第二辑,iiif_annotation_target_xywh,iiif_xywh
001_道因法师碑_p0012_c036,于,001_道因法师碑,道因法师碑,12,十二,4,3,201,1048,145,145,192,1045,163,163,"[192, 1045, 163, 163]",179,1029,189,195,"[179, 1029, 189, 195]",12746,text_constrained_column_cell_pixel_assignment,assets/page_images/001_道因法师碑/p0012.jpg,1,http://data.library.sh.cn/bt/resource/work/v1e0qbx3r5wp1uw4,http://iiif.library.sh.cn/api/viewer/17A331,https://iiif.library.sh.cn/p/3/02c55611-7427-4cd0-a2cd-a15b5ccbaa9c,https://iiif.library.sh.cn/c/3/a2a0559b-d52c-40c8-a7dc-37082b552694,1465,2233,https://iiif.library.sh.cn/c/3/a2a0559b-d52c-40c8-a7dc-37082b552694/ap/s,https://iiif.library.sh.cn/c/3/a2a0559b-d52c-40c8-a7dc-37082b552694/ap/c/a/624c4d7f-b3a6-47c8-ac66-7a7d6d7a0ea0,36,36,supplementing,"[201, 1048, 145, 145]","[201, 1048, 346, 1193]","https://iiif.library.sh.cn/c/3/a2a0559b-d52c-40c8-a7dc-37082b552694#xywh=201,1048,145,145",李俨撰文，欧阳通楷书,欧阳通（楷书）；李儇（撰文）,唐,龙朔三年十月十日刻立（663）,663,楷书,17A331,《翰墨瑰宝：上海图书馆藏珍本碑帖丛刊》第二辑,iiif_annotation_target_xywh,iiif_xywh
001_道因法师碑_p0012_c037,我,001_道因法师碑,道因法师碑,12,十二,4,4,201,1235,145,145,192,1220,163,170,"[192, 1220, 163, 170]",179,1203,189,204,"[179, 1203, 189, 204]",10883,text_constrained_column_cell_pixel_assignment,assets/page_images/001_道因法师碑/p0012.jpg,1,http://data.library.sh.cn/bt/resource/work/v1e0qbx3r5wp1uw4,http://iiif.library.sh.cn/api/viewer/17A331,https://iiif.library.sh.cn/p/3/02c55611-7427-4cd0-a2cd-a15b5ccbaa9c,https://iiif.library.sh.cn/c/3/a2a0559b-d52c-40c8-a7dc-37082b552694,1465,2233,https://iiif.library.sh.cn/c/3/a2a0559b-d52c-40c8-a7dc-37082b552694/ap/s,https://iiif.library.sh.cn/c/3/a2a0559b-d52c-40c8-a7dc-37082b552694/ap/c/a/270a8776-8e43-4d58-bdf3-ac6c138c91be,37,37,supplementing,"[201, 1235, 145, 145]","[201, 1235, 346, 1380]","https://iiif.library.sh.cn/c/3/a2a0559b-d52c-40c8-a7dc-37082b552694#xywh=201,1235,145,145",李俨撰文，欧阳通楷书,欧阳通（楷书）；李儇（撰文）,唐,龙朔三年十月十日刻立（663）,663,楷书,17A331,《翰墨瑰宝：上海图书馆藏珍本碑帖丛刊》第二辑,iiif_annotation_target_xywh,iiif_xywh
001_道因法师碑_p0012_c038,法,001_道因法师碑,道因法师碑,12,十二,4,5,201,1412,145,145,192,1402,163,163,"[192, 1402, 163, 163]",179,1386,189,195,"[179, 1386, 189, 195]",10246,text_constrained_column_cell_pixel_assignment,assets/page_images/001_道因法师碑/p0012.jpg,1,http://data.library.sh.cn/bt/resource/work/v1e0qbx3r5wp1uw4,http://iiif.library.sh.cn/api/viewer/17A331,https://iiif.library.sh.cn/p/3/02c55611-7427-4cd0-a2cd-a15b5ccbaa9c,https://iiif.library.sh.cn/c/3/a2a0559b-d52c-40c8-a7dc-37082b552694,1465,2233,https://iiif.library.sh.cn/c/3/a2a0559b-d52c-40c8-a7dc-37082b552694/ap/s,https://iiif.library.sh.cn/c/3/a2a0559b-d52c-40c8-a7dc-37082b552694/ap/c/a/8336fea2-dd1e-4ff7-b34b-647200271b60,38,38,supplementing,"[201, 1412, 145, 145]","[201, 1412, 346, 1557]","https://iiif.library.sh.cn/c/3/a2a0559b-d52c-40c8-a7dc-37082b552694#xywh=201,1412,145,145",李俨撰文，欧阳通楷书,欧阳通（楷书）；李儇（撰文）,唐,龙朔三年十月十日刻立（663）,663,楷书,17A331,《翰墨瑰宝：上海图书馆藏珍本碑帖丛刊》第二辑,iiif_annotation_target_xywh,iiif_xywh
001_道因法师碑_p0012_c039,师,001_道因法师碑,道因法师碑,12,十二,4,6,201,1585,145,145,192,1578,163,174,"[192, 1578, 163, 174]",179,1561,189,208,"[179, 1561, 189, 208]",9860,text_constrained_column_cell_pixel_assignment,assets/page_images/001_道因法师碑/p0012.jpg,1,http://data.library.sh.cn/bt/resource/work/v1e0qbx3r5wp1uw4,http://iiif.library.sh.cn/api/viewer/17A331,https://iiif.library.sh.cn/p/3/02c55611-7427-4cd0-a2cd-a15b5ccbaa9c,https://iiif.library.sh.cn/c/3/a2a0559b-d52c-40c8-a7dc-37082b552694,1465,2233,https://iiif.library.sh.cn/c/3/a2a0559b-d52c-40c8-a7dc-37082b552694/ap/s,https://iiif.library.sh.cn/c/3/a2a0559b-d52c-40c8-a7dc-37082b552694/ap/c/a/cd52a091-206c-40ba-9261-e15b4ed8defd,39,39,supplementing,"[201, 1585, 145, 145]","[201, 1585, 346, 1730]","https://iiif.library.sh.cn/c/3/a2a0559b-d52c-40c8-a7dc-37082b552694#xywh=201,1585,145,145",李俨撰文，欧阳通楷书,欧阳通（楷书）；李儇（撰文）,唐,龙朔三年十月十日刻立（663）,663,楷书,17A331,《翰墨瑰宝：上海图书馆藏珍本碑帖丛刊》第二辑,iiif_annotation_target_xywh,iiif_xywh
001_道因法师碑_p0012_c040,而,001_道因法师碑,道因法师碑,12,十二,4,7,201,1787,145,145,192,1766,163,187,"[192, 1766, 163, 187]",179,1747,189,225,"[179, 1747, 189, 225]",19233,text_constrained_column_cell_pixel_assignment,assets/page_images/001_道因法师碑/p0012.jpg,1,http://data.library.sh.cn/bt/resource/work/v1e0qbx3r5wp1uw4,http://iiif.library.sh.cn/api/viewer/17A331,https://iiif.library.sh.cn/p/3/02c55611-7427-4cd0-a2cd-a15b5ccbaa9c,https://iiif.library.sh.cn/c/3/a2a0559b-d52c-40c8-a7dc-37082b552694,1465,2233,https://iiif.library.sh.cn/c/3/a2a0559b-d52c-40c8-a7dc-37082b552694/ap/s,https://iiif.library.sh.cn/c/3/a2a0559b-d52c-40c8-a7dc-37082b552694/ap/c/a/2acd07a8-2935-47c0-928a-a82fbac360b5,40,40,supplementing,"[201, 1787, 145, 145]","[201, 1787, 346, 1932]","https://iiif.library.sh.cn/c/3/a2a0559b-d52c-40c8-a7dc-37082b552694#xywh=201,1787,145,145",李俨撰文，欧阳通楷书,欧阳通（楷书）；李儇（撰文）,唐,龙朔三年十月十日刻立（663）,663,楷书,17A331,《翰墨瑰宝：上海图书馆藏珍本碑帖丛刊》第二辑,iiif_annotation_target_xywh,iiif_xywh
001_道因法师碑_p0013_c001,见,001_道因法师碑,道因法师碑,13,十三,0,0,1120,510,161,161,1117,503,167,175,"[1117, 503, 167, 175]",1104,486,193,210,"[1104, 486, 193, 210]",17525,text_constrained_column_cell_pixel_assignment,assets/page_images/001_道因法师碑/p0013.jpg,1,http://data.library.sh.cn/bt/resource/work/v1e0qbx3r5wp1uw4,http://iiif.library.sh.cn/api/viewer/17A331,https://iiif.library.sh.cn/p/3/02c55611-7427-4cd0-a2cd-a15b5ccbaa9c,https://iiif.library.sh.cn/c/3/43b71d2e-9946-4d9f-afe5-2980e5e50ee6,1447,2228,https://iiif.library.sh.cn/c/3/43b71d2e-9946-4d9f-afe5-2980e5e50ee6/ap/s,https://iiif.library.sh.cn/c/3/43b71d2e-9946-4d9f-afe5-2980e5e50ee6/ap/c/a/be68aa35-937e-4a87-8aef-269eaa23eac3,1,1,supplementing,"[1120, 510, 161, 161]","[1120, 510, 1281, 671]","https://iiif.library.sh.cn/c/3/43b71d2e-9946-4d9f-afe5-2980e5e50ee6#xywh=1120,510,161,161",李俨撰文，欧阳通楷书,欧阳通（楷书）；李儇（撰文）,唐,龙朔三年十月十日刻立（663）,663,楷书,17A331,《翰墨瑰宝：上海图书馆藏珍本碑帖丛刊》第二辑,iiif_annotation_target_xywh,iiif_xywh
001_道因法师碑_p0013_c002,之,001_道因法师碑,道因法师碑,13,十三,0,1,1120,698,161,161,1117,690,167,154,"[1117, 690, 167, 154]",1104,675,193,184,"[1104, 675, 193, 184]",16288,text_constrained_column_cell_pixel_assignment,assets/page_images/001_道因法师碑/p0013.jpg,1,http://data.library.sh.cn/bt/resource/work/v1e0qbx3r5wp1uw4,http://iiif.library.sh.cn/api/viewer/17A331,https://iiif.library.sh.cn/p/3/02c55611-7427-4cd0-a2cd-a15b5ccbaa9c,https://iiif.library.sh.cn/c/3/43b71d2e-9946-4d9f-afe5-2980e5e50ee6,1447,2228,https://iiif.library.sh.cn/c/3/43b71d2e-9946-4d9f-afe5-2980e5e50ee6/ap/s,https://iiif.library.sh.cn/c/3/43b71d2e-9946-4d9f-afe5-2980e5e50ee6/ap/c/a/8296fa29-19ae-41d9-8b9c-691fe19da343,2,2,supplementing,"[1120, 698, 161, 161]","[1120, 698, 1281, 859]","https://iiif.library.sh.cn/c/3/43b71d2e-9946-4d9f-afe5-2980e5e50ee6#xywh=1120,698,161,161",李俨撰文，欧阳通楷书,欧阳通（楷书）；李儇（撰文）,唐,龙朔三年十月十日刻立（663）,663,楷书,17A331,《翰墨瑰宝：上海图书馆藏珍本碑帖丛刊》第二辑,iiif_annotation_target_xywh,iiif_xywh
001_道因法师碑_p0013_c003,矣,001_道因法师碑,道因法师碑,13,十三,0,2,1120,841,161,161,1117,855,167,147,"[1117, 855, 167, 147]",1104,840,193,177,"[1104, 840, 193, 177]",13361,text_constrained_column_cell_pixel_assignment,assets/page_images/001_道因法师碑/p0013.jpg,1,http://data.library.sh.cn/bt/resource/work/v1e0qbx3r5wp1uw4,http://iiif.library.sh.cn/api/viewer/17A331,https://iiif.library.sh.cn/p/3/02c55611-7427-4cd0-a2cd-a15b5ccbaa9c,https://iiif.library.sh.cn/c/3/43b71d2e-9946-4d9f-afe5-2980e5e50ee6,1447,2228,https://iiif.library.sh.cn/c/3/43b71d2e-9946-4d9f-afe5-2980e5e50ee6/ap/s,https://iiif.library.sh.cn/c/3/43b71d2e-9946-4d9f-afe5-2980e5e50ee6/ap/c/a/0cb5e5de-ee4c-473c-a462-e1be199f726c,3,3,supplementing,"[1120, 841, 161, 161]","[1120, 841, 1281, 1002]","https://iiif.library.sh.cn/c/3/43b71d2e-9946-4d9f-afe5-2980e5e50ee6#xywh=1120,841,161,161",李俨撰文，欧阳通楷书,欧阳通（楷书）；李儇（撰文）,唐,龙朔三年十月十日刻立（663）,663,楷书,17A331,《翰墨瑰宝：上海图书馆藏珍本碑帖丛刊》第二辑,iiif_annotation_target_xywh,iiif_xywh
001_道因法师碑_p0013_c004,法,001_道因法师碑,道因法师碑,13,十三,0,3,1120,1012,161,161,1117,1014,167,175,"[1117, 1014, 167, 175]",1104,996,193,210,"[1104, 996, 193, 210]",12726,text_constrained_column_cell_pixel_assignment,assets/page_images/001_道因法师碑/p0013.jpg,1,http://data.library.sh.cn/bt/resource/work/v1e0qbx3r5wp1uw4,http://iiif.library.sh.cn/api/viewer/17A331,https://iiif.library.sh.cn/p/3/02c55611-7427-4cd0-a2cd-a15b5ccbaa9c,https://iiif.library.sh.cn/c/3/43b71d2e-9946-4d9f-afe5-2980e5e50ee6,1447,2228,https://iiif.library.sh.cn/c/3/43b71d2e-9946-4d9f-afe5-2980e5e50ee6/ap/s,https://iiif.library.sh.cn/c/3/43b71d2e-9946-4d9f-afe5-2980e5e50ee6/ap/c/a/d2851bba-2eb9-47ad-b7af-ab0efab13e90,4,4,supplementing,"[1120, 1012, 161, 161]","[1120, 1012, 1281, 1173]","https://iiif.library.sh.cn/c/3/43b71d2e-9946-4d9f-afe5-2980e5e50ee6#xywh=1120,1012,161,161",李俨撰文，欧阳通楷书,欧阳通（楷书）；李儇（撰文）,唐,龙朔三年十月十日刻立（663）,663,楷书,17A331,《翰墨瑰宝：上海图书馆藏珍本碑帖丛刊》第二辑,iiif_annotation_target_xywh,iiif_xywh
001_道因法师碑_p0013_c005,师,001_道因法师碑,道因法师碑,13,十三,0,4,1120,1219,161,161,1117,1202,167,173,"[1117, 1202, 167, 173]",1104,1185,193,207,"[1104, 1185, 193, 207]",12749,text_constrained_column_cell_pixel_assignment,assets/page_images/001_道因法师碑/p0013.jpg,1,http://data.library.sh.cn/bt/resource/work/v1e0qbx3r5wp1uw4,http://iiif.library.sh.cn/api/viewer/17A331,https://iiif.library.sh.cn/p/3/02c55611-7427-4cd0-a2cd-a15b5ccbaa9c,https://iiif.library.sh.cn/c/3/43b71d2e-9946-4d9f-afe5-2980e5e50ee6,1447,2228,https://iiif.library.sh.cn/c/3/43b71d2e-9946-4d9f-afe5-2980e5e50ee6/ap/s,https://iiif.library.sh.cn/c/3/43b71d2e-9946-4d9f-afe5-2980e5e50ee6/ap/c/a/86b97c3b-8f9f-46e7-9328-8a8db3f4f944,5,5,supplementing,"[1120, 1219, 161, 161]","[1120, 1219, 1281, 1380]","https://iiif.library.sh.cn/c/3/43b71d2e-9946-4d9f-afe5-2980e5e50ee6#xywh=1120,1219,161,161",李俨撰文，欧阳通楷书,欧阳通（楷书）；李儇（撰文）,唐,龙朔三年十月十日刻立（663）,663,楷书,17A331,《翰墨瑰宝：上海图书馆藏珍本碑帖丛刊》第二辑,iiif_annotation_target_xywh,iiif_xywh
001_道因法师碑_p0013_c006,讳,001_道因法师碑,道因法师碑,13,十三,0,5,1120,1382,161,161,1117,1387,167,168,"[1117, 1387, 167, 168]",1104,1370,193,202,"[1104, 1370, 193, 202]",14520,text_constrained_column_cell_pixel_assignment,assets/page_images/001_道因法师碑/p0013.jpg,1,http://data.library.sh.cn/bt/resource/work/v1e0qbx3r5wp1uw4,http://iiif.library.sh.cn/api/viewer/17A331,https://iiif.library.sh.cn/p/3/02c55611-7427-4cd0-a2cd-a15b5ccbaa9c,https://iiif.library.sh.cn/c/3/43b71d2e-9946-4d9f-afe5-2980e5e50ee6,1447,2228,https://iiif.library.sh.cn/c/3/43b71d2e-9946-4d9f-afe5-2980e5e50ee6/ap/s,https://iiif.library.sh.cn/c/3/43b71d2e-9946-4d9f-afe5-2980e5e50ee6/ap/c/a/2bcea807-8c43-4738-8701-6c858554e6d9,6,6,supplementing,"[1120, 1382, 161, 161]","[1120, 1382, 1281, 1543]","https://iiif.library.sh.cn/c/3/43b71d2e-9946-4d9f-afe5-2980e5e50ee6#xywh=1120,1382,161,161",李俨撰文，欧阳通楷书,欧阳通（楷书）；李儇（撰文）,唐,龙朔三年十月十日刻立（663）,663,楷书,17A331,《翰墨瑰宝：上海图书馆藏珍本碑帖丛刊》第二辑,iiif_annotation_target_xywh,iiif_xywh
001_道因法师碑_p0013_c007,道,001_道因法师碑,道因法师碑,13,十三,0,6,1120,1579,161,161,1117,1568,167,186,"[1117, 1568, 167, 186]",1104,1549,193,224,"[1104, 1549, 193, 224]",14217,text_constrained_column_cell_pixel_assignment,assets/page_images/001_道因法师碑/p0013.jpg,1,http://data.library.sh.cn/bt/resource/work/v1e0qbx3r5wp1uw4,http://iiif.library.sh.cn/api/viewer/17A331,https://iiif.library.sh.cn/p/3/02c55611-7427-4cd0-a2cd-a15b5ccbaa9c,https://iiif.library.sh.cn/c/3/43b71d2e-9946-4d9f-afe5-2980e5e50ee6,1447,2228,https://iiif.library.sh.cn/c/3/43b71d2e-9946-4d9f-afe5-2980e5e50ee6/ap/s,https://iiif.library.sh.cn/c/3/43b71d2e-9946-4d9f-afe5-2980e5e50ee6/ap/c/a/9b28394b-530a-4a1d-a4fa-0092eda922d3,7,7,supplementing,"[1120, 1579, 161, 161]","[1120, 1579, 1281, 1740]","https://iiif.library.sh.cn/c/3/43b71d2e-9946-4d9f-afe5-2980e5e50ee6#xywh=1120,1579,161,161",李俨撰文，欧阳通楷书,欧阳通（楷书）；李儇（撰文）,唐,龙朔三年十月十日刻立（663）,663,楷书,17A331,《翰墨瑰宝：上海图书馆藏珍本碑帖丛刊》第二辑,iiif_annotation_target_xywh,iiif_xywh
001_道因法师碑_p0013_c008,因,001_道因法师碑,道因法师碑,13,十三,0,7,1120,1783,161,161,1117,1769,167,189,"[1117, 1769, 167, 189]",1104,1750,193,227,"[1104, 1750, 193, 227]",21354,text_constrained_column_cell_pixel_assignment,assets/page_images/001_道因法师碑/p0013.jpg,1,http://data.library.sh.cn/bt/resource/work/v1e0qbx3r5wp1uw4,http://iiif.library.sh.cn/api/viewer/17A331,https://iiif.library.sh.cn/p/3/02c55611-7427-4cd0-a2cd-a15b5ccbaa9c,https://iiif.library.sh.cn/c/3/43b71d2e-9946-4d9f-afe5-2980e5e50ee6,1447,2228,https://iiif.library.sh.cn/c/3/43b71d2e-9946-4d9f-afe5-2980e5e50ee6/ap/s,https://iiif.library.sh.cn/c/3/43b71d2e-9946-4d9f-afe5-2980e5e50ee6/ap/c/a/aff95557-a73b-4d2b-a6ba-faf414f1d35a,8,8,supplementing,"[1120, 1783, 161, 161]","[1120, 1783, 1281, 1944]","https://iiif.library.sh.cn/c/3/43b71d2e-9946-4d9f-afe5-2980e5e50ee6#xywh=1120,1783,161,161",李俨撰文，欧阳通楷书,欧阳通（楷书）；李儇（撰文）,唐,龙朔三年十月十日刻立（663）,663,楷书,17A331,《翰墨瑰宝：上海图书馆藏珍本碑帖丛刊》第二辑,iiif_annotation_target_xywh,iiif_xywh
001_道因法师碑_p0013_c009,俗,001_道因法师碑,道因法师碑,13,十三,1,0,943,524,155,155,947,541,158,121,"[947, 541, 158, 121]",934,529,184,145,"[934, 529, 184, 145]",9356,text_constrained_column_cell_pixel_assignment,assets/page_images/001_道因法师碑/p0013.jpg,1,http://data.library.sh.cn/bt/resource/work/v1e0qbx3r5wp1uw4,http://iiif.library.sh.cn/api/viewer/17A331,https://iiif.library.sh.cn/p/3/02c55611-7427-4cd0-a2cd-a15b5ccbaa9c,https://iiif.library.sh.cn/c/3/43b71d2e-9946-4d9f-afe5-2980e5e50ee6,1447,2228,https://iiif.library.sh.cn/c/3/43b71d2e-9946-4d9f-afe5-2980e5e50ee6/ap/s,https://iiif.library.sh.cn/c/3/43b71d2e-9946-4d9f-afe5-2980e5e50ee6/ap/c/a/c4161a63-d667-4d84-af17-0faa62068ac8,9,9,supplementing,"[943, 524, 155, 155]","[943, 524, 1098, 679]","https://iiif.library.sh.cn/c/3/43b71d2e-9946-4d9f-afe5-2980e5e50ee6#xywh=943,524,155,155",李俨撰文，欧阳通楷书,欧阳通（楷书）；李儇（撰文）,唐,龙朔三年十月十日刻立（663）,663,楷书,17A331,《翰墨瑰宝：上海图书馆藏珍本碑帖丛刊》第二辑,iiif_annotation_target_xywh,iiif_xywh
001_道因法师碑_p0013_c010,姓,001_道因法师碑,道因法师碑,13,十三,1,1,943,654,155,155,947,672,158,156,"[947, 672, 158, 156]",934,656,184,188,"[934, 656, 184, 188]",12394,text_constrained_column_cell_pixel_assignment,assets/page_images/001_道因法师碑/p0013.jpg,1,http://data.library.sh.cn/bt/resource/work/v1e0qbx3r5wp1uw4,http://iiif.library.sh.cn/api/viewer/17A331,https://iiif.library.sh.cn/p/3/02c55611-7427-4cd0-a2cd-a15b5ccbaa9c,https://iiif.library.sh.cn/c/3/43b71d2e-9946-4d9f-afe5-2980e5e50ee6,1447,2228,https://iiif.library.sh.cn/c/3/43b71d2e-9946-4d9f-afe5-2980e5e50ee6/ap/s,https://iiif.library.sh.cn/c/3/43b71d2e-9946-4d9f-afe5-2980e5e50ee6/ap/c/a/59095173-211f-407d-8a96-e3503fd66c2e,10,10,supplementing,"[943, 654, 155, 155]","[943, 654, 1098, 809]","https://iiif.library.sh.cn/c/3/43b71d2e-9946-4d9f-afe5-2980e5e50ee6#xywh=943,654,155,155",李俨撰文，欧阳通楷书,欧阳通（楷书）；李儇（撰文）,唐,龙朔三年十月十日刻立（663）,663,楷书,17A331,《翰墨瑰宝：上海图书馆藏珍本碑帖丛刊》第二辑,iiif_annotation_target_xywh,iiif_xywh
001_道因法师碑_p0013_c011,侯,001_道因法师碑,道因法师碑,13,十三,1,2,943,859,155,155,947,840,158,173,"[947, 840, 158, 173]",934,823,184,207,"[934, 823, 184, 207]",11586,text_constrained_column_cell_pixel_assignment,assets/page_images/001_道因法师碑/p0013.jpg,1,http://data.library.sh.cn/bt/resource/work/v1e0qbx3r5wp1uw4,http://iiif.library.sh.cn/api/viewer/17A331,https://iiif.library.sh.cn/p/3/02c55611-7427-4cd0-a2cd-a15b5ccbaa9c,https://iiif.library.sh.cn/c/3/43b71d2e-9946-4d9f-afe5-2980e5e50ee6,1447,2228,https://iiif.library.sh.cn/c/3/43b71d2e-9946-4d9f-afe5-2980e5e50ee6/ap/s,https://iiif.library.sh.cn/c/3/43b71d2e-9946-4d9f-afe5-2980e5e50ee6/ap/c/a/4d261dc3-a829-472d-bdfa-3991ecd9da2c,11,11,supplementing,"[943, 859, 155, 155]","[943, 859, 1098, 1014]","https://iiif.library.sh.cn/c/3/43b71d2e-9946-4d9f-afe5-2980e5e50ee6#xywh=943,859,155,155",李俨撰文，欧阳通楷书,欧阳通（楷书）；李儇（撰文）,唐,龙朔三年十月十日刻立（663）,663,楷书,17A331,《翰墨瑰宝：上海图书馆藏珍本碑帖丛刊》第二辑,iiif_annotation_target_xywh,iiif_xywh
001_道因法师碑_p0013_c012,氏,001_道因法师碑,道因法师碑,13,十三,1,3,943,1024,155,155,947,1025,158,161,"[947, 1025, 158, 161]",934,1009,184,193,"[934, 1009, 184, 193]",10935,text_constrained_column_cell_pixel_assignment,assets/page_images/001_道因法师碑/p0013.jpg,1,http://data.library.sh.cn/bt/resource/work/v1e0qbx3r5wp1uw4,http://iiif.library.sh.cn/api/viewer/17A331,https://iiif.library.sh.cn/p/3/02c55611-7427-4cd0-a2cd-a15b5ccbaa9c,https://iiif.library.sh.cn/c/3/43b71d2e-9946-4d9f-afe5-2980e5e50ee6,1447,2228,https://iiif.library.sh.cn/c/3/43b71d2e-9946-4d9f-afe5-2980e5e50ee6/ap/s,https://iiif.library.sh.cn/c/3/43b71d2e-9946-4d9f-afe5-2980e5e50ee6/ap/c/a/4dd178e5-f6f1-4ee5-b645-e39f449d82c7,12,12,supplementing,"[943, 1024, 155, 155]","[943, 1024, 1098, 1179]","https://iiif.library.sh.cn/c/3/43b71d2e-9946-4d9f-afe5-2980e5e50ee6#xywh=943,1024,155,155",李俨撰文，欧阳通楷书,欧阳通（楷书）；李儇（撰文）,唐,龙朔三年十月十日刻立（663）,663,楷书,17A331,《翰墨瑰宝：上海图书馆藏珍本碑帖丛刊》第二辑,iiif_annotation_target_xywh,iiif_xywh
001_道因法师碑_p0013_c013,濮,001_道因法师碑,道因法师碑,13,十三,1,4,943,1205,155,155,947,1199,158,173,"[947, 1199, 158, 173]",934,1182,184,207,"[934, 1182, 184, 207]",11244,text_constrained_column_cell_pixel_assignment,assets/page_images/001_道因法师碑/p0013.jpg,1,http://data.library.sh.cn/bt/resource/work/v1e0qbx3r5wp1uw4,http://iiif.library.sh.cn/api/viewer/17A331,https://iiif.library.sh.cn/p/3/02c55611-7427-4cd0-a2cd-a15b5ccbaa9c,https://iiif.library.sh.cn/c/3/43b71d2e-9946-4d9f-afe5-2980e5e50ee6,1447,2228,https://iiif.library.sh.cn/c/3/43b71d2e-9946-4d9f-afe5-2980e5e50ee6/ap/s,https://iiif.library.sh.cn/c/3/43b71d2e-9946-4d9f-afe5-2980e5e50ee6/ap/c/a/5748265b-d0b8-4dd2-8abc-06dc2ac1e7ed,13,13,supplementing,"[943, 1205, 155, 155]","[943, 1205, 1098, 1360]","https://iiif.library.sh.cn/c/3/43b71d2e-9946-4d9f-afe5-2980e5e50ee6#xywh=943,1205,155,155",李俨撰文，欧阳通楷书,欧阳通（楷书）；李儇（撰文）,唐,龙朔三年十月十日刻立（663）,663,楷书,17A331,《翰墨瑰宝：上海图书馆藏珍本碑帖丛刊》第二辑,iiif_annotation_target_xywh,iiif_xywh
001_道因法师碑_p0013_c014,阳,001_道因法师碑,道因法师碑,13,十三,1,5,943,1398,155,155,947,1386,158,176,"[947, 1386, 158, 176]",934,1368,184,212,"[934, 1368, 184, 212]",13042,text_constrained_column_cell_pixel_assignment,assets/page_images/001_道因法师碑/p0013.jpg,1,http://data.library.sh.cn/bt/resource/work/v1e0qbx3r5wp1uw4,http://iiif.library.sh.cn/api/viewer/17A331,https://iiif.library.sh.cn/p/3/02c55611-7427-4cd0-a2cd-a15b5ccbaa9c,https://iiif.library.sh.cn/c/3/43b71d2e-9946-4d9f-afe5-2980e5e50ee6,1447,2228,https://iiif.library.sh.cn/c/3/43b71d2e-9946-4d9f-afe5-2980e5e50ee6/ap/s,https://iiif.library.sh.cn/c/3/43b71d2e-9946-4d9f-afe5-2980e5e50ee6/ap/c/a/71f558f4-992d-44a3-a1a2-48e45aacf894,14,14,supplementing,"[943, 1398, 155, 155]","[943, 1398, 1098, 1553]","https://iiif.library.sh.cn/c/3/43b71d2e-9946-4d9f-afe5-2980e5e50ee6#xywh=943,1398,155,155",李俨撰文，欧阳通楷书,欧阳通（楷书）；李儇（撰文）,唐,龙朔三年十月十日刻立（663）,663,楷书,17A331,《翰墨瑰宝：上海图书馆藏珍本碑帖丛刊》第二辑,iiif_annotation_target_xywh,iiif_xywh
001_道因法师碑_p0013_c015,人,001_道因法师碑,道因法师碑,13,十三,1,6,943,1585,155,155,947,1575,158,161,"[947, 1575, 158, 161]",934,1559,184,193,"[934, 1559, 184, 193]",9653,text_constrained_column_cell_pixel_assignment,assets/page_images/001_道因法师碑/p0013.jpg,1,http://data.library.sh.cn/bt/resource/work/v1e0qbx3r5wp1uw4,http://iiif.library.sh.cn/api/viewer/17A331,https://iiif.library.sh.cn/p/3/02c55611-7427-4cd0-a2cd-a15b5ccbaa9c,https://iiif.library.sh.cn/c/3/43b71d2e-9946-4d9f-afe5-2980e5e50ee6,1447,2228,https://iiif.library.sh.cn/c/3/43b71d2e-9946-4d9f-afe5-2980e5e50ee6/ap/s,https://iiif.library.sh.cn/c/3/43b71d2e-9946-4d9f-afe5-2980e5e50ee6/ap/c/a/b9be7163-6827-41de-ac1e-3eb3ba26ca4f,15,15,supplementing,"[943, 1585, 155, 155]","[943, 1585, 1098, 1740]","https://iiif.library.sh.cn/c/3/43b71d2e-9946-4d9f-afe5-2980e5e50ee6#xywh=943,1585,155,155",李俨撰文，欧阳通楷书,欧阳通（楷书）；李儇（撰文）,唐,龙朔三年十月十日刻立（663）,663,楷书,17A331,《翰墨瑰宝：上海图书馆藏珍本碑帖丛刊》第二辑,iiif_annotation_target_xywh,iiif_xywh
001_道因法师碑_p0013_c016,也,001_道因法师碑,道因法师碑,13,十三,1,7,963,1754,136,136,947,1748,158,148,"[947, 1748, 158, 148]",934,1733,184,178,"[934, 1733, 184, 178]",12188,text_constrained_column_cell_pixel_assignment,assets/page_images/001_道因法师碑/p0013.jpg,1,http://data.library.sh.cn/bt/resource/work/v1e0qbx3r5wp1uw4,http://iiif.library.sh.cn/api/viewer/17A331,https://iiif.library.sh.cn/p/3/02c55611-7427-4cd0-a2cd-a15b5ccbaa9c,https://iiif.library.sh.cn/c/3/43b71d2e-9946-4d9f-afe5-2980e5e50ee6,1447,2228,https://iiif.library.sh.cn/c/3/43b71d2e-9946-4d9f-afe5-2980e5e50ee6/ap/s,https://iiif.library.sh.cn/c/3/43b71d2e-9946-4d9f-afe5-2980e5e50ee6/ap/c/a/3e4bcdd7-c645-442c-ae9c-dff4ce245579,16,16,supplementing,"[963, 1754, 136, 136]","[963, 1754, 1099, 1890]","https://iiif.library.sh.cn/c/3/43b71d2e-9946-4d9f-afe5-2980e5e50ee6#xywh=963,1754,136,136",李俨撰文，欧阳通楷书,欧阳通（楷书）；李儇（撰文）,唐,龙朔三年十月十日刻立（663）,663,楷书,17A331,《翰墨瑰宝：上海图书馆藏珍本碑帖丛刊》第二辑,iiif_annotation_target_xywh,iiif_xywh
001_道因法师碑_p0013_c017,自,001_道因法师碑,道因法师碑,13,十三,2,0,786,528,150,150,785,544,151,118,"[785, 544, 151, 118]",773,532,175,142,"[773, 532, 175, 142]",10202,text_constrained_column_cell_pixel_assignment,assets/page_images/001_道因法师碑/p0013.jpg,1,http://data.library.sh.cn/bt/resource/work/v1e0qbx3r5wp1uw4,http://iiif.library.sh.cn/api/viewer/17A331,https://iiif.library.sh.cn/p/3/02c55611-7427-4cd0-a2cd-a15b5ccbaa9c,https://iiif.library.sh.cn/c/3/43b71d2e-9946-4d9f-afe5-2980e5e50ee6,1447,2228,https://iiif.library.sh.cn/c/3/43b71d2e-9946-4d9f-afe5-2980e5e50ee6/ap/s,https://iiif.library.sh.cn/c/3/43b71d2e-9946-4d9f-afe5-2980e5e50ee6/ap/c/a/84ea8ca1-6f1c-4664-b033-d99c025ea641,17,17,supplementing,"[786, 528, 150, 150]","[786, 528, 936, 678]","https://iiif.library.sh.cn/c/3/43b71d2e-9946-4d9f-afe5-2980e5e50ee6#xywh=786,528,150,150",李俨撰文，欧阳通楷书,欧阳通（楷书）；李儇（撰文）,唐,龙朔三年十月十日刻立（663）,663,楷书,17A331,《翰墨瑰宝：上海图书馆藏珍本碑帖丛刊》第二辑,iiif_annotation_target_xywh,iiif_xywh
001_道因法师碑_p0013_c018,绕,001_道因法师碑,道因法师碑,13,十三,2,1,786,654,150,150,785,672,151,161,"[785, 672, 151, 161]",773,656,175,193,"[773, 656, 175, 193]",10984,text_constrained_column_cell_pixel_assignment,assets/page_images/001_道因法师碑/p0013.jpg,1,http://data.library.sh.cn/bt/resource/work/v1e0qbx3r5wp1uw4,http://iiif.library.sh.cn/api/viewer/17A331,https://iiif.library.sh.cn/p/3/02c55611-7427-4cd0-a2cd-a15b5ccbaa9c,https://iiif.library.sh.cn/c/3/43b71d2e-9946-4d9f-afe5-2980e5e50ee6,1447,2228,https://iiif.library.sh.cn/c/3/43b71d2e-9946-4d9f-afe5-2980e5e50ee6/ap/s,https://iiif.library.sh.cn/c/3/43b71d2e-9946-4d9f-afe5-2980e5e50ee6/ap/c/a/ae14883c-8318-40c2-b9cc-41a61859d372,18,18,supplementing,"[786, 654, 150, 150]","[786, 654, 936, 804]","https://iiif.library.sh.cn/c/3/43b71d2e-9946-4d9f-afe5-2980e5e50ee6#xywh=786,654,150,150",李俨撰文，欧阳通楷书,欧阳通（楷书）；李儇（撰文）,唐,龙朔三年十月十日刻立（663）,663,楷书,17A331,《翰墨瑰宝：上海图书馆藏珍本碑帖丛刊》第二辑,iiif_annotation_target_xywh,iiif_xywh
001_道因法师碑_p0013_c019,枢,001_道因法师碑,道因法师碑,13,十三,2,2,786,875,150,150,785,846,151,186,"[785, 846, 151, 186]",773,827,175,224,"[773, 827, 175, 224]",12192,text_constrained_column_cell_pixel_assignment,assets/page_images/001_道因法师碑/p0013.jpg,1,http://data.library.sh.cn/bt/resource/work/v1e0qbx3r5wp1uw4,http://iiif.library.sh.cn/api/viewer/17A331,https://iiif.library.sh.cn/p/3/02c55611-7427-4cd0-a2cd-a15b5ccbaa9c,https://iiif.library.sh.cn/c/3/43b71d2e-9946-4d9f-afe5-2980e5e50ee6,1447,2228,https://iiif.library.sh.cn/c/3/43b71d2e-9946-4d9f-afe5-2980e5e50ee6/ap/s,https://iiif.library.sh.cn/c/3/43b71d2e-9946-4d9f-afe5-2980e5e50ee6/ap/c/a/e19cfd3f-cfde-4980-a08c-c169137313d5,19,19,supplementing,"[786, 875, 150, 150]","[786, 875, 936, 1025]","https://iiif.library.sh.cn/c/3/43b71d2e-9946-4d9f-afe5-2980e5e50ee6#xywh=786,875,150,150",李俨撰文，欧阳通楷书,欧阳通（楷书）；李儇（撰文）,唐,龙朔三年十月十日刻立（663）,663,楷书,17A331,《翰墨瑰宝：上海图书馆藏珍本碑帖丛刊》第二辑,iiif_annotation_target_xywh,iiif_xywh
001_道因法师碑_p0013_c020,凝,001_道因法师碑,道因法师碑,13,十三,2,3,786,1054,150,150,785,1046,151,164,"[785, 1046, 151, 164]",773,1030,175,196,"[773, 1030, 175, 196]",12578,text_constrained_column_cell_pixel_assignment,assets/page_images/001_道因法师碑/p0013.jpg,1,http://data.library.sh.cn/bt/resource/work/v1e0qbx3r5wp1uw4,http://iiif.library.sh.cn/api/viewer/17A331,https://iiif.library.sh.cn/p/3/02c55611-7427-4cd0-a2cd-a15b5ccbaa9c,https://iiif.library.sh.cn/c/3/43b71d2e-9946-4d9f-afe5-2980e5e50ee6,1447,2228,https://iiif.library.sh.cn/c/3/43b71d2e-9946-4d9f-afe5-2980e5e50ee6/ap/s,https://iiif.library.sh.cn/c/3/43b71d2e-9946-4d9f-afe5-2980e5e50ee6/ap/c/a/539dd9da-d479-4531-92ec-3d28571c3830,20,20,supplementing,"[786, 1054, 150, 150]","[786, 1054, 936, 1204]","https://iiif.library.sh.cn/c/3/43b71d2e-9946-4d9f-afe5-2980e5e50ee6#xywh=786,1054,150,150",李俨撰文，欧阳通楷书,欧阳通（楷书）；李儇（撰文）,唐,龙朔三年十月十日刻立（663）,663,楷书,17A331,《翰墨瑰宝：上海图书馆藏珍本碑帖丛刊》第二辑,iiif_annotation_target_xywh,iiif_xywh
001_道因法师碑_p0013_c021,祉,001_道因法师碑,道因法师碑,13,十三,2,4,786,1229,150,150,785,1223,151,162,"[785, 1223, 151, 162]",773,1207,175,194,"[773, 1207, 175, 194]",13626,text_constrained_column_cell_pixel_assignment,assets/page_images/001_道因法师碑/p0013.jpg,1,http://data.library.sh.cn/bt/resource/work/v1e0qbx3r5wp1uw4,http://iiif.library.sh.cn/api/viewer/17A331,https://iiif.library.sh.cn/p/3/02c55611-7427-4cd0-a2cd-a15b5ccbaa9c,https://iiif.library.sh.cn/c/3/43b71d2e-9946-4d9f-afe5-2980e5e50ee6,1447,2228,https://iiif.library.sh.cn/c/3/43b71d2e-9946-4d9f-afe5-2980e5e50ee6/ap/s,https://iiif.library.sh.cn/c/3/43b71d2e-9946-4d9f-afe5-2980e5e50ee6/ap/c/a/b16fc44a-73aa-475c-9a81-b77c50043284,21,21,supplementing,"[786, 1229, 150, 150]","[786, 1229, 936, 1379]","https://iiif.library.sh.cn/c/3/43b71d2e-9946-4d9f-afe5-2980e5e50ee6#xywh=786,1229,150,150",李俨撰文，欧阳通楷书,欧阳通（楷书）；李儇（撰文）,唐,龙朔三年十月十日刻立（663）,663,楷书,17A331,《翰墨瑰宝：上海图书馆藏珍本碑帖丛刊》第二辑,iiif_annotation_target_xywh,iiif_xywh
001_道因法师碑_p0013_c022,纪,001_道因法师碑,道因法师碑,13,十三,2,5,786,1404,150,150,785,1398,151,164,"[785, 1398, 151, 164]",773,1382,175,196,"[773, 1382, 175, 196]",10235,text_constrained_column_cell_pixel_assignment,assets/page_images/001_道因法师碑/p0013.jpg,1,http://data.library.sh.cn/bt/resource/work/v1e0qbx3r5wp1uw4,http://iiif.library.sh.cn/api/viewer/17A331,https://iiif.library.sh.cn/p/3/02c55611-7427-4cd0-a2cd-a15b5ccbaa9c,https://iiif.library.sh.cn/c/3/43b71d2e-9946-4d9f-afe5-2980e5e50ee6,1447,2228,https://iiif.library.sh.cn/c/3/43b71d2e-9946-4d9f-afe5-2980e5e50ee6/ap/s,https://iiif.library.sh.cn/c/3/43b71d2e-9946-4d9f-afe5-2980e5e50ee6/ap/c/a/7226633b-c720-482d-9284-7cef4eb0af98,22,22,supplementing,"[786, 1404, 150, 150]","[786, 1404, 936, 1554]","https://iiif.library.sh.cn/c/3/43b71d2e-9946-4d9f-afe5-2980e5e50ee6#xywh=786,1404,150,150",李俨撰文，欧阳通楷书,欧阳通（楷书）；李儇（撰文）,唐,龙朔三年十月十日刻立（663）,663,楷书,17A331,《翰墨瑰宝：上海图书馆藏珍本碑帖丛刊》第二辑,iiif_annotation_target_xywh,iiif_xywh
001_道因法师碑_p0013_c023,云,001_道因法师碑,道因法师碑,13,十三,2,6,786,1583,150,150,785,1575,151,175,"[785, 1575, 151, 175]",773,1558,175,210,"[773, 1558, 175, 210]",10964,text_constrained_column_cell_pixel_assignment,assets/page_images/001_道因法师碑/p0013.jpg,1,http://data.library.sh.cn/bt/resource/work/v1e0qbx3r5wp1uw4,http://iiif.library.sh.cn/api/viewer/17A331,https://iiif.library.sh.cn/p/3/02c55611-7427-4cd0-a2cd-a15b5ccbaa9c,https://iiif.library.sh.cn/c/3/43b71d2e-9946-4d9f-afe5-2980e5e50ee6,1447,2228,https://iiif.library.sh.cn/c/3/43b71d2e-9946-4d9f-afe5-2980e5e50ee6/ap/s,https://iiif.library.sh.cn/c/3/43b71d2e-9946-4d9f-afe5-2980e5e50ee6/ap/c/a/be3077db-9afa-4c15-af62-482de4740ec2,23,23,supplementing,"[786, 1583, 150, 150]","[786, 1583, 936, 1733]","https://iiif.library.sh.cn/c/3/43b71d2e-9946-4d9f-afe5-2980e5e50ee6#xywh=786,1583,150,150",李俨撰文，欧阳通楷书,欧阳通（楷书）；李儇（撰文）,唐,龙朔三年十月十日刻立（663）,663,楷书,17A331,《翰墨瑰宝：上海图书馆藏珍本碑帖丛刊》第二辑,iiif_annotation_target_xywh,iiif_xywh
001_道因法师碑_p0013_c024,而,001_道因法师碑,道因法师碑,13,十三,2,7,786,1781,150,150,785,1764,151,184,"[785, 1764, 151, 184]",773,1746,175,220,"[773, 1746, 175, 220]",22891,text_constrained_column_cell_pixel_assignment,assets/page_images/001_道因法师碑/p0013.jpg,1,http://data.library.sh.cn/bt/resource/work/v1e0qbx3r5wp1uw4,http://iiif.library.sh.cn/api/viewer/17A331,https://iiif.library.sh.cn/p/3/02c55611-7427-4cd0-a2cd-a15b5ccbaa9c,https://iiif.library.sh.cn/c/3/43b71d2e-9946-4d9f-afe5-2980e5e50ee6,1447,2228,https://iiif.library.sh.cn/c/3/43b71d2e-9946-4d9f-afe5-2980e5e50ee6/ap/s,https://iiif.library.sh.cn/c/3/43b71d2e-9946-4d9f-afe5-2980e5e50ee6/ap/c/a/c9995421-872d-42a9-895a-317ec98a0789,24,24,supplementing,"[786, 1781, 150, 150]","[786, 1781, 936, 1931]","https://iiif.library.sh.cn/c/3/43b71d2e-9946-4d9f-afe5-2980e5e50ee6#xywh=786,1781,150,150",李俨撰文，欧阳通楷书,欧阳通（楷书）；李儇（撰文）,唐,龙朔三年十月十日刻立（663）,663,楷书,17A331,《翰墨瑰宝：上海图书馆藏珍本碑帖丛刊》第二辑,iiif_annotation_target_xywh,iiif_xywh
001_道因法师碑_p0013_c025,锡,001_道因法师碑,道因法师碑,13,十三,3,0,630,522,138,138,625,515,149,152,"[625, 515, 149, 152]",613,500,173,182,"[613, 500, 173, 182]",7606,text_constrained_column_cell_pixel_assignment,assets/page_images/001_道因法师碑/p0013.jpg,1,http://data.library.sh.cn/bt/resource/work/v1e0qbx3r5wp1uw4,http://iiif.library.sh.cn/api/viewer/17A331,https://iiif.library.sh.cn/p/3/02c55611-7427-4cd0-a2cd-a15b5ccbaa9c,https://iiif.library.sh.cn/c/3/43b71d2e-9946-4d9f-afe5-2980e5e50ee6,1447,2228,https://iiif.library.sh.cn/c/3/43b71d2e-9946-4d9f-afe5-2980e5e50ee6/ap/s,https://iiif.library.sh.cn/c/3/43b71d2e-9946-4d9f-afe5-2980e5e50ee6/ap/c/a/8d8da2f9-16a4-48b7-9799-58270a7ec7c2,25,25,supplementing,"[630, 522, 138, 138]","[630, 522, 768, 660]","https://iiif.library.sh.cn/c/3/43b71d2e-9946-4d9f-afe5-2980e5e50ee6#xywh=630,522,138,138",李俨撰文，欧阳通楷书,欧阳通（楷书）；李儇（撰文）,唐,龙朔三年十月十日刻立（663）,663,楷书,17A331,《翰墨瑰宝：上海图书馆藏珍本碑帖丛刊》第二辑,iiif_annotation_target_xywh,iiif_xywh
001_道因法师碑_p0013_c026,胤,001_道因法师碑,道因法师碑,13,十三,3,1,630,686,138,138,625,679,149,151,"[625, 679, 149, 151]",613,664,173,181,"[613, 664, 173, 181]",7752,text_constrained_column_cell_pixel_assignment,assets/page_images/001_道因法师碑/p0013.jpg,1,http://data.library.sh.cn/bt/resource/work/v1e0qbx3r5wp1uw4,http://iiif.library.sh.cn/api/viewer/17A331,https://iiif.library.sh.cn/p/3/02c55611-7427-4cd0-a2cd-a15b5ccbaa9c,https://iiif.library.sh.cn/c/3/43b71d2e-9946-4d9f-afe5-2980e5e50ee6,1447,2228,https://iiif.library.sh.cn/c/3/43b71d2e-9946-4d9f-afe5-2980e5e50ee6/ap/s,https://iiif.library.sh.cn/c/3/43b71d2e-9946-4d9f-afe5-2980e5e50ee6/ap/c/a/238fd4f5-6c24-499c-9cc2-718ff6aa5862,26,26,supplementing,"[630, 686, 138, 138]","[630, 686, 768, 824]","https://iiif.library.sh.cn/c/3/43b71d2e-9946-4d9f-afe5-2980e5e50ee6#xywh=630,686,138,138",李俨撰文，欧阳通楷书,欧阳通（楷书）；李儇（撰文）,唐,龙朔三年十月十日刻立（663）,663,楷书,17A331,《翰墨瑰宝：上海图书馆藏珍本碑帖丛刊》第二辑,iiif_annotation_target_xywh,iiif_xywh
001_道因法师碑_p0013_c027,贯,001_道因法师碑,道因法师碑,13,十三,3,2,630,847,138,138,625,842,149,159,"[625, 842, 149, 159]",613,826,173,191,"[613, 826, 173, 191]",9506,text_constrained_column_cell_pixel_assignment,assets/page_images/001_道因法师碑/p0013.jpg,1,http://data.library.sh.cn/bt/resource/work/v1e0qbx3r5wp1uw4,http://iiif.library.sh.cn/api/viewer/17A331,https://iiif.library.sh.cn/p/3/02c55611-7427-4cd0-a2cd-a15b5ccbaa9c,https://iiif.library.sh.cn/c/3/43b71d2e-9946-4d9f-afe5-2980e5e50ee6,1447,2228,https://iiif.library.sh.cn/c/3/43b71d2e-9946-4d9f-afe5-2980e5e50ee6/ap/s,https://iiif.library.sh.cn/c/3/43b71d2e-9946-4d9f-afe5-2980e5e50ee6/ap/c/a/e05f1a87-a0cf-40bb-9068-c58bd657eb0f,27,27,supplementing,"[630, 847, 138, 138]","[630, 847, 768, 985]","https://iiif.library.sh.cn/c/3/43b71d2e-9946-4d9f-afe5-2980e5e50ee6#xywh=630,847,138,138",李俨撰文，欧阳通楷书,欧阳通（楷书）；李儇（撰文）,唐,龙朔三年十月十日刻立（663）,663,楷书,17A331,《翰墨瑰宝：上海图书馆藏珍本碑帖丛刊》第二辑,iiif_annotation_target_xywh,iiif_xywh
001_道因法师碑_p0013_c028,昴,001_道因法师碑,道因法师碑,13,十三,3,3,630,1030,138,138,625,1014,149,163,"[625, 1014, 149, 163]",613,998,173,195,"[613, 998, 173, 195]",12137,text_constrained_column_cell_pixel_assignment,assets/page_images/001_道因法师碑/p0013.jpg,1,http://data.library.sh.cn/bt/resource/work/v1e0qbx3r5wp1uw4,http://iiif.library.sh.cn/api/viewer/17A331,https://iiif.library.sh.cn/p/3/02c55611-7427-4cd0-a2cd-a15b5ccbaa9c,https://iiif.library.sh.cn/c/3/43b71d2e-9946-4d9f-afe5-2980e5e50ee6,1447,2228,https://iiif.library.sh.cn/c/3/43b71d2e-9946-4d9f-afe5-2980e5e50ee6/ap/s,https://iiif.library.sh.cn/c/3/43b71d2e-9946-4d9f-afe5-2980e5e50ee6/ap/c/a/47a04b80-a6ad-4cf4-a76f-568ae6ff9899,28,28,supplementing,"[630, 1030, 138, 138]","[630, 1030, 768, 1168]","https://iiif.library.sh.cn/c/3/43b71d2e-9946-4d9f-afe5-2980e5e50ee6#xywh=630,1030,138,138",李俨撰文，欧阳通楷书,欧阳通（楷书）；李儇（撰文）,唐,龙朔三年十月十日刻立（663）,663,楷书,17A331,《翰墨瑰宝：上海图书馆藏珍本碑帖丛刊》第二辑,iiif_annotation_target_xywh,iiif_xywh
001_道因法师碑_p0013_c029,摛,001_道因法师碑,道因法师碑,13,十三,3,4,630,1199,138,138,625,1189,149,159,"[625, 1189, 149, 159]",613,1173,173,191,"[613, 1173, 173, 191]",9719,text_constrained_column_cell_pixel_assignment,assets/page_images/001_道因法师碑/p0013.jpg,1,http://data.library.sh.cn/bt/resource/work/v1e0qbx3r5wp1uw4,http://iiif.library.sh.cn/api/viewer/17A331,https://iiif.library.sh.cn/p/3/02c55611-7427-4cd0-a2cd-a15b5ccbaa9c,https://iiif.library.sh.cn/c/3/43b71d2e-9946-4d9f-afe5-2980e5e50ee6,1447,2228,https://iiif.library.sh.cn/c/3/43b71d2e-9946-4d9f-afe5-2980e5e50ee6/ap/s,https://iiif.library.sh.cn/c/3/43b71d2e-9946-4d9f-afe5-2980e5e50ee6/ap/c/a/5c32d3d5-4948-482f-9170-4ff388e45a71,29,29,supplementing,"[630, 1199, 138, 138]","[630, 1199, 768, 1337]","https://iiif.library.sh.cn/c/3/43b71d2e-9946-4d9f-afe5-2980e5e50ee6#xywh=630,1199,138,138",李俨撰文，欧阳通楷书,欧阳通（楷书）；李儇（撰文）,唐,龙朔三年十月十日刻立（663）,663,楷书,17A331,《翰墨瑰宝：上海图书馆藏珍本碑帖丛刊》第二辑,iiif_annotation_target_xywh,iiif_xywh
001_道因法师碑_p0013_c030,祥,001_道因法师碑,道因法师碑,13,十三,3,5,630,1370,138,138,625,1360,149,169,"[625, 1360, 149, 169]",613,1343,173,203,"[613, 1343, 173, 203]",9617,text_constrained_column_cell_pixel_assignment,assets/page_images/001_道因法师碑/p0013.jpg,1,http://data.library.sh.cn/bt/resource/work/v1e0qbx3r5wp1uw4,http://iiif.library.sh.cn/api/viewer/17A331,https://iiif.library.sh.cn/p/3/02c55611-7427-4cd0-a2cd-a15b5ccbaa9c,https://iiif.library.sh.cn/c/3/43b71d2e-9946-4d9f-afe5-2980e5e50ee6,1447,2228,https://iiif.library.sh.cn/c/3/43b71d2e-9946-4d9f-afe5-2980e5e50ee6/ap/s,https://iiif.library.sh.cn/c/3/43b71d2e-9946-4d9f-afe5-2980e5e50ee6/ap/c/a/e16a1f67-0dc6-4073-865e-87f1f8bbbbe1,30,30,supplementing,"[630, 1370, 138, 138]","[630, 1370, 768, 1508]","https://iiif.library.sh.cn/c/3/43b71d2e-9946-4d9f-afe5-2980e5e50ee6#xywh=630,1370,138,138",李俨撰文，欧阳通楷书,欧阳通（楷书）；李儇（撰文）,唐,龙朔三年十月十日刻立（663）,663,楷书,17A331,《翰墨瑰宝：上海图书馆藏珍本碑帖丛刊》第二辑,iiif_annotation_target_xywh,iiif_xywh
001_道因法师碑_p0013_c031,奠,001_道因法师碑,道因法师碑,13,十三,3,6,630,1567,130,130,625,1542,149,176,"[625, 1542, 149, 176]",613,1524,173,212,"[613, 1524, 173, 212]",8442,text_constrained_column_cell_pixel_assignment,assets/page_images/001_道因法师碑/p0013.jpg,1,http://data.library.sh.cn/bt/resource/work/v1e0qbx3r5wp1uw4,http://iiif.library.sh.cn/api/viewer/17A331,https://iiif.library.sh.cn/p/3/02c55611-7427-4cd0-a2cd-a15b5ccbaa9c,https://iiif.library.sh.cn/c/3/43b71d2e-9946-4d9f-afe5-2980e5e50ee6,1447,2228,https://iiif.library.sh.cn/c/3/43b71d2e-9946-4d9f-afe5-2980e5e50ee6/ap/s,https://iiif.library.sh.cn/c/3/43b71d2e-9946-4d9f-afe5-2980e5e50ee6/ap/c/a/a62c845a-d384-4ce7-8669-38d31eca085a,31,31,supplementing,"[630, 1567, 130, 130]","[630, 1567, 760, 1697]","https://iiif.library.sh.cn/c/3/43b71d2e-9946-4d9f-afe5-2980e5e50ee6#xywh=630,1567,130,130",李俨撰文，欧阳通楷书,欧阳通（楷书）；李儇（撰文）,唐,龙朔三年十月十日刻立（663）,663,楷书,17A331,《翰墨瑰宝：上海图书馆藏珍本碑帖丛刊》第二辑,iiif_annotation_target_xywh,iiif_xywh
001_道因法师碑_p0013_c032,川,001_道因法师碑,道因法师碑,13,十三,3,7,630,1752,130,130,625,1731,149,172,"[625, 1731, 149, 172]",613,1714,173,206,"[613, 1714, 173, 206]",13167,text_constrained_column_cell_pixel_assignment,assets/page_images/001_道因法师碑/p0013.jpg,1,http://data.library.sh.cn/bt/resource/work/v1e0qbx3r5wp1uw4,http://iiif.library.sh.cn/api/viewer/17A331,https://iiif.library.sh.cn/p/3/02c55611-7427-4cd0-a2cd-a15b5ccbaa9c,https://iiif.library.sh.cn/c/3/43b71d2e-9946-4d9f-afe5-2980e5e50ee6,1447,2228,https://iiif.library.sh.cn/c/3/43b71d2e-9946-4d9f-afe5-2980e5e50ee6/ap/s,https://iiif.library.sh.cn/c/3/43b71d2e-9946-4d9f-afe5-2980e5e50ee6/ap/c/a/37300c9a-e86e-4fc3-96ce-497a7019d045,32,32,supplementing,"[630, 1752, 130, 130]","[630, 1752, 760, 1882]","https://iiif.library.sh.cn/c/3/43b71d2e-9946-4d9f-afe5-2980e5e50ee6#xywh=630,1752,130,130",李俨撰文，欧阳通楷书,欧阳通（楷书）；李儇（撰文）,唐,龙朔三年十月十日刻立（663）,663,楷书,17A331,《翰墨瑰宝：上海图书馆藏珍本碑帖丛刊》第二辑,iiif_annotation_target_xywh,iiif_xywh
001_道因法师碑_p0013_c033,而,001_道因法师碑,道因法师碑,13,十三,4,0,473,524,136,136,468,537,146,110,"[468, 537, 146, 110]",456,526,170,132,"[456, 526, 170, 132]",10036,text_constrained_column_cell_pixel_assignment,assets/page_images/001_道因法师碑/p0013.jpg,1,http://data.library.sh.cn/bt/resource/work/v1e0qbx3r5wp1uw4,http://iiif.library.sh.cn/api/viewer/17A331,https://iiif.library.sh.cn/p/3/02c55611-7427-4cd0-a2cd-a15b5ccbaa9c,https://iiif.library.sh.cn/c/3/43b71d2e-9946-4d9f-afe5-2980e5e50ee6,1447,2228,https://iiif.library.sh.cn/c/3/43b71d2e-9946-4d9f-afe5-2980e5e50ee6/ap/s,https://iiif.library.sh.cn/c/3/43b71d2e-9946-4d9f-afe5-2980e5e50ee6/ap/c/a/dc51f75a-6055-4382-baaf-76f0c1106e19,33,33,supplementing,"[473, 524, 136, 136]","[473, 524, 609, 660]","https://iiif.library.sh.cn/c/3/43b71d2e-9946-4d9f-afe5-2980e5e50ee6#xywh=473,524,136,136",李俨撰文，欧阳通楷书,欧阳通（楷书）；李儇（撰文）,唐,龙朔三年十月十日刻立（663）,663,楷书,17A331,《翰墨瑰宝：上海图书馆藏珍本碑帖丛刊》第二辑,iiif_annotation_target_xywh,iiif_xywh
001_道因法师碑_p0013_c034,分,001_道因法师碑,道因法师碑,13,十三,4,1,473,643,136,136,468,657,146,139,"[468, 657, 146, 139]",456,643,170,167,"[456, 643, 170, 167]",11325,text_constrained_column_cell_pixel_assignment,assets/page_images/001_道因法师碑/p0013.jpg,1,http://data.library.sh.cn/bt/resource/work/v1e0qbx3r5wp1uw4,http://iiif.library.sh.cn/api/viewer/17A331,https://iiif.library.sh.cn/p/3/02c55611-7427-4cd0-a2cd-a15b5ccbaa9c,https://iiif.library.sh.cn/c/3/43b71d2e-9946-4d9f-afe5-2980e5e50ee6,1447,2228,https://iiif.library.sh.cn/c/3/43b71d2e-9946-4d9f-afe5-2980e5e50ee6/ap/s,https://iiif.library.sh.cn/c/3/43b71d2e-9946-4d9f-afe5-2980e5e50ee6/ap/c/a/fe037ed8-8f75-47e1-bd66-7478d62e6a50,34,34,supplementing,"[473, 643, 136, 136]","[473, 643, 609, 779]","https://iiif.library.sh.cn/c/3/43b71d2e-9946-4d9f-afe5-2980e5e50ee6#xywh=473,643,136,136",李俨撰文，欧阳通楷书,欧阳通（楷书）；李儇（撰文）,唐,龙朔三年十月十日刻立（663）,663,楷书,17A331,《翰墨瑰宝：上海图书馆藏珍本碑帖丛刊》第二辑,iiif_annotation_target_xywh,iiif_xywh
001_道因法师碑_p0013_c035,绪,001_道因法师碑,道因法师碑,13,十三,4,2,473,824,136,136,468,808,146,185,"[468, 808, 146, 185]",456,790,170,222,"[456, 790, 170, 222]",13103,text_constrained_column_cell_pixel_assignment,assets/page_images/001_道因法师碑/p0013.jpg,1,http://data.library.sh.cn/bt/resource/work/v1e0qbx3r5wp1uw4,http://iiif.library.sh.cn/api/viewer/17A331,https://iiif.library.sh.cn/p/3/02c55611-7427-4cd0-a2cd-a15b5ccbaa9c,https://iiif.library.sh.cn/c/3/43b71d2e-9946-4d9f-afe5-2980e5e50ee6,1447,2228,https://iiif.library.sh.cn/c/3/43b71d2e-9946-4d9f-afe5-2980e5e50ee6/ap/s,https://iiif.library.sh.cn/c/3/43b71d2e-9946-4d9f-afe5-2980e5e50ee6/ap/c/a/c20bad6a-b3a9-4f8c-b7bc-43700c9d36ad,35,35,supplementing,"[473, 824, 136, 136]","[473, 824, 609, 960]","https://iiif.library.sh.cn/c/3/43b71d2e-9946-4d9f-afe5-2980e5e50ee6#xywh=473,824,136,136",李俨撰文，欧阳通楷书,欧阳通（楷书）；李儇（撰文）,唐,龙朔三年十月十日刻立（663）,663,楷书,17A331,《翰墨瑰宝：上海图书馆藏珍本碑帖丛刊》第二辑,iiif_annotation_target_xywh,iiif_xywh
001_道因法师碑_p0013_c036,司,001_道因法师碑,道因法师碑,13,十三,4,3,473,1040,136,136,468,1006,146,171,"[468, 1006, 146, 171]",456,989,170,205,"[456, 989, 170, 205]",12728,text_constrained_column_cell_pixel_assignment,assets/page_images/001_道因法师碑/p0013.jpg,1,http://data.library.sh.cn/bt/resource/work/v1e0qbx3r5wp1uw4,http://iiif.library.sh.cn/api/viewer/17A331,https://iiif.library.sh.cn/p/3/02c55611-7427-4cd0-a2cd-a15b5ccbaa9c,https://iiif.library.sh.cn/c/3/43b71d2e-9946-4d9f-afe5-2980e5e50ee6,1447,2228,https://iiif.library.sh.cn/c/3/43b71d2e-9946-4d9f-afe5-2980e5e50ee6/ap/s,https://iiif.library.sh.cn/c/3/43b71d2e-9946-4d9f-afe5-2980e5e50ee6/ap/c/a/caff36a8-b37b-4760-b835-20919da27197,36,36,supplementing,"[473, 1040, 136, 136]","[473, 1040, 609, 1176]","https://iiif.library.sh.cn/c/3/43b71d2e-9946-4d9f-afe5-2980e5e50ee6#xywh=473,1040,136,136",李俨撰文，欧阳通楷书,欧阳通（楷书）；李儇（撰文）,唐,龙朔三年十月十日刻立（663）,663,楷书,17A331,《翰墨瑰宝：上海图书馆藏珍本碑帖丛刊》第二辑,iiif_annotation_target_xywh,iiif_xywh
001_道因法师碑_p0013_c037,徒,001_道因法师碑,道因法师碑,13,十三,4,4,473,1191,136,136,468,1190,146,170,"[468, 1190, 146, 170]",456,1173,170,204,"[456, 1173, 170, 204]",11952,text_constrained_column_cell_pixel_assignment,assets/page_images/001_道因法师碑/p0013.jpg,1,http://data.library.sh.cn/bt/resource/work/v1e0qbx3r5wp1uw4,http://iiif.library.sh.cn/api/viewer/17A331,https://iiif.library.sh.cn/p/3/02c55611-7427-4cd0-a2cd-a15b5ccbaa9c,https://iiif.library.sh.cn/c/3/43b71d2e-9946-4d9f-afe5-2980e5e50ee6,1447,2228,https://iiif.library.sh.cn/c/3/43b71d2e-9946-4d9f-afe5-2980e5e50ee6/ap/s,https://iiif.library.sh.cn/c/3/43b71d2e-9946-4d9f-afe5-2980e5e50ee6/ap/c/a/0b9ffdb9-c2d2-4b8a-ad7b-f0bb2d005b4f,37,37,supplementing,"[473, 1191, 136, 136]","[473, 1191, 609, 1327]","https://iiif.library.sh.cn/c/3/43b71d2e-9946-4d9f-afe5-2980e5e50ee6#xywh=473,1191,136,136",李俨撰文，欧阳通楷书,欧阳通（楷书）；李儇（撰文）,唐,龙朔三年十月十日刻立（663）,663,楷书,17A331,《翰墨瑰宝：上海图书馆藏珍本碑帖丛刊》第二辑,iiif_annotation_target_xywh,iiif_xywh
001_道因法师碑_p0013_c038,以,001_道因法师碑,道因法师碑,13,十三,4,5,473,1406,136,136,468,1373,146,176,"[468, 1373, 146, 176]",456,1355,170,212,"[456, 1355, 170, 212]",10698,text_constrained_column_cell_pixel_assignment,assets/page_images/001_道因法师碑/p0013.jpg,1,http://data.library.sh.cn/bt/resource/work/v1e0qbx3r5wp1uw4,http://iiif.library.sh.cn/api/viewer/17A331,https://iiif.library.sh.cn/p/3/02c55611-7427-4cd0-a2cd-a15b5ccbaa9c,https://iiif.library.sh.cn/c/3/43b71d2e-9946-4d9f-afe5-2980e5e50ee6,1447,2228,https://iiif.library.sh.cn/c/3/43b71d2e-9946-4d9f-afe5-2980e5e50ee6/ap/s,https://iiif.library.sh.cn/c/3/43b71d2e-9946-4d9f-afe5-2980e5e50ee6/ap/c/a/218669a5-8d62-402f-8009-3482a87edfcc,38,38,supplementing,"[473, 1406, 136, 136]","[473, 1406, 609, 1542]","https://iiif.library.sh.cn/c/3/43b71d2e-9946-4d9f-afe5-2980e5e50ee6#xywh=473,1406,136,136",李俨撰文，欧阳通楷书,欧阳通（楷书）；李儇（撰文）,唐,龙朔三年十月十日刻立（663）,663,楷书,17A331,《翰墨瑰宝：上海图书馆藏珍本碑帖丛刊》第二辑,iiif_annotation_target_xywh,iiif_xywh
001_道因法师碑_p0013_c039,威,001_道因法师碑,道因法师碑,13,十三,4,6,473,1569,136,136,468,1562,146,162,"[468, 1562, 146, 162]",456,1546,170,194,"[456, 1546, 170, 194]",11088,text_constrained_column_cell_pixel_assignment,assets/page_images/001_道因法师碑/p0013.jpg,1,http://data.library.sh.cn/bt/resource/work/v1e0qbx3r5wp1uw4,http://iiif.library.sh.cn/api/viewer/17A331,https://iiif.library.sh.cn/p/3/02c55611-7427-4cd0-a2cd-a15b5ccbaa9c,https://iiif.library.sh.cn/c/3/43b71d2e-9946-4d9f-afe5-2980e5e50ee6,1447,2228,https://iiif.library.sh.cn/c/3/43b71d2e-9946-4d9f-afe5-2980e5e50ee6/ap/s,https://iiif.library.sh.cn/c/3/43b71d2e-9946-4d9f-afe5-2980e5e50ee6/ap/c/a/7ee2c037-5425-4aaf-af79-b6af6733794c,39,39,supplementing,"[473, 1569, 136, 136]","[473, 1569, 609, 1705]","https://iiif.library.sh.cn/c/3/43b71d2e-9946-4d9f-afe5-2980e5e50ee6#xywh=473,1569,136,136",李俨撰文，欧阳通楷书,欧阳通（楷书）；李儇（撰文）,唐,龙朔三年十月十日刻立（663）,663,楷书,17A331,《翰墨瑰宝：上海图书馆藏珍本碑帖丛刊》第二辑,iiif_annotation_target_xywh,iiif_xywh
001_道因法师碑_p0013_c040,容,001_道因法师碑,道因法师碑,13,十三,4,7,473,1756,136,136,468,1737,146,174,"[468, 1737, 146, 174]",456,1720,170,208,"[456, 1720, 170, 208]",11636,text_constrained_column_cell_pixel_assignment,assets/page_images/001_道因法师碑/p0013.jpg,1,http://data.library.sh.cn/bt/resource/work/v1e0qbx3r5wp1uw4,http://iiif.library.sh.cn/api/viewer/17A331,https://iiif.library.sh.cn/p/3/02c55611-7427-4cd0-a2cd-a15b5ccbaa9c,https://iiif.library.sh.cn/c/3/43b71d2e-9946-4d9f-afe5-2980e5e50ee6,1447,2228,https://iiif.library.sh.cn/c/3/43b71d2e-9946-4d9f-afe5-2980e5e50ee6/ap/s,https://iiif.library.sh.cn/c/3/43b71d2e-9946-4d9f-afe5-2980e5e50ee6/ap/c/a/722b64b9-beb5-4f6a-b3c0-27d652076478,40,40,supplementing,"[473, 1756, 136, 136]","[473, 1756, 609, 1892]","https://iiif.library.sh.cn/c/3/43b71d2e-9946-4d9f-afe5-2980e5e50ee6#xywh=473,1756,136,136",李俨撰文，欧阳通楷书,欧阳通（楷书）；李儇（撰文）,唐,龙朔三年十月十日刻立（663）,663,楷书,17A331,《翰墨瑰宝：上海图书馆藏珍本碑帖丛刊》第二辑,iiif_annotation_target_xywh,iiif_xywh
001_道因法师碑_p0014_c001,之,001_道因法师碑,道因法师碑,14,十四,0,0,859,537,144,144,847,552,158,114,"[847, 552, 158, 114]",834,541,184,136,"[834, 541, 184, 136]",12476,text_constrained_column_cell_pixel_assignment,assets/page_images/001_道因法师碑/p0014.jpg,1,http://data.library.sh.cn/bt/resource/work/v1e0qbx3r5wp1uw4,http://iiif.library.sh.cn/api/viewer/17A331,https://iiif.library.sh.cn/p/3/02c55611-7427-4cd0-a2cd-a15b5ccbaa9c,https://iiif.library.sh.cn/c/3/ab7539aa-16d2-4cdd-8c21-f65cb5e3562e,1444,2225,https://iiif.library.sh.cn/c/3/ab7539aa-16d2-4cdd-8c21-f65cb5e3562e/ap/s,https://iiif.library.sh.cn/c/3/ab7539aa-16d2-4cdd-8c21-f65cb5e3562e/ap/c/a/f0036181-ba09-4a7b-8dd8-9d7445722124,1,1,supplementing,"[859, 537, 144, 144]","[859, 537, 1003, 681]","https://iiif.library.sh.cn/c/3/ab7539aa-16d2-4cdd-8c21-f65cb5e3562e#xywh=859,537,144,144",李俨撰文，欧阳通楷书,欧阳通（楷书）；李儇（撰文）,唐,龙朔三年十月十日刻立（663）,663,楷书,17A331,《翰墨瑰宝：上海图书馆藏珍本碑帖丛刊》第二辑,iiif_annotation_target_xywh,iiif_xywh
001_道因法师碑_p0014_c002,盛,001_道因法师碑,道因法师碑,14,十四,0,1,847,653,156,156,847,675,158,145,"[847, 675, 158, 145]",834,660,184,174,"[834, 660, 184, 174]",14191,text_constrained_column_cell_pixel_assignment,assets/page_images/001_道因法师碑/p0014.jpg,1,http://data.library.sh.cn/bt/resource/work/v1e0qbx3r5wp1uw4,http://iiif.library.sh.cn/api/viewer/17A331,https://iiif.library.sh.cn/p/3/02c55611-7427-4cd0-a2cd-a15b5ccbaa9c,https://iiif.library.sh.cn/c/3/ab7539aa-16d2-4cdd-8c21-f65cb5e3562e,1444,2225,https://iiif.library.sh.cn/c/3/ab7539aa-16d2-4cdd-8c21-f65cb5e3562e/ap/s,https://iiif.library.sh.cn/c/3/ab7539aa-16d2-4cdd-8c21-f65cb5e3562e/ap/c/a/d67ed4aa-7bba-4a5e-a738-835042673092,2,2,supplementing,"[847, 653, 156, 156]","[847, 653, 1003, 809]","https://iiif.library.sh.cn/c/3/ab7539aa-16d2-4cdd-8c21-f65cb5e3562e#xywh=847,653,156,156",李俨撰文，欧阳通楷书,欧阳通（楷书）；李儇（撰文）,唐,龙朔三年十月十日刻立（663）,663,楷书,17A331,《翰墨瑰宝：上海图书馆藏珍本碑帖丛刊》第二辑,iiif_annotation_target_xywh,iiif_xywh
001_道因法师碑_p0014_c003,垂,001_道因法师碑,道因法师碑,14,十四,0,2,847,841,156,156,847,832,158,184,"[847, 832, 158, 184]",834,814,184,220,"[834, 814, 184, 220]",16187,text_constrained_column_cell_pixel_assignment,assets/page_images/001_道因法师碑/p0014.jpg,1,http://data.library.sh.cn/bt/resource/work/v1e0qbx3r5wp1uw4,http://iiif.library.sh.cn/api/viewer/17A331,https://iiif.library.sh.cn/p/3/02c55611-7427-4cd0-a2cd-a15b5ccbaa9c,https://iiif.library.sh.cn/c/3/ab7539aa-16d2-4cdd-8c21-f65cb5e3562e,1444,2225,https://iiif.library.sh.cn/c/3/ab7539aa-16d2-4cdd-8c21-f65cb5e3562e/ap/s,https://iiif.library.sh.cn/c/3/ab7539aa-16d2-4cdd-8c21-f65cb5e3562e/ap/c/a/fd3b49ad-755d-4268-9769-8edcdca3919a,3,3,supplementing,"[847, 841, 156, 156]","[847, 841, 1003, 997]","https://iiif.library.sh.cn/c/3/ab7539aa-16d2-4cdd-8c21-f65cb5e3562e#xywh=847,841,156,156",李俨撰文，欧阳通楷书,欧阳通（楷书）；李儇（撰文）,唐,龙朔三年十月十日刻立（663）,663,楷书,17A331,《翰墨瑰宝：上海图书馆藏珍本碑帖丛刊》第二辑,iiif_annotation_target_xywh,iiif_xywh
001_道因法师碑_p0014_c004,范,001_道因法师碑,道因法师碑,14,十四,0,3,847,1049,156,156,847,1029,158,162,"[847, 1029, 158, 162]",834,1013,184,194,"[834, 1013, 184, 194]",15269,text_constrained_column_cell_pixel_assignment,assets/page_images/001_道因法师碑/p0014.jpg,1,http://data.library.sh.cn/bt/resource/work/v1e0qbx3r5wp1uw4,http://iiif.library.sh.cn/api/viewer/17A331,https://iiif.library.sh.cn/p/3/02c55611-7427-4cd0-a2cd-a15b5ccbaa9c,https://iiif.library.sh.cn/c/3/ab7539aa-16d2-4cdd-8c21-f65cb5e3562e,1444,2225,https://iiif.library.sh.cn/c/3/ab7539aa-16d2-4cdd-8c21-f65cb5e3562e/ap/s,https://iiif.library.sh.cn/c/3/ab7539aa-16d2-4cdd-8c21-f65cb5e3562e/ap/c/a/2e485d4d-e2d9-40cc-947e-63e2eeded012,4,4,supplementing,"[847, 1049, 156, 156]","[847, 1049, 1003, 1205]","https://iiif.library.sh.cn/c/3/ab7539aa-16d2-4cdd-8c21-f65cb5e3562e#xywh=847,1049,156,156",李俨撰文，欧阳通楷书,欧阳通（楷书）；李儇（撰文）,唐,龙朔三年十月十日刻立（663）,663,楷书,17A331,《翰墨瑰宝：上海图书馆藏珍本碑帖丛刊》第二辑,iiif_annotation_target_xywh,iiif_xywh
001_道因法师碑_p0014_c005,汉,001_道因法师碑,道因法师碑,14,十四,0,4,847,1189,156,156,847,1202,158,146,"[847, 1202, 158, 146]",834,1187,184,176,"[834, 1187, 184, 176]",13395,text_constrained_column_cell_pixel_assignment,assets/page_images/001_道因法师碑/p0014.jpg,1,http://data.library.sh.cn/bt/resource/work/v1e0qbx3r5wp1uw4,http://iiif.library.sh.cn/api/viewer/17A331,https://iiif.library.sh.cn/p/3/02c55611-7427-4cd0-a2cd-a15b5ccbaa9c,https://iiif.library.sh.cn/c/3/ab7539aa-16d2-4cdd-8c21-f65cb5e3562e,1444,2225,https://iiif.library.sh.cn/c/3/ab7539aa-16d2-4cdd-8c21-f65cb5e3562e/ap/s,https://iiif.library.sh.cn/c/3/ab7539aa-16d2-4cdd-8c21-f65cb5e3562e/ap/c/a/df800828-1937-4ffb-9305-8cd8c0d86b23,5,5,supplementing,"[847, 1189, 156, 156]","[847, 1189, 1003, 1345]","https://iiif.library.sh.cn/c/3/ab7539aa-16d2-4cdd-8c21-f65cb5e3562e#xywh=847,1189,156,156",李俨撰文，欧阳通楷书,欧阳通（楷书）；李儇（撰文）,唐,龙朔三年十月十日刻立（663）,663,楷书,17A331,《翰墨瑰宝：上海图书馆藏珍本碑帖丛刊》第二辑,iiif_annotation_target_xywh,iiif_xywh
001_道因法师碑_p0014_c006,朝,001_道因法师碑,道因法师碑,14,十四,0,5,847,1362,156,156,847,1360,158,165,"[847, 1360, 158, 165]",834,1344,184,198,"[834, 1344, 184, 198]",14522,text_constrained_column_cell_pixel_assignment,assets/page_images/001_道因法师碑/p0014.jpg,1,http://data.library.sh.cn/bt/resource/work/v1e0qbx3r5wp1uw4,http://iiif.library.sh.cn/api/viewer/17A331,https://iiif.library.sh.cn/p/3/02c55611-7427-4cd0-a2cd-a15b5ccbaa9c,https://iiif.library.sh.cn/c/3/ab7539aa-16d2-4cdd-8c21-f65cb5e3562e,1444,2225,https://iiif.library.sh.cn/c/3/ab7539aa-16d2-4cdd-8c21-f65cb5e3562e/ap/s,https://iiif.library.sh.cn/c/3/ab7539aa-16d2-4cdd-8c21-f65cb5e3562e/ap/c/a/a43a1b3a-adef-41a5-aacc-ae7365ed3dde,6,6,supplementing,"[847, 1362, 156, 156]","[847, 1362, 1003, 1518]","https://iiif.library.sh.cn/c/3/ab7539aa-16d2-4cdd-8c21-f65cb5e3562e#xywh=847,1362,156,156",李俨撰文，欧阳通楷书,欧阳通（楷书）；李儇（撰文）,唐,龙朔三年十月十日刻立（663）,663,楷书,17A331,《翰墨瑰宝：上海图书馆藏珍本碑帖丛刊》第二辑,iiif_annotation_target_xywh,iiif_xywh
001_道因法师碑_p0014_c007,侍,001_道因法师碑,道因法师碑,14,十四,0,6,847,1545,156,156,847,1538,158,180,"[847, 1538, 158, 180]",834,1520,184,216,"[834, 1520, 184, 216]",16177,text_constrained_column_cell_pixel_assignment,assets/page_images/001_道因法师碑/p0014.jpg,1,http://data.library.sh.cn/bt/resource/work/v1e0qbx3r5wp1uw4,http://iiif.library.sh.cn/api/viewer/17A331,https://iiif.library.sh.cn/p/3/02c55611-7427-4cd0-a2cd-a15b5ccbaa9c,https://iiif.library.sh.cn/c/3/ab7539aa-16d2-4cdd-8c21-f65cb5e3562e,1444,2225,https://iiif.library.sh.cn/c/3/ab7539aa-16d2-4cdd-8c21-f65cb5e3562e/ap/s,https://iiif.library.sh.cn/c/3/ab7539aa-16d2-4cdd-8c21-f65cb5e3562e/ap/c/a/213cd121-de10-4c86-ae32-d3b322615eac,7,7,supplementing,"[847, 1545, 156, 156]","[847, 1545, 1003, 1701]","https://iiif.library.sh.cn/c/3/ab7539aa-16d2-4cdd-8c21-f65cb5e3562e#xywh=847,1545,156,156",李俨撰文，欧阳通楷书,欧阳通（楷书）；李儇（撰文）,唐,龙朔三年十月十日刻立（663）,663,楷书,17A331,《翰墨瑰宝：上海图书馆藏珍本碑帖丛刊》第二辑,iiif_annotation_target_xywh,iiif_xywh
001_道因法师碑_p0014_c008,中,001_道因法师碑,道因法师碑,14,十四,0,7,847,1748,156,156,847,1732,158,188,"[847, 1732, 158, 188]",834,1713,184,226,"[834, 1713, 184, 226]",18696,text_constrained_column_cell_pixel_assignment,assets/page_images/001_道因法师碑/p0014.jpg,1,http://data.library.sh.cn/bt/resource/work/v1e0qbx3r5wp1uw4,http://iiif.library.sh.cn/api/viewer/17A331,https://iiif.library.sh.cn/p/3/02c55611-7427-4cd0-a2cd-a15b5ccbaa9c,https://iiif.library.sh.cn/c/3/ab7539aa-16d2-4cdd-8c21-f65cb5e3562e,1444,2225,https://iiif.library.sh.cn/c/3/ab7539aa-16d2-4cdd-8c21-f65cb5e3562e/ap/s,https://iiif.library.sh.cn/c/3/ab7539aa-16d2-4cdd-8c21-f65cb5e3562e/ap/c/a/9470d1c7-d518-4900-a6ea-fd5ca162aad4,8,8,supplementing,"[847, 1748, 156, 156]","[847, 1748, 1003, 1904]","https://iiif.library.sh.cn/c/3/ab7539aa-16d2-4cdd-8c21-f65cb5e3562e#xywh=847,1748,156,156",李俨撰文，欧阳通楷书,欧阳通（楷书）；李儇（撰文）,唐,龙朔三年十月十日刻立（663）,663,楷书,17A331,《翰墨瑰宝：上海图书馆藏珍本碑帖丛刊》第二辑,iiif_annotation_target_xywh,iiif_xywh
001_道因法师碑_p0014_c009,以,001_道因法师碑,道因法师碑,14,十四,1,0,688,545,149,149,678,575,157,89,"[678, 575, 157, 89]",665,566,183,107,"[665, 566, 183, 107]",8592,text_constrained_column_cell_pixel_assignment,assets/page_images/001_道因法师碑/p0014.jpg,1,http://data.library.sh.cn/bt/resource/work/v1e0qbx3r5wp1uw4,http://iiif.library.sh.cn/api/viewer/17A331,https://iiif.library.sh.cn/p/3/02c55611-7427-4cd0-a2cd-a15b5ccbaa9c,https://iiif.library.sh.cn/c/3/ab7539aa-16d2-4cdd-8c21-f65cb5e3562e,1444,2225,https://iiif.library.sh.cn/c/3/ab7539aa-16d2-4cdd-8c21-f65cb5e3562e/ap/s,https://iiif.library.sh.cn/c/3/ab7539aa-16d2-4cdd-8c21-f65cb5e3562e/ap/c/a/06072011-d54c-480b-a941-2117beb8e5fd,9,9,supplementing,"[688, 545, 149, 149]","[688, 545, 837, 694]","https://iiif.library.sh.cn/c/3/ab7539aa-16d2-4cdd-8c21-f65cb5e3562e#xywh=688,545,149,149",李俨撰文，欧阳通楷书,欧阳通（楷书）；李儇（撰文）,唐,龙朔三年十月十日刻立（663）,663,楷书,17A331,《翰墨瑰宝：上海图书馆藏珍本碑帖丛刊》第二辑,iiif_annotation_target_xywh,iiif_xywh
001_道因法师碑_p0014_c010,才,001_道因法师碑,道因法师碑,14,十四,1,1,688,640,149,149,678,672,157,144,"[678, 672, 157, 144]",665,658,183,172,"[665, 658, 183, 172]",8284,text_constrained_column_cell_pixel_assignment,assets/page_images/001_道因法师碑/p0014.jpg,1,http://data.library.sh.cn/bt/resource/work/v1e0qbx3r5wp1uw4,http://iiif.library.sh.cn/api/viewer/17A331,https://iiif.library.sh.cn/p/3/02c55611-7427-4cd0-a2cd-a15b5ccbaa9c,https://iiif.library.sh.cn/c/3/ab7539aa-16d2-4cdd-8c21-f65cb5e3562e,1444,2225,https://iiif.library.sh.cn/c/3/ab7539aa-16d2-4cdd-8c21-f65cb5e3562e/ap/s,https://iiif.library.sh.cn/c/3/ab7539aa-16d2-4cdd-8c21-f65cb5e3562e/ap/c/a/283da243-9f82-4348-ac40-84f803dfaa20,10,10,supplementing,"[688, 640, 149, 149]","[688, 640, 837, 789]","https://iiif.library.sh.cn/c/3/ab7539aa-16d2-4cdd-8c21-f65cb5e3562e#xywh=688,640,149,149",李俨撰文，欧阳通楷书,欧阳通（楷书）；李儇（撰文）,唐,龙朔三年十月十日刻立（663）,663,楷书,17A331,《翰墨瑰宝：上海图书馆藏珍本碑帖丛刊》第二辑,iiif_annotation_target_xywh,iiif_xywh
001_道因法师碑_p0014_c011,晤,001_道因法师碑,道因法师碑,14,十四,1,2,688,853,149,149,678,828,157,178,"[678, 828, 157, 178]",665,810,183,214,"[665, 810, 183, 214]",10621,text_constrained_column_cell_pixel_assignment,assets/page_images/001_道因法师碑/p0014.jpg,1,http://data.library.sh.cn/bt/resource/work/v1e0qbx3r5wp1uw4,http://iiif.library.sh.cn/api/viewer/17A331,https://iiif.library.sh.cn/p/3/02c55611-7427-4cd0-a2cd-a15b5ccbaa9c,https://iiif.library.sh.cn/c/3/ab7539aa-16d2-4cdd-8c21-f65cb5e3562e,1444,2225,https://iiif.library.sh.cn/c/3/ab7539aa-16d2-4cdd-8c21-f65cb5e3562e/ap/s,https://iiif.library.sh.cn/c/3/ab7539aa-16d2-4cdd-8c21-f65cb5e3562e/ap/c/a/53419886-9edb-4301-8c67-803da5ce409d,11,11,supplementing,"[688, 853, 149, 149]","[688, 853, 837, 1002]","https://iiif.library.sh.cn/c/3/ab7539aa-16d2-4cdd-8c21-f65cb5e3562e#xywh=688,853,149,149",李俨撰文，欧阳通楷书,欧阳通（楷书）；李儇（撰文）,唐,龙朔三年十月十日刻立（663）,663,楷书,17A331,《翰墨瑰宝：上海图书馆藏珍本碑帖丛刊》第二辑,iiif_annotation_target_xywh,iiif_xywh
001_道因法师碑_p0014_c012,之,001_道因法师碑,道因法师碑,14,十四,1,3,688,1035,127,127,678,1019,157,159,"[678, 1019, 157, 159]",665,1003,183,191,"[665, 1003, 183, 191]",10810,text_constrained_column_cell_pixel_assignment,assets/page_images/001_道因法师碑/p0014.jpg,1,http://data.library.sh.cn/bt/resource/work/v1e0qbx3r5wp1uw4,http://iiif.library.sh.cn/api/viewer/17A331,https://iiif.library.sh.cn/p/3/02c55611-7427-4cd0-a2cd-a15b5ccbaa9c,https://iiif.library.sh.cn/c/3/ab7539aa-16d2-4cdd-8c21-f65cb5e3562e,1444,2225,https://iiif.library.sh.cn/c/3/ab7539aa-16d2-4cdd-8c21-f65cb5e3562e/ap/s,https://iiif.library.sh.cn/c/3/ab7539aa-16d2-4cdd-8c21-f65cb5e3562e/ap/c/a/edd78455-9b34-47f7-9788-dabfba66ff8c,12,12,supplementing,"[688, 1035, 127, 127]","[688, 1035, 815, 1162]","https://iiif.library.sh.cn/c/3/ab7539aa-16d2-4cdd-8c21-f65cb5e3562e#xywh=688,1035,127,127",李俨撰文，欧阳通楷书,欧阳通（楷书）；李儇（撰文）,唐,龙朔三年十月十日刻立（663）,663,楷书,17A331,《翰墨瑰宝：上海图书馆藏珍本碑帖丛刊》第二辑,iiif_annotation_target_xywh,iiif_xywh
001_道因法师碑_p0014_c013,奇,001_道因法师碑,道因法师碑,14,十四,1,4,688,1207,127,127,678,1191,157,165,"[678, 1191, 157, 165]",665,1174,183,198,"[665, 1174, 183, 198]",10980,text_constrained_column_cell_pixel_assignment,assets/page_images/001_道因法师碑/p0014.jpg,1,http://data.library.sh.cn/bt/resource/work/v1e0qbx3r5wp1uw4,http://iiif.library.sh.cn/api/viewer/17A331,https://iiif.library.sh.cn/p/3/02c55611-7427-4cd0-a2cd-a15b5ccbaa9c,https://iiif.library.sh.cn/c/3/ab7539aa-16d2-4cdd-8c21-f65cb5e3562e,1444,2225,https://iiif.library.sh.cn/c/3/ab7539aa-16d2-4cdd-8c21-f65cb5e3562e/ap/s,https://iiif.library.sh.cn/c/3/ab7539aa-16d2-4cdd-8c21-f65cb5e3562e/ap/c/a/da410f5c-2782-4d32-b58f-996e7dafcb21,13,13,supplementing,"[688, 1207, 127, 127]","[688, 1207, 815, 1334]","https://iiif.library.sh.cn/c/3/ab7539aa-16d2-4cdd-8c21-f65cb5e3562e#xywh=688,1207,127,127",李俨撰文，欧阳通楷书,欧阳通（楷书）；李儇（撰文）,唐,龙朔三年十月十日刻立（663）,663,楷书,17A331,《翰墨瑰宝：上海图书馆藏珍本碑帖丛刊》第二辑,iiif_annotation_target_xywh,iiif_xywh
001_道因法师碑_p0014_c014,飞,001_道因法师碑,道因法师碑,14,十四,1,5,688,1391,127,127,678,1369,157,162,"[678, 1369, 157, 162]",665,1353,183,194,"[665, 1353, 183, 194]",8278,text_constrained_column_cell_pixel_assignment,assets/page_images/001_道因法师碑/p0014.jpg,1,http://data.library.sh.cn/bt/resource/work/v1e0qbx3r5wp1uw4,http://iiif.library.sh.cn/api/viewer/17A331,https://iiif.library.sh.cn/p/3/02c55611-7427-4cd0-a2cd-a15b5ccbaa9c,https://iiif.library.sh.cn/c/3/ab7539aa-16d2-4cdd-8c21-f65cb5e3562e,1444,2225,https://iiif.library.sh.cn/c/3/ab7539aa-16d2-4cdd-8c21-f65cb5e3562e/ap/s,https://iiif.library.sh.cn/c/3/ab7539aa-16d2-4cdd-8c21-f65cb5e3562e/ap/c/a/20647cda-7877-4f53-ae50-c4edcb89a1f3,14,14,supplementing,"[688, 1391, 127, 127]","[688, 1391, 815, 1518]","https://iiif.library.sh.cn/c/3/ab7539aa-16d2-4cdd-8c21-f65cb5e3562e#xywh=688,1391,127,127",李俨撰文，欧阳通楷书,欧阳通（楷书）；李儇（撰文）,唐,龙朔三年十月十日刻立（663）,663,楷书,17A331,《翰墨瑰宝：上海图书馆藏珍本碑帖丛刊》第二辑,iiif_annotation_target_xywh,iiif_xywh
001_道因法师碑_p0014_c015,芳,001_道因法师碑,道因法师碑,14,十四,1,6,688,1557,127,127,678,1543,157,158,"[678, 1543, 157, 158]",665,1527,183,190,"[665, 1527, 183, 190]",9008,text_constrained_column_cell_pixel_assignment,assets/page_images/001_道因法师碑/p0014.jpg,1,http://data.library.sh.cn/bt/resource/work/v1e0qbx3r5wp1uw4,http://iiif.library.sh.cn/api/viewer/17A331,https://iiif.library.sh.cn/p/3/02c55611-7427-4cd0-a2cd-a15b5ccbaa9c,https://iiif.library.sh.cn/c/3/ab7539aa-16d2-4cdd-8c21-f65cb5e3562e,1444,2225,https://iiif.library.sh.cn/c/3/ab7539aa-16d2-4cdd-8c21-f65cb5e3562e/ap/s,https://iiif.library.sh.cn/c/3/ab7539aa-16d2-4cdd-8c21-f65cb5e3562e/ap/c/a/a9a97860-ce17-48ca-ac60-e798f2cdbbb3,15,15,supplementing,"[688, 1557, 127, 127]","[688, 1557, 815, 1684]","https://iiif.library.sh.cn/c/3/ab7539aa-16d2-4cdd-8c21-f65cb5e3562e#xywh=688,1557,127,127",李俨撰文，欧阳通楷书,欧阳通（楷书）；李儇（撰文）,唐,龙朔三年十月十日刻立（663）,663,楷书,17A331,《翰墨瑰宝：上海图书馆藏珍本碑帖丛刊》第二辑,iiif_annotation_target_xywh,iiif_xywh
001_道因法师碑_p0014_c016,晋,001_道因法师碑,道因法师碑,14,十四,1,7,688,1730,127,127,678,1713,157,161,"[678, 1713, 157, 161]",665,1697,183,193,"[665, 1697, 183, 193]",10453,text_constrained_column_cell_pixel_assignment,assets/page_images/001_道因法师碑/p0014.jpg,1,http://data.library.sh.cn/bt/resource/work/v1e0qbx3r5wp1uw4,http://iiif.library.sh.cn/api/viewer/17A331,https://iiif.library.sh.cn/p/3/02c55611-7427-4cd0-a2cd-a15b5ccbaa9c,https://iiif.library.sh.cn/c/3/ab7539aa-16d2-4cdd-8c21-f65cb5e3562e,1444,2225,https://iiif.library.sh.cn/c/3/ab7539aa-16d2-4cdd-8c21-f65cb5e3562e/ap/s,https://iiif.library.sh.cn/c/3/ab7539aa-16d2-4cdd-8c21-f65cb5e3562e/ap/c/a/42ec2a91-6057-4862-993b-835e925f4d35,16,16,supplementing,"[688, 1730, 127, 127]","[688, 1730, 815, 1857]","https://iiif.library.sh.cn/c/3/ab7539aa-16d2-4cdd-8c21-f65cb5e3562e#xywh=688,1730,127,127",李俨撰文，欧阳通楷书,欧阳通（楷书）；李儇（撰文）,唐,龙朔三年十月十日刻立（663）,663,楷书,17A331,《翰墨瑰宝：上海图书馆藏珍本碑帖丛刊》第二辑,iiif_annotation_target_xywh,iiif_xywh
001_道因法师碑_p0014_c017,牒,001_道因法师碑,道因法师碑,14,十四,2,0,511,541,144,144,505,549,161,128,"[505, 549, 161, 128]",492,536,187,154,"[492, 536, 187, 154]",10632,text_constrained_column_cell_pixel_assignment,assets/page_images/001_道因法师碑/p0014.jpg,1,http://data.library.sh.cn/bt/resource/work/v1e0qbx3r5wp1uw4,http://iiif.library.sh.cn/api/viewer/17A331,https://iiif.library.sh.cn/p/3/02c55611-7427-4cd0-a2cd-a15b5ccbaa9c,https://iiif.library.sh.cn/c/3/ab7539aa-16d2-4cdd-8c21-f65cb5e3562e,1444,2225,https://iiif.library.sh.cn/c/3/ab7539aa-16d2-4cdd-8c21-f65cb5e3562e/ap/s,https://iiif.library.sh.cn/c/3/ab7539aa-16d2-4cdd-8c21-f65cb5e3562e/ap/c/a/832b4ec8-2174-4eae-b3aa-113d3953d36b,17,17,supplementing,"[511, 541, 144, 144]","[511, 541, 655, 685]","https://iiif.library.sh.cn/c/3/ab7539aa-16d2-4cdd-8c21-f65cb5e3562e#xywh=511,541,144,144",李俨撰文，欧阳通楷书,欧阳通（楷书）；李儇（撰文）,唐,龙朔三年十月十日刻立（663）,663,楷书,17A331,《翰墨瑰宝：上海图书馆藏珍本碑帖丛刊》第二辑,iiif_annotation_target_xywh,iiif_xywh
001_道因法师碑_p0014_c018,衣,001_道因法师碑,道因法师碑,14,十四,2,1,511,679,144,144,505,688,161,149,"[505, 688, 161, 149]",492,673,187,179,"[492, 673, 187, 179]",12397,text_constrained_column_cell_pixel_assignment,assets/page_images/001_道因法师碑/p0014.jpg,1,http://data.library.sh.cn/bt/resource/work/v1e0qbx3r5wp1uw4,http://iiif.library.sh.cn/api/viewer/17A331,https://iiif.library.sh.cn/p/3/02c55611-7427-4cd0-a2cd-a15b5ccbaa9c,https://iiif.library.sh.cn/c/3/ab7539aa-16d2-4cdd-8c21-f65cb5e3562e,1444,2225,https://iiif.library.sh.cn/c/3/ab7539aa-16d2-4cdd-8c21-f65cb5e3562e/ap/s,https://iiif.library.sh.cn/c/3/ab7539aa-16d2-4cdd-8c21-f65cb5e3562e/ap/c/a/4eef5a6f-a95b-4b9f-bea6-3d9dedc609ec,18,18,supplementing,"[511, 679, 144, 144]","[511, 679, 655, 823]","https://iiif.library.sh.cn/c/3/ab7539aa-16d2-4cdd-8c21-f65cb5e3562e#xywh=511,679,144,144",李俨撰文，欧阳通楷书,欧阳通（楷书）；李儇（撰文）,唐,龙朔三年十月十日刻立（663）,663,楷书,17A331,《翰墨瑰宝：上海图书馆藏珍本碑帖丛刊》第二辑,iiif_annotation_target_xywh,iiif_xywh
001_道因法师碑_p0014_c019,冠,001_道因法师碑,道因法师碑,14,十四,2,2,511,855,157,157,505,849,161,186,"[505, 849, 161, 186]",492,830,187,224,"[492, 830, 187, 224]",12342,text_constrained_column_cell_pixel_assignment,assets/page_images/001_道因法师碑/p0014.jpg,1,http://data.library.sh.cn/bt/resource/work/v1e0qbx3r5wp1uw4,http://iiif.library.sh.cn/api/viewer/17A331,https://iiif.library.sh.cn/p/3/02c55611-7427-4cd0-a2cd-a15b5ccbaa9c,https://iiif.library.sh.cn/c/3/ab7539aa-16d2-4cdd-8c21-f65cb5e3562e,1444,2225,https://iiif.library.sh.cn/c/3/ab7539aa-16d2-4cdd-8c21-f65cb5e3562e/ap/s,https://iiif.library.sh.cn/c/3/ab7539aa-16d2-4cdd-8c21-f65cb5e3562e/ap/c/a/8b041b97-7c5f-4012-831e-a62f31c954eb,19,19,supplementing,"[511, 855, 157, 157]","[511, 855, 668, 1012]","https://iiif.library.sh.cn/c/3/ab7539aa-16d2-4cdd-8c21-f65cb5e3562e#xywh=511,855,157,157",李俨撰文，欧阳通楷书,欧阳通（楷书）；李儇（撰文）,唐,龙朔三年十月十日刻立（663）,663,楷书,17A331,《翰墨瑰宝：上海图书馆藏珍本碑帖丛刊》第二辑,iiif_annotation_target_xywh,iiif_xywh
001_道因法师碑_p0014_c020,继,001_道因法师碑,道因法师碑,14,十四,2,3,511,1073,157,157,505,1049,161,177,"[505, 1049, 161, 177]",492,1031,187,213,"[492, 1031, 187, 213]",10726,text_constrained_column_cell_pixel_assignment,assets/page_images/001_道因法师碑/p0014.jpg,1,http://data.library.sh.cn/bt/resource/work/v1e0qbx3r5wp1uw4,http://iiif.library.sh.cn/api/viewer/17A331,https://iiif.library.sh.cn/p/3/02c55611-7427-4cd0-a2cd-a15b5ccbaa9c,https://iiif.library.sh.cn/c/3/ab7539aa-16d2-4cdd-8c21-f65cb5e3562e,1444,2225,https://iiif.library.sh.cn/c/3/ab7539aa-16d2-4cdd-8c21-f65cb5e3562e/ap/s,https://iiif.library.sh.cn/c/3/ab7539aa-16d2-4cdd-8c21-f65cb5e3562e/ap/c/a/8fd4fd56-fc44-41be-b55b-afabea59ede7,20,20,supplementing,"[511, 1073, 157, 157]","[511, 1073, 668, 1230]","https://iiif.library.sh.cn/c/3/ab7539aa-16d2-4cdd-8c21-f65cb5e3562e#xywh=511,1073,157,157",李俨撰文，欧阳通楷书,欧阳通（楷书）；李儇（撰文）,唐,龙朔三年十月十日刻立（663）,663,楷书,17A331,《翰墨瑰宝：上海图书馆藏珍本碑帖丛刊》第二辑,iiif_annotation_target_xywh,iiif_xywh
001_道因法师碑_p0014_c021,及,001_道因法师碑,道因法师碑,14,十四,2,4,511,1236,157,157,505,1239,161,157,"[505, 1239, 161, 157]",492,1223,187,189,"[492, 1223, 187, 189]",13141,text_constrained_column_cell_pixel_assignment,assets/page_images/001_道因法师碑/p0014.jpg,1,http://data.library.sh.cn/bt/resource/work/v1e0qbx3r5wp1uw4,http://iiif.library.sh.cn/api/viewer/17A331,https://iiif.library.sh.cn/p/3/02c55611-7427-4cd0-a2cd-a15b5ccbaa9c,https://iiif.library.sh.cn/c/3/ab7539aa-16d2-4cdd-8c21-f65cb5e3562e,1444,2225,https://iiif.library.sh.cn/c/3/ab7539aa-16d2-4cdd-8c21-f65cb5e3562e/ap/s,https://iiif.library.sh.cn/c/3/ab7539aa-16d2-4cdd-8c21-f65cb5e3562e/ap/c/a/6e9f8779-95f0-4954-8af1-9a1646348f1d,21,21,supplementing,"[511, 1236, 157, 157]","[511, 1236, 668, 1393]","https://iiif.library.sh.cn/c/3/ab7539aa-16d2-4cdd-8c21-f65cb5e3562e#xywh=511,1236,157,157",李俨撰文，欧阳通楷书,欧阳通（楷书）；李儇（撰文）,唐,龙朔三年十月十日刻立（663）,663,楷书,17A331,《翰墨瑰宝：上海图书馆藏珍本碑帖丛刊》第二辑,iiif_annotation_target_xywh,iiif_xywh
001_道因法师碑_p0014_c022,代,001_道因法师碑,道因法师碑,14,十四,2,5,511,1411,157,157,505,1408,161,170,"[505, 1408, 161, 170]",492,1391,187,204,"[492, 1391, 187, 204]",12869,text_constrained_column_cell_pixel_assignment,assets/page_images/001_道因法师碑/p0014.jpg,1,http://data.library.sh.cn/bt/resource/work/v1e0qbx3r5wp1uw4,http://iiif.library.sh.cn/api/viewer/17A331,https://iiif.library.sh.cn/p/3/02c55611-7427-4cd0-a2cd-a15b5ccbaa9c,https://iiif.library.sh.cn/c/3/ab7539aa-16d2-4cdd-8c21-f65cb5e3562e,1444,2225,https://iiif.library.sh.cn/c/3/ab7539aa-16d2-4cdd-8c21-f65cb5e3562e/ap/s,https://iiif.library.sh.cn/c/3/ab7539aa-16d2-4cdd-8c21-f65cb5e3562e/ap/c/a/db5e0498-b054-4b7f-b154-d23fbeff0fd0,22,22,supplementing,"[511, 1411, 157, 157]","[511, 1411, 668, 1568]","https://iiif.library.sh.cn/c/3/ab7539aa-16d2-4cdd-8c21-f65cb5e3562e#xywh=511,1411,157,157",李俨撰文，欧阳通楷书,欧阳通（楷书）；李儇（撰文）,唐,龙朔三年十月十日刻立（663）,663,楷书,17A331,《翰墨瑰宝：上海图书馆藏珍本碑帖丛刊》第二辑,iiif_annotation_target_xywh,iiif_xywh
001_道因法师碑_p0014_c023,有,001_道因法师碑,道因法师碑,14,十四,2,6,511,1600,157,157,505,1590,161,167,"[505, 1590, 161, 167]",492,1573,187,201,"[492, 1573, 187, 201]",12686,text_constrained_column_cell_pixel_assignment,assets/page_images/001_道因法师碑/p0014.jpg,1,http://data.library.sh.cn/bt/resource/work/v1e0qbx3r5wp1uw4,http://iiif.library.sh.cn/api/viewer/17A331,https://iiif.library.sh.cn/p/3/02c55611-7427-4cd0-a2cd-a15b5ccbaa9c,https://iiif.library.sh.cn/c/3/ab7539aa-16d2-4cdd-8c21-f65cb5e3562e,1444,2225,https://iiif.library.sh.cn/c/3/ab7539aa-16d2-4cdd-8c21-f65cb5e3562e/ap/s,https://iiif.library.sh.cn/c/3/ab7539aa-16d2-4cdd-8c21-f65cb5e3562e/ap/c/a/6d87a5df-003f-404f-b142-c45d2e2626c3,23,23,supplementing,"[511, 1600, 157, 157]","[511, 1600, 668, 1757]","https://iiif.library.sh.cn/c/3/ab7539aa-16d2-4cdd-8c21-f65cb5e3562e#xywh=511,1600,157,157",李俨撰文，欧阳通楷书,欧阳通（楷书）；李儇（撰文）,唐,龙朔三年十月十日刻立（663）,663,楷书,17A331,《翰墨瑰宝：上海图书馆藏珍本碑帖丛刊》第二辑,iiif_annotation_target_xywh,iiif_xywh
001_道因法师碑_p0014_c024,人,001_道因法师碑,道因法师碑,14,十四,2,7,511,1769,157,157,505,1769,161,157,"[505, 1769, 161, 157]",492,1753,187,189,"[492, 1753, 187, 189]",17100,text_constrained_column_cell_pixel_assignment,assets/page_images/001_道因法师碑/p0014.jpg,1,http://data.library.sh.cn/bt/resource/work/v1e0qbx3r5wp1uw4,http://iiif.library.sh.cn/api/viewer/17A331,https://iiif.library.sh.cn/p/3/02c55611-7427-4cd0-a2cd-a15b5ccbaa9c,https://iiif.library.sh.cn/c/3/ab7539aa-16d2-4cdd-8c21-f65cb5e3562e,1444,2225,https://iiif.library.sh.cn/c/3/ab7539aa-16d2-4cdd-8c21-f65cb5e3562e/ap/s,https://iiif.library.sh.cn/c/3/ab7539aa-16d2-4cdd-8c21-f65cb5e3562e/ap/c/a/0441401b-6027-4e10-8169-ed53f1323360,24,24,supplementing,"[511, 1769, 157, 157]","[511, 1769, 668, 1926]","https://iiif.library.sh.cn/c/3/ab7539aa-16d2-4cdd-8c21-f65cb5e3562e#xywh=511,1769,157,157",李俨撰文，欧阳通楷书,欧阳通（楷书）；李儇（撰文）,唐,龙朔三年十月十日刻立（663）,663,楷书,17A331,《翰墨瑰宝：上海图书馆藏珍本碑帖丛刊》第二辑,iiif_annotation_target_xywh,iiif_xywh
001_道因法师碑_p0014_c025,焉,001_道因法师碑,道因法师碑,14,十四,3,0,334,549,153,153,339,563,154,125,"[339, 563, 154, 125]",327,550,178,150,"[327, 550, 178, 150]",11558,text_constrained_column_cell_pixel_assignment,assets/page_images/001_道因法师碑/p0014.jpg,1,http://data.library.sh.cn/bt/resource/work/v1e0qbx3r5wp1uw4,http://iiif.library.sh.cn/api/viewer/17A331,https://iiif.library.sh.cn/p/3/02c55611-7427-4cd0-a2cd-a15b5ccbaa9c,https://iiif.library.sh.cn/c/3/ab7539aa-16d2-4cdd-8c21-f65cb5e3562e,1444,2225,https://iiif.library.sh.cn/c/3/ab7539aa-16d2-4cdd-8c21-f65cb5e3562e/ap/s,https://iiif.library.sh.cn/c/3/ab7539aa-16d2-4cdd-8c21-f65cb5e3562e/ap/c/a/1cb2ead3-a5cc-4f12-983e-87b32de1576a,25,25,supplementing,"[334, 549, 153, 153]","[334, 549, 487, 702]","https://iiif.library.sh.cn/c/3/ab7539aa-16d2-4cdd-8c21-f65cb5e3562e#xywh=334,549,153,153",李俨撰文，欧阳通楷书,欧阳通（楷书）；李儇（撰文）,唐,龙朔三年十月十日刻立（663）,663,楷书,17A331,《翰墨瑰宝：上海图书馆藏珍本碑帖丛刊》第二辑,iiif_annotation_target_xywh,iiif_xywh
001_道因法师碑_p0014_c026,祖,001_道因法师碑,道因法师碑,14,十四,3,1,334,683,153,153,339,698,154,144,"[339, 698, 154, 144]",327,684,178,172,"[327, 684, 178, 172]",12868,text_constrained_column_cell_pixel_assignment,assets/page_images/001_道因法师碑/p0014.jpg,1,http://data.library.sh.cn/bt/resource/work/v1e0qbx3r5wp1uw4,http://iiif.library.sh.cn/api/viewer/17A331,https://iiif.library.sh.cn/p/3/02c55611-7427-4cd0-a2cd-a15b5ccbaa9c,https://iiif.library.sh.cn/c/3/ab7539aa-16d2-4cdd-8c21-f65cb5e3562e,1444,2225,https://iiif.library.sh.cn/c/3/ab7539aa-16d2-4cdd-8c21-f65cb5e3562e/ap/s,https://iiif.library.sh.cn/c/3/ab7539aa-16d2-4cdd-8c21-f65cb5e3562e/ap/c/a/ae7ac276-a201-4985-b821-4e1a930b66f1,26,26,supplementing,"[334, 683, 153, 153]","[334, 683, 487, 836]","https://iiif.library.sh.cn/c/3/ab7539aa-16d2-4cdd-8c21-f65cb5e3562e#xywh=334,683,153,153",李俨撰文，欧阳通楷书,欧阳通（楷书）；李儇（撰文）,唐,龙朔三年十月十日刻立（663）,663,楷书,17A331,《翰墨瑰宝：上海图书馆藏珍本碑帖丛刊》第二辑,iiif_annotation_target_xywh,iiif_xywh
001_道因法师碑_p0014_c027,阚,001_道因法师碑,道因法师碑,14,十四,3,2,334,858,153,153,339,853,154,169,"[339, 853, 154, 169]",327,836,178,203,"[327, 836, 178, 203]",11411,text_constrained_column_cell_pixel_assignment,assets/page_images/001_道因法师碑/p0014.jpg,1,http://data.library.sh.cn/bt/resource/work/v1e0qbx3r5wp1uw4,http://iiif.library.sh.cn/api/viewer/17A331,https://iiif.library.sh.cn/p/3/02c55611-7427-4cd0-a2cd-a15b5ccbaa9c,https://iiif.library.sh.cn/c/3/ab7539aa-16d2-4cdd-8c21-f65cb5e3562e,1444,2225,https://iiif.library.sh.cn/c/3/ab7539aa-16d2-4cdd-8c21-f65cb5e3562e/ap/s,https://iiif.library.sh.cn/c/3/ab7539aa-16d2-4cdd-8c21-f65cb5e3562e/ap/c/a/8c1b86be-6148-4525-91db-d9948bb82814,27,27,supplementing,"[334, 858, 153, 153]","[334, 858, 487, 1011]","https://iiif.library.sh.cn/c/3/ab7539aa-16d2-4cdd-8c21-f65cb5e3562e#xywh=334,858,153,153",李俨撰文，欧阳通楷书,欧阳通（楷书）；李儇（撰文）,唐,龙朔三年十月十日刻立（663）,663,楷书,17A331,《翰墨瑰宝：上海图书馆藏珍本碑帖丛刊》第二辑,iiif_annotation_target_xywh,iiif_xywh
001_道因法师碑_p0014_c028,齐,001_道因法师碑,道因法师碑,14,十四,3,3,334,1045,153,153,339,1034,154,171,"[339, 1034, 154, 171]",327,1017,178,205,"[327, 1017, 178, 205]",10830,text_constrained_column_cell_pixel_assignment,assets/page_images/001_道因法师碑/p0014.jpg,1,http://data.library.sh.cn/bt/resource/work/v1e0qbx3r5wp1uw4,http://iiif.library.sh.cn/api/viewer/17A331,https://iiif.library.sh.cn/p/3/02c55611-7427-4cd0-a2cd-a15b5ccbaa9c,https://iiif.library.sh.cn/c/3/ab7539aa-16d2-4cdd-8c21-f65cb5e3562e,1444,2225,https://iiif.library.sh.cn/c/3/ab7539aa-16d2-4cdd-8c21-f65cb5e3562e/ap/s,https://iiif.library.sh.cn/c/3/ab7539aa-16d2-4cdd-8c21-f65cb5e3562e/ap/c/a/fd0c1ee6-4841-4a52-96d3-60c5a501e7ba,28,28,supplementing,"[334, 1045, 153, 153]","[334, 1045, 487, 1198]","https://iiif.library.sh.cn/c/3/ab7539aa-16d2-4cdd-8c21-f65cb5e3562e#xywh=334,1045,153,153",李俨撰文，欧阳通楷书,欧阳通（楷书）；李儇（撰文）,唐,龙朔三年十月十日刻立（663）,663,楷书,17A331,《翰墨瑰宝：上海图书馆藏珍本碑帖丛刊》第二辑,iiif_annotation_target_xywh,iiif_xywh
001_道因法师碑_p0014_c029,冀,001_道因法师碑,道因法师碑,14,十四,3,4,334,1224,153,153,339,1217,154,162,"[339, 1217, 154, 162]",327,1201,178,194,"[327, 1201, 178, 194]",11205,text_constrained_column_cell_pixel_assignment,assets/page_images/001_道因法师碑/p0014.jpg,1,http://data.library.sh.cn/bt/resource/work/v1e0qbx3r5wp1uw4,http://iiif.library.sh.cn/api/viewer/17A331,https://iiif.library.sh.cn/p/3/02c55611-7427-4cd0-a2cd-a15b5ccbaa9c,https://iiif.library.sh.cn/c/3/ab7539aa-16d2-4cdd-8c21-f65cb5e3562e,1444,2225,https://iiif.library.sh.cn/c/3/ab7539aa-16d2-4cdd-8c21-f65cb5e3562e/ap/s,https://iiif.library.sh.cn/c/3/ab7539aa-16d2-4cdd-8c21-f65cb5e3562e/ap/c/a/337a099d-f0fb-4627-a3cd-707b026bd376,29,29,supplementing,"[334, 1224, 153, 153]","[334, 1224, 487, 1377]","https://iiif.library.sh.cn/c/3/ab7539aa-16d2-4cdd-8c21-f65cb5e3562e#xywh=334,1224,153,153",李俨撰文，欧阳通楷书,欧阳通（楷书）；李儇（撰文）,唐,龙朔三年十月十日刻立（663）,663,楷书,17A331,《翰墨瑰宝：上海图书馆藏珍本碑帖丛刊》第二辑,iiif_annotation_target_xywh,iiif_xywh
001_道因法师碑_p0014_c030,州,001_道因法师碑,道因法师碑,14,十四,3,5,334,1393,153,153,339,1391,154,159,"[339, 1391, 154, 159]",327,1375,178,191,"[327, 1375, 178, 191]",11560,text_constrained_column_cell_pixel_assignment,assets/page_images/001_道因法师碑/p0014.jpg,1,http://data.library.sh.cn/bt/resource/work/v1e0qbx3r5wp1uw4,http://iiif.library.sh.cn/api/viewer/17A331,https://iiif.library.sh.cn/p/3/02c55611-7427-4cd0-a2cd-a15b5ccbaa9c,https://iiif.library.sh.cn/c/3/ab7539aa-16d2-4cdd-8c21-f65cb5e3562e,1444,2225,https://iiif.library.sh.cn/c/3/ab7539aa-16d2-4cdd-8c21-f65cb5e3562e/ap/s,https://iiif.library.sh.cn/c/3/ab7539aa-16d2-4cdd-8c21-f65cb5e3562e/ap/c/a/b295d5d0-fc9b-4813-8f35-3de49f23789e,30,30,supplementing,"[334, 1393, 153, 153]","[334, 1393, 487, 1546]","https://iiif.library.sh.cn/c/3/ab7539aa-16d2-4cdd-8c21-f65cb5e3562e#xywh=334,1393,153,153",李俨撰文，欧阳通楷书,欧阳通（楷书）；李儇（撰文）,唐,龙朔三年十月十日刻立（663）,663,楷书,17A331,《翰墨瑰宝：上海图书馆藏珍本碑帖丛刊》第二辑,iiif_annotation_target_xywh,iiif_xywh
001_道因法师碑_p0014_c031,长,001_道因法师碑,道因法师碑,14,十四,3,6,334,1565,153,153,339,1561,154,152,"[339, 1561, 154, 152]",327,1546,178,182,"[327, 1546, 178, 182]",10543,text_constrained_column_cell_pixel_assignment,assets/page_images/001_道因法师碑/p0014.jpg,1,http://data.library.sh.cn/bt/resource/work/v1e0qbx3r5wp1uw4,http://iiif.library.sh.cn/api/viewer/17A331,https://iiif.library.sh.cn/p/3/02c55611-7427-4cd0-a2cd-a15b5ccbaa9c,https://iiif.library.sh.cn/c/3/ab7539aa-16d2-4cdd-8c21-f65cb5e3562e,1444,2225,https://iiif.library.sh.cn/c/3/ab7539aa-16d2-4cdd-8c21-f65cb5e3562e/ap/s,https://iiif.library.sh.cn/c/3/ab7539aa-16d2-4cdd-8c21-f65cb5e3562e/ap/c/a/2f1e95f7-db01-4e8b-af58-e618e652dc6a,31,31,supplementing,"[334, 1565, 153, 153]","[334, 1565, 487, 1718]","https://iiif.library.sh.cn/c/3/ab7539aa-16d2-4cdd-8c21-f65cb5e3562e#xywh=334,1565,153,153",李俨撰文，欧阳通楷书,欧阳通（楷书）；李儇（撰文）,唐,龙朔三年十月十日刻立（663）,663,楷书,17A331,《翰墨瑰宝：上海图书馆藏珍本碑帖丛刊》第二辑,iiif_annotation_target_xywh,iiif_xywh
001_道因法师碑_p0014_c032,史,001_道因法师碑,道因法师碑,14,十四,3,7,334,1720,153,153,339,1724,154,145,"[339, 1724, 154, 145]",327,1710,178,174,"[327, 1710, 178, 174]",11235,text_constrained_column_cell_pixel_assignment,assets/page_images/001_道因法师碑/p0014.jpg,1,http://data.library.sh.cn/bt/resource/work/v1e0qbx3r5wp1uw4,http://iiif.library.sh.cn/api/viewer/17A331,https://iiif.library.sh.cn/p/3/02c55611-7427-4cd0-a2cd-a15b5ccbaa9c,https://iiif.library.sh.cn/c/3/ab7539aa-16d2-4cdd-8c21-f65cb5e3562e,1444,2225,https://iiif.library.sh.cn/c/3/ab7539aa-16d2-4cdd-8c21-f65cb5e3562e/ap/s,https://iiif.library.sh.cn/c/3/ab7539aa-16d2-4cdd-8c21-f65cb5e3562e/ap/c/a/fdfda852-90c4-4498-9167-0a0346bedb80,32,32,supplementing,"[334, 1720, 153, 153]","[334, 1720, 487, 1873]","https://iiif.library.sh.cn/c/3/ab7539aa-16d2-4cdd-8c21-f65cb5e3562e#xywh=334,1720,153,153",李俨撰文，欧阳通楷书,欧阳通（楷书）；李儇（撰文）,唐,龙朔三年十月十日刻立（663）,663,楷书,17A331,《翰墨瑰宝：上海图书馆藏珍本碑帖丛刊》第二辑,iiif_annotation_target_xywh,iiif_xywh
001_道因法师碑_p0014_c033,父,001_道因法师碑,道因法师碑,14,十四,4,0,186,545,141,141,185,571,143,89,"[185, 571, 143, 89]",174,562,165,107,"[174, 562, 165, 107]",8092,text_constrained_column_cell_pixel_assignment,assets/page_images/001_道因法师碑/p0014.jpg,1,http://data.library.sh.cn/bt/resource/work/v1e0qbx3r5wp1uw4,http://iiif.library.sh.cn/api/viewer/17A331,https://iiif.library.sh.cn/p/3/02c55611-7427-4cd0-a2cd-a15b5ccbaa9c,https://iiif.library.sh.cn/c/3/ab7539aa-16d2-4cdd-8c21-f65cb5e3562e,1444,2225,https://iiif.library.sh.cn/c/3/ab7539aa-16d2-4cdd-8c21-f65cb5e3562e/ap/s,https://iiif.library.sh.cn/c/3/ab7539aa-16d2-4cdd-8c21-f65cb5e3562e/ap/c/a/2569c3eb-1747-496a-baef-e5a88e1fdca1,33,33,supplementing,"[186, 545, 141, 141]","[186, 545, 327, 686]","https://iiif.library.sh.cn/c/3/ab7539aa-16d2-4cdd-8c21-f65cb5e3562e#xywh=186,545,141,141",李俨撰文，欧阳通楷书,欧阳通（楷书）；李儇（撰文）,唐,龙朔三年十月十日刻立（663）,663,楷书,17A331,《翰墨瑰宝：上海图书馆藏珍本碑帖丛刊》第二辑,iiif_annotation_target_xywh,iiif_xywh
001_道因法师碑_p0014_c034,瑒,001_道因法师碑,道因法师碑,14,十四,4,1,186,640,141,141,185,668,143,140,"[185, 668, 143, 140]",174,654,165,168,"[174, 654, 165, 168]",10180,text_constrained_column_cell_pixel_assignment,assets/page_images/001_道因法师碑/p0014.jpg,1,http://data.library.sh.cn/bt/resource/work/v1e0qbx3r5wp1uw4,http://iiif.library.sh.cn/api/viewer/17A331,https://iiif.library.sh.cn/p/3/02c55611-7427-4cd0-a2cd-a15b5ccbaa9c,https://iiif.library.sh.cn/c/3/ab7539aa-16d2-4cdd-8c21-f65cb5e3562e,1444,2225,https://iiif.library.sh.cn/c/3/ab7539aa-16d2-4cdd-8c21-f65cb5e3562e/ap/s,https://iiif.library.sh.cn/c/3/ab7539aa-16d2-4cdd-8c21-f65cb5e3562e/ap/c/a/b26f9b03-c14e-498e-ab02-18ae09d4580d,34,34,supplementing,"[186, 640, 141, 141]","[186, 640, 327, 781]","https://iiif.library.sh.cn/c/3/ab7539aa-16d2-4cdd-8c21-f65cb5e3562e#xywh=186,640,141,141",李俨撰文，欧阳通楷书,欧阳通（楷书）；李儇（撰文）,唐,龙朔三年十月十日刻立（663）,663,楷书,17A331,《翰墨瑰宝：上海图书馆藏珍本碑帖丛刊》第二辑,iiif_annotation_target_xywh,iiif_xywh
001_道因法师碑_p0014_c035,随,001_道因法师碑,道因法师碑,14,十四,4,2,186,845,141,141,185,820,143,180,"[185, 820, 143, 180]",174,802,165,216,"[174, 802, 165, 216]",12403,text_constrained_column_cell_pixel_assignment,assets/page_images/001_道因法师碑/p0014.jpg,1,http://data.library.sh.cn/bt/resource/work/v1e0qbx3r5wp1uw4,http://iiif.library.sh.cn/api/viewer/17A331,https://iiif.library.sh.cn/p/3/02c55611-7427-4cd0-a2cd-a15b5ccbaa9c,https://iiif.library.sh.cn/c/3/ab7539aa-16d2-4cdd-8c21-f65cb5e3562e,1444,2225,https://iiif.library.sh.cn/c/3/ab7539aa-16d2-4cdd-8c21-f65cb5e3562e/ap/s,https://iiif.library.sh.cn/c/3/ab7539aa-16d2-4cdd-8c21-f65cb5e3562e/ap/c/a/6a5fe591-4998-466e-a654-a3afd849dccb,35,35,supplementing,"[186, 845, 141, 141]","[186, 845, 327, 986]","https://iiif.library.sh.cn/c/3/ab7539aa-16d2-4cdd-8c21-f65cb5e3562e#xywh=186,845,141,141",李俨撰文，欧阳通楷书,欧阳通（楷书）；李儇（撰文）,唐,龙朔三年十月十日刻立（663）,663,楷书,17A331,《翰墨瑰宝：上海图书馆藏珍本碑帖丛刊》第二辑,iiif_annotation_target_xywh,iiif_xywh
001_道因法师碑_p0014_c036,柏,001_道因法师碑,道因法师碑,14,十四,4,3,186,1028,141,141,185,1013,143,171,"[185, 1013, 143, 171]",174,996,165,205,"[174, 996, 165, 205]",12436,text_constrained_column_cell_pixel_assignment,assets/page_images/001_道因法师碑/p0014.jpg,1,http://data.library.sh.cn/bt/resource/work/v1e0qbx3r5wp1uw4,http://iiif.library.sh.cn/api/viewer/17A331,https://iiif.library.sh.cn/p/3/02c55611-7427-4cd0-a2cd-a15b5ccbaa9c,https://iiif.library.sh.cn/c/3/ab7539aa-16d2-4cdd-8c21-f65cb5e3562e,1444,2225,https://iiif.library.sh.cn/c/3/ab7539aa-16d2-4cdd-8c21-f65cb5e3562e/ap/s,https://iiif.library.sh.cn/c/3/ab7539aa-16d2-4cdd-8c21-f65cb5e3562e/ap/c/a/1058b5e0-9f1e-431d-9578-3fee11379474,36,36,supplementing,"[186, 1028, 141, 141]","[186, 1028, 327, 1169]","https://iiif.library.sh.cn/c/3/ab7539aa-16d2-4cdd-8c21-f65cb5e3562e#xywh=186,1028,141,141",李俨撰文，欧阳通楷书,欧阳通（楷书）；李儇（撰文）,唐,龙朔三年十月十日刻立（663）,663,楷书,17A331,《翰墨瑰宝：上海图书馆藏珍本碑帖丛刊》第二辑,iiif_annotation_target_xywh,iiif_xywh
001_道因法师碑_p0014_c037,仁,001_道因法师碑,道因法师碑,14,十四,4,4,186,1211,141,141,185,1196,143,165,"[185, 1196, 143, 165]",174,1180,165,198,"[174, 1180, 165, 198]",12257,text_constrained_column_cell_pixel_assignment,assets/page_images/001_道因法师碑/p0014.jpg,1,http://data.library.sh.cn/bt/resource/work/v1e0qbx3r5wp1uw4,http://iiif.library.sh.cn/api/viewer/17A331,https://iiif.library.sh.cn/p/3/02c55611-7427-4cd0-a2cd-a15b5ccbaa9c,https://iiif.library.sh.cn/c/3/ab7539aa-16d2-4cdd-8c21-f65cb5e3562e,1444,2225,https://iiif.library.sh.cn/c/3/ab7539aa-16d2-4cdd-8c21-f65cb5e3562e/ap/s,https://iiif.library.sh.cn/c/3/ab7539aa-16d2-4cdd-8c21-f65cb5e3562e/ap/c/a/b9c2a23d-3db7-4ec8-b32e-1787e726c7e8,37,37,supplementing,"[186, 1211, 141, 141]","[186, 1211, 327, 1352]","https://iiif.library.sh.cn/c/3/ab7539aa-16d2-4cdd-8c21-f65cb5e3562e#xywh=186,1211,141,141",李俨撰文，欧阳通楷书,欧阳通（楷书）；李儇（撰文）,唐,龙朔三年十月十日刻立（663）,663,楷书,17A331,《翰墨瑰宝：上海图书馆藏珍本碑帖丛刊》第二辑,iiif_annotation_target_xywh,iiif_xywh
001_道因法师碑_p0014_c038,县,001_道因法师碑,道因法师碑,14,十四,4,5,186,1382,141,141,185,1373,143,167,"[185, 1373, 143, 167]",174,1356,165,201,"[174, 1356, 165, 201]",11879,text_constrained_column_cell_pixel_assignment,assets/page_images/001_道因法师碑/p0014.jpg,1,http://data.library.sh.cn/bt/resource/work/v1e0qbx3r5wp1uw4,http://iiif.library.sh.cn/api/viewer/17A331,https://iiif.library.sh.cn/p/3/02c55611-7427-4cd0-a2cd-a15b5ccbaa9c,https://iiif.library.sh.cn/c/3/ab7539aa-16d2-4cdd-8c21-f65cb5e3562e,1444,2225,https://iiif.library.sh.cn/c/3/ab7539aa-16d2-4cdd-8c21-f65cb5e3562e/ap/s,https://iiif.library.sh.cn/c/3/ab7539aa-16d2-4cdd-8c21-f65cb5e3562e/ap/c/a/a2b23ad3-7d3d-4f50-82d9-20a288f6a70a,38,38,supplementing,"[186, 1382, 141, 141]","[186, 1382, 327, 1523]","https://iiif.library.sh.cn/c/3/ab7539aa-16d2-4cdd-8c21-f65cb5e3562e#xywh=186,1382,141,141",李俨撰文，欧阳通楷书,欧阳通（楷书）；李儇（撰文）,唐,龙朔三年十月十日刻立（663）,663,楷书,17A331,《翰墨瑰宝：上海图书馆藏珍本碑帖丛刊》第二辑,iiif_annotation_target_xywh,iiif_xywh
001_道因法师碑_p0014_c039,令,001_道因法师碑,道因法师碑,14,十四,4,6,186,1570,141,141,185,1553,143,165,"[185, 1553, 143, 165]",174,1536,165,198,"[174, 1536, 165, 198]",10730,text_constrained_column_cell_pixel_assignment,assets/page_images/001_道因法师碑/p0014.jpg,1,http://data.library.sh.cn/bt/resource/work/v1e0qbx3r5wp1uw4,http://iiif.library.sh.cn/api/viewer/17A331,https://iiif.library.sh.cn/p/3/02c55611-7427-4cd0-a2cd-a15b5ccbaa9c,https://iiif.library.sh.cn/c/3/ab7539aa-16d2-4cdd-8c21-f65cb5e3562e,1444,2225,https://iiif.library.sh.cn/c/3/ab7539aa-16d2-4cdd-8c21-f65cb5e3562e/ap/s,https://iiif.library.sh.cn/c/3/ab7539aa-16d2-4cdd-8c21-f65cb5e3562e/ap/c/a/8857ea36-92b5-448c-a4ed-91b7c49257f9,39,39,supplementing,"[186, 1570, 141, 141]","[186, 1570, 327, 1711]","https://iiif.library.sh.cn/c/3/ab7539aa-16d2-4cdd-8c21-f65cb5e3562e#xywh=186,1570,141,141",李俨撰文，欧阳通楷书,欧阳通（楷书）；李儇（撰文）,唐,龙朔三年十月十日刻立（663）,663,楷书,17A331,《翰墨瑰宝：上海图书馆藏珍本碑帖丛刊》第二辑,iiif_annotation_target_xywh,iiif_xywh
001_道因法师碑_p0014_c040,并,001_道因法师碑,道因法师碑,14,十四,4,7,186,1738,141,141,185,1730,143,157,"[185, 1730, 143, 157]",174,1714,165,189,"[174, 1714, 165, 189]",13885,text_constrained_column_cell_pixel_assignment,assets/page_images/001_道因法师碑/p0014.jpg,1,http://data.library.sh.cn/bt/resource/work/v1e0qbx3r5wp1uw4,http://iiif.library.sh.cn/api/viewer/17A331,https://iiif.library.sh.cn/p/3/02c55611-7427-4cd0-a2cd-a15b5ccbaa9c,https://iiif.library.sh.cn/c/3/ab7539aa-16d2-4cdd-8c21-f65cb5e3562e,1444,2225,https://iiif.library.sh.cn/c/3/ab7539aa-16d2-4cdd-8c21-f65cb5e3562e/ap/s,https://iiif.library.sh.cn/c/3/ab7539aa-16d2-4cdd-8c21-f65cb5e3562e/ap/c/a/466741c3-c0a3-459f-8608-161625593165,40,40,supplementing,"[186, 1738, 141, 141]","[186, 1738, 327, 1879]","https://iiif.library.sh.cn/c/3/ab7539aa-16d2-4cdd-8c21-f65cb5e3562e#xywh=186,1738,141,141",李俨撰文，欧阳通楷书,欧阳通（楷书）；李儇（撰文）,唐,龙朔三年十月十日刻立（663）,663,楷书,17A331,《翰墨瑰宝：上海图书馆藏珍本碑帖丛刊》第二辑,iiif_annotation_target_xywh,iiif_xywh
001_道因法师碑_p0015_c001,琢,001_道因法师碑,道因法师碑,15,十五,0,0,1136,516,136,136,1125,511,151,146,"[1125, 511, 151, 146]",1113,496,175,176,"[1113, 496, 175, 176]",11387,text_constrained_column_cell_pixel_assignment,assets/page_images/001_道因法师碑/p0015.jpg,1,http://data.library.sh.cn/bt/resource/work/v1e0qbx3r5wp1uw4,http://iiif.library.sh.cn/api/viewer/17A331,https://iiif.library.sh.cn/p/3/02c55611-7427-4cd0-a2cd-a15b5ccbaa9c,https://iiif.library.sh.cn/c/3/4d4628e5-3907-4783-8b8d-8a135eee9fd9,1460,2231,https://iiif.library.sh.cn/c/3/4d4628e5-3907-4783-8b8d-8a135eee9fd9/ap/s,https://iiif.library.sh.cn/c/3/4d4628e5-3907-4783-8b8d-8a135eee9fd9/ap/c/a/5b0322c3-0e1a-4f73-8dcc-ac1af2c1381f,1,1,supplementing,"[1136, 516, 136, 136]","[1136, 516, 1272, 652]","https://iiif.library.sh.cn/c/3/4d4628e5-3907-4783-8b8d-8a135eee9fd9#xywh=1136,516,136,136",李俨撰文，欧阳通楷书,欧阳通（楷书）；李儇（撰文）,唐,龙朔三年十月十日刻立（663）,663,楷书,17A331,《翰墨瑰宝：上海图书馆藏珍本碑帖丛刊》第二辑,iiif_annotation_target_xywh,iiif_xywh
001_道因法师碑_p0015_c002,磨,001_道因法师碑,道因法师碑,15,十五,0,1,1128,669,144,144,1125,669,151,169,"[1125, 669, 151, 169]",1113,652,175,203,"[1113, 652, 175, 203]",10955,text_constrained_column_cell_pixel_assignment,assets/page_images/001_道因法师碑/p0015.jpg,1,http://data.library.sh.cn/bt/resource/work/v1e0qbx3r5wp1uw4,http://iiif.library.sh.cn/api/viewer/17A331,https://iiif.library.sh.cn/p/3/02c55611-7427-4cd0-a2cd-a15b5ccbaa9c,https://iiif.library.sh.cn/c/3/4d4628e5-3907-4783-8b8d-8a135eee9fd9,1460,2231,https://iiif.library.sh.cn/c/3/4d4628e5-3907-4783-8b8d-8a135eee9fd9/ap/s,https://iiif.library.sh.cn/c/3/4d4628e5-3907-4783-8b8d-8a135eee9fd9/ap/c/a/d817ab83-150c-476e-aad4-9c2121b0966d,2,2,supplementing,"[1128, 669, 144, 144]","[1128, 669, 1272, 813]","https://iiif.library.sh.cn/c/3/4d4628e5-3907-4783-8b8d-8a135eee9fd9#xywh=1128,669,144,144",李俨撰文，欧阳通楷书,欧阳通（楷书）；李儇（撰文）,唐,龙朔三年十月十日刻立（663）,663,楷书,17A331,《翰墨瑰宝：上海图书馆藏珍本碑帖丛刊》第二辑,iiif_annotation_target_xywh,iiif_xywh
001_道因法师碑_p0015_c003,道,001_道因法师碑,道因法师碑,15,十五,0,2,1128,875,144,144,1125,851,151,179,"[1125, 851, 151, 179]",1113,833,175,215,"[1113, 833, 175, 215]",11042,text_constrained_column_cell_pixel_assignment,assets/page_images/001_道因法师碑/p0015.jpg,1,http://data.library.sh.cn/bt/resource/work/v1e0qbx3r5wp1uw4,http://iiif.library.sh.cn/api/viewer/17A331,https://iiif.library.sh.cn/p/3/02c55611-7427-4cd0-a2cd-a15b5ccbaa9c,https://iiif.library.sh.cn/c/3/4d4628e5-3907-4783-8b8d-8a135eee9fd9,1460,2231,https://iiif.library.sh.cn/c/3/4d4628e5-3907-4783-8b8d-8a135eee9fd9/ap/s,https://iiif.library.sh.cn/c/3/4d4628e5-3907-4783-8b8d-8a135eee9fd9/ap/c/a/6d516096-ab08-406d-9a37-5c59a05b5a71,3,3,supplementing,"[1128, 875, 144, 144]","[1128, 875, 1272, 1019]","https://iiif.library.sh.cn/c/3/4d4628e5-3907-4783-8b8d-8a135eee9fd9#xywh=1128,875,144,144",李俨撰文，欧阳通楷书,欧阳通（楷书）；李儇（撰文）,唐,龙朔三年十月十日刻立（663）,663,楷书,17A331,《翰墨瑰宝：上海图书馆藏珍本碑帖丛刊》第二辑,iiif_annotation_target_xywh,iiif_xywh
001_道因法师碑_p0015_c004,德,001_道因法师碑,道因法师碑,15,十五,0,3,1128,1054,144,144,1125,1043,151,164,"[1125, 1043, 151, 164]",1113,1027,175,196,"[1113, 1027, 175, 196]",9395,text_constrained_column_cell_pixel_assignment,assets/page_images/001_道因法师碑/p0015.jpg,1,http://data.library.sh.cn/bt/resource/work/v1e0qbx3r5wp1uw4,http://iiif.library.sh.cn/api/viewer/17A331,https://iiif.library.sh.cn/p/3/02c55611-7427-4cd0-a2cd-a15b5ccbaa9c,https://iiif.library.sh.cn/c/3/4d4628e5-3907-4783-8b8d-8a135eee9fd9,1460,2231,https://iiif.library.sh.cn/c/3/4d4628e5-3907-4783-8b8d-8a135eee9fd9/ap/s,https://iiif.library.sh.cn/c/3/4d4628e5-3907-4783-8b8d-8a135eee9fd9/ap/c/a/e788b285-c360-464b-bd88-8e2b21e6351c,4,4,supplementing,"[1128, 1054, 144, 144]","[1128, 1054, 1272, 1198]","https://iiif.library.sh.cn/c/3/4d4628e5-3907-4783-8b8d-8a135eee9fd9#xywh=1128,1054,144,144",李俨撰文，欧阳通楷书,欧阳通（楷书）；李儇（撰文）,唐,龙朔三年十月十日刻立（663）,663,楷书,17A331,《翰墨瑰宝：上海图书馆藏珍本碑帖丛刊》第二辑,iiif_annotation_target_xywh,iiif_xywh
001_道因法师碑_p0015_c005,砥,001_道因法师碑,道因法师碑,15,十五,0,4,1128,1229,144,144,1125,1219,151,145,"[1125, 1219, 151, 145]",1113,1204,175,174,"[1113, 1204, 175, 174]",11105,text_constrained_column_cell_pixel_assignment,assets/page_images/001_道因法师碑/p0015.jpg,1,http://data.library.sh.cn/bt/resource/work/v1e0qbx3r5wp1uw4,http://iiif.library.sh.cn/api/viewer/17A331,https://iiif.library.sh.cn/p/3/02c55611-7427-4cd0-a2cd-a15b5ccbaa9c,https://iiif.library.sh.cn/c/3/4d4628e5-3907-4783-8b8d-8a135eee9fd9,1460,2231,https://iiif.library.sh.cn/c/3/4d4628e5-3907-4783-8b8d-8a135eee9fd9/ap/s,https://iiif.library.sh.cn/c/3/4d4628e5-3907-4783-8b8d-8a135eee9fd9/ap/c/a/db5e5222-1ceb-409c-89c9-1bcad7174f1f,5,5,supplementing,"[1128, 1229, 144, 144]","[1128, 1229, 1272, 1373]","https://iiif.library.sh.cn/c/3/4d4628e5-3907-4783-8b8d-8a135eee9fd9#xywh=1128,1229,144,144",李俨撰文，欧阳通楷书,欧阳通（楷书）；李儇（撰文）,唐,龙朔三年十月十日刻立（663）,663,楷书,17A331,《翰墨瑰宝：上海图书馆藏珍本碑帖丛刊》第二辑,iiif_annotation_target_xywh,iiif_xywh
001_道因法师碑_p0015_c006,锡,001_道因法师碑,道因法师碑,15,十五,0,5,1128,1365,144,144,1125,1375,151,154,"[1125, 1375, 151, 154]",1113,1360,175,184,"[1113, 1360, 175, 184]",12437,text_constrained_column_cell_pixel_assignment,assets/page_images/001_道因法师碑/p0015.jpg,1,http://data.library.sh.cn/bt/resource/work/v1e0qbx3r5wp1uw4,http://iiif.library.sh.cn/api/viewer/17A331,https://iiif.library.sh.cn/p/3/02c55611-7427-4cd0-a2cd-a15b5ccbaa9c,https://iiif.library.sh.cn/c/3/4d4628e5-3907-4783-8b8d-8a135eee9fd9,1460,2231,https://iiif.library.sh.cn/c/3/4d4628e5-3907-4783-8b8d-8a135eee9fd9/ap/s,https://iiif.library.sh.cn/c/3/4d4628e5-3907-4783-8b8d-8a135eee9fd9/ap/c/a/e0d2beee-48f9-4da7-ae90-34a09b3945bb,6,6,supplementing,"[1128, 1365, 144, 144]","[1128, 1365, 1272, 1509]","https://iiif.library.sh.cn/c/3/4d4628e5-3907-4783-8b8d-8a135eee9fd9#xywh=1128,1365,144,144",李俨撰文，欧阳通楷书,欧阳通（楷书）；李儇（撰文）,唐,龙朔三年十月十日刻立（663）,663,楷书,17A331,《翰墨瑰宝：上海图书馆藏珍本碑帖丛刊》第二辑,iiif_annotation_target_xywh,iiif_xywh
001_道因法师碑_p0015_c007,文,001_道因法师碑,道因法师碑,15,十五,0,6,1128,1561,144,144,1125,1542,151,182,"[1125, 1542, 151, 182]",1113,1524,175,218,"[1113, 1524, 175, 218]",12721,text_constrained_column_cell_pixel_assignment,assets/page_images/001_道因法师碑/p0015.jpg,1,http://data.library.sh.cn/bt/resource/work/v1e0qbx3r5wp1uw4,http://iiif.library.sh.cn/api/viewer/17A331,https://iiif.library.sh.cn/p/3/02c55611-7427-4cd0-a2cd-a15b5ccbaa9c,https://iiif.library.sh.cn/c/3/4d4628e5-3907-4783-8b8d-8a135eee9fd9,1460,2231,https://iiif.library.sh.cn/c/3/4d4628e5-3907-4783-8b8d-8a135eee9fd9/ap/s,https://iiif.library.sh.cn/c/3/4d4628e5-3907-4783-8b8d-8a135eee9fd9/ap/c/a/8fbf0ab7-1fe4-4853-babd-3602379245d0,7,7,supplementing,"[1128, 1561, 144, 144]","[1128, 1561, 1272, 1705]","https://iiif.library.sh.cn/c/3/4d4628e5-3907-4783-8b8d-8a135eee9fd9#xywh=1128,1561,144,144",李俨撰文，欧阳通楷书,欧阳通（楷书）；李儇（撰文）,唐,龙朔三年十月十日刻立（663）,663,楷书,17A331,《翰墨瑰宝：上海图书馆藏珍本碑帖丛刊》第二辑,iiif_annotation_target_xywh,iiif_xywh
001_道因法师碑_p0015_c008,艺,001_道因法师碑,道因法师碑,15,十五,0,7,1128,1756,144,144,1125,1737,151,182,"[1125, 1737, 151, 182]",1113,1719,175,218,"[1113, 1719, 175, 218]",17124,text_constrained_column_cell_pixel_assignment,assets/page_images/001_道因法师碑/p0015.jpg,1,http://data.library.sh.cn/bt/resource/work/v1e0qbx3r5wp1uw4,http://iiif.library.sh.cn/api/viewer/17A331,https://iiif.library.sh.cn/p/3/02c55611-7427-4cd0-a2cd-a15b5ccbaa9c,https://iiif.library.sh.cn/c/3/4d4628e5-3907-4783-8b8d-8a135eee9fd9,1460,2231,https://iiif.library.sh.cn/c/3/4d4628e5-3907-4783-8b8d-8a135eee9fd9/ap/s,https://iiif.library.sh.cn/c/3/4d4628e5-3907-4783-8b8d-8a135eee9fd9/ap/c/a/da713570-9ccd-47b9-b9aa-1134541a36d8,8,8,supplementing,"[1128, 1756, 144, 144]","[1128, 1756, 1272, 1900]","https://iiif.library.sh.cn/c/3/4d4628e5-3907-4783-8b8d-8a135eee9fd9#xywh=1128,1756,144,144",李俨撰文，欧阳通楷书,欧阳通（楷书）；李儇（撰文）,唐,龙朔三年十月十日刻立（663）,663,楷书,17A331,《翰墨瑰宝：上海图书馆藏珍本碑帖丛刊》第二辑,iiif_annotation_target_xywh,iiif_xywh
001_道因法师碑_p0015_c009,或,001_道因法师碑,道因法师碑,15,十五,1,0,957,526,164,164,955,543,159,130,"[955, 543, 159, 130]",942,530,185,156,"[942, 530, 185, 156]",10148,text_constrained_column_cell_pixel_assignment,assets/page_images/001_道因法师碑/p0015.jpg,1,http://data.library.sh.cn/bt/resource/work/v1e0qbx3r5wp1uw4,http://iiif.library.sh.cn/api/viewer/17A331,https://iiif.library.sh.cn/p/3/02c55611-7427-4cd0-a2cd-a15b5ccbaa9c,https://iiif.library.sh.cn/c/3/4d4628e5-3907-4783-8b8d-8a135eee9fd9,1460,2231,https://iiif.library.sh.cn/c/3/4d4628e5-3907-4783-8b8d-8a135eee9fd9/ap/s,https://iiif.library.sh.cn/c/3/4d4628e5-3907-4783-8b8d-8a135eee9fd9/ap/c/a/7de05cb3-9227-49c7-9442-5e6d794d3e2c,9,9,supplementing,"[957, 526, 164, 164]","[957, 526, 1121, 690]","https://iiif.library.sh.cn/c/3/4d4628e5-3907-4783-8b8d-8a135eee9fd9#xywh=957,526,164,164",李俨撰文，欧阳通楷书,欧阳通（楷书）；李儇（撰文）,唐,龙朔三年十月十日刻立（663）,663,楷书,17A331,《翰墨瑰宝：上海图书馆藏珍本碑帖丛刊》第二辑,iiif_annotation_target_xywh,iiif_xywh
001_道因法师碑_p0015_c010,题,001_道因法师碑,道因法师碑,15,十五,1,1,957,666,164,164,955,684,159,164,"[955, 684, 159, 164]",942,668,185,196,"[942, 668, 185, 196]",11095,text_constrained_column_cell_pixel_assignment,assets/page_images/001_道因法师碑/p0015.jpg,1,http://data.library.sh.cn/bt/resource/work/v1e0qbx3r5wp1uw4,http://iiif.library.sh.cn/api/viewer/17A331,https://iiif.library.sh.cn/p/3/02c55611-7427-4cd0-a2cd-a15b5ccbaa9c,https://iiif.library.sh.cn/c/3/4d4628e5-3907-4783-8b8d-8a135eee9fd9,1460,2231,https://iiif.library.sh.cn/c/3/4d4628e5-3907-4783-8b8d-8a135eee9fd9/ap/s,https://iiif.library.sh.cn/c/3/4d4628e5-3907-4783-8b8d-8a135eee9fd9/ap/c/a/cd79c399-ce86-4743-aa7a-71399f579291,10,10,supplementing,"[957, 666, 164, 164]","[957, 666, 1121, 830]","https://iiif.library.sh.cn/c/3/4d4628e5-3907-4783-8b8d-8a135eee9fd9#xywh=957,666,164,164",李俨撰文，欧阳通楷书,欧阳通（楷书）；李儇（撰文）,唐,龙朔三年十月十日刻立（663）,663,楷书,17A331,《翰墨瑰宝：上海图书馆藏珍本碑帖丛刊》第二辑,iiif_annotation_target_xywh,iiif_xywh
001_道因法师碑_p0015_c011,舆,001_道因法师碑,道因法师碑,15,十五,1,2,957,879,164,164,955,861,159,182,"[955, 861, 159, 182]",942,843,185,218,"[942, 843, 185, 218]",10402,text_constrained_column_cell_pixel_assignment,assets/page_images/001_道因法师碑/p0015.jpg,1,http://data.library.sh.cn/bt/resource/work/v1e0qbx3r5wp1uw4,http://iiif.library.sh.cn/api/viewer/17A331,https://iiif.library.sh.cn/p/3/02c55611-7427-4cd0-a2cd-a15b5ccbaa9c,https://iiif.library.sh.cn/c/3/4d4628e5-3907-4783-8b8d-8a135eee9fd9,1460,2231,https://iiif.library.sh.cn/c/3/4d4628e5-3907-4783-8b8d-8a135eee9fd9/ap/s,https://iiif.library.sh.cn/c/3/4d4628e5-3907-4783-8b8d-8a135eee9fd9/ap/c/a/60eacf1c-ba52-47eb-a0bb-f0895ca8b896,11,11,supplementing,"[957, 879, 164, 164]","[957, 879, 1121, 1043]","https://iiif.library.sh.cn/c/3/4d4628e5-3907-4783-8b8d-8a135eee9fd9#xywh=957,879,164,164",李俨撰文，欧阳通楷书,欧阳通（楷书）；李儇（撰文）,唐,龙朔三年十月十日刻立（663）,663,楷书,17A331,《翰墨瑰宝：上海图书馆藏珍本碑帖丛刊》第二辑,iiif_annotation_target_xywh,iiif_xywh
001_道因法师碑_p0015_c012,展,001_道因法师碑,道因法师碑,15,十五,1,3,957,1056,164,164,955,1056,159,164,"[955, 1056, 159, 164]",942,1040,185,196,"[942, 1040, 185, 196]",10703,text_constrained_column_cell_pixel_assignment,assets/page_images/001_道因法师碑/p0015.jpg,1,http://data.library.sh.cn/bt/resource/work/v1e0qbx3r5wp1uw4,http://iiif.library.sh.cn/api/viewer/17A331,https://iiif.library.sh.cn/p/3/02c55611-7427-4cd0-a2cd-a15b5ccbaa9c,https://iiif.library.sh.cn/c/3/4d4628e5-3907-4783-8b8d-8a135eee9fd9,1460,2231,https://iiif.library.sh.cn/c/3/4d4628e5-3907-4783-8b8d-8a135eee9fd9/ap/s,https://iiif.library.sh.cn/c/3/4d4628e5-3907-4783-8b8d-8a135eee9fd9/ap/c/a/04cddb2c-a5fc-4a20-9b76-821ea443b266,12,12,supplementing,"[957, 1056, 164, 164]","[957, 1056, 1121, 1220]","https://iiif.library.sh.cn/c/3/4d4628e5-3907-4783-8b8d-8a135eee9fd9#xywh=957,1056,164,164",李俨撰文，欧阳通楷书,欧阳通（楷书）；李儇（撰文）,唐,龙朔三年十月十日刻立（663）,663,楷书,17A331,《翰墨瑰宝：上海图书馆藏珍本碑帖丛刊》第二辑,iiif_annotation_target_xywh,iiif_xywh
001_道因法师碑_p0015_c013,骥,001_道因法师碑,道因法师碑,15,十五,1,4,957,1233,164,164,955,1232,159,153,"[955, 1232, 159, 153]",942,1217,185,183,"[942, 1217, 185, 183]",11251,text_constrained_column_cell_pixel_assignment,assets/page_images/001_道因法师碑/p0015.jpg,1,http://data.library.sh.cn/bt/resource/work/v1e0qbx3r5wp1uw4,http://iiif.library.sh.cn/api/viewer/17A331,https://iiif.library.sh.cn/p/3/02c55611-7427-4cd0-a2cd-a15b5ccbaa9c,https://iiif.library.sh.cn/c/3/4d4628e5-3907-4783-8b8d-8a135eee9fd9,1460,2231,https://iiif.library.sh.cn/c/3/4d4628e5-3907-4783-8b8d-8a135eee9fd9/ap/s,https://iiif.library.sh.cn/c/3/4d4628e5-3907-4783-8b8d-8a135eee9fd9/ap/c/a/fb086211-f005-497d-a685-f496dfbeb459,13,13,supplementing,"[957, 1233, 164, 164]","[957, 1233, 1121, 1397]","https://iiif.library.sh.cn/c/3/4d4628e5-3907-4783-8b8d-8a135eee9fd9#xywh=957,1233,164,164",李俨撰文，欧阳通楷书,欧阳通（楷书）；李儇（撰文）,唐,龙朔三年十月十日刻立（663）,663,楷书,17A331,《翰墨瑰宝：上海图书馆藏珍本碑帖丛刊》第二辑,iiif_annotation_target_xywh,iiif_xywh
001_道因法师碑_p0015_c014,赞,001_道因法师碑,道因法师碑,15,十五,1,5,957,1384,164,164,955,1397,159,165,"[955, 1397, 159, 165]",942,1380,185,198,"[942, 1380, 185, 198]",11942,text_constrained_column_cell_pixel_assignment,assets/page_images/001_道因法师碑/p0015.jpg,1,http://data.library.sh.cn/bt/resource/work/v1e0qbx3r5wp1uw4,http://iiif.library.sh.cn/api/viewer/17A331,https://iiif.library.sh.cn/p/3/02c55611-7427-4cd0-a2cd-a15b5ccbaa9c,https://iiif.library.sh.cn/c/3/4d4628e5-3907-4783-8b8d-8a135eee9fd9,1460,2231,https://iiif.library.sh.cn/c/3/4d4628e5-3907-4783-8b8d-8a135eee9fd9/ap/s,https://iiif.library.sh.cn/c/3/4d4628e5-3907-4783-8b8d-8a135eee9fd9/ap/c/a/34433396-98e8-4584-9781-38032e0268f9,14,14,supplementing,"[957, 1384, 164, 164]","[957, 1384, 1121, 1548]","https://iiif.library.sh.cn/c/3/4d4628e5-3907-4783-8b8d-8a135eee9fd9#xywh=957,1384,164,164",李俨撰文，欧阳通楷书,欧阳通（楷书）；李儇（撰文）,唐,龙朔三年十月十日刻立（663）,663,楷书,17A331,《翰墨瑰宝：上海图书馆藏珍本碑帖丛刊》第二辑,iiif_annotation_target_xywh,iiif_xywh
001_道因法师碑_p0015_c015,务,001_道因法师碑,道因法师碑,15,十五,1,6,957,1589,164,164,955,1575,159,181,"[955, 1575, 159, 181]",942,1557,185,217,"[942, 1557, 185, 217]",11511,text_constrained_column_cell_pixel_assignment,assets/page_images/001_道因法师碑/p0015.jpg,1,http://data.library.sh.cn/bt/resource/work/v1e0qbx3r5wp1uw4,http://iiif.library.sh.cn/api/viewer/17A331,https://iiif.library.sh.cn/p/3/02c55611-7427-4cd0-a2cd-a15b5ccbaa9c,https://iiif.library.sh.cn/c/3/4d4628e5-3907-4783-8b8d-8a135eee9fd9,1460,2231,https://iiif.library.sh.cn/c/3/4d4628e5-3907-4783-8b8d-8a135eee9fd9/ap/s,https://iiif.library.sh.cn/c/3/4d4628e5-3907-4783-8b8d-8a135eee9fd9/ap/c/a/7b31ba74-75f0-4241-a662-a1f41efcfb6d,15,15,supplementing,"[957, 1589, 164, 164]","[957, 1589, 1121, 1753]","https://iiif.library.sh.cn/c/3/4d4628e5-3907-4783-8b8d-8a135eee9fd9#xywh=957,1589,164,164",李俨撰文，欧阳通楷书,欧阳通（楷书）；李儇（撰文）,唐,龙朔三年十月十日刻立（663）,663,楷书,17A331,《翰墨瑰宝：上海图书馆藏珍本碑帖丛刊》第二辑,iiif_annotation_target_xywh,iiif_xywh
001_道因法师碑_p0015_c016,于,001_道因法师碑,道因法师碑,15,十五,1,7,957,1772,164,164,955,1769,159,170,"[955, 1769, 159, 170]",942,1752,185,204,"[942, 1752, 185, 204]",14999,text_constrained_column_cell_pixel_assignment,assets/page_images/001_道因法师碑/p0015.jpg,1,http://data.library.sh.cn/bt/resource/work/v1e0qbx3r5wp1uw4,http://iiif.library.sh.cn/api/viewer/17A331,https://iiif.library.sh.cn/p/3/02c55611-7427-4cd0-a2cd-a15b5ccbaa9c,https://iiif.library.sh.cn/c/3/4d4628e5-3907-4783-8b8d-8a135eee9fd9,1460,2231,https://iiif.library.sh.cn/c/3/4d4628e5-3907-4783-8b8d-8a135eee9fd9/ap/s,https://iiif.library.sh.cn/c/3/4d4628e5-3907-4783-8b8d-8a135eee9fd9/ap/c/a/199c3cd9-0d35-4731-93aa-3a54f5882b4f,16,16,supplementing,"[957, 1772, 164, 164]","[957, 1772, 1121, 1936]","https://iiif.library.sh.cn/c/3/4d4628e5-3907-4783-8b8d-8a135eee9fd9#xywh=957,1772,164,164",李俨撰文，欧阳通楷书,欧阳通（楷书）；李儇（撰文）,唐,龙朔三年十月十日刻立（663）,663,楷书,17A331,《翰墨瑰宝：上海图书馆藏珍本碑帖丛刊》第二辑,iiif_annotation_target_xywh,iiif_xywh
001_道因法师碑_p0015_c017,千,001_道因法师碑,道因法师碑,15,十五,2,0,784,530,146,146,782,533,161,140,"[782, 533, 161, 140]",769,519,187,168,"[769, 519, 187, 168]",13655,text_constrained_column_cell_pixel_assignment,assets/page_images/001_道因法师碑/p0015.jpg,1,http://data.library.sh.cn/bt/resource/work/v1e0qbx3r5wp1uw4,http://iiif.library.sh.cn/api/viewer/17A331,https://iiif.library.sh.cn/p/3/02c55611-7427-4cd0-a2cd-a15b5ccbaa9c,https://iiif.library.sh.cn/c/3/4d4628e5-3907-4783-8b8d-8a135eee9fd9,1460,2231,https://iiif.library.sh.cn/c/3/4d4628e5-3907-4783-8b8d-8a135eee9fd9/ap/s,https://iiif.library.sh.cn/c/3/4d4628e5-3907-4783-8b8d-8a135eee9fd9/ap/c/a/e9117e57-d73c-4603-bccf-7fea982b13dc,17,17,supplementing,"[784, 530, 146, 146]","[784, 530, 930, 676]","https://iiif.library.sh.cn/c/3/4d4628e5-3907-4783-8b8d-8a135eee9fd9#xywh=784,530,146,146",李俨撰文，欧阳通楷书,欧阳通（楷书）；李儇（撰文）,唐,龙朔三年十月十日刻立（663）,663,楷书,17A331,《翰墨瑰宝：上海图书馆藏珍本碑帖丛刊》第二辑,iiif_annotation_target_xywh,iiif_xywh
001_道因法师碑_p0015_c018,里,001_道因法师碑,道因法师碑,15,十五,2,1,784,680,146,146,782,683,161,145,"[782, 683, 161, 145]",769,668,187,174,"[769, 668, 187, 174]",9855,text_constrained_column_cell_pixel_assignment,assets/page_images/001_道因法师碑/p0015.jpg,1,http://data.library.sh.cn/bt/resource/work/v1e0qbx3r5wp1uw4,http://iiif.library.sh.cn/api/viewer/17A331,https://iiif.library.sh.cn/p/3/02c55611-7427-4cd0-a2cd-a15b5ccbaa9c,https://iiif.library.sh.cn/c/3/4d4628e5-3907-4783-8b8d-8a135eee9fd9,1460,2231,https://iiif.library.sh.cn/c/3/4d4628e5-3907-4783-8b8d-8a135eee9fd9/ap/s,https://iiif.library.sh.cn/c/3/4d4628e5-3907-4783-8b8d-8a135eee9fd9/ap/c/a/32bf559f-d58a-49f0-af6a-100bfa271330,18,18,supplementing,"[784, 680, 146, 146]","[784, 680, 930, 826]","https://iiif.library.sh.cn/c/3/4d4628e5-3907-4783-8b8d-8a135eee9fd9#xywh=784,680,146,146",李俨撰文，欧阳通楷书,欧阳通（楷书）；李儇（撰文）,唐,龙朔三年十月十日刻立（663）,663,楷书,17A331,《翰墨瑰宝：上海图书馆藏珍本碑帖丛刊》第二辑,iiif_annotation_target_xywh,iiif_xywh
001_道因法师碑_p0015_c019,或,001_道因法师碑,道因法师碑,15,十五,2,2,784,841,146,146,782,839,161,149,"[782, 839, 161, 149]",769,824,187,179,"[769, 824, 187, 179]",9829,text_constrained_column_cell_pixel_assignment,assets/page_images/001_道因法师碑/p0015.jpg,1,http://data.library.sh.cn/bt/resource/work/v1e0qbx3r5wp1uw4,http://iiif.library.sh.cn/api/viewer/17A331,https://iiif.library.sh.cn/p/3/02c55611-7427-4cd0-a2cd-a15b5ccbaa9c,https://iiif.library.sh.cn/c/3/4d4628e5-3907-4783-8b8d-8a135eee9fd9,1460,2231,https://iiif.library.sh.cn/c/3/4d4628e5-3907-4783-8b8d-8a135eee9fd9/ap/s,https://iiif.library.sh.cn/c/3/4d4628e5-3907-4783-8b8d-8a135eee9fd9/ap/c/a/aed7cab7-13d0-4762-b5ee-ae6f32368db7,19,19,supplementing,"[784, 841, 146, 146]","[784, 841, 930, 987]","https://iiif.library.sh.cn/c/3/4d4628e5-3907-4783-8b8d-8a135eee9fd9#xywh=784,841,146,146",李俨撰文，欧阳通楷书,欧阳通（楷书）；李儇（撰文）,唐,龙朔三年十月十日刻立（663）,663,楷书,17A331,《翰墨瑰宝：上海图书馆藏珍本碑帖丛刊》第二辑,iiif_annotation_target_xywh,iiif_xywh
001_道因法师碑_p0015_c020,亨,001_道因法师碑,道因法师碑,15,十五,2,3,784,1001,146,146,782,1000,161,163,"[782, 1000, 161, 163]",769,984,187,195,"[769, 984, 187, 195]",13329,text_constrained_column_cell_pixel_assignment,assets/page_images/001_道因法师碑/p0015.jpg,1,http://data.library.sh.cn/bt/resource/work/v1e0qbx3r5wp1uw4,http://iiif.library.sh.cn/api/viewer/17A331,https://iiif.library.sh.cn/p/3/02c55611-7427-4cd0-a2cd-a15b5ccbaa9c,https://iiif.library.sh.cn/c/3/4d4628e5-3907-4783-8b8d-8a135eee9fd9,1460,2231,https://iiif.library.sh.cn/c/3/4d4628e5-3907-4783-8b8d-8a135eee9fd9/ap/s,https://iiif.library.sh.cn/c/3/4d4628e5-3907-4783-8b8d-8a135eee9fd9/ap/c/a/cdecbab7-c586-4335-8c5c-0c20d5926887,20,20,supplementing,"[784, 1001, 146, 146]","[784, 1001, 930, 1147]","https://iiif.library.sh.cn/c/3/4d4628e5-3907-4783-8b8d-8a135eee9fd9#xywh=784,1001,146,146",李俨撰文，欧阳通楷书,欧阳通（楷书）；李儇（撰文）,唐,龙朔三年十月十日刻立（663）,663,楷书,17A331,《翰墨瑰宝：上海图书馆藏珍本碑帖丛刊》第二辑,iiif_annotation_target_xywh,iiif_xywh
001_道因法师碑_p0015_c021,鲜,001_道因法师碑,道因法师碑,15,十五,2,4,784,1191,146,146,782,1176,161,182,"[782, 1176, 161, 182]",769,1158,187,218,"[769, 1158, 187, 218]",12875,text_constrained_column_cell_pixel_assignment,assets/page_images/001_道因法师碑/p0015.jpg,1,http://data.library.sh.cn/bt/resource/work/v1e0qbx3r5wp1uw4,http://iiif.library.sh.cn/api/viewer/17A331,https://iiif.library.sh.cn/p/3/02c55611-7427-4cd0-a2cd-a15b5ccbaa9c,https://iiif.library.sh.cn/c/3/4d4628e5-3907-4783-8b8d-8a135eee9fd9,1460,2231,https://iiif.library.sh.cn/c/3/4d4628e5-3907-4783-8b8d-8a135eee9fd9/ap/s,https://iiif.library.sh.cn/c/3/4d4628e5-3907-4783-8b8d-8a135eee9fd9/ap/c/a/0be200f7-8bf3-4096-823c-f451752f93af,21,21,supplementing,"[784, 1191, 146, 146]","[784, 1191, 930, 1337]","https://iiif.library.sh.cn/c/3/4d4628e5-3907-4783-8b8d-8a135eee9fd9#xywh=784,1191,146,146",李俨撰文，欧阳通楷书,欧阳通（楷书）；李儇（撰文）,唐,龙朔三年十月十日刻立（663）,663,楷书,17A331,《翰墨瑰宝：上海图书馆藏珍本碑帖丛刊》第二辑,iiif_annotation_target_xywh,iiif_xywh
001_道因法师碑_p0015_c022,制,001_道因法师碑,道因法师碑,15,十五,2,5,784,1392,146,146,782,1371,161,179,"[782, 1371, 161, 179]",769,1353,187,215,"[769, 1353, 187, 215]",11039,text_constrained_column_cell_pixel_assignment,assets/page_images/001_道因法师碑/p0015.jpg,1,http://data.library.sh.cn/bt/resource/work/v1e0qbx3r5wp1uw4,http://iiif.library.sh.cn/api/viewer/17A331,https://iiif.library.sh.cn/p/3/02c55611-7427-4cd0-a2cd-a15b5ccbaa9c,https://iiif.library.sh.cn/c/3/4d4628e5-3907-4783-8b8d-8a135eee9fd9,1460,2231,https://iiif.library.sh.cn/c/3/4d4628e5-3907-4783-8b8d-8a135eee9fd9/ap/s,https://iiif.library.sh.cn/c/3/4d4628e5-3907-4783-8b8d-8a135eee9fd9/ap/c/a/e7315de9-90dd-4914-84e1-50308f4f0bee,22,22,supplementing,"[784, 1392, 146, 146]","[784, 1392, 930, 1538]","https://iiif.library.sh.cn/c/3/4d4628e5-3907-4783-8b8d-8a135eee9fd9#xywh=784,1392,146,146",李俨撰文，欧阳通楷书,欧阳通（楷书）；李儇（撰文）,唐,龙朔三年十月十日刻立（663）,663,楷书,17A331,《翰墨瑰宝：上海图书馆藏珍本碑帖丛刊》第二辑,iiif_annotation_target_xywh,iiif_xywh
001_道因法师碑_p0015_c023,锦,001_道因法师碑,道因法师碑,15,十五,2,6,784,1568,159,159,782,1563,161,170,"[782, 1563, 161, 170]",769,1546,187,204,"[769, 1546, 187, 204]",11971,text_constrained_column_cell_pixel_assignment,assets/page_images/001_道因法师碑/p0015.jpg,1,http://data.library.sh.cn/bt/resource/work/v1e0qbx3r5wp1uw4,http://iiif.library.sh.cn/api/viewer/17A331,https://iiif.library.sh.cn/p/3/02c55611-7427-4cd0-a2cd-a15b5ccbaa9c,https://iiif.library.sh.cn/c/3/4d4628e5-3907-4783-8b8d-8a135eee9fd9,1460,2231,https://iiif.library.sh.cn/c/3/4d4628e5-3907-4783-8b8d-8a135eee9fd9/ap/s,https://iiif.library.sh.cn/c/3/4d4628e5-3907-4783-8b8d-8a135eee9fd9/ap/c/a/e5f7dbef-1497-4618-a101-ce4e88a59cf6,23,23,supplementing,"[784, 1568, 159, 159]","[784, 1568, 943, 1727]","https://iiif.library.sh.cn/c/3/4d4628e5-3907-4783-8b8d-8a135eee9fd9#xywh=784,1568,159,159",李俨撰文，欧阳通楷书,欧阳通（楷书）；李儇（撰文）,唐,龙朔三年十月十日刻立（663）,663,楷书,17A331,《翰墨瑰宝：上海图书馆藏珍本碑帖丛刊》第二辑,iiif_annotation_target_xywh,iiif_xywh
001_道因法师碑_p0015_c024,驰,001_道因法师碑,道因法师碑,15,十五,2,7,784,1752,159,159,782,1746,161,171,"[782, 1746, 161, 171]",769,1729,187,205,"[769, 1729, 187, 205]",12508,text_constrained_column_cell_pixel_assignment,assets/page_images/001_道因法师碑/p0015.jpg,1,http://data.library.sh.cn/bt/resource/work/v1e0qbx3r5wp1uw4,http://iiif.library.sh.cn/api/viewer/17A331,https://iiif.library.sh.cn/p/3/02c55611-7427-4cd0-a2cd-a15b5ccbaa9c,https://iiif.library.sh.cn/c/3/4d4628e5-3907-4783-8b8d-8a135eee9fd9,1460,2231,https://iiif.library.sh.cn/c/3/4d4628e5-3907-4783-8b8d-8a135eee9fd9/ap/s,https://iiif.library.sh.cn/c/3/4d4628e5-3907-4783-8b8d-8a135eee9fd9/ap/c/a/cd469179-3954-45c0-b749-16dafa2f53f0,24,24,supplementing,"[784, 1752, 159, 159]","[784, 1752, 943, 1911]","https://iiif.library.sh.cn/c/3/4d4628e5-3907-4783-8b8d-8a135eee9fd9#xywh=784,1752,159,159",李俨撰文，欧阳通楷书,欧阳通（楷书）；李儇（撰文）,唐,龙朔三年十月十日刻立（663）,663,楷书,17A331,《翰墨瑰宝：上海图书馆藏珍本碑帖丛刊》第二辑,iiif_annotation_target_xywh,iiif_xywh
001_道因法师碑_p0015_c025,声,001_道因法师碑,道因法师碑,15,十五,3,0,621,524,143,143,614,511,156,169,"[614, 511, 156, 169]",602,494,180,203,"[602, 494, 180, 203]",13584,text_constrained_column_cell_pixel_assignment,assets/page_images/001_道因法师碑/p0015.jpg,1,http://data.library.sh.cn/bt/resource/work/v1e0qbx3r5wp1uw4,http://iiif.library.sh.cn/api/viewer/17A331,https://iiif.library.sh.cn/p/3/02c55611-7427-4cd0-a2cd-a15b5ccbaa9c,https://iiif.library.sh.cn/c/3/4d4628e5-3907-4783-8b8d-8a135eee9fd9,1460,2231,https://iiif.library.sh.cn/c/3/4d4628e5-3907-4783-8b8d-8a135eee9fd9/ap/s,https://iiif.library.sh.cn/c/3/4d4628e5-3907-4783-8b8d-8a135eee9fd9/ap/c/a/1527702d-0fd7-4efc-bfda-ba099a9935d1,25,25,supplementing,"[621, 524, 143, 143]","[621, 524, 764, 667]","https://iiif.library.sh.cn/c/3/4d4628e5-3907-4783-8b8d-8a135eee9fd9#xywh=621,524,143,143",李俨撰文，欧阳通楷书,欧阳通（楷书）；李儇（撰文）,唐,龙朔三年十月十日刻立（663）,663,楷书,17A331,《翰墨瑰宝：上海图书馆藏珍本碑帖丛刊》第二辑,iiif_annotation_target_xywh,iiif_xywh
001_道因法师碑_p0015_c026,乎,001_道因法师碑,道因法师碑,15,十五,3,1,621,706,143,143,614,693,156,167,"[614, 693, 156, 167]",602,676,180,201,"[602, 676, 180, 201]",12827,text_constrained_column_cell_pixel_assignment,assets/page_images/001_道因法师碑/p0015.jpg,1,http://data.library.sh.cn/bt/resource/work/v1e0qbx3r5wp1uw4,http://iiif.library.sh.cn/api/viewer/17A331,https://iiif.library.sh.cn/p/3/02c55611-7427-4cd0-a2cd-a15b5ccbaa9c,https://iiif.library.sh.cn/c/3/4d4628e5-3907-4783-8b8d-8a135eee9fd9,1460,2231,https://iiif.library.sh.cn/c/3/4d4628e5-3907-4783-8b8d-8a135eee9fd9/ap/s,https://iiif.library.sh.cn/c/3/4d4628e5-3907-4783-8b8d-8a135eee9fd9/ap/c/a/0b047542-78d6-4617-8932-5d41f6c024f4,26,26,supplementing,"[621, 706, 143, 143]","[621, 706, 764, 849]","https://iiif.library.sh.cn/c/3/4d4628e5-3907-4783-8b8d-8a135eee9fd9#xywh=621,706,143,143",李俨撰文，欧阳通楷书,欧阳通（楷书）；李儇（撰文）,唐,龙朔三年十月十日刻立（663）,663,楷书,17A331,《翰墨瑰宝：上海图书馆藏珍本碑帖丛刊》第二辑,iiif_annotation_target_xywh,iiif_xywh
001_道因法师碑_p0015_c027,一,001_道因法师碑,道因法师碑,15,十五,3,2,621,883,143,143,614,871,156,145,"[614, 871, 156, 145]",602,856,180,174,"[602, 856, 180, 174]",10072,text_constrained_column_cell_pixel_assignment,assets/page_images/001_道因法师碑/p0015.jpg,1,http://data.library.sh.cn/bt/resource/work/v1e0qbx3r5wp1uw4,http://iiif.library.sh.cn/api/viewer/17A331,https://iiif.library.sh.cn/p/3/02c55611-7427-4cd0-a2cd-a15b5ccbaa9c,https://iiif.library.sh.cn/c/3/4d4628e5-3907-4783-8b8d-8a135eee9fd9,1460,2231,https://iiif.library.sh.cn/c/3/4d4628e5-3907-4783-8b8d-8a135eee9fd9/ap/s,https://iiif.library.sh.cn/c/3/4d4628e5-3907-4783-8b8d-8a135eee9fd9/ap/c/a/2db6d5e5-e6e7-486b-a962-a0072907c8a3,27,27,supplementing,"[621, 883, 143, 143]","[621, 883, 764, 1026]","https://iiif.library.sh.cn/c/3/4d4628e5-3907-4783-8b8d-8a135eee9fd9#xywh=621,883,143,143",李俨撰文，欧阳通楷书,欧阳通（楷书）；李儇（撰文）,唐,龙朔三年十月十日刻立（663）,663,楷书,17A331,《翰墨瑰宝：上海图书馆藏珍本碑帖丛刊》第二辑,iiif_annotation_target_xywh,iiif_xywh
001_道因法师碑_p0015_c028,同,001_道因法师碑,道因法师碑,15,十五,3,3,621,1016,143,143,614,1027,156,156,"[614, 1027, 156, 156]",602,1011,180,188,"[602, 1011, 180, 188]",12363,text_constrained_column_cell_pixel_assignment,assets/page_images/001_道因法师碑/p0015.jpg,1,http://data.library.sh.cn/bt/resource/work/v1e0qbx3r5wp1uw4,http://iiif.library.sh.cn/api/viewer/17A331,https://iiif.library.sh.cn/p/3/02c55611-7427-4cd0-a2cd-a15b5ccbaa9c,https://iiif.library.sh.cn/c/3/4d4628e5-3907-4783-8b8d-8a135eee9fd9,1460,2231,https://iiif.library.sh.cn/c/3/4d4628e5-3907-4783-8b8d-8a135eee9fd9/ap/s,https://iiif.library.sh.cn/c/3/4d4628e5-3907-4783-8b8d-8a135eee9fd9/ap/c/a/8e807de0-9547-4b0d-b38b-60d31000ab0b,28,28,supplementing,"[621, 1016, 143, 143]","[621, 1016, 764, 1159]","https://iiif.library.sh.cn/c/3/4d4628e5-3907-4783-8b8d-8a135eee9fd9#xywh=621,1016,143,143",李俨撰文，欧阳通楷书,欧阳通（楷书）；李儇（撰文）,唐,龙朔三年十月十日刻立（663）,663,楷书,17A331,《翰墨瑰宝：上海图书馆藏珍本碑帖丛刊》第二辑,iiif_annotation_target_xywh,iiif_xywh
001_道因法师碑_p0015_c029,法,001_道因法师碑,道因法师碑,15,十五,3,4,621,1219,143,143,614,1196,156,182,"[614, 1196, 156, 182]",602,1178,180,218,"[602, 1178, 180, 218]",12609,text_constrained_column_cell_pixel_assignment,assets/page_images/001_道因法师碑/p0015.jpg,1,http://data.library.sh.cn/bt/resource/work/v1e0qbx3r5wp1uw4,http://iiif.library.sh.cn/api/viewer/17A331,https://iiif.library.sh.cn/p/3/02c55611-7427-4cd0-a2cd-a15b5ccbaa9c,https://iiif.library.sh.cn/c/3/4d4628e5-3907-4783-8b8d-8a135eee9fd9,1460,2231,https://iiif.library.sh.cn/c/3/4d4628e5-3907-4783-8b8d-8a135eee9fd9/ap/s,https://iiif.library.sh.cn/c/3/4d4628e5-3907-4783-8b8d-8a135eee9fd9/ap/c/a/1de97c29-21c2-4354-95e2-ae8aa20f68ae,29,29,supplementing,"[621, 1219, 143, 143]","[621, 1219, 764, 1362]","https://iiif.library.sh.cn/c/3/4d4628e5-3907-4783-8b8d-8a135eee9fd9#xywh=621,1219,143,143",李俨撰文，欧阳通楷书,欧阳通（楷书）；李儇（撰文）,唐,龙朔三年十月十日刻立（663）,663,楷书,17A331,《翰墨瑰宝：上海图书馆藏珍本碑帖丛刊》第二辑,iiif_annotation_target_xywh,iiif_xywh
001_道因法师碑_p0015_c030,师,001_道因法师碑,道因法师碑,15,十五,3,5,621,1408,143,143,614,1391,156,171,"[614, 1391, 156, 171]",602,1374,180,205,"[602, 1374, 180, 205]",10068,text_constrained_column_cell_pixel_assignment,assets/page_images/001_道因法师碑/p0015.jpg,1,http://data.library.sh.cn/bt/resource/work/v1e0qbx3r5wp1uw4,http://iiif.library.sh.cn/api/viewer/17A331,https://iiif.library.sh.cn/p/3/02c55611-7427-4cd0-a2cd-a15b5ccbaa9c,https://iiif.library.sh.cn/c/3/4d4628e5-3907-4783-8b8d-8a135eee9fd9,1460,2231,https://iiif.library.sh.cn/c/3/4d4628e5-3907-4783-8b8d-8a135eee9fd9/ap/s,https://iiif.library.sh.cn/c/3/4d4628e5-3907-4783-8b8d-8a135eee9fd9/ap/c/a/40178aa1-070a-4c58-88b8-a5c389cccbf2,30,30,supplementing,"[621, 1408, 143, 143]","[621, 1408, 764, 1551]","https://iiif.library.sh.cn/c/3/4d4628e5-3907-4783-8b8d-8a135eee9fd9#xywh=621,1408,143,143",李俨撰文，欧阳通楷书,欧阳通（楷书）；李儇（撰文）,唐,龙朔三年十月十日刻立（663）,663,楷书,17A331,《翰墨瑰宝：上海图书馆藏珍本碑帖丛刊》第二辑,iiif_annotation_target_xywh,iiif_xywh
001_道因法师碑_p0015_c031,禀,001_道因法师碑,道因法师碑,15,十五,3,6,621,1585,143,143,614,1574,156,171,"[614, 1574, 156, 171]",602,1557,180,205,"[602, 1557, 180, 205]",10899,text_constrained_column_cell_pixel_assignment,assets/page_images/001_道因法师碑/p0015.jpg,1,http://data.library.sh.cn/bt/resource/work/v1e0qbx3r5wp1uw4,http://iiif.library.sh.cn/api/viewer/17A331,https://iiif.library.sh.cn/p/3/02c55611-7427-4cd0-a2cd-a15b5ccbaa9c,https://iiif.library.sh.cn/c/3/4d4628e5-3907-4783-8b8d-8a135eee9fd9,1460,2231,https://iiif.library.sh.cn/c/3/4d4628e5-3907-4783-8b8d-8a135eee9fd9/ap/s,https://iiif.library.sh.cn/c/3/4d4628e5-3907-4783-8b8d-8a135eee9fd9/ap/c/a/77ad096c-ee91-4215-9542-277bde32e60a,31,31,supplementing,"[621, 1585, 143, 143]","[621, 1585, 764, 1728]","https://iiif.library.sh.cn/c/3/4d4628e5-3907-4783-8b8d-8a135eee9fd9#xywh=621,1585,143,143",李俨撰文，欧阳通楷书,欧阳通（楷书）；李儇（撰文）,唐,龙朔三年十月十日刻立（663）,663,楷书,17A331,《翰墨瑰宝：上海图书馆藏珍本碑帖丛刊》第二辑,iiif_annotation_target_xywh,iiif_xywh
001_道因法师碑_p0015_c032,祐,001_道因法师碑,道因法师碑,15,十五,3,7,621,1774,143,143,614,1758,156,175,"[614, 1758, 156, 175]",602,1740,180,210,"[602, 1740, 180, 210]",11022,text_constrained_column_cell_pixel_assignment,assets/page_images/001_道因法师碑/p0015.jpg,1,http://data.library.sh.cn/bt/resource/work/v1e0qbx3r5wp1uw4,http://iiif.library.sh.cn/api/viewer/17A331,https://iiif.library.sh.cn/p/3/02c55611-7427-4cd0-a2cd-a15b5ccbaa9c,https://iiif.library.sh.cn/c/3/4d4628e5-3907-4783-8b8d-8a135eee9fd9,1460,2231,https://iiif.library.sh.cn/c/3/4d4628e5-3907-4783-8b8d-8a135eee9fd9/ap/s,https://iiif.library.sh.cn/c/3/4d4628e5-3907-4783-8b8d-8a135eee9fd9/ap/c/a/3c434621-786d-490f-8d42-75d7615a5c01,32,32,supplementing,"[621, 1774, 143, 143]","[621, 1774, 764, 1917]","https://iiif.library.sh.cn/c/3/4d4628e5-3907-4783-8b8d-8a135eee9fd9#xywh=621,1774,143,143",李俨撰文，欧阳通楷书,欧阳通（楷书）；李儇（撰文）,唐,龙朔三年十月十日刻立（663）,663,楷书,17A331,《翰墨瑰宝：上海图书馆藏珍本碑帖丛刊》第二辑,iiif_annotation_target_xywh,iiif_xywh
001_道因法师碑_p0015_c033,居,001_道因法师碑,道因法师碑,15,十五,4,0,446,522,145,145,445,524,157,141,"[445, 524, 157, 141]",432,510,183,169,"[432, 510, 183, 169]",12936,text_constrained_column_cell_pixel_assignment,assets/page_images/001_道因法师碑/p0015.jpg,1,http://data.library.sh.cn/bt/resource/work/v1e0qbx3r5wp1uw4,http://iiif.library.sh.cn/api/viewer/17A331,https://iiif.library.sh.cn/p/3/02c55611-7427-4cd0-a2cd-a15b5ccbaa9c,https://iiif.library.sh.cn/c/3/4d4628e5-3907-4783-8b8d-8a135eee9fd9,1460,2231,https://iiif.library.sh.cn/c/3/4d4628e5-3907-4783-8b8d-8a135eee9fd9/ap/s,https://iiif.library.sh.cn/c/3/4d4628e5-3907-4783-8b8d-8a135eee9fd9/ap/c/a/9b0e22dc-203f-4d13-93c4-fc4a37e998b9,33,33,supplementing,"[446, 522, 145, 145]","[446, 522, 591, 667]","https://iiif.library.sh.cn/c/3/4d4628e5-3907-4783-8b8d-8a135eee9fd9#xywh=446,522,145,145",李俨撰文，欧阳通楷书,欧阳通（楷书）；李儇（撰文）,唐,龙朔三年十月十日刻立（663）,663,楷书,17A331,《翰墨瑰宝：上海图书馆藏珍本碑帖丛刊》第二辑,iiif_annotation_target_xywh,iiif_xywh
001_道因法师碑_p0015_c034,醇,001_道因法师碑,道因法师碑,15,十五,4,1,446,674,145,145,445,676,157,152,"[445, 676, 157, 152]",432,661,183,182,"[432, 661, 183, 182]",10539,text_constrained_column_cell_pixel_assignment,assets/page_images/001_道因法师碑/p0015.jpg,1,http://data.library.sh.cn/bt/resource/work/v1e0qbx3r5wp1uw4,http://iiif.library.sh.cn/api/viewer/17A331,https://iiif.library.sh.cn/p/3/02c55611-7427-4cd0-a2cd-a15b5ccbaa9c,https://iiif.library.sh.cn/c/3/4d4628e5-3907-4783-8b8d-8a135eee9fd9,1460,2231,https://iiif.library.sh.cn/c/3/4d4628e5-3907-4783-8b8d-8a135eee9fd9/ap/s,https://iiif.library.sh.cn/c/3/4d4628e5-3907-4783-8b8d-8a135eee9fd9/ap/c/a/4abfdd8b-12b6-40f7-814a-8a0060a7098b,34,34,supplementing,"[446, 674, 145, 145]","[446, 674, 591, 819]","https://iiif.library.sh.cn/c/3/4d4628e5-3907-4783-8b8d-8a135eee9fd9#xywh=446,674,145,145",李俨撰文，欧阳通楷书,欧阳通（楷书）；李儇（撰文）,唐,龙朔三年十月十日刻立（663）,663,楷书,17A331,《翰墨瑰宝：上海图书馆藏珍本碑帖丛刊》第二辑,iiif_annotation_target_xywh,iiif_xywh
001_道因法师碑_p0015_c035,含,001_道因法师碑,道因法师碑,15,十五,4,2,446,849,145,145,445,840,157,164,"[445, 840, 157, 164]",432,824,183,196,"[432, 824, 183, 196]",13327,text_constrained_column_cell_pixel_assignment,assets/page_images/001_道因法师碑/p0015.jpg,1,http://data.library.sh.cn/bt/resource/work/v1e0qbx3r5wp1uw4,http://iiif.library.sh.cn/api/viewer/17A331,https://iiif.library.sh.cn/p/3/02c55611-7427-4cd0-a2cd-a15b5ccbaa9c,https://iiif.library.sh.cn/c/3/4d4628e5-3907-4783-8b8d-8a135eee9fd9,1460,2231,https://iiif.library.sh.cn/c/3/4d4628e5-3907-4783-8b8d-8a135eee9fd9/ap/s,https://iiif.library.sh.cn/c/3/4d4628e5-3907-4783-8b8d-8a135eee9fd9/ap/c/a/474471e8-93bb-4710-8cb9-59df78c56b18,35,35,supplementing,"[446, 849, 145, 145]","[446, 849, 591, 994]","https://iiif.library.sh.cn/c/3/4d4628e5-3907-4783-8b8d-8a135eee9fd9#xywh=446,849,145,145",李俨撰文，欧阳通楷书,欧阳通（楷书）；李儇（撰文）,唐,龙朔三年十月十日刻立（663）,663,楷书,17A331,《翰墨瑰宝：上海图书馆藏珍本碑帖丛刊》第二辑,iiif_annotation_target_xywh,iiif_xywh
001_道因法师碑_p0015_c036,章,001_道因法师碑,道因法师碑,15,十五,4,3,446,1019,161,161,445,1017,157,183,"[445, 1017, 157, 183]",432,999,183,219,"[432, 999, 183, 219]",14820,text_constrained_column_cell_pixel_assignment,assets/page_images/001_道因法师碑/p0015.jpg,1,http://data.library.sh.cn/bt/resource/work/v1e0qbx3r5wp1uw4,http://iiif.library.sh.cn/api/viewer/17A331,https://iiif.library.sh.cn/p/3/02c55611-7427-4cd0-a2cd-a15b5ccbaa9c,https://iiif.library.sh.cn/c/3/4d4628e5-3907-4783-8b8d-8a135eee9fd9,1460,2231,https://iiif.library.sh.cn/c/3/4d4628e5-3907-4783-8b8d-8a135eee9fd9/ap/s,https://iiif.library.sh.cn/c/3/4d4628e5-3907-4783-8b8d-8a135eee9fd9/ap/c/a/4b4b9595-20f2-462f-865e-019f3abeecfe,36,36,supplementing,"[446, 1019, 161, 161]","[446, 1019, 607, 1180]","https://iiif.library.sh.cn/c/3/4d4628e5-3907-4783-8b8d-8a135eee9fd9#xywh=446,1019,161,161",李俨撰文，欧阳通楷书,欧阳通（楷书）；李儇（撰文）,唐,龙朔三年十月十日刻立（663）,663,楷书,17A331,《翰墨瑰宝：上海图书馆藏珍本碑帖丛刊》第二辑,iiif_annotation_target_xywh,iiif_xywh
001_道因法师碑_p0015_c037,纵,001_道因法师碑,道因法师碑,15,十五,4,4,446,1233,161,161,445,1213,157,174,"[445, 1213, 157, 174]",432,1196,183,208,"[432, 1196, 183, 208]",13739,text_constrained_column_cell_pixel_assignment,assets/page_images/001_道因法师碑/p0015.jpg,1,http://data.library.sh.cn/bt/resource/work/v1e0qbx3r5wp1uw4,http://iiif.library.sh.cn/api/viewer/17A331,https://iiif.library.sh.cn/p/3/02c55611-7427-4cd0-a2cd-a15b5ccbaa9c,https://iiif.library.sh.cn/c/3/4d4628e5-3907-4783-8b8d-8a135eee9fd9,1460,2231,https://iiif.library.sh.cn/c/3/4d4628e5-3907-4783-8b8d-8a135eee9fd9/ap/s,https://iiif.library.sh.cn/c/3/4d4628e5-3907-4783-8b8d-8a135eee9fd9/ap/c/a/51a1cc0b-c4ac-4f49-8bbf-e38e38cd99d3,37,37,supplementing,"[446, 1233, 161, 161]","[446, 1233, 607, 1394]","https://iiif.library.sh.cn/c/3/4d4628e5-3907-4783-8b8d-8a135eee9fd9#xywh=446,1233,161,161",李俨撰文，欧阳通楷书,欧阳通（楷书）；李儇（撰文）,唐,龙朔三年十月十日刻立（663）,663,楷书,17A331,《翰墨瑰宝：上海图书馆藏珍本碑帖丛刊》第二辑,iiif_annotation_target_xywh,iiif_xywh
001_道因法师碑_p0015_c038,哲,001_道因法师碑,道因法师碑,15,十五,4,5,446,1394,161,161,445,1399,157,140,"[445, 1399, 157, 140]",432,1385,183,168,"[432, 1385, 183, 168]",12323,text_constrained_column_cell_pixel_assignment,assets/page_images/001_道因法师碑/p0015.jpg,1,http://data.library.sh.cn/bt/resource/work/v1e0qbx3r5wp1uw4,http://iiif.library.sh.cn/api/viewer/17A331,https://iiif.library.sh.cn/p/3/02c55611-7427-4cd0-a2cd-a15b5ccbaa9c,https://iiif.library.sh.cn/c/3/4d4628e5-3907-4783-8b8d-8a135eee9fd9,1460,2231,https://iiif.library.sh.cn/c/3/4d4628e5-3907-4783-8b8d-8a135eee9fd9/ap/s,https://iiif.library.sh.cn/c/3/4d4628e5-3907-4783-8b8d-8a135eee9fd9/ap/c/a/ab8c162a-9d5a-4101-97c0-f3740ce2e127,38,38,supplementing,"[446, 1394, 161, 161]","[446, 1394, 607, 1555]","https://iiif.library.sh.cn/c/3/4d4628e5-3907-4783-8b8d-8a135eee9fd9#xywh=446,1394,161,161",李俨撰文，欧阳通楷书,欧阳通（楷书）；李儇（撰文）,唐,龙朔三年十月十日刻立（663）,663,楷书,17A331,《翰墨瑰宝：上海图书馆藏珍本碑帖丛刊》第二辑,iiif_annotation_target_xywh,iiif_xywh
001_道因法师碑_p0015_c039,覃,001_道因法师碑,道因法师碑,15,十五,4,6,446,1534,161,161,445,1551,157,163,"[445, 1551, 157, 163]",432,1535,183,195,"[432, 1535, 183, 195]",14368,text_constrained_column_cell_pixel_assignment,assets/page_images/001_道因法师碑/p0015.jpg,1,http://data.library.sh.cn/bt/resource/work/v1e0qbx3r5wp1uw4,http://iiif.library.sh.cn/api/viewer/17A331,https://iiif.library.sh.cn/p/3/02c55611-7427-4cd0-a2cd-a15b5ccbaa9c,https://iiif.library.sh.cn/c/3/4d4628e5-3907-4783-8b8d-8a135eee9fd9,1460,2231,https://iiif.library.sh.cn/c/3/4d4628e5-3907-4783-8b8d-8a135eee9fd9/ap/s,https://iiif.library.sh.cn/c/3/4d4628e5-3907-4783-8b8d-8a135eee9fd9/ap/c/a/2ebf421b-0fe3-4382-ba08-9b4037b1fbdd,39,39,supplementing,"[446, 1534, 161, 161]","[446, 1534, 607, 1695]","https://iiif.library.sh.cn/c/3/4d4628e5-3907-4783-8b8d-8a135eee9fd9#xywh=446,1534,161,161",李俨撰文，欧阳通楷书,欧阳通（楷书）；李儇（撰文）,唐,龙朔三年十月十日刻立（663）,663,楷书,17A331,《翰墨瑰宝：上海图书馆藏珍本碑帖丛刊》第二辑,iiif_annotation_target_xywh,iiif_xywh
001_道因法师碑_p0015_c040,訏,001_道因法师碑,道因法师碑,15,十五,4,7,446,1746,161,161,445,1728,157,197,"[445, 1728, 157, 197]",432,1708,183,237,"[432, 1708, 183, 237]",17106,text_constrained_column_cell_pixel_assignment,assets/page_images/001_道因法师碑/p0015.jpg,1,http://data.library.sh.cn/bt/resource/work/v1e0qbx3r5wp1uw4,http://iiif.library.sh.cn/api/viewer/17A331,https://iiif.library.sh.cn/p/3/02c55611-7427-4cd0-a2cd-a15b5ccbaa9c,https://iiif.library.sh.cn/c/3/4d4628e5-3907-4783-8b8d-8a135eee9fd9,1460,2231,https://iiif.library.sh.cn/c/3/4d4628e5-3907-4783-8b8d-8a135eee9fd9/ap/s,https://iiif.library.sh.cn/c/3/4d4628e5-3907-4783-8b8d-8a135eee9fd9/ap/c/a/d73dd880-c0a9-471b-a19e-bbeacfb47082,40,40,supplementing,"[446, 1746, 161, 161]","[446, 1746, 607, 1907]","https://iiif.library.sh.cn/c/3/4d4628e5-3907-4783-8b8d-8a135eee9fd9#xywh=446,1746,161,161",李俨撰文，欧阳通楷书,欧阳通（楷书）；李儇（撰文）,唐,龙朔三年十月十日刻立（663）,663,楷书,17A331,《翰墨瑰宝：上海图书馆藏珍本碑帖丛刊》第二辑,iiif_annotation_target_xywh,iiif_xywh
001_道因法师碑_p0016_c001,之,001_道因法师碑,道因法师碑,16,十六,0,0,853,513,151,151,843,527,169,123,"[843, 527, 169, 123]",829,515,197,147,"[829, 515, 197, 147]",13033,text_constrained_column_cell_pixel_assignment,assets/page_images/001_道因法师碑/p0016.jpg,1,http://data.library.sh.cn/bt/resource/work/v1e0qbx3r5wp1uw4,http://iiif.library.sh.cn/api/viewer/17A331,https://iiif.library.sh.cn/p/3/02c55611-7427-4cd0-a2cd-a15b5ccbaa9c,https://iiif.library.sh.cn/c/3/beeced26-595d-4f0f-81d1-d9fc8584478b,1444,2221,https://iiif.library.sh.cn/c/3/beeced26-595d-4f0f-81d1-d9fc8584478b/ap/s,https://iiif.library.sh.cn/c/3/beeced26-595d-4f0f-81d1-d9fc8584478b/ap/c/a/283477a7-3442-46dc-9a0b-dd227b17f0fb,1,1,supplementing,"[853, 513, 151, 151]","[853, 513, 1004, 664]","https://iiif.library.sh.cn/c/3/beeced26-595d-4f0f-81d1-d9fc8584478b#xywh=853,513,151,151",李俨撰文，欧阳通楷书,欧阳通（楷书）；李儇（撰文）,唐,龙朔三年十月十日刻立（663）,663,楷书,17A331,《翰墨瑰宝：上海图书馆藏珍本碑帖丛刊》第二辑,iiif_annotation_target_xywh,iiif_xywh
001_道因法师碑_p0016_c002,岁,001_道因法师碑,道因法师碑,16,十六,0,1,853,646,151,151,843,661,169,169,"[843, 661, 169, 169]",829,644,197,203,"[829, 644, 197, 203]",16064,text_constrained_column_cell_pixel_assignment,assets/page_images/001_道因法师碑/p0016.jpg,1,http://data.library.sh.cn/bt/resource/work/v1e0qbx3r5wp1uw4,http://iiif.library.sh.cn/api/viewer/17A331,https://iiif.library.sh.cn/p/3/02c55611-7427-4cd0-a2cd-a15b5ccbaa9c,https://iiif.library.sh.cn/c/3/beeced26-595d-4f0f-81d1-d9fc8584478b,1444,2221,https://iiif.library.sh.cn/c/3/beeced26-595d-4f0f-81d1-d9fc8584478b/ap/s,https://iiif.library.sh.cn/c/3/beeced26-595d-4f0f-81d1-d9fc8584478b/ap/c/a/a747aab9-260f-49a1-8507-cbf79057e1c3,2,2,supplementing,"[853, 646, 151, 151]","[853, 646, 1004, 797]","https://iiif.library.sh.cn/c/3/beeced26-595d-4f0f-81d1-d9fc8584478b#xywh=853,646,151,151",李俨撰文，欧阳通楷书,欧阳通（楷书）；李儇（撰文）,唐,龙朔三年十月十日刻立（663）,663,楷书,17A331,《翰墨瑰宝：上海图书馆藏珍本碑帖丛刊》第二辑,iiif_annotation_target_xywh,iiif_xywh
001_道因法师碑_p0016_c003,粹,001_道因法师碑,道因法师碑,16,十六,0,2,853,876,151,151,843,844,169,189,"[843, 844, 169, 189]",829,825,197,227,"[829, 825, 197, 227]",16115,text_constrained_column_cell_pixel_assignment,assets/page_images/001_道因法师碑/p0016.jpg,1,http://data.library.sh.cn/bt/resource/work/v1e0qbx3r5wp1uw4,http://iiif.library.sh.cn/api/viewer/17A331,https://iiif.library.sh.cn/p/3/02c55611-7427-4cd0-a2cd-a15b5ccbaa9c,https://iiif.library.sh.cn/c/3/beeced26-595d-4f0f-81d1-d9fc8584478b,1444,2221,https://iiif.library.sh.cn/c/3/beeced26-595d-4f0f-81d1-d9fc8584478b/ap/s,https://iiif.library.sh.cn/c/3/beeced26-595d-4f0f-81d1-d9fc8584478b/ap/c/a/704caa09-cd0c-4445-b950-8b9e247b9977,3,3,supplementing,"[853, 876, 151, 151]","[853, 876, 1004, 1027]","https://iiif.library.sh.cn/c/3/beeced26-595d-4f0f-81d1-d9fc8584478b#xywh=853,876,151,151",李俨撰文，欧阳通楷书,欧阳通（楷书）；李儇（撰文）,唐,龙朔三年十月十日刻立（663）,663,楷书,17A331,《翰墨瑰宝：上海图书馆藏珍本碑帖丛刊》第二辑,iiif_annotation_target_xywh,iiif_xywh
001_道因法师碑_p0016_c004,采,001_道因法师碑,道因法师碑,16,十六,0,3,853,1053,151,151,843,1046,169,154,"[843, 1046, 169, 154]",829,1031,197,184,"[829, 1031, 197, 184]",15029,text_constrained_column_cell_pixel_assignment,assets/page_images/001_道因法师碑/p0016.jpg,1,http://data.library.sh.cn/bt/resource/work/v1e0qbx3r5wp1uw4,http://iiif.library.sh.cn/api/viewer/17A331,https://iiif.library.sh.cn/p/3/02c55611-7427-4cd0-a2cd-a15b5ccbaa9c,https://iiif.library.sh.cn/c/3/beeced26-595d-4f0f-81d1-d9fc8584478b,1444,2221,https://iiif.library.sh.cn/c/3/beeced26-595d-4f0f-81d1-d9fc8584478b/ap/s,https://iiif.library.sh.cn/c/3/beeced26-595d-4f0f-81d1-d9fc8584478b/ap/c/a/6c57fa37-0d95-4e6c-a6cb-94190c365bf5,4,4,supplementing,"[853, 1053, 151, 151]","[853, 1053, 1004, 1204]","https://iiif.library.sh.cn/c/3/beeced26-595d-4f0f-81d1-d9fc8584478b#xywh=853,1053,151,151",李俨撰文，欧阳通楷书,欧阳通（楷书）；李儇（撰文）,唐,龙朔三年十月十日刻立（663）,663,楷书,17A331,《翰墨瑰宝：上海图书馆藏珍本碑帖丛刊》第二辑,iiif_annotation_target_xywh,iiif_xywh
001_道因法师碑_p0016_c005,多,001_道因法师碑,道因法师碑,16,十六,0,4,853,1208,151,151,843,1212,169,156,"[843, 1212, 169, 156]",829,1196,197,188,"[829, 1196, 197, 188]",14701,text_constrained_column_cell_pixel_assignment,assets/page_images/001_道因法师碑/p0016.jpg,1,http://data.library.sh.cn/bt/resource/work/v1e0qbx3r5wp1uw4,http://iiif.library.sh.cn/api/viewer/17A331,https://iiif.library.sh.cn/p/3/02c55611-7427-4cd0-a2cd-a15b5ccbaa9c,https://iiif.library.sh.cn/c/3/beeced26-595d-4f0f-81d1-d9fc8584478b,1444,2221,https://iiif.library.sh.cn/c/3/beeced26-595d-4f0f-81d1-d9fc8584478b/ap/s,https://iiif.library.sh.cn/c/3/beeced26-595d-4f0f-81d1-d9fc8584478b/ap/c/a/95b5fc94-90f0-4e66-8f06-100ea300d920,5,5,supplementing,"[853, 1208, 151, 151]","[853, 1208, 1004, 1359]","https://iiif.library.sh.cn/c/3/beeced26-595d-4f0f-81d1-d9fc8584478b#xywh=853,1208,151,151",李俨撰文，欧阳通楷书,欧阳通（楷书）；李儇（撰文）,唐,龙朔三年十月十日刻立（663）,663,楷书,17A331,《翰墨瑰宝：上海图书馆藏珍本碑帖丛刊》第二辑,iiif_annotation_target_xywh,iiif_xywh
001_道因法师碑_p0016_c006,奇,001_道因法师碑,道因法师碑,16,十六,0,5,853,1389,151,151,843,1380,169,165,"[843, 1380, 169, 165]",829,1364,197,198,"[829, 1364, 197, 198]",17265,text_constrained_column_cell_pixel_assignment,assets/page_images/001_道因法师碑/p0016.jpg,1,http://data.library.sh.cn/bt/resource/work/v1e0qbx3r5wp1uw4,http://iiif.library.sh.cn/api/viewer/17A331,https://iiif.library.sh.cn/p/3/02c55611-7427-4cd0-a2cd-a15b5ccbaa9c,https://iiif.library.sh.cn/c/3/beeced26-595d-4f0f-81d1-d9fc8584478b,1444,2221,https://iiif.library.sh.cn/c/3/beeced26-595d-4f0f-81d1-d9fc8584478b/ap/s,https://iiif.library.sh.cn/c/3/beeced26-595d-4f0f-81d1-d9fc8584478b/ap/c/a/1e30eba3-d03b-46b5-9a34-44850e925c98,6,6,supplementing,"[853, 1389, 151, 151]","[853, 1389, 1004, 1540]","https://iiif.library.sh.cn/c/3/beeced26-595d-4f0f-81d1-d9fc8584478b#xywh=853,1389,151,151",李俨撰文，欧阳通楷书,欧阳通（楷书）；李儇（撰文）,唐,龙朔三年十月十日刻立（663）,663,楷书,17A331,《翰墨瑰宝：上海图书馆藏珍本碑帖丛刊》第二辑,iiif_annotation_target_xywh,iiif_xywh
001_道因法师碑_p0016_c007,髫,001_道因法师碑,道因法师碑,16,十六,0,6,853,1562,151,151,843,1557,169,157,"[843, 1557, 169, 157]",829,1541,197,189,"[829, 1541, 197, 189]",14822,text_constrained_column_cell_pixel_assignment,assets/page_images/001_道因法师碑/p0016.jpg,1,http://data.library.sh.cn/bt/resource/work/v1e0qbx3r5wp1uw4,http://iiif.library.sh.cn/api/viewer/17A331,https://iiif.library.sh.cn/p/3/02c55611-7427-4cd0-a2cd-a15b5ccbaa9c,https://iiif.library.sh.cn/c/3/beeced26-595d-4f0f-81d1-d9fc8584478b,1444,2221,https://iiif.library.sh.cn/c/3/beeced26-595d-4f0f-81d1-d9fc8584478b/ap/s,https://iiif.library.sh.cn/c/3/beeced26-595d-4f0f-81d1-d9fc8584478b/ap/c/a/b4735eaa-f68a-419a-8834-3727b6c1db2d,7,7,supplementing,"[853, 1562, 151, 151]","[853, 1562, 1004, 1713]","https://iiif.library.sh.cn/c/3/beeced26-595d-4f0f-81d1-d9fc8584478b#xywh=853,1562,151,151",李俨撰文，欧阳通楷书,欧阳通（楷书）；李儇（撰文）,唐,龙朔三年十月十日刻立（663）,663,楷书,17A331,《翰墨瑰宝：上海图书馆藏珍本碑帖丛刊》第二辑,iiif_annotation_target_xywh,iiif_xywh
001_道因法师碑_p0016_c008,龀,001_道因法师碑,道因法师碑,16,十六,0,7,849,1732,141,141,843,1726,169,153,"[843, 1726, 169, 153]",829,1711,197,183,"[829, 1711, 197, 183]",11606,text_constrained_column_cell_pixel_assignment,assets/page_images/001_道因法师碑/p0016.jpg,1,http://data.library.sh.cn/bt/resource/work/v1e0qbx3r5wp1uw4,http://iiif.library.sh.cn/api/viewer/17A331,https://iiif.library.sh.cn/p/3/02c55611-7427-4cd0-a2cd-a15b5ccbaa9c,https://iiif.library.sh.cn/c/3/beeced26-595d-4f0f-81d1-d9fc8584478b,1444,2221,https://iiif.library.sh.cn/c/3/beeced26-595d-4f0f-81d1-d9fc8584478b/ap/s,https://iiif.library.sh.cn/c/3/beeced26-595d-4f0f-81d1-d9fc8584478b/ap/c/a/83a2e870-1e77-4f08-9b96-a8ba533198f0,8,8,supplementing,"[849, 1732, 141, 141]","[849, 1732, 990, 1873]","https://iiif.library.sh.cn/c/3/beeced26-595d-4f0f-81d1-d9fc8584478b#xywh=849,1732,141,141",李俨撰文，欧阳通楷书,欧阳通（楷书）；李儇（撰文）,唐,龙朔三年十月十日刻立（663）,663,楷书,17A331,《翰墨瑰宝：上海图书馆藏珍本碑帖丛刊》第二辑,iiif_annotation_target_xywh,iiif_xywh
001_道因法师碑_p0016_c009,之,001_道因法师碑,道因法师碑,16,十六,1,0,674,527,143,143,672,532,158,133,"[672, 532, 158, 133]",659,519,184,159,"[659, 519, 184, 159]",8592,text_constrained_column_cell_pixel_assignment,assets/page_images/001_道因法师碑/p0016.jpg,1,http://data.library.sh.cn/bt/resource/work/v1e0qbx3r5wp1uw4,http://iiif.library.sh.cn/api/viewer/17A331,https://iiif.library.sh.cn/p/3/02c55611-7427-4cd0-a2cd-a15b5ccbaa9c,https://iiif.library.sh.cn/c/3/beeced26-595d-4f0f-81d1-d9fc8584478b,1444,2221,https://iiif.library.sh.cn/c/3/beeced26-595d-4f0f-81d1-d9fc8584478b/ap/s,https://iiif.library.sh.cn/c/3/beeced26-595d-4f0f-81d1-d9fc8584478b/ap/c/a/fef77533-aab5-4992-8965-1fa02f9d700e,9,9,supplementing,"[674, 527, 143, 143]","[674, 527, 817, 670]","https://iiif.library.sh.cn/c/3/beeced26-595d-4f0f-81d1-d9fc8584478b#xywh=674,527,143,143",李俨撰文，欧阳通楷书,欧阳通（楷书）；李儇（撰文）,唐,龙朔三年十月十日刻立（663）,663,楷书,17A331,《翰墨瑰宝：上海图书馆藏珍本碑帖丛刊》第二辑,iiif_annotation_target_xywh,iiif_xywh
001_道因法师碑_p0016_c010,辰,001_道因法师碑,道因法师碑,16,十六,1,1,674,671,143,143,672,676,158,144,"[672, 676, 158, 144]",659,662,184,172,"[659, 662, 184, 172]",9743,text_constrained_column_cell_pixel_assignment,assets/page_images/001_道因法师碑/p0016.jpg,1,http://data.library.sh.cn/bt/resource/work/v1e0qbx3r5wp1uw4,http://iiif.library.sh.cn/api/viewer/17A331,https://iiif.library.sh.cn/p/3/02c55611-7427-4cd0-a2cd-a15b5ccbaa9c,https://iiif.library.sh.cn/c/3/beeced26-595d-4f0f-81d1-d9fc8584478b,1444,2221,https://iiif.library.sh.cn/c/3/beeced26-595d-4f0f-81d1-d9fc8584478b/ap/s,https://iiif.library.sh.cn/c/3/beeced26-595d-4f0f-81d1-d9fc8584478b/ap/c/a/c7df2e7c-81bf-4177-a17e-3f9140baaf8c,10,10,supplementing,"[674, 671, 143, 143]","[674, 671, 817, 814]","https://iiif.library.sh.cn/c/3/beeced26-595d-4f0f-81d1-d9fc8584478b#xywh=674,671,143,143",李俨撰文，欧阳通楷书,欧阳通（楷书）；李儇（撰文）,唐,龙朔三年十月十日刻立（663）,663,楷书,17A331,《翰墨瑰宝：上海图书馆藏珍本碑帖丛刊》第二辑,iiif_annotation_target_xywh,iiif_xywh
001_道因法师碑_p0016_c011,殊,001_道因法师碑,道因法师碑,16,十六,1,2,674,836,143,143,672,831,158,164,"[672, 831, 158, 164]",659,815,184,196,"[659, 815, 184, 196]",11499,text_constrained_column_cell_pixel_assignment,assets/page_images/001_道因法师碑/p0016.jpg,1,http://data.library.sh.cn/bt/resource/work/v1e0qbx3r5wp1uw4,http://iiif.library.sh.cn/api/viewer/17A331,https://iiif.library.sh.cn/p/3/02c55611-7427-4cd0-a2cd-a15b5ccbaa9c,https://iiif.library.sh.cn/c/3/beeced26-595d-4f0f-81d1-d9fc8584478b,1444,2221,https://iiif.library.sh.cn/c/3/beeced26-595d-4f0f-81d1-d9fc8584478b/ap/s,https://iiif.library.sh.cn/c/3/beeced26-595d-4f0f-81d1-d9fc8584478b/ap/c/a/c593ad8b-2a5d-48a2-81e3-5f41af6a57d5,11,11,supplementing,"[674, 836, 143, 143]","[674, 836, 817, 979]","https://iiif.library.sh.cn/c/3/beeced26-595d-4f0f-81d1-d9fc8584478b#xywh=674,836,143,143",李俨撰文，欧阳通楷书,欧阳通（楷书）；李儇（撰文）,唐,龙朔三年十月十日刻立（663）,663,楷书,17A331,《翰墨瑰宝：上海图书馆藏珍本碑帖丛刊》第二辑,iiif_annotation_target_xywh,iiif_xywh
001_道因法师碑_p0016_c012,姿,001_道因法师碑,道因法师碑,16,十六,1,3,674,1023,143,143,672,1008,158,181,"[672, 1008, 158, 181]",659,990,184,217,"[659, 990, 184, 217]",9999,text_constrained_column_cell_pixel_assignment,assets/page_images/001_道因法师碑/p0016.jpg,1,http://data.library.sh.cn/bt/resource/work/v1e0qbx3r5wp1uw4,http://iiif.library.sh.cn/api/viewer/17A331,https://iiif.library.sh.cn/p/3/02c55611-7427-4cd0-a2cd-a15b5ccbaa9c,https://iiif.library.sh.cn/c/3/beeced26-595d-4f0f-81d1-d9fc8584478b,1444,2221,https://iiif.library.sh.cn/c/3/beeced26-595d-4f0f-81d1-d9fc8584478b/ap/s,https://iiif.library.sh.cn/c/3/beeced26-595d-4f0f-81d1-d9fc8584478b/ap/c/a/6a41b998-6af3-4936-ae7f-9b9691696ad2,12,12,supplementing,"[674, 1023, 143, 143]","[674, 1023, 817, 1166]","https://iiif.library.sh.cn/c/3/beeced26-595d-4f0f-81d1-d9fc8584478b#xywh=674,1023,143,143",李俨撰文，欧阳通楷书,欧阳通（楷书）；李儇（撰文）,唐,龙朔三年十月十日刻立（663）,663,楷书,17A331,《翰墨瑰宝：上海图书馆藏珍本碑帖丛刊》第二辑,iiif_annotation_target_xywh,iiif_xywh
001_道因法师碑_p0016_c013,独,001_道因法师碑,道因法师碑,16,十六,1,4,674,1226,143,143,672,1202,158,170,"[672, 1202, 158, 170]",659,1185,184,204,"[659, 1185, 184, 204]",9254,text_constrained_column_cell_pixel_assignment,assets/page_images/001_道因法师碑/p0016.jpg,1,http://data.library.sh.cn/bt/resource/work/v1e0qbx3r5wp1uw4,http://iiif.library.sh.cn/api/viewer/17A331,https://iiif.library.sh.cn/p/3/02c55611-7427-4cd0-a2cd-a15b5ccbaa9c,https://iiif.library.sh.cn/c/3/beeced26-595d-4f0f-81d1-d9fc8584478b,1444,2221,https://iiif.library.sh.cn/c/3/beeced26-595d-4f0f-81d1-d9fc8584478b/ap/s,https://iiif.library.sh.cn/c/3/beeced26-595d-4f0f-81d1-d9fc8584478b/ap/c/a/d02a9fbd-4da9-466d-b411-058e81243543,13,13,supplementing,"[674, 1226, 143, 143]","[674, 1226, 817, 1369]","https://iiif.library.sh.cn/c/3/beeced26-595d-4f0f-81d1-d9fc8584478b#xywh=674,1226,143,143",李俨撰文，欧阳通楷书,欧阳通（楷书）；李儇（撰文）,唐,龙朔三年十月十日刻立（663）,663,楷书,17A331,《翰墨瑰宝：上海图书馆藏珍本碑帖丛刊》第二辑,iiif_annotation_target_xywh,iiif_xywh
001_道因法师碑_p0016_c014,茂,001_道因法师碑,道因法师碑,16,十六,1,5,674,1387,143,143,672,1384,158,163,"[672, 1384, 158, 163]",659,1368,184,195,"[659, 1368, 184, 195]",13783,text_constrained_column_cell_pixel_assignment,assets/page_images/001_道因法师碑/p0016.jpg,1,http://data.library.sh.cn/bt/resource/work/v1e0qbx3r5wp1uw4,http://iiif.library.sh.cn/api/viewer/17A331,https://iiif.library.sh.cn/p/3/02c55611-7427-4cd0-a2cd-a15b5ccbaa9c,https://iiif.library.sh.cn/c/3/beeced26-595d-4f0f-81d1-d9fc8584478b,1444,2221,https://iiif.library.sh.cn/c/3/beeced26-595d-4f0f-81d1-d9fc8584478b/ap/s,https://iiif.library.sh.cn/c/3/beeced26-595d-4f0f-81d1-d9fc8584478b/ap/c/a/82a2f410-e244-461a-ba61-fc1f0bf9d87b,14,14,supplementing,"[674, 1387, 143, 143]","[674, 1387, 817, 1530]","https://iiif.library.sh.cn/c/3/beeced26-595d-4f0f-81d1-d9fc8584478b#xywh=674,1387,143,143",李俨撰文，欧阳通楷书,欧阳通（楷书）；李儇（撰文）,唐,龙朔三年十月十日刻立（663）,663,楷书,17A331,《翰墨瑰宝：上海图书馆藏珍本碑帖丛刊》第二辑,iiif_annotation_target_xywh,iiif_xywh
001_道因法师碑_p0016_c015,孝,001_道因法师碑,道因法师碑,16,十六,1,6,674,1576,143,143,672,1560,158,175,"[672, 1560, 158, 175]",659,1542,184,210,"[659, 1542, 184, 210]",10041,text_constrained_column_cell_pixel_assignment,assets/page_images/001_道因法师碑/p0016.jpg,1,http://data.library.sh.cn/bt/resource/work/v1e0qbx3r5wp1uw4,http://iiif.library.sh.cn/api/viewer/17A331,https://iiif.library.sh.cn/p/3/02c55611-7427-4cd0-a2cd-a15b5ccbaa9c,https://iiif.library.sh.cn/c/3/beeced26-595d-4f0f-81d1-d9fc8584478b,1444,2221,https://iiif.library.sh.cn/c/3/beeced26-595d-4f0f-81d1-d9fc8584478b/ap/s,https://iiif.library.sh.cn/c/3/beeced26-595d-4f0f-81d1-d9fc8584478b/ap/c/a/06919062-6fa4-4286-8455-9d7cc4df1523,15,15,supplementing,"[674, 1576, 143, 143]","[674, 1576, 817, 1719]","https://iiif.library.sh.cn/c/3/beeced26-595d-4f0f-81d1-d9fc8584478b#xywh=674,1576,143,143",李俨撰文，欧阳通楷书,欧阳通（楷书）；李儇（撰文）,唐,龙朔三年十月十日刻立（663）,663,楷书,17A331,《翰墨瑰宝：上海图书馆藏珍本碑帖丛刊》第二辑,iiif_annotation_target_xywh,iiif_xywh
001_道因法师碑_p0016_c016,爱,001_道因法师碑,道因法师碑,16,十六,1,7,674,1765,143,143,672,1749,158,175,"[672, 1749, 158, 175]",659,1732,184,210,"[659, 1732, 184, 210]",11838,text_constrained_column_cell_pixel_assignment,assets/page_images/001_道因法师碑/p0016.jpg,1,http://data.library.sh.cn/bt/resource/work/v1e0qbx3r5wp1uw4,http://iiif.library.sh.cn/api/viewer/17A331,https://iiif.library.sh.cn/p/3/02c55611-7427-4cd0-a2cd-a15b5ccbaa9c,https://iiif.library.sh.cn/c/3/beeced26-595d-4f0f-81d1-d9fc8584478b,1444,2221,https://iiif.library.sh.cn/c/3/beeced26-595d-4f0f-81d1-d9fc8584478b/ap/s,https://iiif.library.sh.cn/c/3/beeced26-595d-4f0f-81d1-d9fc8584478b/ap/c/a/3997d3c0-c222-4667-9ae8-e8f94354e24e,16,16,supplementing,"[674, 1765, 143, 143]","[674, 1765, 817, 1908]","https://iiif.library.sh.cn/c/3/beeced26-595d-4f0f-81d1-d9fc8584478b#xywh=674,1765,143,143",李俨撰文，欧阳通楷书,欧阳通（楷书）；李儇（撰文）,唐,龙朔三年十月十日刻立（663）,663,楷书,17A331,《翰墨瑰宝：上海图书馆藏珍本碑帖丛刊》第二辑,iiif_annotation_target_xywh,iiif_xywh
001_道因法师碑_p0016_c017,之,001_道因法师碑,道因法师碑,16,十六,2,0,518,529,138,138,508,544,153,108,"[508, 544, 153, 108]",496,533,177,130,"[496, 533, 177, 130]",7956,text_constrained_column_cell_pixel_assignment,assets/page_images/001_道因法师碑/p0016.jpg,1,http://data.library.sh.cn/bt/resource/work/v1e0qbx3r5wp1uw4,http://iiif.library.sh.cn/api/viewer/17A331,https://iiif.library.sh.cn/p/3/02c55611-7427-4cd0-a2cd-a15b5ccbaa9c,https://iiif.library.sh.cn/c/3/beeced26-595d-4f0f-81d1-d9fc8584478b,1444,2221,https://iiif.library.sh.cn/c/3/beeced26-595d-4f0f-81d1-d9fc8584478b/ap/s,https://iiif.library.sh.cn/c/3/beeced26-595d-4f0f-81d1-d9fc8584478b/ap/c/a/f5925929-750c-4cff-98c5-581669e0a65a,17,17,supplementing,"[518, 529, 138, 138]","[518, 529, 656, 667]","https://iiif.library.sh.cn/c/3/beeced26-595d-4f0f-81d1-d9fc8584478b#xywh=518,529,138,138",李俨撰文，欧阳通楷书,欧阳通（楷书）；李儇（撰文）,唐,龙朔三年十月十日刻立（663）,663,楷书,17A331,《翰墨瑰宝：上海图书馆藏珍本碑帖丛刊》第二辑,iiif_annotation_target_xywh,iiif_xywh
001_道因法师碑_p0016_c018,节,001_道因法师碑,道因法师碑,16,十六,2,1,518,646,138,138,508,662,153,147,"[508, 662, 153, 147]",496,647,177,177,"[496, 647, 177, 177]",9042,text_constrained_column_cell_pixel_assignment,assets/page_images/001_道因法师碑/p0016.jpg,1,http://data.library.sh.cn/bt/resource/work/v1e0qbx3r5wp1uw4,http://iiif.library.sh.cn/api/viewer/17A331,https://iiif.library.sh.cn/p/3/02c55611-7427-4cd0-a2cd-a15b5ccbaa9c,https://iiif.library.sh.cn/c/3/beeced26-595d-4f0f-81d1-d9fc8584478b,1444,2221,https://iiif.library.sh.cn/c/3/beeced26-595d-4f0f-81d1-d9fc8584478b/ap/s,https://iiif.library.sh.cn/c/3/beeced26-595d-4f0f-81d1-d9fc8584478b/ap/c/a/7debbd96-d0d5-49cc-8fa5-1c544662607a,18,18,supplementing,"[518, 646, 138, 138]","[518, 646, 656, 784]","https://iiif.library.sh.cn/c/3/beeced26-595d-4f0f-81d1-d9fc8584478b#xywh=518,646,138,138",李俨撰文，欧阳通楷书,欧阳通（楷书）；李儇（撰文）,唐,龙朔三年十月十日刻立（663）,663,楷书,17A331,《翰墨瑰宝：上海图书馆藏珍本碑帖丛刊》第二辑,iiif_annotation_target_xywh,iiif_xywh
001_道因法师碑_p0016_c019,慈,001_道因法师碑,道因法师碑,16,十六,2,2,518,846,138,138,508,822,153,177,"[508, 822, 153, 177]",496,804,177,213,"[496, 804, 177, 213]",12989,text_constrained_column_cell_pixel_assignment,assets/page_images/001_道因法师碑/p0016.jpg,1,http://data.library.sh.cn/bt/resource/work/v1e0qbx3r5wp1uw4,http://iiif.library.sh.cn/api/viewer/17A331,https://iiif.library.sh.cn/p/3/02c55611-7427-4cd0-a2cd-a15b5ccbaa9c,https://iiif.library.sh.cn/c/3/beeced26-595d-4f0f-81d1-d9fc8584478b,1444,2221,https://iiif.library.sh.cn/c/3/beeced26-595d-4f0f-81d1-d9fc8584478b/ap/s,https://iiif.library.sh.cn/c/3/beeced26-595d-4f0f-81d1-d9fc8584478b/ap/c/a/25683845-aa7e-450e-879c-133668fb95ca,19,19,supplementing,"[518, 846, 138, 138]","[518, 846, 656, 984]","https://iiif.library.sh.cn/c/3/beeced26-595d-4f0f-81d1-d9fc8584478b#xywh=518,846,138,138",李俨撰文，欧阳通楷书,欧阳通（楷书）；李儇（撰文）,唐,龙朔三年十月十日刻立（663）,663,楷书,17A331,《翰墨瑰宝：上海图书馆藏珍本碑帖丛刊》第二辑,iiif_annotation_target_xywh,iiif_xywh
001_道因法师碑_p0016_c020,顺,001_道因法师碑,道因法师碑,16,十六,2,3,518,1027,138,138,508,1012,153,168,"[508, 1012, 153, 168]",496,995,177,202,"[496, 995, 177, 202]",8199,text_constrained_column_cell_pixel_assignment,assets/page_images/001_道因法师碑/p0016.jpg,1,http://data.library.sh.cn/bt/resource/work/v1e0qbx3r5wp1uw4,http://iiif.library.sh.cn/api/viewer/17A331,https://iiif.library.sh.cn/p/3/02c55611-7427-4cd0-a2cd-a15b5ccbaa9c,https://iiif.library.sh.cn/c/3/beeced26-595d-4f0f-81d1-d9fc8584478b,1444,2221,https://iiif.library.sh.cn/c/3/beeced26-595d-4f0f-81d1-d9fc8584478b/ap/s,https://iiif.library.sh.cn/c/3/beeced26-595d-4f0f-81d1-d9fc8584478b/ap/c/a/09a541eb-b0f3-4da9-9554-78b786a7828f,20,20,supplementing,"[518, 1027, 138, 138]","[518, 1027, 656, 1165]","https://iiif.library.sh.cn/c/3/beeced26-595d-4f0f-81d1-d9fc8584478b#xywh=518,1027,138,138",李俨撰文，欧阳通楷书,欧阳通（楷书）；李儇（撰文）,唐,龙朔三年十月十日刻立（663）,663,楷书,17A331,《翰墨瑰宝：上海图书馆藏珍本碑帖丛刊》第二辑,iiif_annotation_target_xywh,iiif_xywh
001_道因法师碑_p0016_c021,之,001_道因法师碑,道因法师碑,16,十六,2,4,518,1208,138,138,508,1192,153,155,"[508, 1192, 153, 155]",496,1176,177,186,"[496, 1176, 177, 186]",9059,text_constrained_column_cell_pixel_assignment,assets/page_images/001_道因法师碑/p0016.jpg,1,http://data.library.sh.cn/bt/resource/work/v1e0qbx3r5wp1uw4,http://iiif.library.sh.cn/api/viewer/17A331,https://iiif.library.sh.cn/p/3/02c55611-7427-4cd0-a2cd-a15b5ccbaa9c,https://iiif.library.sh.cn/c/3/beeced26-595d-4f0f-81d1-d9fc8584478b,1444,2221,https://iiif.library.sh.cn/c/3/beeced26-595d-4f0f-81d1-d9fc8584478b/ap/s,https://iiif.library.sh.cn/c/3/beeced26-595d-4f0f-81d1-d9fc8584478b/ap/c/a/2d053190-c033-42c7-bdaa-7f0591fbd8f8,21,21,supplementing,"[518, 1208, 138, 138]","[518, 1208, 656, 1346]","https://iiif.library.sh.cn/c/3/beeced26-595d-4f0f-81d1-d9fc8584478b#xywh=518,1208,138,138",李俨撰文，欧阳通楷书,欧阳通（楷书）；李儇（撰文）,唐,龙朔三年十月十日刻立（663）,663,楷书,17A331,《翰墨瑰宝：上海图书馆藏珍本碑帖丛刊》第二辑,iiif_annotation_target_xywh,iiif_xywh
001_道因法师碑_p0016_c022,风,001_道因法师碑,道因法师碑,16,十六,2,5,518,1360,138,138,508,1359,153,164,"[508, 1359, 153, 164]",496,1343,177,196,"[496, 1343, 177, 196]",10995,text_constrained_column_cell_pixel_assignment,assets/page_images/001_道因法师碑/p0016.jpg,1,http://data.library.sh.cn/bt/resource/work/v1e0qbx3r5wp1uw4,http://iiif.library.sh.cn/api/viewer/17A331,https://iiif.library.sh.cn/p/3/02c55611-7427-4cd0-a2cd-a15b5ccbaa9c,https://iiif.library.sh.cn/c/3/beeced26-595d-4f0f-81d1-d9fc8584478b,1444,2221,https://iiif.library.sh.cn/c/3/beeced26-595d-4f0f-81d1-d9fc8584478b/ap/s,https://iiif.library.sh.cn/c/3/beeced26-595d-4f0f-81d1-d9fc8584478b/ap/c/a/1b888161-0f12-4441-b2d4-fc5c7f6311c6,22,22,supplementing,"[518, 1360, 138, 138]","[518, 1360, 656, 1498]","https://iiif.library.sh.cn/c/3/beeced26-595d-4f0f-81d1-d9fc8584478b#xywh=518,1360,138,138",李俨撰文，欧阳通楷书,欧阳通（楷书）；李儇（撰文）,唐,龙朔三年十月十日刻立（663）,663,楷书,17A331,《翰墨瑰宝：上海图书馆藏珍本碑帖丛刊》第二辑,iiif_annotation_target_xywh,iiif_xywh
001_道因法师碑_p0016_c023,率,001_道因法师碑,道因法师碑,16,十六,2,6,518,1560,138,138,508,1536,153,174,"[508, 1536, 153, 174]",496,1519,177,208,"[496, 1519, 177, 208]",9285,text_constrained_column_cell_pixel_assignment,assets/page_images/001_道因法师碑/p0016.jpg,1,http://data.library.sh.cn/bt/resource/work/v1e0qbx3r5wp1uw4,http://iiif.library.sh.cn/api/viewer/17A331,https://iiif.library.sh.cn/p/3/02c55611-7427-4cd0-a2cd-a15b5ccbaa9c,https://iiif.library.sh.cn/c/3/beeced26-595d-4f0f-81d1-d9fc8584478b,1444,2221,https://iiif.library.sh.cn/c/3/beeced26-595d-4f0f-81d1-d9fc8584478b/ap/s,https://iiif.library.sh.cn/c/3/beeced26-595d-4f0f-81d1-d9fc8584478b/ap/c/a/6471400d-f342-4774-a230-005466a55d48,23,23,supplementing,"[518, 1560, 138, 138]","[518, 1560, 656, 1698]","https://iiif.library.sh.cn/c/3/beeced26-595d-4f0f-81d1-d9fc8584478b#xywh=518,1560,138,138",李俨撰文，欧阳通楷书,欧阳通（楷书）；李儇（撰文）,唐,龙朔三年十月十日刻立（663）,663,楷书,17A331,《翰墨瑰宝：上海图书馆藏珍本碑帖丛刊》第二辑,iiif_annotation_target_xywh,iiif_xywh
001_道因法师碑_p0016_c024,志,001_道因法师碑,道因法师碑,16,十六,2,7,518,1735,138,138,508,1723,153,162,"[508, 1723, 153, 162]",496,1707,177,194,"[496, 1707, 177, 194]",10011,text_constrained_column_cell_pixel_assignment,assets/page_images/001_道因法师碑/p0016.jpg,1,http://data.library.sh.cn/bt/resource/work/v1e0qbx3r5wp1uw4,http://iiif.library.sh.cn/api/viewer/17A331,https://iiif.library.sh.cn/p/3/02c55611-7427-4cd0-a2cd-a15b5ccbaa9c,https://iiif.library.sh.cn/c/3/beeced26-595d-4f0f-81d1-d9fc8584478b,1444,2221,https://iiif.library.sh.cn/c/3/beeced26-595d-4f0f-81d1-d9fc8584478b/ap/s,https://iiif.library.sh.cn/c/3/beeced26-595d-4f0f-81d1-d9fc8584478b/ap/c/a/da9a10cf-10c4-44af-8495-734cb1b88432,24,24,supplementing,"[518, 1735, 138, 138]","[518, 1735, 656, 1873]","https://iiif.library.sh.cn/c/3/beeced26-595d-4f0f-81d1-d9fc8584478b#xywh=518,1735,138,138",李俨撰文，欧阳通楷书,欧阳通（楷书）；李儇（撰文）,唐,龙朔三年十月十日刻立（663）,663,楷书,17A331,《翰墨瑰宝：上海图书馆藏珍本碑帖丛刊》第二辑,iiif_annotation_target_xywh,iiif_xywh
001_道因法师碑_p0016_c025,斯,001_道因法师碑,道因法师碑,16,十六,3,0,337,525,166,166,344,535,152,146,"[344, 535, 152, 146]",332,520,176,176,"[332, 520, 176, 176]",11684,text_constrained_column_cell_pixel_assignment,assets/page_images/001_道因法师碑/p0016.jpg,1,http://data.library.sh.cn/bt/resource/work/v1e0qbx3r5wp1uw4,http://iiif.library.sh.cn/api/viewer/17A331,https://iiif.library.sh.cn/p/3/02c55611-7427-4cd0-a2cd-a15b5ccbaa9c,https://iiif.library.sh.cn/c/3/beeced26-595d-4f0f-81d1-d9fc8584478b,1444,2221,https://iiif.library.sh.cn/c/3/beeced26-595d-4f0f-81d1-d9fc8584478b/ap/s,https://iiif.library.sh.cn/c/3/beeced26-595d-4f0f-81d1-d9fc8584478b/ap/c/a/4f4287f8-13da-4d4f-a4e8-005587d3f3d5,25,25,supplementing,"[337, 525, 166, 166]","[337, 525, 503, 691]","https://iiif.library.sh.cn/c/3/beeced26-595d-4f0f-81d1-d9fc8584478b#xywh=337,525,166,166",李俨撰文，欧阳通楷书,欧阳通（楷书）；李儇（撰文）,唐,龙朔三年十月十日刻立（663）,663,楷书,17A331,《翰墨瑰宝：上海图书馆藏珍本碑帖丛刊》第二辑,iiif_annotation_target_xywh,iiif_xywh
001_道因法师碑_p0016_c026,在,001_道因法师碑,道因法师碑,16,十六,3,1,337,681,166,166,344,692,152,152,"[344, 692, 152, 152]",332,677,176,182,"[332, 677, 176, 182]",11047,text_constrained_column_cell_pixel_assignment,assets/page_images/001_道因法师碑/p0016.jpg,1,http://data.library.sh.cn/bt/resource/work/v1e0qbx3r5wp1uw4,http://iiif.library.sh.cn/api/viewer/17A331,https://iiif.library.sh.cn/p/3/02c55611-7427-4cd0-a2cd-a15b5ccbaa9c,https://iiif.library.sh.cn/c/3/beeced26-595d-4f0f-81d1-d9fc8584478b,1444,2221,https://iiif.library.sh.cn/c/3/beeced26-595d-4f0f-81d1-d9fc8584478b/ap/s,https://iiif.library.sh.cn/c/3/beeced26-595d-4f0f-81d1-d9fc8584478b/ap/c/a/69bce521-da40-4250-9df6-c78d9af9955d,26,26,supplementing,"[337, 681, 166, 166]","[337, 681, 503, 847]","https://iiif.library.sh.cn/c/3/beeced26-595d-4f0f-81d1-d9fc8584478b#xywh=337,681,166,166",李俨撰文，欧阳通楷书,欧阳通（楷书）；李儇（撰文）,唐,龙朔三年十月十日刻立（663）,663,楷书,17A331,《翰墨瑰宝：上海图书馆藏珍本碑帖丛刊》第二辑,iiif_annotation_target_xywh,iiif_xywh
001_道因法师碑_p0016_c027,因,001_道因法师碑,道因法师碑,16,十六,3,2,337,852,166,166,344,856,152,160,"[344, 856, 152, 160]",332,840,176,192,"[332, 840, 176, 192]",11819,text_constrained_column_cell_pixel_assignment,assets/page_images/001_道因法师碑/p0016.jpg,1,http://data.library.sh.cn/bt/resource/work/v1e0qbx3r5wp1uw4,http://iiif.library.sh.cn/api/viewer/17A331,https://iiif.library.sh.cn/p/3/02c55611-7427-4cd0-a2cd-a15b5ccbaa9c,https://iiif.library.sh.cn/c/3/beeced26-595d-4f0f-81d1-d9fc8584478b,1444,2221,https://iiif.library.sh.cn/c/3/beeced26-595d-4f0f-81d1-d9fc8584478b/ap/s,https://iiif.library.sh.cn/c/3/beeced26-595d-4f0f-81d1-d9fc8584478b/ap/c/a/eb159f06-fd92-4266-bc3a-704d563b08e1,27,27,supplementing,"[337, 852, 166, 166]","[337, 852, 503, 1018]","https://iiif.library.sh.cn/c/3/beeced26-595d-4f0f-81d1-d9fc8584478b#xywh=337,852,166,166",李俨撰文，欧阳通楷书,欧阳通（楷书）；李儇（撰文）,唐,龙朔三年十月十日刻立（663）,663,楷书,17A331,《翰墨瑰宝：上海图书馆藏珍本碑帖丛刊》第二辑,iiif_annotation_target_xywh,iiif_xywh
001_道因法师碑_p0016_c028,心,001_道因法师碑,道因法师碑,16,十六,3,3,337,1027,166,166,344,1029,152,163,"[344, 1029, 152, 163]",332,1013,176,195,"[332, 1013, 176, 195]",10813,text_constrained_column_cell_pixel_assignment,assets/page_images/001_道因法师碑/p0016.jpg,1,http://data.library.sh.cn/bt/resource/work/v1e0qbx3r5wp1uw4,http://iiif.library.sh.cn/api/viewer/17A331,https://iiif.library.sh.cn/p/3/02c55611-7427-4cd0-a2cd-a15b5ccbaa9c,https://iiif.library.sh.cn/c/3/beeced26-595d-4f0f-81d1-d9fc8584478b,1444,2221,https://iiif.library.sh.cn/c/3/beeced26-595d-4f0f-81d1-d9fc8584478b/ap/s,https://iiif.library.sh.cn/c/3/beeced26-595d-4f0f-81d1-d9fc8584478b/ap/c/a/67354100-ad0a-41e6-9567-1226e495505f,28,28,supplementing,"[337, 1027, 166, 166]","[337, 1027, 503, 1193]","https://iiif.library.sh.cn/c/3/beeced26-595d-4f0f-81d1-d9fc8584478b#xywh=337,1027,166,166",李俨撰文，欧阳通楷书,欧阳通（楷书）；李儇（撰文）,唐,龙朔三年十月十日刻立（663）,663,楷书,17A331,《翰墨瑰宝：上海图书馆藏珍本碑帖丛刊》第二辑,iiif_annotation_target_xywh,iiif_xywh
001_道因法师碑_p0016_c029,以,001_道因法师碑,道因法师碑,16,十六,3,4,337,1204,166,166,344,1204,152,151,"[344, 1204, 152, 151]",332,1189,176,181,"[332, 1189, 176, 181]",10242,text_constrained_column_cell_pixel_assignment,assets/page_images/001_道因法师碑/p0016.jpg,1,http://data.library.sh.cn/bt/resource/work/v1e0qbx3r5wp1uw4,http://iiif.library.sh.cn/api/viewer/17A331,https://iiif.library.sh.cn/p/3/02c55611-7427-4cd0-a2cd-a15b5ccbaa9c,https://iiif.library.sh.cn/c/3/beeced26-595d-4f0f-81d1-d9fc8584478b,1444,2221,https://iiif.library.sh.cn/c/3/beeced26-595d-4f0f-81d1-d9fc8584478b/ap/s,https://iiif.library.sh.cn/c/3/beeced26-595d-4f0f-81d1-d9fc8584478b/ap/c/a/ad934ba3-a182-4054-baf5-6af8046bc124,29,29,supplementing,"[337, 1204, 166, 166]","[337, 1204, 503, 1370]","https://iiif.library.sh.cn/c/3/beeced26-595d-4f0f-81d1-d9fc8584478b#xywh=337,1204,166,166",李俨撰文，欧阳通楷书,欧阳通（楷书）；李儇（撰文）,唐,龙朔三年十月十日刻立（663）,663,楷书,17A331,《翰墨瑰宝：上海图书馆藏珍本碑帖丛刊》第二辑,iiif_annotation_target_xywh,iiif_xywh
001_道因法师碑_p0016_c030,极,001_道因法师碑,道因法师碑,16,十六,3,5,337,1352,166,166,344,1367,152,166,"[344, 1367, 152, 166]",332,1350,176,200,"[332, 1350, 176, 200]",11363,text_constrained_column_cell_pixel_assignment,assets/page_images/001_道因法师碑/p0016.jpg,1,http://data.library.sh.cn/bt/resource/work/v1e0qbx3r5wp1uw4,http://iiif.library.sh.cn/api/viewer/17A331,https://iiif.library.sh.cn/p/3/02c55611-7427-4cd0-a2cd-a15b5ccbaa9c,https://iiif.library.sh.cn/c/3/beeced26-595d-4f0f-81d1-d9fc8584478b,1444,2221,https://iiif.library.sh.cn/c/3/beeced26-595d-4f0f-81d1-d9fc8584478b/ap/s,https://iiif.library.sh.cn/c/3/beeced26-595d-4f0f-81d1-d9fc8584478b/ap/c/a/69e78e44-0ea2-42e5-8563-a93ee56a1fec,30,30,supplementing,"[337, 1352, 166, 166]","[337, 1352, 503, 1518]","https://iiif.library.sh.cn/c/3/beeced26-595d-4f0f-81d1-d9fc8584478b#xywh=337,1352,166,166",李俨撰文，欧阳通楷书,欧阳通（楷书）；李儇（撰文）,唐,龙朔三年十月十日刻立（663）,663,楷书,17A331,《翰墨瑰宝：上海图书馆藏珍本碑帖丛刊》第二辑,iiif_annotation_target_xywh,iiif_xywh
001_道因法师碑_p0016_c031,年,001_道因法师碑,道因法师碑,16,十六,3,6,337,1572,144,144,344,1547,152,186,"[344, 1547, 152, 186]",332,1528,176,224,"[332, 1528, 176, 224]",9494,text_constrained_column_cell_pixel_assignment,assets/page_images/001_道因法师碑/p0016.jpg,1,http://data.library.sh.cn/bt/resource/work/v1e0qbx3r5wp1uw4,http://iiif.library.sh.cn/api/viewer/17A331,https://iiif.library.sh.cn/p/3/02c55611-7427-4cd0-a2cd-a15b5ccbaa9c,https://iiif.library.sh.cn/c/3/beeced26-595d-4f0f-81d1-d9fc8584478b,1444,2221,https://iiif.library.sh.cn/c/3/beeced26-595d-4f0f-81d1-d9fc8584478b/ap/s,https://iiif.library.sh.cn/c/3/beeced26-595d-4f0f-81d1-d9fc8584478b/ap/c/a/da4ac1d8-c2b1-40c1-bfe0-1a9b0c467319,31,31,supplementing,"[337, 1572, 144, 144]","[337, 1572, 481, 1716]","https://iiif.library.sh.cn/c/3/beeced26-595d-4f0f-81d1-d9fc8584478b#xywh=337,1572,144,144",李俨撰文，欧阳通楷书,欧阳通（楷书）；李儇（撰文）,唐,龙朔三年十月十日刻立（663）,663,楷书,17A331,《翰墨瑰宝：上海图书馆藏珍本碑帖丛刊》第二辑,iiif_annotation_target_xywh,iiif_xywh
001_道因法师碑_p0016_c032,甫,001_道因法师碑,道因法师碑,16,十六,3,7,337,1765,144,144,344,1747,152,180,"[344, 1747, 152, 180]",332,1729,176,216,"[332, 1729, 176, 216]",14858,text_constrained_column_cell_pixel_assignment,assets/page_images/001_道因法师碑/p0016.jpg,1,http://data.library.sh.cn/bt/resource/work/v1e0qbx3r5wp1uw4,http://iiif.library.sh.cn/api/viewer/17A331,https://iiif.library.sh.cn/p/3/02c55611-7427-4cd0-a2cd-a15b5ccbaa9c,https://iiif.library.sh.cn/c/3/beeced26-595d-4f0f-81d1-d9fc8584478b,1444,2221,https://iiif.library.sh.cn/c/3/beeced26-595d-4f0f-81d1-d9fc8584478b/ap/s,https://iiif.library.sh.cn/c/3/beeced26-595d-4f0f-81d1-d9fc8584478b/ap/c/a/61613696-2b43-4cda-bad5-8d0e0a22d305,32,32,supplementing,"[337, 1765, 144, 144]","[337, 1765, 481, 1909]","https://iiif.library.sh.cn/c/3/beeced26-595d-4f0f-81d1-d9fc8584478b#xywh=337,1765,144,144",李俨撰文，欧阳通楷书,欧阳通（楷书）；李儇（撰文）,唐,龙朔三年十月十日刻立（663）,663,楷书,17A331,《翰墨瑰宝：上海图书馆藏珍本碑帖丛刊》第二辑,iiif_annotation_target_xywh,iiif_xywh
001_道因法师碑_p0016_c033,七,001_道因法师碑,道因法师碑,16,十六,4,0,192,517,135,135,186,523,147,123,"[186, 523, 147, 123]",174,511,171,147,"[174, 511, 171, 147]",13551,text_constrained_column_cell_pixel_assignment,assets/page_images/001_道因法师碑/p0016.jpg,1,http://data.library.sh.cn/bt/resource/work/v1e0qbx3r5wp1uw4,http://iiif.library.sh.cn/api/viewer/17A331,https://iiif.library.sh.cn/p/3/02c55611-7427-4cd0-a2cd-a15b5ccbaa9c,https://iiif.library.sh.cn/c/3/beeced26-595d-4f0f-81d1-d9fc8584478b,1444,2221,https://iiif.library.sh.cn/c/3/beeced26-595d-4f0f-81d1-d9fc8584478b/ap/s,https://iiif.library.sh.cn/c/3/beeced26-595d-4f0f-81d1-d9fc8584478b/ap/c/a/2917002c-2036-407e-892f-a6c84f67c3b4,33,33,supplementing,"[192, 517, 135, 135]","[192, 517, 327, 652]","https://iiif.library.sh.cn/c/3/beeced26-595d-4f0f-81d1-d9fc8584478b#xywh=192,517,135,135",李俨撰文，欧阳通楷书,欧阳通（楷书）；李儇（撰文）,唐,龙朔三年十月十日刻立（663）,663,楷书,17A331,《翰墨瑰宝：上海图书馆藏珍本碑帖丛刊》第二辑,iiif_annotation_target_xywh,iiif_xywh
001_道因法师碑_p0016_c034,岁,001_道因法师碑,道因法师碑,16,十六,4,1,192,650,135,135,186,657,147,165,"[186, 657, 147, 165]",174,640,171,198,"[174, 640, 171, 198]",12108,text_constrained_column_cell_pixel_assignment,assets/page_images/001_道因法师碑/p0016.jpg,1,http://data.library.sh.cn/bt/resource/work/v1e0qbx3r5wp1uw4,http://iiif.library.sh.cn/api/viewer/17A331,https://iiif.library.sh.cn/p/3/02c55611-7427-4cd0-a2cd-a15b5ccbaa9c,https://iiif.library.sh.cn/c/3/beeced26-595d-4f0f-81d1-d9fc8584478b,1444,2221,https://iiif.library.sh.cn/c/3/beeced26-595d-4f0f-81d1-d9fc8584478b/ap/s,https://iiif.library.sh.cn/c/3/beeced26-595d-4f0f-81d1-d9fc8584478b/ap/c/a/134c4215-2a94-4226-aa32-411e1545e9be,34,34,supplementing,"[192, 650, 135, 135]","[192, 650, 327, 785]","https://iiif.library.sh.cn/c/3/beeced26-595d-4f0f-81d1-d9fc8584478b#xywh=192,650,135,135",李俨撰文，欧阳通楷书,欧阳通（楷书）；李儇（撰文）,唐,龙朔三年十月十日刻立（663）,663,楷书,17A331,《翰墨瑰宝：上海图书馆藏珍本碑帖丛刊》第二辑,iiif_annotation_target_xywh,iiif_xywh
001_道因法师碑_p0016_c035,丁,001_道因法师碑,道因法师碑,16,十六,4,2,192,872,135,135,186,835,147,184,"[186, 835, 147, 184]",174,817,171,220,"[174, 817, 171, 220]",12852,text_constrained_column_cell_pixel_assignment,assets/page_images/001_道因法师碑/p0016.jpg,1,http://data.library.sh.cn/bt/resource/work/v1e0qbx3r5wp1uw4,http://iiif.library.sh.cn/api/viewer/17A331,https://iiif.library.sh.cn/p/3/02c55611-7427-4cd0-a2cd-a15b5ccbaa9c,https://iiif.library.sh.cn/c/3/beeced26-595d-4f0f-81d1-d9fc8584478b,1444,2221,https://iiif.library.sh.cn/c/3/beeced26-595d-4f0f-81d1-d9fc8584478b/ap/s,https://iiif.library.sh.cn/c/3/beeced26-595d-4f0f-81d1-d9fc8584478b/ap/c/a/8ba8cbab-bc2b-41da-bf59-07ac93d49730,35,35,supplementing,"[192, 872, 135, 135]","[192, 872, 327, 1007]","https://iiif.library.sh.cn/c/3/beeced26-595d-4f0f-81d1-d9fc8584478b#xywh=192,872,135,135",李俨撰文，欧阳通楷书,欧阳通（楷书）；李儇（撰文）,唐,龙朔三年十月十日刻立（663）,663,楷书,17A331,《翰墨瑰宝：上海图书馆藏珍本碑帖丛刊》第二辑,iiif_annotation_target_xywh,iiif_xywh
001_道因法师碑_p0016_c036,于,001_道因法师碑,道因法师碑,16,十六,4,3,192,1045,135,135,186,1032,147,163,"[186, 1032, 147, 163]",174,1016,171,195,"[174, 1016, 171, 195]",14594,text_constrained_column_cell_pixel_assignment,assets/page_images/001_道因法师碑/p0016.jpg,1,http://data.library.sh.cn/bt/resource/work/v1e0qbx3r5wp1uw4,http://iiif.library.sh.cn/api/viewer/17A331,https://iiif.library.sh.cn/p/3/02c55611-7427-4cd0-a2cd-a15b5ccbaa9c,https://iiif.library.sh.cn/c/3/beeced26-595d-4f0f-81d1-d9fc8584478b,1444,2221,https://iiif.library.sh.cn/c/3/beeced26-595d-4f0f-81d1-d9fc8584478b/ap/s,https://iiif.library.sh.cn/c/3/beeced26-595d-4f0f-81d1-d9fc8584478b/ap/c/a/d6ac8aa3-68ec-4ed9-9df1-42428b346947,36,36,supplementing,"[192, 1045, 135, 135]","[192, 1045, 327, 1180]","https://iiif.library.sh.cn/c/3/beeced26-595d-4f0f-81d1-d9fc8584478b#xywh=192,1045,135,135",李俨撰文，欧阳通楷书,欧阳通（楷书）；李儇（撰文）,唐,龙朔三年十月十日刻立（663）,663,楷书,17A331,《翰墨瑰宝：上海图书馆藏珍本碑帖丛刊》第二辑,iiif_annotation_target_xywh,iiif_xywh
001_道因法师碑_p0016_c037,内,001_道因法师碑,道因法师碑,16,十六,4,4,192,1222,135,135,186,1207,147,158,"[186, 1207, 147, 158]",174,1191,171,190,"[174, 1191, 171, 190]",9278,text_constrained_column_cell_pixel_assignment,assets/page_images/001_道因法师碑/p0016.jpg,1,http://data.library.sh.cn/bt/resource/work/v1e0qbx3r5wp1uw4,http://iiif.library.sh.cn/api/viewer/17A331,https://iiif.library.sh.cn/p/3/02c55611-7427-4cd0-a2cd-a15b5ccbaa9c,https://iiif.library.sh.cn/c/3/beeced26-595d-4f0f-81d1-d9fc8584478b,1444,2221,https://iiif.library.sh.cn/c/3/beeced26-595d-4f0f-81d1-d9fc8584478b/ap/s,https://iiif.library.sh.cn/c/3/beeced26-595d-4f0f-81d1-d9fc8584478b/ap/c/a/2339658b-4a14-4624-b305-cd20ece2e722,37,37,supplementing,"[192, 1222, 135, 135]","[192, 1222, 327, 1357]","https://iiif.library.sh.cn/c/3/beeced26-595d-4f0f-81d1-d9fc8584478b#xywh=192,1222,135,135",李俨撰文，欧阳通楷书,欧阳通（楷书）；李儇（撰文）,唐,龙朔三年十月十日刻立（663）,663,楷书,17A331,《翰墨瑰宝：上海图书馆藏珍本碑帖丛刊》第二辑,iiif_annotation_target_xywh,iiif_xywh
001_道因法师碑_p0016_c038,艰,001_道因法师碑,道因法师碑,16,十六,4,5,192,1385,135,135,186,1378,147,172,"[186, 1378, 147, 172]",174,1361,171,206,"[174, 1361, 171, 206]",10956,text_constrained_column_cell_pixel_assignment,assets/page_images/001_道因法师碑/p0016.jpg,1,http://data.library.sh.cn/bt/resource/work/v1e0qbx3r5wp1uw4,http://iiif.library.sh.cn/api/viewer/17A331,https://iiif.library.sh.cn/p/3/02c55611-7427-4cd0-a2cd-a15b5ccbaa9c,https://iiif.library.sh.cn/c/3/beeced26-595d-4f0f-81d1-d9fc8584478b,1444,2221,https://iiif.library.sh.cn/c/3/beeced26-595d-4f0f-81d1-d9fc8584478b/ap/s,https://iiif.library.sh.cn/c/3/beeced26-595d-4f0f-81d1-d9fc8584478b/ap/c/a/d340b8df-35b1-4f37-bcf3-e2a527a6b559,38,38,supplementing,"[192, 1385, 135, 135]","[192, 1385, 327, 1520]","https://iiif.library.sh.cn/c/3/beeced26-595d-4f0f-81d1-d9fc8584478b#xywh=192,1385,135,135",李俨撰文，欧阳通楷书,欧阳通（楷书）；李儇（撰文）,唐,龙朔三年十月十日刻立（663）,663,楷书,17A331,《翰墨瑰宝：上海图书馆藏珍本碑帖丛刊》第二辑,iiif_annotation_target_xywh,iiif_xywh
001_道因法师碑_p0016_c039,嗌,001_道因法师碑,道因法师碑,16,十六,4,6,192,1594,135,135,186,1564,147,186,"[186, 1564, 147, 186]",174,1545,171,224,"[174, 1545, 171, 224]",8265,text_constrained_column_cell_pixel_assignment,assets/page_images/001_道因法师碑/p0016.jpg,1,http://data.library.sh.cn/bt/resource/work/v1e0qbx3r5wp1uw4,http://iiif.library.sh.cn/api/viewer/17A331,https://iiif.library.sh.cn/p/3/02c55611-7427-4cd0-a2cd-a15b5ccbaa9c,https://iiif.library.sh.cn/c/3/beeced26-595d-4f0f-81d1-d9fc8584478b,1444,2221,https://iiif.library.sh.cn/c/3/beeced26-595d-4f0f-81d1-d9fc8584478b/ap/s,https://iiif.library.sh.cn/c/3/beeced26-595d-4f0f-81d1-d9fc8584478b/ap/c/a/7e8502ac-3ab1-45dd-b8e9-0aced95599b3,39,39,supplementing,"[192, 1594, 135, 135]","[192, 1594, 327, 1729]","https://iiif.library.sh.cn/c/3/beeced26-595d-4f0f-81d1-d9fc8584478b#xywh=192,1594,135,135",李俨撰文，欧阳通楷书,欧阳通（楷书）；李儇（撰文）,唐,龙朔三年十月十日刻立（663）,663,楷书,17A331,《翰墨瑰宝：上海图书馆藏珍本碑帖丛刊》第二辑,iiif_annotation_target_xywh,iiif_xywh
001_道因法师碑_p0016_c040,粒,001_道因法师碑,道因法师碑,16,十六,4,7,192,1784,135,135,186,1763,147,177,"[186, 1763, 147, 177]",174,1746,171,212,"[174, 1746, 171, 212]",14129,text_constrained_column_cell_pixel_assignment,assets/page_images/001_道因法师碑/p0016.jpg,1,http://data.library.sh.cn/bt/resource/work/v1e0qbx3r5wp1uw4,http://iiif.library.sh.cn/api/viewer/17A331,https://iiif.library.sh.cn/p/3/02c55611-7427-4cd0-a2cd-a15b5ccbaa9c,https://iiif.library.sh.cn/c/3/beeced26-595d-4f0f-81d1-d9fc8584478b,1444,2221,https://iiif.library.sh.cn/c/3/beeced26-595d-4f0f-81d1-d9fc8584478b/ap/s,https://iiif.library.sh.cn/c/3/beeced26-595d-4f0f-81d1-d9fc8584478b/ap/c/a/0cbf0d2c-44b6-488f-9443-60e995516c7f,40,40,supplementing,"[192, 1784, 135, 135]","[192, 1784, 327, 1919]","https://iiif.library.sh.cn/c/3/beeced26-595d-4f0f-81d1-d9fc8584478b#xywh=192,1784,135,135",李俨撰文，欧阳通楷书,欧阳通（楷书）；李儇（撰文）,唐,龙朔三年十月十日刻立（663）,663,楷书,17A331,《翰墨瑰宝：上海图书馆藏珍本碑帖丛刊》第二辑,iiif_annotation_target_xywh,iiif_xywh
001_道因法师碑_p0017_c001,绝,001_道因法师碑,道因法师碑,17,十七,0,0,1122,521,132,132,1114,523,148,128,"[1114, 523, 148, 128]",1102,510,172,154,"[1102, 510, 172, 154]",7100,text_constrained_column_cell_pixel_assignment,assets/page_images/001_道因法师碑/p0017.jpg,1,http://data.library.sh.cn/bt/resource/work/v1e0qbx3r5wp1uw4,http://iiif.library.sh.cn/api/viewer/17A331,https://iiif.library.sh.cn/p/3/02c55611-7427-4cd0-a2cd-a15b5ccbaa9c,https://iiif.library.sh.cn/c/3/fa94379e-ae2c-4698-b8ac-2b2f34df920d,1444,2221,https://iiif.library.sh.cn/c/3/fa94379e-ae2c-4698-b8ac-2b2f34df920d/ap/s,https://iiif.library.sh.cn/c/3/fa94379e-ae2c-4698-b8ac-2b2f34df920d/ap/c/a/45147448-8bb9-4559-b665-52dd8eedae80,1,1,supplementing,"[1122, 521, 132, 132]","[1122, 521, 1254, 653]","https://iiif.library.sh.cn/c/3/fa94379e-ae2c-4698-b8ac-2b2f34df920d#xywh=1122,521,132,132",李俨撰文，欧阳通楷书,欧阳通（楷书）；李儇（撰文）,唐,龙朔三年十月十日刻立（663）,663,楷书,17A331,《翰墨瑰宝：上海图书馆藏珍本碑帖丛刊》第二辑,iiif_annotation_target_xywh,iiif_xywh
001_道因法师碑_p0017_c002,浆,001_道因法师碑,道因法师碑,17,十七,0,1,1122,658,132,132,1114,662,148,166,"[1114, 662, 148, 166]",1102,645,172,200,"[1102, 645, 172, 200]",10326,text_constrained_column_cell_pixel_assignment,assets/page_images/001_道因法师碑/p0017.jpg,1,http://data.library.sh.cn/bt/resource/work/v1e0qbx3r5wp1uw4,http://iiif.library.sh.cn/api/viewer/17A331,https://iiif.library.sh.cn/p/3/02c55611-7427-4cd0-a2cd-a15b5ccbaa9c,https://iiif.library.sh.cn/c/3/fa94379e-ae2c-4698-b8ac-2b2f34df920d,1444,2221,https://iiif.library.sh.cn/c/3/fa94379e-ae2c-4698-b8ac-2b2f34df920d/ap/s,https://iiif.library.sh.cn/c/3/fa94379e-ae2c-4698-b8ac-2b2f34df920d/ap/c/a/f436d2fe-313a-4650-8afd-3f6ad861dc24,2,2,supplementing,"[1122, 658, 132, 132]","[1122, 658, 1254, 790]","https://iiif.library.sh.cn/c/3/fa94379e-ae2c-4698-b8ac-2b2f34df920d#xywh=1122,658,132,132",李俨撰文，欧阳通楷书,欧阳通（楷书）；李儇（撰文）,唐,龙朔三年十月十日刻立（663）,663,楷书,17A331,《翰墨瑰宝：上海图书馆藏珍本碑帖丛刊》第二辑,iiif_annotation_target_xywh,iiif_xywh
001_道因法师碑_p0017_c003,殆,001_道因法师碑,道因法师碑,17,十七,0,2,1122,878,132,132,1114,841,148,190,"[1114, 841, 148, 190]",1102,822,172,228,"[1102, 822, 172, 228]",12468,text_constrained_column_cell_pixel_assignment,assets/page_images/001_道因法师碑/p0017.jpg,1,http://data.library.sh.cn/bt/resource/work/v1e0qbx3r5wp1uw4,http://iiif.library.sh.cn/api/viewer/17A331,https://iiif.library.sh.cn/p/3/02c55611-7427-4cd0-a2cd-a15b5ccbaa9c,https://iiif.library.sh.cn/c/3/fa94379e-ae2c-4698-b8ac-2b2f34df920d,1444,2221,https://iiif.library.sh.cn/c/3/fa94379e-ae2c-4698-b8ac-2b2f34df920d/ap/s,https://iiif.library.sh.cn/c/3/fa94379e-ae2c-4698-b8ac-2b2f34df920d/ap/c/a/1f35ff97-d1fc-42af-a3e1-a86e87a35142,3,3,supplementing,"[1122, 878, 132, 132]","[1122, 878, 1254, 1010]","https://iiif.library.sh.cn/c/3/fa94379e-ae2c-4698-b8ac-2b2f34df920d#xywh=1122,878,132,132",李俨撰文，欧阳通楷书,欧阳通（楷书）；李儇（撰文）,唐,龙朔三年十月十日刻立（663）,663,楷书,17A331,《翰墨瑰宝：上海图书馆藏珍本碑帖丛刊》第二辑,iiif_annotation_target_xywh,iiif_xywh
001_道因法师碑_p0017_c004,乎,001_道因法师碑,道因法师碑,17,十七,0,3,1122,1067,132,132,1114,1045,148,174,"[1114, 1045, 148, 174]",1102,1028,172,208,"[1102, 1028, 172, 208]",13364,text_constrained_column_cell_pixel_assignment,assets/page_images/001_道因法师碑/p0017.jpg,1,http://data.library.sh.cn/bt/resource/work/v1e0qbx3r5wp1uw4,http://iiif.library.sh.cn/api/viewer/17A331,https://iiif.library.sh.cn/p/3/02c55611-7427-4cd0-a2cd-a15b5ccbaa9c,https://iiif.library.sh.cn/c/3/fa94379e-ae2c-4698-b8ac-2b2f34df920d,1444,2221,https://iiif.library.sh.cn/c/3/fa94379e-ae2c-4698-b8ac-2b2f34df920d/ap/s,https://iiif.library.sh.cn/c/3/fa94379e-ae2c-4698-b8ac-2b2f34df920d/ap/c/a/cb396f07-a88d-46fa-988a-26f8f2f8740d,4,4,supplementing,"[1122, 1067, 132, 132]","[1122, 1067, 1254, 1199]","https://iiif.library.sh.cn/c/3/fa94379e-ae2c-4698-b8ac-2b2f34df920d#xywh=1122,1067,132,132",李俨撰文，欧阳通楷书,欧阳通（楷书）；李儇（撰文）,唐,龙朔三年十月十日刻立（663）,663,楷书,17A331,《翰墨瑰宝：上海图书馆藏珍本碑帖丛刊》第二辑,iiif_annotation_target_xywh,iiif_xywh
001_道因法师碑_p0017_c005,灭,001_道因法师碑,道因法师碑,17,十七,0,4,1122,1252,132,132,1114,1232,148,167,"[1114, 1232, 148, 167]",1102,1215,172,201,"[1102, 1215, 172, 201]",9986,text_constrained_column_cell_pixel_assignment,assets/page_images/001_道因法师碑/p0017.jpg,1,http://data.library.sh.cn/bt/resource/work/v1e0qbx3r5wp1uw4,http://iiif.library.sh.cn/api/viewer/17A331,https://iiif.library.sh.cn/p/3/02c55611-7427-4cd0-a2cd-a15b5ccbaa9c,https://iiif.library.sh.cn/c/3/fa94379e-ae2c-4698-b8ac-2b2f34df920d,1444,2221,https://iiif.library.sh.cn/c/3/fa94379e-ae2c-4698-b8ac-2b2f34df920d/ap/s,https://iiif.library.sh.cn/c/3/fa94379e-ae2c-4698-b8ac-2b2f34df920d/ap/c/a/8cae52f4-5406-4b0a-ad01-2a6f5046dce7,5,5,supplementing,"[1122, 1252, 132, 132]","[1122, 1252, 1254, 1384]","https://iiif.library.sh.cn/c/3/fa94379e-ae2c-4698-b8ac-2b2f34df920d#xywh=1122,1252,132,132",李俨撰文，欧阳通楷书,欧阳通（楷书）；李儇（撰文）,唐,龙朔三年十月十日刻立（663）,663,楷书,17A331,《翰墨瑰宝：上海图书馆藏珍本碑帖丛刊》第二辑,iiif_annotation_target_xywh,iiif_xywh
001_道因法师碑_p0017_c006,性,001_道因法师碑,道因法师碑,17,十七,0,5,1122,1427,132,132,1114,1411,148,136,"[1114, 1411, 148, 136]",1102,1397,172,164,"[1102, 1397, 172, 164]",8533,text_constrained_column_cell_pixel_assignment,assets/page_images/001_道因法师碑/p0017.jpg,1,http://data.library.sh.cn/bt/resource/work/v1e0qbx3r5wp1uw4,http://iiif.library.sh.cn/api/viewer/17A331,https://iiif.library.sh.cn/p/3/02c55611-7427-4cd0-a2cd-a15b5ccbaa9c,https://iiif.library.sh.cn/c/3/fa94379e-ae2c-4698-b8ac-2b2f34df920d,1444,2221,https://iiif.library.sh.cn/c/3/fa94379e-ae2c-4698-b8ac-2b2f34df920d/ap/s,https://iiif.library.sh.cn/c/3/fa94379e-ae2c-4698-b8ac-2b2f34df920d/ap/c/a/2496d499-7c88-4bb1-8861-30752c17baa8,6,6,supplementing,"[1122, 1427, 132, 132]","[1122, 1427, 1254, 1559]","https://iiif.library.sh.cn/c/3/fa94379e-ae2c-4698-b8ac-2b2f34df920d#xywh=1122,1427,132,132",李俨撰文，欧阳通楷书,欧阳通（楷书）；李儇（撰文）,唐,龙朔三年十月十日刻立（663）,663,楷书,17A331,《翰墨瑰宝：上海图书馆藏珍本碑帖丛刊》第二辑,iiif_annotation_target_xywh,iiif_xywh
001_道因法师碑_p0017_c007,成,001_道因法师碑,道因法师碑,17,十七,0,6,1122,1545,132,132,1114,1558,148,159,"[1114, 1558, 148, 159]",1102,1542,172,191,"[1102, 1542, 172, 191]",11638,text_constrained_column_cell_pixel_assignment,assets/page_images/001_道因法师碑/p0017.jpg,1,http://data.library.sh.cn/bt/resource/work/v1e0qbx3r5wp1uw4,http://iiif.library.sh.cn/api/viewer/17A331,https://iiif.library.sh.cn/p/3/02c55611-7427-4cd0-a2cd-a15b5ccbaa9c,https://iiif.library.sh.cn/c/3/fa94379e-ae2c-4698-b8ac-2b2f34df920d,1444,2221,https://iiif.library.sh.cn/c/3/fa94379e-ae2c-4698-b8ac-2b2f34df920d/ap/s,https://iiif.library.sh.cn/c/3/fa94379e-ae2c-4698-b8ac-2b2f34df920d/ap/c/a/d953db1b-c25f-404b-b69c-5703872bb26a,7,7,supplementing,"[1122, 1545, 132, 132]","[1122, 1545, 1254, 1677]","https://iiif.library.sh.cn/c/3/fa94379e-ae2c-4698-b8ac-2b2f34df920d#xywh=1122,1545,132,132",李俨撰文，欧阳通楷书,欧阳通（楷书）；李儇（撰文）,唐,龙朔三年十月十日刻立（663）,663,楷书,17A331,《翰墨瑰宝：上海图书馆藏珍本碑帖丛刊》第二辑,iiif_annotation_target_xywh,iiif_xywh
001_道因法师碑_p0017_c008,人,001_道因法师碑,道因法师碑,17,十七,0,7,1122,1769,132,132,1114,1731,148,208,"[1114, 1731, 148, 208]",1102,1711,172,249,"[1102, 1711, 172, 249]",19135,text_constrained_column_cell_pixel_assignment,assets/page_images/001_道因法师碑/p0017.jpg,1,http://data.library.sh.cn/bt/resource/work/v1e0qbx3r5wp1uw4,http://iiif.library.sh.cn/api/viewer/17A331,https://iiif.library.sh.cn/p/3/02c55611-7427-4cd0-a2cd-a15b5ccbaa9c,https://iiif.library.sh.cn/c/3/fa94379e-ae2c-4698-b8ac-2b2f34df920d,1444,2221,https://iiif.library.sh.cn/c/3/fa94379e-ae2c-4698-b8ac-2b2f34df920d/ap/s,https://iiif.library.sh.cn/c/3/fa94379e-ae2c-4698-b8ac-2b2f34df920d/ap/c/a/53065fa1-a4b3-4054-95e3-41e2a6b53dbd,8,8,supplementing,"[1122, 1769, 132, 132]","[1122, 1769, 1254, 1901]","https://iiif.library.sh.cn/c/3/fa94379e-ae2c-4698-b8ac-2b2f34df920d#xywh=1122,1769,132,132",李俨撰文，欧阳通楷书,欧阳通（楷书）；李儇（撰文）,唐,龙朔三年十月十日刻立（663）,663,楷书,17A331,《翰墨瑰宝：上海图书馆藏珍本碑帖丛刊》第二辑,iiif_annotation_target_xywh,iiif_xywh
001_道因法师碑_p0017_c009,之,001_道因法师碑,道因法师碑,17,十七,1,0,951,535,154,154,945,550,157,124,"[945, 550, 157, 124]",932,538,183,148,"[932, 538, 183, 148]",9688,text_constrained_column_cell_pixel_assignment,assets/page_images/001_道因法师碑/p0017.jpg,1,http://data.library.sh.cn/bt/resource/work/v1e0qbx3r5wp1uw4,http://iiif.library.sh.cn/api/viewer/17A331,https://iiif.library.sh.cn/p/3/02c55611-7427-4cd0-a2cd-a15b5ccbaa9c,https://iiif.library.sh.cn/c/3/fa94379e-ae2c-4698-b8ac-2b2f34df920d,1444,2221,https://iiif.library.sh.cn/c/3/fa94379e-ae2c-4698-b8ac-2b2f34df920d/ap/s,https://iiif.library.sh.cn/c/3/fa94379e-ae2c-4698-b8ac-2b2f34df920d/ap/c/a/d1c19172-b5ef-4bdd-8ddb-94e4c69fcfc5,9,9,supplementing,"[951, 535, 154, 154]","[951, 535, 1105, 689]","https://iiif.library.sh.cn/c/3/fa94379e-ae2c-4698-b8ac-2b2f34df920d#xywh=951,535,154,154",李俨撰文，欧阳通楷书,欧阳通（楷书）；李儇（撰文）,唐,龙朔三年十月十日刻立（663）,663,楷书,17A331,《翰墨瑰宝：上海图书馆藏珍本碑帖丛刊》第二辑,iiif_annotation_target_xywh,iiif_xywh
001_道因法师碑_p0017_c010,德,001_道因法师碑,道因法师碑,17,十七,1,1,951,669,154,154,945,685,157,149,"[945, 685, 157, 149]",932,670,183,179,"[932, 670, 183, 179]",8873,text_constrained_column_cell_pixel_assignment,assets/page_images/001_道因法师碑/p0017.jpg,1,http://data.library.sh.cn/bt/resource/work/v1e0qbx3r5wp1uw4,http://iiif.library.sh.cn/api/viewer/17A331,https://iiif.library.sh.cn/p/3/02c55611-7427-4cd0-a2cd-a15b5ccbaa9c,https://iiif.library.sh.cn/c/3/fa94379e-ae2c-4698-b8ac-2b2f34df920d,1444,2221,https://iiif.library.sh.cn/c/3/fa94379e-ae2c-4698-b8ac-2b2f34df920d/ap/s,https://iiif.library.sh.cn/c/3/fa94379e-ae2c-4698-b8ac-2b2f34df920d/ap/c/a/f42b9e1e-8764-46c5-94da-cef949cea0e0,10,10,supplementing,"[951, 669, 154, 154]","[951, 669, 1105, 823]","https://iiif.library.sh.cn/c/3/fa94379e-ae2c-4698-b8ac-2b2f34df920d#xywh=951,669,154,154",李俨撰文，欧阳通楷书,欧阳通（楷书）；李儇（撰文）,唐,龙朔三年十月十日刻立（663）,663,楷书,17A331,《翰墨瑰宝：上海图书馆藏珍本碑帖丛刊》第二辑,iiif_annotation_target_xywh,iiif_xywh
001_道因法师碑_p0017_c011,见,001_道因法师碑,道因法师碑,17,十七,1,2,951,856,154,154,945,845,157,154,"[945, 845, 157, 154]",932,830,183,184,"[932, 830, 183, 184]",9515,text_constrained_column_cell_pixel_assignment,assets/page_images/001_道因法师碑/p0017.jpg,1,http://data.library.sh.cn/bt/resource/work/v1e0qbx3r5wp1uw4,http://iiif.library.sh.cn/api/viewer/17A331,https://iiif.library.sh.cn/p/3/02c55611-7427-4cd0-a2cd-a15b5ccbaa9c,https://iiif.library.sh.cn/c/3/fa94379e-ae2c-4698-b8ac-2b2f34df920d,1444,2221,https://iiif.library.sh.cn/c/3/fa94379e-ae2c-4698-b8ac-2b2f34df920d/ap/s,https://iiif.library.sh.cn/c/3/fa94379e-ae2c-4698-b8ac-2b2f34df920d/ap/c/a/3d29dbf7-f9ca-4274-8e2c-8e17b82ac569,11,11,supplementing,"[951, 856, 154, 154]","[951, 856, 1105, 1010]","https://iiif.library.sh.cn/c/3/fa94379e-ae2c-4698-b8ac-2b2f34df920d#xywh=951,856,154,154",李俨撰文，欧阳通楷书,欧阳通（楷书）；李儇（撰文）,唐,龙朔三年十月十日刻立（663）,663,楷书,17A331,《翰墨瑰宝：上海图书馆藏珍本碑帖丛刊》第二辑,iiif_annotation_target_xywh,iiif_xywh
001_道因法师碑_p0017_c012,称,001_道因法师碑,道因法师碑,17,十七,1,3,951,1000,154,154,945,1011,157,163,"[945, 1011, 157, 163]",932,995,183,195,"[932, 995, 183, 195]",11347,text_constrained_column_cell_pixel_assignment,assets/page_images/001_道因法师碑/p0017.jpg,1,http://data.library.sh.cn/bt/resource/work/v1e0qbx3r5wp1uw4,http://iiif.library.sh.cn/api/viewer/17A331,https://iiif.library.sh.cn/p/3/02c55611-7427-4cd0-a2cd-a15b5ccbaa9c,https://iiif.library.sh.cn/c/3/fa94379e-ae2c-4698-b8ac-2b2f34df920d,1444,2221,https://iiif.library.sh.cn/c/3/fa94379e-ae2c-4698-b8ac-2b2f34df920d/ap/s,https://iiif.library.sh.cn/c/3/fa94379e-ae2c-4698-b8ac-2b2f34df920d/ap/c/a/50212ee0-738a-496b-923e-53c31007f200,12,12,supplementing,"[951, 1000, 154, 154]","[951, 1000, 1105, 1154]","https://iiif.library.sh.cn/c/3/fa94379e-ae2c-4698-b8ac-2b2f34df920d#xywh=951,1000,154,154",李俨撰文，欧阳通楷书,欧阳通（楷书）；李儇（撰文）,唐,龙朔三年十月十日刻立（663）,663,楷书,17A331,《翰墨瑰宝：上海图书馆藏珍本碑帖丛刊》第二辑,iiif_annotation_target_xywh,iiif_xywh
001_道因法师碑_p0017_c013,州,001_道因法师碑,道因法师碑,17,十七,1,4,951,1206,154,154,945,1186,157,165,"[945, 1186, 157, 165]",932,1170,183,198,"[932, 1170, 183, 198]",11099,text_constrained_column_cell_pixel_assignment,assets/page_images/001_道因法师碑/p0017.jpg,1,http://data.library.sh.cn/bt/resource/work/v1e0qbx3r5wp1uw4,http://iiif.library.sh.cn/api/viewer/17A331,https://iiif.library.sh.cn/p/3/02c55611-7427-4cd0-a2cd-a15b5ccbaa9c,https://iiif.library.sh.cn/c/3/fa94379e-ae2c-4698-b8ac-2b2f34df920d,1444,2221,https://iiif.library.sh.cn/c/3/fa94379e-ae2c-4698-b8ac-2b2f34df920d/ap/s,https://iiif.library.sh.cn/c/3/fa94379e-ae2c-4698-b8ac-2b2f34df920d/ap/c/a/8f159941-4c59-407e-ac83-2a17c79e96a7,13,13,supplementing,"[951, 1206, 154, 154]","[951, 1206, 1105, 1360]","https://iiif.library.sh.cn/c/3/fa94379e-ae2c-4698-b8ac-2b2f34df920d#xywh=951,1206,154,154",李俨撰文，欧阳通楷书,欧阳通（楷书）；李儇（撰文）,唐,龙朔三年十月十日刻立（663）,663,楷书,17A331,《翰墨瑰宝：上海图书馆藏珍本碑帖丛刊》第二辑,iiif_annotation_target_xywh,iiif_xywh
001_道因法师碑_p0017_c014,里,001_道因法师碑,道因法师碑,17,十七,1,5,951,1354,154,154,945,1363,157,156,"[945, 1363, 157, 156]",932,1347,183,188,"[932, 1347, 183, 188]",10069,text_constrained_column_cell_pixel_assignment,assets/page_images/001_道因法师碑/p0017.jpg,1,http://data.library.sh.cn/bt/resource/work/v1e0qbx3r5wp1uw4,http://iiif.library.sh.cn/api/viewer/17A331,https://iiif.library.sh.cn/p/3/02c55611-7427-4cd0-a2cd-a15b5ccbaa9c,https://iiif.library.sh.cn/c/3/fa94379e-ae2c-4698-b8ac-2b2f34df920d,1444,2221,https://iiif.library.sh.cn/c/3/fa94379e-ae2c-4698-b8ac-2b2f34df920d/ap/s,https://iiif.library.sh.cn/c/3/fa94379e-ae2c-4698-b8ac-2b2f34df920d/ap/c/a/c3253113-6157-4ca1-bc6d-cf8ccef544e7,14,14,supplementing,"[951, 1354, 154, 154]","[951, 1354, 1105, 1508]","https://iiif.library.sh.cn/c/3/fa94379e-ae2c-4698-b8ac-2b2f34df920d#xywh=951,1354,154,154",李俨撰文，欧阳通楷书,欧阳通（楷书）；李儇（撰文）,唐,龙朔三年十月十日刻立（663）,663,楷书,17A331,《翰墨瑰宝：上海图书馆藏珍本碑帖丛刊》第二辑,iiif_annotation_target_xywh,iiif_xywh
001_道因法师碑_p0017_c015,免,001_道因法师碑,道因法师碑,17,十七,1,6,951,1541,154,154,945,1531,157,176,"[945, 1531, 157, 176]",932,1513,183,212,"[932, 1513, 183, 212]",10682,text_constrained_column_cell_pixel_assignment,assets/page_images/001_道因法师碑/p0017.jpg,1,http://data.library.sh.cn/bt/resource/work/v1e0qbx3r5wp1uw4,http://iiif.library.sh.cn/api/viewer/17A331,https://iiif.library.sh.cn/p/3/02c55611-7427-4cd0-a2cd-a15b5ccbaa9c,https://iiif.library.sh.cn/c/3/fa94379e-ae2c-4698-b8ac-2b2f34df920d,1444,2221,https://iiif.library.sh.cn/c/3/fa94379e-ae2c-4698-b8ac-2b2f34df920d/ap/s,https://iiif.library.sh.cn/c/3/fa94379e-ae2c-4698-b8ac-2b2f34df920d/ap/c/a/4f043791-1d1c-45ed-95d4-566aaf28fc0d,15,15,supplementing,"[951, 1541, 154, 154]","[951, 1541, 1105, 1695]","https://iiif.library.sh.cn/c/3/fa94379e-ae2c-4698-b8ac-2b2f34df920d#xywh=951,1541,154,154",李俨撰文，欧阳通楷书,欧阳通（楷书）；李儇（撰文）,唐,龙朔三年十月十日刻立（663）,663,楷书,17A331,《翰墨瑰宝：上海图书馆藏珍本碑帖丛刊》第二辑,iiif_annotation_target_xywh,iiif_xywh
001_道因法师碑_p0017_c016,丧,001_道因法师碑,道因法师碑,17,十七,1,7,951,1732,154,154,945,1720,157,178,"[945, 1720, 157, 178]",932,1702,183,214,"[932, 1702, 183, 214]",13570,text_constrained_column_cell_pixel_assignment,assets/page_images/001_道因法师碑/p0017.jpg,1,http://data.library.sh.cn/bt/resource/work/v1e0qbx3r5wp1uw4,http://iiif.library.sh.cn/api/viewer/17A331,https://iiif.library.sh.cn/p/3/02c55611-7427-4cd0-a2cd-a15b5ccbaa9c,https://iiif.library.sh.cn/c/3/fa94379e-ae2c-4698-b8ac-2b2f34df920d,1444,2221,https://iiif.library.sh.cn/c/3/fa94379e-ae2c-4698-b8ac-2b2f34df920d/ap/s,https://iiif.library.sh.cn/c/3/fa94379e-ae2c-4698-b8ac-2b2f34df920d/ap/c/a/948447b6-df72-447a-8d6a-72a9d31e2982,16,16,supplementing,"[951, 1732, 154, 154]","[951, 1732, 1105, 1886]","https://iiif.library.sh.cn/c/3/fa94379e-ae2c-4698-b8ac-2b2f34df920d#xywh=951,1732,154,154",李俨撰文，欧阳通楷书,欧阳通（楷书）；李儇（撰文）,唐,龙朔三年十月十日刻立（663）,663,楷书,17A331,《翰墨瑰宝：上海图书馆藏珍本碑帖丛刊》第二辑,iiif_annotation_target_xywh,iiif_xywh
001_道因法师碑_p0017_c017,之,001_道因法师碑,道因法师碑,17,十七,2,0,768,539,166,166,770,565,163,114,"[770, 565, 163, 114]",757,554,189,136,"[757, 554, 189, 136]",9903,text_constrained_column_cell_pixel_assignment,assets/page_images/001_道因法师碑/p0017.jpg,1,http://data.library.sh.cn/bt/resource/work/v1e0qbx3r5wp1uw4,http://iiif.library.sh.cn/api/viewer/17A331,https://iiif.library.sh.cn/p/3/02c55611-7427-4cd0-a2cd-a15b5ccbaa9c,https://iiif.library.sh.cn/c/3/fa94379e-ae2c-4698-b8ac-2b2f34df920d,1444,2221,https://iiif.library.sh.cn/c/3/fa94379e-ae2c-4698-b8ac-2b2f34df920d/ap/s,https://iiif.library.sh.cn/c/3/fa94379e-ae2c-4698-b8ac-2b2f34df920d/ap/c/a/db1a8245-55a4-414b-9417-ebc646ea87e3,17,17,supplementing,"[768, 539, 166, 166]","[768, 539, 934, 705]","https://iiif.library.sh.cn/c/3/fa94379e-ae2c-4698-b8ac-2b2f34df920d#xywh=768,539,166,166",李俨撰文，欧阳通楷书,欧阳通（楷书）；李儇（撰文）,唐,龙朔三年十月十日刻立（663）,663,楷书,17A331,《翰墨瑰宝：上海图书馆藏珍本碑帖丛刊》第二辑,iiif_annotation_target_xywh,iiif_xywh
001_道因法师碑_p0017_c018,后,001_道因法师碑,道因法师碑,17,十七,2,1,768,661,166,166,770,688,163,139,"[770, 688, 163, 139]",757,674,189,167,"[757, 674, 189, 167]",8830,text_constrained_column_cell_pixel_assignment,assets/page_images/001_道因法师碑/p0017.jpg,1,http://data.library.sh.cn/bt/resource/work/v1e0qbx3r5wp1uw4,http://iiif.library.sh.cn/api/viewer/17A331,https://iiif.library.sh.cn/p/3/02c55611-7427-4cd0-a2cd-a15b5ccbaa9c,https://iiif.library.sh.cn/c/3/fa94379e-ae2c-4698-b8ac-2b2f34df920d,1444,2221,https://iiif.library.sh.cn/c/3/fa94379e-ae2c-4698-b8ac-2b2f34df920d/ap/s,https://iiif.library.sh.cn/c/3/fa94379e-ae2c-4698-b8ac-2b2f34df920d/ap/c/a/f188c86d-1466-4f3a-84d8-102f0bd7b3a7,18,18,supplementing,"[768, 661, 166, 166]","[768, 661, 934, 827]","https://iiif.library.sh.cn/c/3/fa94379e-ae2c-4698-b8ac-2b2f34df920d#xywh=768,661,166,166",李俨撰文，欧阳通楷书,欧阳通（楷书）；李儇（撰文）,唐,龙朔三年十月十日刻立（663）,663,楷书,17A331,《翰墨瑰宝：上海图书馆藏珍本碑帖丛刊》第二辑,iiif_annotation_target_xywh,iiif_xywh
001_道因法师碑_p0017_c019,乃,001_道因法师碑,道因法师碑,17,十七,2,2,768,837,166,166,770,838,163,165,"[770, 838, 163, 165]",757,822,189,198,"[757, 822, 189, 198]",11522,text_constrained_column_cell_pixel_assignment,assets/page_images/001_道因法师碑/p0017.jpg,1,http://data.library.sh.cn/bt/resource/work/v1e0qbx3r5wp1uw4,http://iiif.library.sh.cn/api/viewer/17A331,https://iiif.library.sh.cn/p/3/02c55611-7427-4cd0-a2cd-a15b5ccbaa9c,https://iiif.library.sh.cn/c/3/fa94379e-ae2c-4698-b8ac-2b2f34df920d,1444,2221,https://iiif.library.sh.cn/c/3/fa94379e-ae2c-4698-b8ac-2b2f34df920d/ap/s,https://iiif.library.sh.cn/c/3/fa94379e-ae2c-4698-b8ac-2b2f34df920d/ap/c/a/f10c6abf-deba-4541-acf4-3b05d7e8eed9,19,19,supplementing,"[768, 837, 166, 166]","[768, 837, 934, 1003]","https://iiif.library.sh.cn/c/3/fa94379e-ae2c-4698-b8ac-2b2f34df920d#xywh=768,837,166,166",李俨撰文，欧阳通楷书,欧阳通（楷书）；李儇（撰文）,唐,龙朔三年十月十日刻立（663）,663,楷书,17A331,《翰墨瑰宝：上海图书馆藏珍本碑帖丛刊》第二辑,iiif_annotation_target_xywh,iiif_xywh
001_道因法师碑_p0017_c020,发,001_道因法师碑,道因法师碑,17,十七,2,3,768,1016,166,166,770,1016,163,168,"[770, 1016, 163, 168]",757,999,189,202,"[757, 999, 189, 202]",12167,text_constrained_column_cell_pixel_assignment,assets/page_images/001_道因法师碑/p0017.jpg,1,http://data.library.sh.cn/bt/resource/work/v1e0qbx3r5wp1uw4,http://iiif.library.sh.cn/api/viewer/17A331,https://iiif.library.sh.cn/p/3/02c55611-7427-4cd0-a2cd-a15b5ccbaa9c,https://iiif.library.sh.cn/c/3/fa94379e-ae2c-4698-b8ac-2b2f34df920d,1444,2221,https://iiif.library.sh.cn/c/3/fa94379e-ae2c-4698-b8ac-2b2f34df920d/ap/s,https://iiif.library.sh.cn/c/3/fa94379e-ae2c-4698-b8ac-2b2f34df920d/ap/c/a/45254c96-5cd6-4262-aee4-3534b33b4da2,20,20,supplementing,"[768, 1016, 166, 166]","[768, 1016, 934, 1182]","https://iiif.library.sh.cn/c/3/fa94379e-ae2c-4698-b8ac-2b2f34df920d#xywh=768,1016,166,166",李俨撰文，欧阳通楷书,欧阳通（楷书）；李儇（撰文）,唐,龙朔三年十月十日刻立（663）,663,楷书,17A331,《翰墨瑰宝：上海图书馆藏珍本碑帖丛刊》第二辑,iiif_annotation_target_xywh,iiif_xywh
001_道因法师碑_p0017_c021,弘,001_道因法师碑,道因法师碑,17,十七,2,4,768,1198,166,166,770,1196,163,172,"[770, 1196, 163, 172]",757,1179,189,206,"[757, 1179, 189, 206]",12418,text_constrained_column_cell_pixel_assignment,assets/page_images/001_道因法师碑/p0017.jpg,1,http://data.library.sh.cn/bt/resource/work/v1e0qbx3r5wp1uw4,http://iiif.library.sh.cn/api/viewer/17A331,https://iiif.library.sh.cn/p/3/02c55611-7427-4cd0-a2cd-a15b5ccbaa9c,https://iiif.library.sh.cn/c/3/fa94379e-ae2c-4698-b8ac-2b2f34df920d,1444,2221,https://iiif.library.sh.cn/c/3/fa94379e-ae2c-4698-b8ac-2b2f34df920d/ap/s,https://iiif.library.sh.cn/c/3/fa94379e-ae2c-4698-b8ac-2b2f34df920d/ap/c/a/bc4fc3ca-23c2-4229-a03b-f3684775a103,21,21,supplementing,"[768, 1198, 166, 166]","[768, 1198, 934, 1364]","https://iiif.library.sh.cn/c/3/fa94379e-ae2c-4698-b8ac-2b2f34df920d#xywh=768,1198,166,166",李俨撰文，欧阳通楷书,欧阳通（楷书）；李儇（撰文）,唐,龙朔三年十月十日刻立（663）,663,楷书,17A331,《翰墨瑰宝：上海图书馆藏珍本碑帖丛刊》第二辑,iiif_annotation_target_xywh,iiif_xywh
001_道因法师碑_p0017_c022,誓,001_道因法师碑,道因法师碑,17,十七,2,5,768,1385,166,166,770,1381,163,179,"[770, 1381, 163, 179]",757,1363,189,215,"[757, 1363, 189, 215]",10790,text_constrained_column_cell_pixel_assignment,assets/page_images/001_道因法师碑/p0017.jpg,1,http://data.library.sh.cn/bt/resource/work/v1e0qbx3r5wp1uw4,http://iiif.library.sh.cn/api/viewer/17A331,https://iiif.library.sh.cn/p/3/02c55611-7427-4cd0-a2cd-a15b5ccbaa9c,https://iiif.library.sh.cn/c/3/fa94379e-ae2c-4698-b8ac-2b2f34df920d,1444,2221,https://iiif.library.sh.cn/c/3/fa94379e-ae2c-4698-b8ac-2b2f34df920d/ap/s,https://iiif.library.sh.cn/c/3/fa94379e-ae2c-4698-b8ac-2b2f34df920d/ap/c/a/a85cdd60-c401-4504-a9fb-278e824ed118,22,22,supplementing,"[768, 1385, 166, 166]","[768, 1385, 934, 1551]","https://iiif.library.sh.cn/c/3/fa94379e-ae2c-4698-b8ac-2b2f34df920d#xywh=768,1385,166,166",李俨撰文，欧阳通楷书,欧阳通（楷书）；李儇（撰文）,唐,龙朔三年十月十日刻立（663）,663,楷书,17A331,《翰墨瑰宝：上海图书馆藏珍本碑帖丛刊》第二辑,iiif_annotation_target_xywh,iiif_xywh
001_道因法师碑_p0017_c023,而,001_道因法师碑,道因法师碑,17,十七,2,6,768,1582,166,166,770,1573,163,174,"[770, 1573, 163, 174]",757,1556,189,208,"[757, 1556, 189, 208]",9295,text_constrained_column_cell_pixel_assignment,assets/page_images/001_道因法师碑/p0017.jpg,1,http://data.library.sh.cn/bt/resource/work/v1e0qbx3r5wp1uw4,http://iiif.library.sh.cn/api/viewer/17A331,https://iiif.library.sh.cn/p/3/02c55611-7427-4cd0-a2cd-a15b5ccbaa9c,https://iiif.library.sh.cn/c/3/fa94379e-ae2c-4698-b8ac-2b2f34df920d,1444,2221,https://iiif.library.sh.cn/c/3/fa94379e-ae2c-4698-b8ac-2b2f34df920d/ap/s,https://iiif.library.sh.cn/c/3/fa94379e-ae2c-4698-b8ac-2b2f34df920d/ap/c/a/4996c9c6-651e-4c10-b577-6b7d78788da6,23,23,supplementing,"[768, 1582, 166, 166]","[768, 1582, 934, 1748]","https://iiif.library.sh.cn/c/3/fa94379e-ae2c-4698-b8ac-2b2f34df920d#xywh=768,1582,166,166",李俨撰文，欧阳通楷书,欧阳通（楷书）；李儇（撰文）,唐,龙朔三年十月十日刻立（663）,663,楷书,17A331,《翰墨瑰宝：上海图书馆藏珍本碑帖丛刊》第二辑,iiif_annotation_target_xywh,iiif_xywh
001_道因法师碑_p0017_c024,以,001_道因法师碑,道因法师碑,17,十七,2,7,768,1759,166,166,770,1760,163,164,"[770, 1760, 163, 164]",757,1744,189,196,"[757, 1744, 189, 196]",17337,text_constrained_column_cell_pixel_assignment,assets/page_images/001_道因法师碑/p0017.jpg,1,http://data.library.sh.cn/bt/resource/work/v1e0qbx3r5wp1uw4,http://iiif.library.sh.cn/api/viewer/17A331,https://iiif.library.sh.cn/p/3/02c55611-7427-4cd0-a2cd-a15b5ccbaa9c,https://iiif.library.sh.cn/c/3/fa94379e-ae2c-4698-b8ac-2b2f34df920d,1444,2221,https://iiif.library.sh.cn/c/3/fa94379e-ae2c-4698-b8ac-2b2f34df920d/ap/s,https://iiif.library.sh.cn/c/3/fa94379e-ae2c-4698-b8ac-2b2f34df920d/ap/c/a/d1748d3b-ab41-4532-a5bd-c5a93f24c18e,24,24,supplementing,"[768, 1759, 166, 166]","[768, 1759, 934, 1925]","https://iiif.library.sh.cn/c/3/fa94379e-ae2c-4698-b8ac-2b2f34df920d#xywh=768,1759,166,166",李俨撰文，欧阳通楷书,欧阳通（楷书）；李儇（撰文）,唐,龙朔三年十月十日刻立（663）,663,楷书,17A331,《翰墨瑰宝：上海图书馆藏珍本碑帖丛刊》第二辑,iiif_annotation_target_xywh,iiif_xywh
001_道因法师碑_p0017_c025,风,001_道因法师碑,道因法师碑,17,十七,3,0,601,540,150,150,602,552,156,126,"[602, 552, 156, 126]",590,539,180,152,"[590, 539, 180, 152]",13090,text_constrained_column_cell_pixel_assignment,assets/page_images/001_道因法师碑/p0017.jpg,1,http://data.library.sh.cn/bt/resource/work/v1e0qbx3r5wp1uw4,http://iiif.library.sh.cn/api/viewer/17A331,https://iiif.library.sh.cn/p/3/02c55611-7427-4cd0-a2cd-a15b5ccbaa9c,https://iiif.library.sh.cn/c/3/fa94379e-ae2c-4698-b8ac-2b2f34df920d,1444,2221,https://iiif.library.sh.cn/c/3/fa94379e-ae2c-4698-b8ac-2b2f34df920d/ap/s,https://iiif.library.sh.cn/c/3/fa94379e-ae2c-4698-b8ac-2b2f34df920d/ap/c/a/a5d01532-7ceb-4771-b6be-b3d53bdb3781,25,25,supplementing,"[601, 540, 150, 150]","[601, 540, 751, 690]","https://iiif.library.sh.cn/c/3/fa94379e-ae2c-4698-b8ac-2b2f34df920d#xywh=601,540,150,150",李俨撰文，欧阳通楷书,欧阳通（楷书）；李儇（撰文）,唐,龙朔三年十月十日刻立（663）,663,楷书,17A331,《翰墨瑰宝：上海图书馆藏珍本碑帖丛刊》第二辑,iiif_annotation_target_xywh,iiif_xywh
001_道因法师碑_p0017_c026,树,001_道因法师碑,道因法师碑,17,十七,3,1,601,675,150,150,602,688,156,151,"[602, 688, 156, 151]",590,673,180,181,"[590, 673, 180, 181]",10133,text_constrained_column_cell_pixel_assignment,assets/page_images/001_道因法师碑/p0017.jpg,1,http://data.library.sh.cn/bt/resource/work/v1e0qbx3r5wp1uw4,http://iiif.library.sh.cn/api/viewer/17A331,https://iiif.library.sh.cn/p/3/02c55611-7427-4cd0-a2cd-a15b5ccbaa9c,https://iiif.library.sh.cn/c/3/fa94379e-ae2c-4698-b8ac-2b2f34df920d,1444,2221,https://iiif.library.sh.cn/c/3/fa94379e-ae2c-4698-b8ac-2b2f34df920d/ap/s,https://iiif.library.sh.cn/c/3/fa94379e-ae2c-4698-b8ac-2b2f34df920d/ap/c/a/d07fde7e-8802-4abe-86a0-d59de308cd9e,26,26,supplementing,"[601, 675, 150, 150]","[601, 675, 751, 825]","https://iiif.library.sh.cn/c/3/fa94379e-ae2c-4698-b8ac-2b2f34df920d#xywh=601,675,150,150",李俨撰文，欧阳通楷书,欧阳通（楷书）；李儇（撰文）,唐,龙朔三年十月十日刻立（663）,663,楷书,17A331,《翰墨瑰宝：上海图书馆藏珍本碑帖丛刊》第二辑,iiif_annotation_target_xywh,iiif_xywh
001_道因法师碑_p0017_c027,不,001_道因法师碑,道因法师碑,17,十七,3,2,601,864,150,150,602,851,156,170,"[602, 851, 156, 170]",590,834,180,204,"[590, 834, 180, 204]",9605,text_constrained_column_cell_pixel_assignment,assets/page_images/001_道因法师碑/p0017.jpg,1,http://data.library.sh.cn/bt/resource/work/v1e0qbx3r5wp1uw4,http://iiif.library.sh.cn/api/viewer/17A331,https://iiif.library.sh.cn/p/3/02c55611-7427-4cd0-a2cd-a15b5ccbaa9c,https://iiif.library.sh.cn/c/3/fa94379e-ae2c-4698-b8ac-2b2f34df920d,1444,2221,https://iiif.library.sh.cn/c/3/fa94379e-ae2c-4698-b8ac-2b2f34df920d/ap/s,https://iiif.library.sh.cn/c/3/fa94379e-ae2c-4698-b8ac-2b2f34df920d/ap/c/a/8c6ef211-75aa-4609-a805-7484f4001b57,27,27,supplementing,"[601, 864, 150, 150]","[601, 864, 751, 1014]","https://iiif.library.sh.cn/c/3/fa94379e-ae2c-4698-b8ac-2b2f34df920d#xywh=601,864,150,150",李俨撰文，欧阳通楷书,欧阳通（楷书）；李儇（撰文）,唐,龙朔三年十月十日刻立（663）,663,楷书,17A331,《翰墨瑰宝：上海图书馆藏珍本碑帖丛刊》第二辑,iiif_annotation_target_xywh,iiif_xywh
001_道因法师碑_p0017_c028,停,001_道因法师碑,道因法师碑,17,十七,3,3,601,1041,150,150,602,1034,156,168,"[602, 1034, 156, 168]",590,1017,180,202,"[590, 1017, 180, 202]",10784,text_constrained_column_cell_pixel_assignment,assets/page_images/001_道因法师碑/p0017.jpg,1,http://data.library.sh.cn/bt/resource/work/v1e0qbx3r5wp1uw4,http://iiif.library.sh.cn/api/viewer/17A331,https://iiif.library.sh.cn/p/3/02c55611-7427-4cd0-a2cd-a15b5ccbaa9c,https://iiif.library.sh.cn/c/3/fa94379e-ae2c-4698-b8ac-2b2f34df920d,1444,2221,https://iiif.library.sh.cn/c/3/fa94379e-ae2c-4698-b8ac-2b2f34df920d/ap/s,https://iiif.library.sh.cn/c/3/fa94379e-ae2c-4698-b8ac-2b2f34df920d/ap/c/a/ef264bde-0437-42b5-8bed-bd3d25bb94e0,28,28,supplementing,"[601, 1041, 150, 150]","[601, 1041, 751, 1191]","https://iiif.library.sh.cn/c/3/fa94379e-ae2c-4698-b8ac-2b2f34df920d#xywh=601,1041,150,150",李俨撰文，欧阳通楷书,欧阳通（楷书）；李儇（撰文）,唐,龙朔三年十月十日刻立（663）,663,楷书,17A331,《翰墨瑰宝：上海图书馆藏珍本碑帖丛刊》第二辑,iiif_annotation_target_xywh,iiif_xywh
001_道因法师碑_p0017_c029,浮,001_道因法师碑,道因法师碑,17,十七,3,4,601,1226,150,150,602,1215,156,173,"[602, 1215, 156, 173]",590,1198,180,207,"[590, 1198, 180, 207]",12905,text_constrained_column_cell_pixel_assignment,assets/page_images/001_道因法师碑/p0017.jpg,1,http://data.library.sh.cn/bt/resource/work/v1e0qbx3r5wp1uw4,http://iiif.library.sh.cn/api/viewer/17A331,https://iiif.library.sh.cn/p/3/02c55611-7427-4cd0-a2cd-a15b5ccbaa9c,https://iiif.library.sh.cn/c/3/fa94379e-ae2c-4698-b8ac-2b2f34df920d,1444,2221,https://iiif.library.sh.cn/c/3/fa94379e-ae2c-4698-b8ac-2b2f34df920d/ap/s,https://iiif.library.sh.cn/c/3/fa94379e-ae2c-4698-b8ac-2b2f34df920d/ap/c/a/78830bb0-df4b-4a8e-b089-04c79090b272,29,29,supplementing,"[601, 1226, 150, 150]","[601, 1226, 751, 1376]","https://iiif.library.sh.cn/c/3/fa94379e-ae2c-4698-b8ac-2b2f34df920d#xywh=601,1226,150,150",李俨撰文，欧阳通楷书,欧阳通（楷书）；李儇（撰文）,唐,龙朔三年十月十日刻立（663）,663,楷书,17A331,《翰墨瑰宝：上海图书馆藏珍本碑帖丛刊》第二辑,iiif_annotation_target_xywh,iiif_xywh
001_道因法师碑_p0017_c030,生,001_道因法师碑,道因法师碑,17,十七,3,5,601,1413,150,150,602,1401,156,161,"[602, 1401, 156, 161]",590,1385,180,193,"[590, 1385, 180, 193]",10740,text_constrained_column_cell_pixel_assignment,assets/page_images/001_道因法师碑/p0017.jpg,1,http://data.library.sh.cn/bt/resource/work/v1e0qbx3r5wp1uw4,http://iiif.library.sh.cn/api/viewer/17A331,https://iiif.library.sh.cn/p/3/02c55611-7427-4cd0-a2cd-a15b5ccbaa9c,https://iiif.library.sh.cn/c/3/fa94379e-ae2c-4698-b8ac-2b2f34df920d,1444,2221,https://iiif.library.sh.cn/c/3/fa94379e-ae2c-4698-b8ac-2b2f34df920d/ap/s,https://iiif.library.sh.cn/c/3/fa94379e-ae2c-4698-b8ac-2b2f34df920d/ap/c/a/e526c7f3-95df-4848-8d6c-d21c43425d9a,30,30,supplementing,"[601, 1413, 150, 150]","[601, 1413, 751, 1563]","https://iiif.library.sh.cn/c/3/fa94379e-ae2c-4698-b8ac-2b2f34df920d#xywh=601,1413,150,150",李俨撰文，欧阳通楷书,欧阳通（楷书）；李儇（撰文）,唐,龙朔三年十月十日刻立（663）,663,楷书,17A331,《翰墨瑰宝：上海图书馆藏珍本碑帖丛刊》第二辑,iiif_annotation_target_xywh,iiif_xywh
001_道因法师碑_p0017_c031,何,001_道因法师碑,道因法师碑,17,十七,3,6,601,1574,150,150,602,1574,156,153,"[602, 1574, 156, 153]",590,1559,180,183,"[590, 1559, 180, 183]",10290,text_constrained_column_cell_pixel_assignment,assets/page_images/001_道因法师碑/p0017.jpg,1,http://data.library.sh.cn/bt/resource/work/v1e0qbx3r5wp1uw4,http://iiif.library.sh.cn/api/viewer/17A331,https://iiif.library.sh.cn/p/3/02c55611-7427-4cd0-a2cd-a15b5ccbaa9c,https://iiif.library.sh.cn/c/3/fa94379e-ae2c-4698-b8ac-2b2f34df920d,1444,2221,https://iiif.library.sh.cn/c/3/fa94379e-ae2c-4698-b8ac-2b2f34df920d/ap/s,https://iiif.library.sh.cn/c/3/fa94379e-ae2c-4698-b8ac-2b2f34df920d/ap/c/a/7cc3187a-697c-4d29-93a0-82198395ecbc,31,31,supplementing,"[601, 1574, 150, 150]","[601, 1574, 751, 1724]","https://iiif.library.sh.cn/c/3/fa94379e-ae2c-4698-b8ac-2b2f34df920d#xywh=601,1574,150,150",李俨撰文，欧阳通楷书,欧阳通（楷书）；李儇（撰文）,唐,龙朔三年十月十日刻立（663）,663,楷书,17A331,《翰墨瑰宝：上海图书馆藏珍本碑帖丛刊》第二辑,iiif_annotation_target_xywh,iiif_xywh
001_道因法师碑_p0017_c032,恃,001_道因法师碑,道因法师碑,17,十七,3,7,625,1755,125,125,602,1739,156,157,"[602, 1739, 156, 157]",590,1723,180,189,"[590, 1723, 180, 189]",10684,text_constrained_column_cell_pixel_assignment,assets/page_images/001_道因法师碑/p0017.jpg,1,http://data.library.sh.cn/bt/resource/work/v1e0qbx3r5wp1uw4,http://iiif.library.sh.cn/api/viewer/17A331,https://iiif.library.sh.cn/p/3/02c55611-7427-4cd0-a2cd-a15b5ccbaa9c,https://iiif.library.sh.cn/c/3/fa94379e-ae2c-4698-b8ac-2b2f34df920d,1444,2221,https://iiif.library.sh.cn/c/3/fa94379e-ae2c-4698-b8ac-2b2f34df920d/ap/s,https://iiif.library.sh.cn/c/3/fa94379e-ae2c-4698-b8ac-2b2f34df920d/ap/c/a/b276be98-c490-46e7-a86b-af56459144d5,32,32,supplementing,"[625, 1755, 125, 125]","[625, 1755, 750, 1880]","https://iiif.library.sh.cn/c/3/fa94379e-ae2c-4698-b8ac-2b2f34df920d#xywh=625,1755,125,125",李俨撰文，欧阳通楷书,欧阳通（楷书）；李儇（撰文）,唐,龙朔三年十月十日刻立（663）,663,楷书,17A331,《翰墨瑰宝：上海图书馆藏珍本碑帖丛刊》第二辑,iiif_annotation_target_xywh,iiif_xywh
001_道因法师碑_p0017_c033,思,001_道因法师碑,道因法师碑,17,十七,4,0,442,540,144,144,438,549,152,126,"[438, 549, 152, 126]",426,536,176,152,"[426, 536, 176, 152]",10843,text_constrained_column_cell_pixel_assignment,assets/page_images/001_道因法师碑/p0017.jpg,1,http://data.library.sh.cn/bt/resource/work/v1e0qbx3r5wp1uw4,http://iiif.library.sh.cn/api/viewer/17A331,https://iiif.library.sh.cn/p/3/02c55611-7427-4cd0-a2cd-a15b5ccbaa9c,https://iiif.library.sh.cn/c/3/fa94379e-ae2c-4698-b8ac-2b2f34df920d,1444,2221,https://iiif.library.sh.cn/c/3/fa94379e-ae2c-4698-b8ac-2b2f34df920d/ap/s,https://iiif.library.sh.cn/c/3/fa94379e-ae2c-4698-b8ac-2b2f34df920d/ap/c/a/0ce05cfa-976e-4bc4-9182-47564653bb20,33,33,supplementing,"[442, 540, 144, 144]","[442, 540, 586, 684]","https://iiif.library.sh.cn/c/3/fa94379e-ae2c-4698-b8ac-2b2f34df920d#xywh=442,540,144,144",李俨撰文，欧阳通楷书,欧阳通（楷书）；李儇（撰文）,唐,龙朔三年十月十日刻立（663）,663,楷书,17A331,《翰墨瑰宝：上海图书馆藏珍本碑帖丛刊》第二辑,iiif_annotation_target_xywh,iiif_xywh
001_道因法师碑_p0017_c034,去,001_道因法师碑,道因法师碑,17,十七,4,1,442,675,144,144,438,685,152,141,"[438, 685, 152, 141]",426,671,176,169,"[426, 671, 176, 169]",10581,text_constrained_column_cell_pixel_assignment,assets/page_images/001_道因法师碑/p0017.jpg,1,http://data.library.sh.cn/bt/resource/work/v1e0qbx3r5wp1uw4,http://iiif.library.sh.cn/api/viewer/17A331,https://iiif.library.sh.cn/p/3/02c55611-7427-4cd0-a2cd-a15b5ccbaa9c,https://iiif.library.sh.cn/c/3/fa94379e-ae2c-4698-b8ac-2b2f34df920d,1444,2221,https://iiif.library.sh.cn/c/3/fa94379e-ae2c-4698-b8ac-2b2f34df920d/ap/s,https://iiif.library.sh.cn/c/3/fa94379e-ae2c-4698-b8ac-2b2f34df920d/ap/c/a/30556490-b484-41a0-815e-4f9736485f96,34,34,supplementing,"[442, 675, 144, 144]","[442, 675, 586, 819]","https://iiif.library.sh.cn/c/3/fa94379e-ae2c-4698-b8ac-2b2f34df920d#xywh=442,675,144,144",李俨撰文，欧阳通楷书,欧阳通（楷书）；李儇（撰文）,唐,龙朔三年十月十日刻立（663）,663,楷书,17A331,《翰墨瑰宝：上海图书馆藏珍本碑帖丛刊》第二辑,iiif_annotation_target_xywh,iiif_xywh
001_道因法师碑_p0017_c035,发,001_道因法师碑,道因法师碑,17,十七,4,2,442,844,144,144,438,838,152,163,"[438, 838, 152, 163]",426,822,176,195,"[426, 822, 176, 195]",9936,text_constrained_column_cell_pixel_assignment,assets/page_images/001_道因法师碑/p0017.jpg,1,http://data.library.sh.cn/bt/resource/work/v1e0qbx3r5wp1uw4,http://iiif.library.sh.cn/api/viewer/17A331,https://iiif.library.sh.cn/p/3/02c55611-7427-4cd0-a2cd-a15b5ccbaa9c,https://iiif.library.sh.cn/c/3/fa94379e-ae2c-4698-b8ac-2b2f34df920d,1444,2221,https://iiif.library.sh.cn/c/3/fa94379e-ae2c-4698-b8ac-2b2f34df920d/ap/s,https://iiif.library.sh.cn/c/3/fa94379e-ae2c-4698-b8ac-2b2f34df920d/ap/c/a/c09bbe48-0a0c-435c-acec-6806bf6231f4,35,35,supplementing,"[442, 844, 144, 144]","[442, 844, 586, 988]","https://iiif.library.sh.cn/c/3/fa94379e-ae2c-4698-b8ac-2b2f34df920d#xywh=442,844,144,144",李俨撰文，欧阳通楷书,欧阳通（楷书）；李儇（撰文）,唐,龙朔三年十月十日刻立（663）,663,楷书,17A331,《翰墨瑰宝：上海图书馆藏珍本碑帖丛刊》第二辑,iiif_annotation_target_xywh,iiif_xywh
001_道因法师碑_p0017_c036,肤,001_道因法师碑,道因法师碑,17,十七,4,3,442,1027,144,144,438,1014,152,180,"[438, 1014, 152, 180]",426,996,176,216,"[426, 996, 176, 216]",12444,text_constrained_column_cell_pixel_assignment,assets/page_images/001_道因法师碑/p0017.jpg,1,http://data.library.sh.cn/bt/resource/work/v1e0qbx3r5wp1uw4,http://iiif.library.sh.cn/api/viewer/17A331,https://iiif.library.sh.cn/p/3/02c55611-7427-4cd0-a2cd-a15b5ccbaa9c,https://iiif.library.sh.cn/c/3/fa94379e-ae2c-4698-b8ac-2b2f34df920d,1444,2221,https://iiif.library.sh.cn/c/3/fa94379e-ae2c-4698-b8ac-2b2f34df920d/ap/s,https://iiif.library.sh.cn/c/3/fa94379e-ae2c-4698-b8ac-2b2f34df920d/ap/c/a/123e8f0d-abf9-41e9-bf2c-1151d7ed6394,36,36,supplementing,"[442, 1027, 144, 144]","[442, 1027, 586, 1171]","https://iiif.library.sh.cn/c/3/fa94379e-ae2c-4698-b8ac-2b2f34df920d#xywh=442,1027,144,144",李俨撰文，欧阳通楷书,欧阳通（楷书）；李儇（撰文）,唐,龙朔三年十月十日刻立（663）,663,楷书,17A331,《翰墨瑰宝：上海图书馆藏珍本碑帖丛刊》第二辑,iiif_annotation_target_xywh,iiif_xywh
001_道因法师碑_p0017_c037,之,001_道因法师碑,道因法师碑,17,十七,4,4,442,1230,144,144,438,1207,152,173,"[438, 1207, 152, 173]",426,1190,176,207,"[426, 1190, 176, 207]",13498,text_constrained_column_cell_pixel_assignment,assets/page_images/001_道因法师碑/p0017.jpg,1,http://data.library.sh.cn/bt/resource/work/v1e0qbx3r5wp1uw4,http://iiif.library.sh.cn/api/viewer/17A331,https://iiif.library.sh.cn/p/3/02c55611-7427-4cd0-a2cd-a15b5ccbaa9c,https://iiif.library.sh.cn/c/3/fa94379e-ae2c-4698-b8ac-2b2f34df920d,1444,2221,https://iiif.library.sh.cn/c/3/fa94379e-ae2c-4698-b8ac-2b2f34df920d/ap/s,https://iiif.library.sh.cn/c/3/fa94379e-ae2c-4698-b8ac-2b2f34df920d/ap/c/a/5eae3a6a-c94c-4ee8-8ab5-87d62cbb5c68,37,37,supplementing,"[442, 1230, 144, 144]","[442, 1230, 586, 1374]","https://iiif.library.sh.cn/c/3/fa94379e-ae2c-4698-b8ac-2b2f34df920d#xywh=442,1230,144,144",李俨撰文，欧阳通楷书,欧阳通（楷书）；李儇（撰文）,唐,龙朔三年十月十日刻立（663）,663,楷书,17A331,《翰墨瑰宝：上海图书馆藏珍本碑帖丛刊》第二辑,iiif_annotation_target_xywh,iiif_xywh
001_道因法师碑_p0017_c038,爱,001_道因法师碑,道因法师碑,17,十七,4,5,442,1399,144,144,438,1392,152,159,"[438, 1392, 152, 159]",426,1376,176,191,"[426, 1376, 176, 191]",10736,text_constrained_column_cell_pixel_assignment,assets/page_images/001_道因法师碑/p0017.jpg,1,http://data.library.sh.cn/bt/resource/work/v1e0qbx3r5wp1uw4,http://iiif.library.sh.cn/api/viewer/17A331,https://iiif.library.sh.cn/p/3/02c55611-7427-4cd0-a2cd-a15b5ccbaa9c,https://iiif.library.sh.cn/c/3/fa94379e-ae2c-4698-b8ac-2b2f34df920d,1444,2221,https://iiif.library.sh.cn/c/3/fa94379e-ae2c-4698-b8ac-2b2f34df920d/ap/s,https://iiif.library.sh.cn/c/3/fa94379e-ae2c-4698-b8ac-2b2f34df920d/ap/c/a/372ec69d-109e-4dd3-b5d6-6da1074def55,38,38,supplementing,"[442, 1399, 144, 144]","[442, 1399, 586, 1543]","https://iiif.library.sh.cn/c/3/fa94379e-ae2c-4698-b8ac-2b2f34df920d#xywh=442,1399,144,144",李俨撰文，欧阳通楷书,欧阳通（楷书）；李儇（撰文）,唐,龙朔三年十月十日刻立（663）,663,楷书,17A331,《翰墨瑰宝：上海图书馆藏珍本碑帖丛刊》第二辑,iiif_annotation_target_xywh,iiif_xywh
001_道因法师碑_p0017_c039,将,001_道因法师碑,道因法师碑,17,十七,4,6,442,1570,144,144,438,1563,152,167,"[438, 1563, 152, 167]",426,1546,176,201,"[426, 1546, 176, 201]",10854,text_constrained_column_cell_pixel_assignment,assets/page_images/001_道因法师碑/p0017.jpg,1,http://data.library.sh.cn/bt/resource/work/v1e0qbx3r5wp1uw4,http://iiif.library.sh.cn/api/viewer/17A331,https://iiif.library.sh.cn/p/3/02c55611-7427-4cd0-a2cd-a15b5ccbaa9c,https://iiif.library.sh.cn/c/3/fa94379e-ae2c-4698-b8ac-2b2f34df920d,1444,2221,https://iiif.library.sh.cn/c/3/fa94379e-ae2c-4698-b8ac-2b2f34df920d/ap/s,https://iiif.library.sh.cn/c/3/fa94379e-ae2c-4698-b8ac-2b2f34df920d/ap/c/a/297679b1-e33b-408d-9aba-92c155e136c1,39,39,supplementing,"[442, 1570, 144, 144]","[442, 1570, 586, 1714]","https://iiif.library.sh.cn/c/3/fa94379e-ae2c-4698-b8ac-2b2f34df920d#xywh=442,1570,144,144",李俨撰文，欧阳通楷书,欧阳通（楷书）；李儇（撰文）,唐,龙朔三年十月十日刻立（663）,663,楷书,17A331,《翰墨瑰宝：上海图书馆藏珍本碑帖丛刊》第二辑,iiif_annotation_target_xywh,iiif_xywh
001_道因法师碑_p0017_c040,酬,001_道因法师碑,道因法师碑,17,十七,4,7,442,1759,144,144,438,1743,152,176,"[438, 1743, 152, 176]",426,1725,176,212,"[426, 1725, 176, 212]",10350,text_constrained_column_cell_pixel_assignment,assets/page_images/001_道因法师碑/p0017.jpg,1,http://data.library.sh.cn/bt/resource/work/v1e0qbx3r5wp1uw4,http://iiif.library.sh.cn/api/viewer/17A331,https://iiif.library.sh.cn/p/3/02c55611-7427-4cd0-a2cd-a15b5ccbaa9c,https://iiif.library.sh.cn/c/3/fa94379e-ae2c-4698-b8ac-2b2f34df920d,1444,2221,https://iiif.library.sh.cn/c/3/fa94379e-ae2c-4698-b8ac-2b2f34df920d/ap/s,https://iiif.library.sh.cn/c/3/fa94379e-ae2c-4698-b8ac-2b2f34df920d/ap/c/a/23bcaf49-0e03-42ff-ba90-e0c555c666eb,40,40,supplementing,"[442, 1759, 144, 144]","[442, 1759, 586, 1903]","https://iiif.library.sh.cn/c/3/fa94379e-ae2c-4698-b8ac-2b2f34df920d#xywh=442,1759,144,144",李俨撰文，欧阳通楷书,欧阳通（楷书）；李儇（撰文）,唐,龙朔三年十月十日刻立（663）,663,楷书,17A331,《翰墨瑰宝：上海图书馆藏珍本碑帖丛刊》第二辑,iiif_annotation_target_xywh,iiif_xywh
001_道因法师碑_p0018_c001,罔,001_道因法师碑,道因法师碑,18,十八,0,0,864,505,177,177,869,517,167,153,"[869, 517, 167, 153]",856,502,193,183,"[856, 502, 193, 183]",14739,text_constrained_column_cell_pixel_assignment,assets/page_images/001_道因法师碑/p0018.jpg,1,http://data.library.sh.cn/bt/resource/work/v1e0qbx3r5wp1uw4,http://iiif.library.sh.cn/api/viewer/17A331,https://iiif.library.sh.cn/p/3/02c55611-7427-4cd0-a2cd-a15b5ccbaa9c,https://iiif.library.sh.cn/c/3/9021403f-52eb-4062-ab92-c96917b7a553,1444,2221,https://iiif.library.sh.cn/c/3/9021403f-52eb-4062-ab92-c96917b7a553/ap/s,https://iiif.library.sh.cn/c/3/9021403f-52eb-4062-ab92-c96917b7a553/ap/c/a/f47fb88e-5400-43de-8c1f-f06c4913cab9,1,1,supplementing,"[864, 505, 177, 177]","[864, 505, 1041, 682]","https://iiif.library.sh.cn/c/3/9021403f-52eb-4062-ab92-c96917b7a553#xywh=864,505,177,177",李俨撰文，欧阳通楷书,欧阳通（楷书）；李儇（撰文）,唐,龙朔三年十月十日刻立（663）,663,楷书,17A331,《翰墨瑰宝：上海图书馆藏珍本碑帖丛刊》第二辑,iiif_annotation_target_xywh,iiif_xywh
001_道因法师碑_p0018_c002,极,001_道因法师碑,道因法师碑,18,十八,0,1,864,669,177,177,869,681,167,159,"[869, 681, 167, 159]",856,665,193,191,"[856, 665, 193, 191]",14666,text_constrained_column_cell_pixel_assignment,assets/page_images/001_道因法师碑/p0018.jpg,1,http://data.library.sh.cn/bt/resource/work/v1e0qbx3r5wp1uw4,http://iiif.library.sh.cn/api/viewer/17A331,https://iiif.library.sh.cn/p/3/02c55611-7427-4cd0-a2cd-a15b5ccbaa9c,https://iiif.library.sh.cn/c/3/9021403f-52eb-4062-ab92-c96917b7a553,1444,2221,https://iiif.library.sh.cn/c/3/9021403f-52eb-4062-ab92-c96917b7a553/ap/s,https://iiif.library.sh.cn/c/3/9021403f-52eb-4062-ab92-c96917b7a553/ap/c/a/63378ea9-35b9-4499-bc07-1074bcbbc958,2,2,supplementing,"[864, 669, 177, 177]","[864, 669, 1041, 846]","https://iiif.library.sh.cn/c/3/9021403f-52eb-4062-ab92-c96917b7a553#xywh=864,669,177,177",李俨撰文，欧阳通楷书,欧阳通（楷书）；李儇（撰文）,唐,龙朔三年十月十日刻立（663）,663,楷书,17A331,《翰墨瑰宝：上海图书馆藏珍本碑帖丛刊》第二辑,iiif_annotation_target_xywh,iiif_xywh
001_道因法师碑_p0018_c003,之,001_道因法师碑,道因法师碑,18,十八,0,2,864,846,177,177,869,852,167,161,"[869, 852, 167, 161]",856,836,193,193,"[856, 836, 193, 193]",16040,text_constrained_column_cell_pixel_assignment,assets/page_images/001_道因法师碑/p0018.jpg,1,http://data.library.sh.cn/bt/resource/work/v1e0qbx3r5wp1uw4,http://iiif.library.sh.cn/api/viewer/17A331,https://iiif.library.sh.cn/p/3/02c55611-7427-4cd0-a2cd-a15b5ccbaa9c,https://iiif.library.sh.cn/c/3/9021403f-52eb-4062-ab92-c96917b7a553,1444,2221,https://iiif.library.sh.cn/c/3/9021403f-52eb-4062-ab92-c96917b7a553/ap/s,https://iiif.library.sh.cn/c/3/9021403f-52eb-4062-ab92-c96917b7a553/ap/c/a/9ee73f26-1fc1-411e-a848-db8134363170,3,3,supplementing,"[864, 846, 177, 177]","[864, 846, 1041, 1023]","https://iiif.library.sh.cn/c/3/9021403f-52eb-4062-ab92-c96917b7a553#xywh=864,846,177,177",李俨撰文，欧阳通楷书,欧阳通（楷书）；李儇（撰文）,唐,龙朔三年十月十日刻立（663）,663,楷书,17A331,《翰墨瑰宝：上海图书馆藏珍本碑帖丛刊》第二辑,iiif_annotation_target_xywh,iiif_xywh
001_道因法师碑_p0018_c004,恩,001_道因法师碑,道因法师碑,18,十八,0,3,864,1015,177,177,869,1025,167,172,"[869, 1025, 167, 172]",856,1008,193,206,"[856, 1008, 193, 206]",17487,text_constrained_column_cell_pixel_assignment,assets/page_images/001_道因法师碑/p0018.jpg,1,http://data.library.sh.cn/bt/resource/work/v1e0qbx3r5wp1uw4,http://iiif.library.sh.cn/api/viewer/17A331,https://iiif.library.sh.cn/p/3/02c55611-7427-4cd0-a2cd-a15b5ccbaa9c,https://iiif.library.sh.cn/c/3/9021403f-52eb-4062-ab92-c96917b7a553,1444,2221,https://iiif.library.sh.cn/c/3/9021403f-52eb-4062-ab92-c96917b7a553/ap/s,https://iiif.library.sh.cn/c/3/9021403f-52eb-4062-ab92-c96917b7a553/ap/c/a/b0336509-a3fe-4144-88fb-276bef7ab97b,4,4,supplementing,"[864, 1015, 177, 177]","[864, 1015, 1041, 1192]","https://iiif.library.sh.cn/c/3/9021403f-52eb-4062-ab92-c96917b7a553#xywh=864,1015,177,177",李俨撰文，欧阳通楷书,欧阳通（楷书）；李儇（撰文）,唐,龙朔三年十月十日刻立（663）,663,楷书,17A331,《翰墨瑰宝：上海图书馆藏珍本碑帖丛刊》第二辑,iiif_annotation_target_xywh,iiif_xywh
001_道因法师碑_p0018_c005,便,001_道因法师碑,道因法师碑,18,十八,0,4,864,1214,177,177,869,1209,167,166,"[869, 1209, 167, 166]",856,1192,193,200,"[856, 1192, 193, 200]",16677,text_constrained_column_cell_pixel_assignment,assets/page_images/001_道因法师碑/p0018.jpg,1,http://data.library.sh.cn/bt/resource/work/v1e0qbx3r5wp1uw4,http://iiif.library.sh.cn/api/viewer/17A331,https://iiif.library.sh.cn/p/3/02c55611-7427-4cd0-a2cd-a15b5ccbaa9c,https://iiif.library.sh.cn/c/3/9021403f-52eb-4062-ab92-c96917b7a553,1444,2221,https://iiif.library.sh.cn/c/3/9021403f-52eb-4062-ab92-c96917b7a553/ap/s,https://iiif.library.sh.cn/c/3/9021403f-52eb-4062-ab92-c96917b7a553/ap/c/a/ecaaefc0-1e20-480d-bf1e-072b1f920669,5,5,supplementing,"[864, 1214, 177, 177]","[864, 1214, 1041, 1391]","https://iiif.library.sh.cn/c/3/9021403f-52eb-4062-ab92-c96917b7a553#xywh=864,1214,177,177",李俨撰文，欧阳通楷书,欧阳通（楷书）；李儇（撰文）,唐,龙朔三年十月十日刻立（663）,663,楷书,17A331,《翰墨瑰宝：上海图书馆藏珍本碑帖丛刊》第二辑,iiif_annotation_target_xywh,iiif_xywh
001_道因法师碑_p0018_c006,诣,001_道因法师碑,道因法师碑,18,十八,0,5,864,1371,177,177,869,1387,167,155,"[869, 1387, 167, 155]",856,1372,193,186,"[856, 1372, 193, 186]",15947,text_constrained_column_cell_pixel_assignment,assets/page_images/001_道因法师碑/p0018.jpg,1,http://data.library.sh.cn/bt/resource/work/v1e0qbx3r5wp1uw4,http://iiif.library.sh.cn/api/viewer/17A331,https://iiif.library.sh.cn/p/3/02c55611-7427-4cd0-a2cd-a15b5ccbaa9c,https://iiif.library.sh.cn/c/3/9021403f-52eb-4062-ab92-c96917b7a553,1444,2221,https://iiif.library.sh.cn/c/3/9021403f-52eb-4062-ab92-c96917b7a553/ap/s,https://iiif.library.sh.cn/c/3/9021403f-52eb-4062-ab92-c96917b7a553/ap/c/a/24f62ecc-0fa0-4ff3-b875-2b1a11562556,6,6,supplementing,"[864, 1371, 177, 177]","[864, 1371, 1041, 1548]","https://iiif.library.sh.cn/c/3/9021403f-52eb-4062-ab92-c96917b7a553#xywh=864,1371,177,177",李俨撰文，欧阳通楷书,欧阳通（楷书）；李儇（撰文）,唐,龙朔三年十月十日刻立（663）,663,楷书,17A331,《翰墨瑰宝：上海图书馆藏珍本碑帖丛刊》第二辑,iiif_annotation_target_xywh,iiif_xywh
001_道因法师碑_p0018_c007,灵,001_道因法师碑,道因法师碑,18,十八,0,6,864,1548,177,177,869,1555,167,175,"[869, 1555, 167, 175]",856,1538,193,210,"[856, 1538, 193, 210]",18669,text_constrained_column_cell_pixel_assignment,assets/page_images/001_道因法师碑/p0018.jpg,1,http://data.library.sh.cn/bt/resource/work/v1e0qbx3r5wp1uw4,http://iiif.library.sh.cn/api/viewer/17A331,https://iiif.library.sh.cn/p/3/02c55611-7427-4cd0-a2cd-a15b5ccbaa9c,https://iiif.library.sh.cn/c/3/9021403f-52eb-4062-ab92-c96917b7a553,1444,2221,https://iiif.library.sh.cn/c/3/9021403f-52eb-4062-ab92-c96917b7a553/ap/s,https://iiif.library.sh.cn/c/3/9021403f-52eb-4062-ab92-c96917b7a553/ap/c/a/166c7257-681e-4781-a56a-eddff4247325,7,7,supplementing,"[864, 1548, 177, 177]","[864, 1548, 1041, 1725]","https://iiif.library.sh.cn/c/3/9021403f-52eb-4062-ab92-c96917b7a553#xywh=864,1548,177,177",李俨撰文，欧阳通楷书,欧阳通（楷书）；李儇（撰文）,唐,龙朔三年十月十日刻立（663）,663,楷书,17A331,《翰墨瑰宝：上海图书馆藏珍本碑帖丛刊》第二辑,iiif_annotation_target_xywh,iiif_xywh
001_道因法师碑_p0018_c008,岩,001_道因法师碑,道因法师碑,18,十八,0,7,864,1749,177,177,869,1744,167,187,"[869, 1744, 167, 187]",856,1725,193,225,"[856, 1725, 193, 225]",15967,text_constrained_column_cell_pixel_assignment,assets/page_images/001_道因法师碑/p0018.jpg,1,http://data.library.sh.cn/bt/resource/work/v1e0qbx3r5wp1uw4,http://iiif.library.sh.cn/api/viewer/17A331,https://iiif.library.sh.cn/p/3/02c55611-7427-4cd0-a2cd-a15b5ccbaa9c,https://iiif.library.sh.cn/c/3/9021403f-52eb-4062-ab92-c96917b7a553,1444,2221,https://iiif.library.sh.cn/c/3/9021403f-52eb-4062-ab92-c96917b7a553/ap/s,https://iiif.library.sh.cn/c/3/9021403f-52eb-4062-ab92-c96917b7a553/ap/c/a/2eb6d037-f56a-40f2-95b3-db3f5b545b7f,8,8,supplementing,"[864, 1749, 177, 177]","[864, 1749, 1041, 1926]","https://iiif.library.sh.cn/c/3/9021403f-52eb-4062-ab92-c96917b7a553#xywh=864,1749,177,177",李俨撰文，欧阳通楷书,欧阳通（楷书）；李儇（撰文）,唐,龙朔三年十月十日刻立（663）,663,楷书,17A331,《翰墨瑰宝：上海图书馆藏珍本碑帖丛刊》第二辑,iiif_annotation_target_xywh,iiif_xywh
001_道因法师碑_p0018_c009,道,001_道因法师碑,道因法师碑,18,十八,1,0,699,509,146,146,694,511,162,142,"[694, 511, 162, 142]",681,497,188,170,"[681, 497, 188, 170]",9550,text_constrained_column_cell_pixel_assignment,assets/page_images/001_道因法师碑/p0018.jpg,1,http://data.library.sh.cn/bt/resource/work/v1e0qbx3r5wp1uw4,http://iiif.library.sh.cn/api/viewer/17A331,https://iiif.library.sh.cn/p/3/02c55611-7427-4cd0-a2cd-a15b5ccbaa9c,https://iiif.library.sh.cn/c/3/9021403f-52eb-4062-ab92-c96917b7a553,1444,2221,https://iiif.library.sh.cn/c/3/9021403f-52eb-4062-ab92-c96917b7a553/ap/s,https://iiif.library.sh.cn/c/3/9021403f-52eb-4062-ab92-c96917b7a553/ap/c/a/0b6c9240-3f61-4eff-8d98-86165d6ff076,9,9,supplementing,"[699, 509, 146, 146]","[699, 509, 845, 655]","https://iiif.library.sh.cn/c/3/9021403f-52eb-4062-ab92-c96917b7a553#xywh=699,509,146,146",李俨撰文，欧阳通楷书,欧阳通（楷书）；李儇（撰文）,唐,龙朔三年十月十日刻立（663）,663,楷书,17A331,《翰墨瑰宝：上海图书馆藏珍本碑帖丛刊》第二辑,iiif_annotation_target_xywh,iiif_xywh
001_道因法师碑_p0018_c010,场,001_道因法师碑,道因法师碑,18,十八,1,1,699,661,146,146,694,664,162,155,"[694, 664, 162, 155]",681,648,188,186,"[681, 648, 188, 186]",9915,text_constrained_column_cell_pixel_assignment,assets/page_images/001_道因法师碑/p0018.jpg,1,http://data.library.sh.cn/bt/resource/work/v1e0qbx3r5wp1uw4,http://iiif.library.sh.cn/api/viewer/17A331,https://iiif.library.sh.cn/p/3/02c55611-7427-4cd0-a2cd-a15b5ccbaa9c,https://iiif.library.sh.cn/c/3/9021403f-52eb-4062-ab92-c96917b7a553,1444,2221,https://iiif.library.sh.cn/c/3/9021403f-52eb-4062-ab92-c96917b7a553/ap/s,https://iiif.library.sh.cn/c/3/9021403f-52eb-4062-ab92-c96917b7a553/ap/c/a/73c6b147-49f7-4b44-be15-6fecb8c27ba3,10,10,supplementing,"[699, 661, 146, 146]","[699, 661, 845, 807]","https://iiif.library.sh.cn/c/3/9021403f-52eb-4062-ab92-c96917b7a553#xywh=699,661,146,146",李俨撰文，欧阳通楷书,欧阳通（楷书）；李儇（撰文）,唐,龙朔三年十月十日刻立（663）,663,楷书,17A331,《翰墨瑰宝：上海图书馆藏珍本碑帖丛刊》第二辑,iiif_annotation_target_xywh,iiif_xywh
001_道因法师碑_p0018_c011,从,001_道因法师碑,道因法师碑,18,十八,1,2,699,842,146,146,694,830,162,159,"[694, 830, 162, 159]",681,814,188,191,"[681, 814, 188, 191]",8860,text_constrained_column_cell_pixel_assignment,assets/page_images/001_道因法师碑/p0018.jpg,1,http://data.library.sh.cn/bt/resource/work/v1e0qbx3r5wp1uw4,http://iiif.library.sh.cn/api/viewer/17A331,https://iiif.library.sh.cn/p/3/02c55611-7427-4cd0-a2cd-a15b5ccbaa9c,https://iiif.library.sh.cn/c/3/9021403f-52eb-4062-ab92-c96917b7a553,1444,2221,https://iiif.library.sh.cn/c/3/9021403f-52eb-4062-ab92-c96917b7a553/ap/s,https://iiif.library.sh.cn/c/3/9021403f-52eb-4062-ab92-c96917b7a553/ap/c/a/f788866e-4354-4b78-a556-0ee25c5e62fd,11,11,supplementing,"[699, 842, 146, 146]","[699, 842, 845, 988]","https://iiif.library.sh.cn/c/3/9021403f-52eb-4062-ab92-c96917b7a553#xywh=699,842,146,146",李俨撰文，欧阳通楷书,欧阳通（楷书）；李儇（撰文）,唐,龙朔三年十月十日刻立（663）,663,楷书,17A331,《翰墨瑰宝：上海图书馆藏珍本碑帖丛刊》第二辑,iiif_annotation_target_xywh,iiif_xywh
001_道因法师碑_p0018_c012,师,001_道因法师碑,道因法师碑,18,十八,1,3,699,1001,146,146,694,1001,162,159,"[694, 1001, 162, 159]",681,985,188,191,"[681, 985, 188, 191]",9372,text_constrained_column_cell_pixel_assignment,assets/page_images/001_道因法师碑/p0018.jpg,1,http://data.library.sh.cn/bt/resource/work/v1e0qbx3r5wp1uw4,http://iiif.library.sh.cn/api/viewer/17A331,https://iiif.library.sh.cn/p/3/02c55611-7427-4cd0-a2cd-a15b5ccbaa9c,https://iiif.library.sh.cn/c/3/9021403f-52eb-4062-ab92-c96917b7a553,1444,2221,https://iiif.library.sh.cn/c/3/9021403f-52eb-4062-ab92-c96917b7a553/ap/s,https://iiif.library.sh.cn/c/3/9021403f-52eb-4062-ab92-c96917b7a553/ap/c/a/378b4911-f83e-4c35-9231-517adbd2ee2d,12,12,supplementing,"[699, 1001, 146, 146]","[699, 1001, 845, 1147]","https://iiif.library.sh.cn/c/3/9021403f-52eb-4062-ab92-c96917b7a553#xywh=699,1001,146,146",李俨撰文，欧阳通楷书,欧阳通（楷书）；李儇（撰文）,唐,龙朔三年十月十日刻立（663）,663,楷书,17A331,《翰墨瑰宝：上海图书馆藏珍本碑帖丛刊》第二辑,iiif_annotation_target_xywh,iiif_xywh
001_道因法师碑_p0018_c013,习,001_道因法师碑,道因法师碑,18,十八,1,4,699,1186,146,146,694,1173,162,171,"[694, 1173, 162, 171]",681,1156,188,205,"[681, 1156, 188, 205]",11462,text_constrained_column_cell_pixel_assignment,assets/page_images/001_道因法师碑/p0018.jpg,1,http://data.library.sh.cn/bt/resource/work/v1e0qbx3r5wp1uw4,http://iiif.library.sh.cn/api/viewer/17A331,https://iiif.library.sh.cn/p/3/02c55611-7427-4cd0-a2cd-a15b5ccbaa9c,https://iiif.library.sh.cn/c/3/9021403f-52eb-4062-ab92-c96917b7a553,1444,2221,https://iiif.library.sh.cn/c/3/9021403f-52eb-4062-ab92-c96917b7a553/ap/s,https://iiif.library.sh.cn/c/3/9021403f-52eb-4062-ab92-c96917b7a553/ap/c/a/fab0942a-835a-43a7-8105-c6812df5ed1f,13,13,supplementing,"[699, 1186, 146, 146]","[699, 1186, 845, 1332]","https://iiif.library.sh.cn/c/3/9021403f-52eb-4062-ab92-c96917b7a553#xywh=699,1186,146,146",李俨撰文，欧阳通楷书,欧阳通（楷书）；李儇（撰文）,唐,龙朔三年十月十日刻立（663）,663,楷书,17A331,《翰墨瑰宝：上海图书馆藏珍本碑帖丛刊》第二辑,iiif_annotation_target_xywh,iiif_xywh
001_道因法师碑_p0018_c014,诵,001_道因法师碑,道因法师碑,18,十八,1,5,699,1369,146,146,694,1357,162,166,"[694, 1357, 162, 166]",681,1340,188,200,"[681, 1340, 188, 200]",9230,text_constrained_column_cell_pixel_assignment,assets/page_images/001_道因法师碑/p0018.jpg,1,http://data.library.sh.cn/bt/resource/work/v1e0qbx3r5wp1uw4,http://iiif.library.sh.cn/api/viewer/17A331,https://iiif.library.sh.cn/p/3/02c55611-7427-4cd0-a2cd-a15b5ccbaa9c,https://iiif.library.sh.cn/c/3/9021403f-52eb-4062-ab92-c96917b7a553,1444,2221,https://iiif.library.sh.cn/c/3/9021403f-52eb-4062-ab92-c96917b7a553/ap/s,https://iiif.library.sh.cn/c/3/9021403f-52eb-4062-ab92-c96917b7a553/ap/c/a/ffcdec83-3bb7-4b05-904a-048b3ea781e5,14,14,supplementing,"[699, 1369, 146, 146]","[699, 1369, 845, 1515]","https://iiif.library.sh.cn/c/3/9021403f-52eb-4062-ab92-c96917b7a553#xywh=699,1369,146,146",李俨撰文，欧阳通楷书,欧阳通（楷书）；李儇（撰文）,唐,龙朔三年十月十日刻立（663）,663,楷书,17A331,《翰墨瑰宝：上海图书馆藏珍本碑帖丛刊》第二辑,iiif_annotation_target_xywh,iiif_xywh
001_道因法师碑_p0018_c015,而,001_道因法师碑,道因法师碑,18,十八,1,6,699,1544,146,146,694,1536,162,160,"[694, 1536, 162, 160]",681,1520,188,192,"[681, 1520, 188, 192]",10329,text_constrained_column_cell_pixel_assignment,assets/page_images/001_道因法师碑/p0018.jpg,1,http://data.library.sh.cn/bt/resource/work/v1e0qbx3r5wp1uw4,http://iiif.library.sh.cn/api/viewer/17A331,https://iiif.library.sh.cn/p/3/02c55611-7427-4cd0-a2cd-a15b5ccbaa9c,https://iiif.library.sh.cn/c/3/9021403f-52eb-4062-ab92-c96917b7a553,1444,2221,https://iiif.library.sh.cn/c/3/9021403f-52eb-4062-ab92-c96917b7a553/ap/s,https://iiif.library.sh.cn/c/3/9021403f-52eb-4062-ab92-c96917b7a553/ap/c/a/ac26b256-dacf-405b-b627-92d5671f86a3,15,15,supplementing,"[699, 1544, 146, 146]","[699, 1544, 845, 1690]","https://iiif.library.sh.cn/c/3/9021403f-52eb-4062-ab92-c96917b7a553#xywh=699,1544,146,146",李俨撰文，欧阳通楷书,欧阳通（楷书）；李儇（撰文）,唐,龙朔三年十月十日刻立（663）,663,楷书,17A331,《翰墨瑰宝：上海图书馆藏珍本碑帖丛刊》第二辑,iiif_annotation_target_xywh,iiif_xywh
001_道因法师碑_p0018_c016,识,001_道因法师碑,道因法师碑,18,十八,1,7,699,1714,146,146,694,1708,162,158,"[694, 1708, 162, 158]",681,1692,188,190,"[681, 1692, 188, 190]",10100,text_constrained_column_cell_pixel_assignment,assets/page_images/001_道因法师碑/p0018.jpg,1,http://data.library.sh.cn/bt/resource/work/v1e0qbx3r5wp1uw4,http://iiif.library.sh.cn/api/viewer/17A331,https://iiif.library.sh.cn/p/3/02c55611-7427-4cd0-a2cd-a15b5ccbaa9c,https://iiif.library.sh.cn/c/3/9021403f-52eb-4062-ab92-c96917b7a553,1444,2221,https://iiif.library.sh.cn/c/3/9021403f-52eb-4062-ab92-c96917b7a553/ap/s,https://iiif.library.sh.cn/c/3/9021403f-52eb-4062-ab92-c96917b7a553/ap/c/a/ab247690-2207-45f7-8f53-bbfc90a84dd8,16,16,supplementing,"[699, 1714, 146, 146]","[699, 1714, 845, 1860]","https://iiif.library.sh.cn/c/3/9021403f-52eb-4062-ab92-c96917b7a553#xywh=699,1714,146,146",李俨撰文，欧阳通楷书,欧阳通（楷书）；李儇（撰文）,唐,龙朔三年十月十日刻立（663）,663,楷书,17A331,《翰墨瑰宝：上海图书馆藏珍本碑帖丛刊》第二辑,iiif_annotation_target_xywh,iiif_xywh
001_道因法师碑_p0018_c017,韵,001_道因法师碑,道因法师碑,18,十八,2,0,524,526,161,161,518,537,164,139,"[518, 537, 164, 139]",505,523,190,167,"[505, 523, 190, 167]",11202,text_constrained_column_cell_pixel_assignment,assets/page_images/001_道因法师碑/p0018.jpg,1,http://data.library.sh.cn/bt/resource/work/v1e0qbx3r5wp1uw4,http://iiif.library.sh.cn/api/viewer/17A331,https://iiif.library.sh.cn/p/3/02c55611-7427-4cd0-a2cd-a15b5ccbaa9c,https://iiif.library.sh.cn/c/3/9021403f-52eb-4062-ab92-c96917b7a553,1444,2221,https://iiif.library.sh.cn/c/3/9021403f-52eb-4062-ab92-c96917b7a553/ap/s,https://iiif.library.sh.cn/c/3/9021403f-52eb-4062-ab92-c96917b7a553/ap/c/a/beeee1e6-231d-4505-8384-702336f70ce6,17,17,supplementing,"[524, 526, 161, 161]","[524, 526, 685, 687]","https://iiif.library.sh.cn/c/3/9021403f-52eb-4062-ab92-c96917b7a553#xywh=524,526,161,161",李俨撰文，欧阳通楷书,欧阳通（楷书）；李儇（撰文）,唐,龙朔三年十月十日刻立（663）,663,楷书,17A331,《翰墨瑰宝：上海图书馆藏珍本碑帖丛刊》第二辑,iiif_annotation_target_xywh,iiif_xywh
001_道因法师碑_p0018_c018,恬,001_道因法师碑,道因法师碑,18,十八,2,1,524,675,161,161,518,687,164,149,"[518, 687, 164, 149]",505,672,190,179,"[505, 672, 190, 179]",16127,text_constrained_column_cell_pixel_assignment,assets/page_images/001_道因法师碑/p0018.jpg,1,http://data.library.sh.cn/bt/resource/work/v1e0qbx3r5wp1uw4,http://iiif.library.sh.cn/api/viewer/17A331,https://iiif.library.sh.cn/p/3/02c55611-7427-4cd0-a2cd-a15b5ccbaa9c,https://iiif.library.sh.cn/c/3/9021403f-52eb-4062-ab92-c96917b7a553,1444,2221,https://iiif.library.sh.cn/c/3/9021403f-52eb-4062-ab92-c96917b7a553/ap/s,https://iiif.library.sh.cn/c/3/9021403f-52eb-4062-ab92-c96917b7a553/ap/c/a/f5845420-9a3a-4b17-8fe0-110faf48c3f9,18,18,supplementing,"[524, 675, 161, 161]","[524, 675, 685, 836]","https://iiif.library.sh.cn/c/3/9021403f-52eb-4062-ab92-c96917b7a553#xywh=524,675,161,161",李俨撰文，欧阳通楷书,欧阳通（楷书）；李儇（撰文）,唐,龙朔三年十月十日刻立（663）,663,楷书,17A331,《翰墨瑰宝：上海图书馆藏珍本碑帖丛刊》第二辑,iiif_annotation_target_xywh,iiif_xywh
001_道因法师碑_p0018_c019,爽,001_道因法师碑,道因法师碑,18,十八,2,2,524,848,161,161,518,848,164,164,"[518, 848, 164, 164]",505,832,190,196,"[505, 832, 190, 196]",11478,text_constrained_column_cell_pixel_assignment,assets/page_images/001_道因法师碑/p0018.jpg,1,http://data.library.sh.cn/bt/resource/work/v1e0qbx3r5wp1uw4,http://iiif.library.sh.cn/api/viewer/17A331,https://iiif.library.sh.cn/p/3/02c55611-7427-4cd0-a2cd-a15b5ccbaa9c,https://iiif.library.sh.cn/c/3/9021403f-52eb-4062-ab92-c96917b7a553,1444,2221,https://iiif.library.sh.cn/c/3/9021403f-52eb-4062-ab92-c96917b7a553/ap/s,https://iiif.library.sh.cn/c/3/9021403f-52eb-4062-ab92-c96917b7a553/ap/c/a/2e0dc6d1-904e-4549-b5e1-fa1902929456,19,19,supplementing,"[524, 848, 161, 161]","[524, 848, 685, 1009]","https://iiif.library.sh.cn/c/3/9021403f-52eb-4062-ab92-c96917b7a553#xywh=524,848,161,161",李俨撰文，欧阳通楷书,欧阳通（楷书）；李儇（撰文）,唐,龙朔三年十月十日刻立（663）,663,楷书,17A331,《翰墨瑰宝：上海图书馆藏珍本碑帖丛刊》第二辑,iiif_annotation_target_xywh,iiif_xywh
001_道因法师碑_p0018_c020,聪,001_道因法师碑,道因法师碑,18,十八,2,3,524,1027,161,161,518,1024,164,167,"[518, 1024, 164, 167]",505,1007,190,201,"[505, 1007, 190, 201]",13067,text_constrained_column_cell_pixel_assignment,assets/page_images/001_道因法师碑/p0018.jpg,1,http://data.library.sh.cn/bt/resource/work/v1e0qbx3r5wp1uw4,http://iiif.library.sh.cn/api/viewer/17A331,https://iiif.library.sh.cn/p/3/02c55611-7427-4cd0-a2cd-a15b5ccbaa9c,https://iiif.library.sh.cn/c/3/9021403f-52eb-4062-ab92-c96917b7a553,1444,2221,https://iiif.library.sh.cn/c/3/9021403f-52eb-4062-ab92-c96917b7a553/ap/s,https://iiif.library.sh.cn/c/3/9021403f-52eb-4062-ab92-c96917b7a553/ap/c/a/a2a81c4c-28c6-4717-aae3-a7072da0557b,20,20,supplementing,"[524, 1027, 161, 161]","[524, 1027, 685, 1188]","https://iiif.library.sh.cn/c/3/9021403f-52eb-4062-ab92-c96917b7a553#xywh=524,1027,161,161",李俨撰文，欧阳通楷书,欧阳通（楷书）；李儇（撰文）,唐,龙朔三年十月十日刻立（663）,663,楷书,17A331,《翰墨瑰宝：上海图书馆藏珍本碑帖丛刊》第二辑,iiif_annotation_target_xywh,iiif_xywh
001_道因法师碑_p0018_c021,晤,001_道因法师碑,道因法师碑,18,十八,2,4,524,1206,161,161,518,1203,164,162,"[518, 1203, 164, 162]",505,1187,190,194,"[505, 1187, 190, 194]",15390,text_constrained_column_cell_pixel_assignment,assets/page_images/001_道因法师碑/p0018.jpg,1,http://data.library.sh.cn/bt/resource/work/v1e0qbx3r5wp1uw4,http://iiif.library.sh.cn/api/viewer/17A331,https://iiif.library.sh.cn/p/3/02c55611-7427-4cd0-a2cd-a15b5ccbaa9c,https://iiif.library.sh.cn/c/3/9021403f-52eb-4062-ab92-c96917b7a553,1444,2221,https://iiif.library.sh.cn/c/3/9021403f-52eb-4062-ab92-c96917b7a553/ap/s,https://iiif.library.sh.cn/c/3/9021403f-52eb-4062-ab92-c96917b7a553/ap/c/a/b4ac29b0-d747-4a81-bf77-bda916dec32f,21,21,supplementing,"[524, 1206, 161, 161]","[524, 1206, 685, 1367]","https://iiif.library.sh.cn/c/3/9021403f-52eb-4062-ab92-c96917b7a553#xywh=524,1206,161,161",李俨撰文，欧阳通楷书,欧阳通（楷书）；李儇（撰文）,唐,龙朔三年十月十日刻立（663）,663,楷书,17A331,《翰墨瑰宝：上海图书馆藏珍本碑帖丛刊》第二辑,iiif_annotation_target_xywh,iiif_xywh
001_道因法师碑_p0018_c022,绝,001_道因法师碑,道因法师碑,18,十八,2,5,524,1375,161,161,518,1377,164,149,"[518, 1377, 164, 149]",505,1362,190,179,"[505, 1362, 190, 179]",10292,text_constrained_column_cell_pixel_assignment,assets/page_images/001_道因法师碑/p0018.jpg,1,http://data.library.sh.cn/bt/resource/work/v1e0qbx3r5wp1uw4,http://iiif.library.sh.cn/api/viewer/17A331,https://iiif.library.sh.cn/p/3/02c55611-7427-4cd0-a2cd-a15b5ccbaa9c,https://iiif.library.sh.cn/c/3/9021403f-52eb-4062-ab92-c96917b7a553,1444,2221,https://iiif.library.sh.cn/c/3/9021403f-52eb-4062-ab92-c96917b7a553/ap/s,https://iiif.library.sh.cn/c/3/9021403f-52eb-4062-ab92-c96917b7a553/ap/c/a/e75cfebd-9f5b-446e-9adc-0a026e95565f,22,22,supplementing,"[524, 1375, 161, 161]","[524, 1375, 685, 1536]","https://iiif.library.sh.cn/c/3/9021403f-52eb-4062-ab92-c96917b7a553#xywh=524,1375,161,161",李俨撰文，欧阳通楷书,欧阳通（楷书）；李儇（撰文）,唐,龙朔三年十月十日刻立（663）,663,楷书,17A331,《翰墨瑰宝：上海图书馆藏珍本碑帖丛刊》第二辑,iiif_annotation_target_xywh,iiif_xywh
001_道因法师碑_p0018_c023,群,001_道因法师碑,道因法师碑,18,十八,2,6,524,1527,161,161,518,1538,164,163,"[518, 1538, 164, 163]",505,1522,190,195,"[505, 1522, 190, 195]",12759,text_constrained_column_cell_pixel_assignment,assets/page_images/001_道因法师碑/p0018.jpg,1,http://data.library.sh.cn/bt/resource/work/v1e0qbx3r5wp1uw4,http://iiif.library.sh.cn/api/viewer/17A331,https://iiif.library.sh.cn/p/3/02c55611-7427-4cd0-a2cd-a15b5ccbaa9c,https://iiif.library.sh.cn/c/3/9021403f-52eb-4062-ab92-c96917b7a553,1444,2221,https://iiif.library.sh.cn/c/3/9021403f-52eb-4062-ab92-c96917b7a553/ap/s,https://iiif.library.sh.cn/c/3/9021403f-52eb-4062-ab92-c96917b7a553/ap/c/a/321e809b-f069-459a-8415-c447c4c74cc7,23,23,supplementing,"[524, 1527, 161, 161]","[524, 1527, 685, 1688]","https://iiif.library.sh.cn/c/3/9021403f-52eb-4062-ab92-c96917b7a553#xywh=524,1527,161,161",李俨撰文，欧阳通楷书,欧阳通（楷书）；李儇（撰文）,唐,龙朔三年十月十日刻立（663）,663,楷书,17A331,《翰墨瑰宝：上海图书馆藏珍本碑帖丛刊》第二辑,iiif_annotation_target_xywh,iiif_xywh
001_道因法师碑_p0018_c024,曾,001_道因法师碑,道因法师碑,18,十八,2,7,524,1727,161,161,518,1714,164,186,"[518, 1714, 164, 186]",505,1695,190,224,"[505, 1695, 190, 224]",16060,text_constrained_column_cell_pixel_assignment,assets/page_images/001_道因法师碑/p0018.jpg,1,http://data.library.sh.cn/bt/resource/work/v1e0qbx3r5wp1uw4,http://iiif.library.sh.cn/api/viewer/17A331,https://iiif.library.sh.cn/p/3/02c55611-7427-4cd0-a2cd-a15b5ccbaa9c,https://iiif.library.sh.cn/c/3/9021403f-52eb-4062-ab92-c96917b7a553,1444,2221,https://iiif.library.sh.cn/c/3/9021403f-52eb-4062-ab92-c96917b7a553/ap/s,https://iiif.library.sh.cn/c/3/9021403f-52eb-4062-ab92-c96917b7a553/ap/c/a/3ab79176-662b-4a14-a875-ea6a1e63191f,24,24,supplementing,"[524, 1727, 161, 161]","[524, 1727, 685, 1888]","https://iiif.library.sh.cn/c/3/9021403f-52eb-4062-ab92-c96917b7a553#xywh=524,1727,161,161",李俨撰文，欧阳通楷书,欧阳通（楷书）；李儇（撰文）,唐,龙朔三年十月十日刻立（663）,663,楷书,17A331,《翰墨瑰宝：上海图书馆藏珍本碑帖丛刊》第二辑,iiif_annotation_target_xywh,iiif_xywh
001_道因法师碑_p0018_c025,不,001_道因法师碑,道因法师碑,18,十八,3,0,335,532,175,175,343,562,163,115,"[343, 562, 163, 115]",330,550,189,138,"[330, 550, 189, 138]",7104,text_constrained_column_cell_pixel_assignment,assets/page_images/001_道因法师碑/p0018.jpg,1,http://data.library.sh.cn/bt/resource/work/v1e0qbx3r5wp1uw4,http://iiif.library.sh.cn/api/viewer/17A331,https://iiif.library.sh.cn/p/3/02c55611-7427-4cd0-a2cd-a15b5ccbaa9c,https://iiif.library.sh.cn/c/3/9021403f-52eb-4062-ab92-c96917b7a553,1444,2221,https://iiif.library.sh.cn/c/3/9021403f-52eb-4062-ab92-c96917b7a553/ap/s,https://iiif.library.sh.cn/c/3/9021403f-52eb-4062-ab92-c96917b7a553/ap/c/a/838ce91c-4a8c-4896-bb3c-58d96137b9b7,25,25,supplementing,"[335, 532, 175, 175]","[335, 532, 510, 707]","https://iiif.library.sh.cn/c/3/9021403f-52eb-4062-ab92-c96917b7a553#xywh=335,532,175,175",李俨撰文，欧阳通楷书,欧阳通（楷书）；李儇（撰文）,唐,龙朔三年十月十日刻立（663）,663,楷书,17A331,《翰墨瑰宝：上海图书馆藏珍本碑帖丛刊》第二辑,iiif_annotation_target_xywh,iiif_xywh
001_道因法师碑_p0018_c026,浃,001_道因法师碑,道因法师碑,18,十八,3,1,335,655,175,175,343,687,163,148,"[343, 687, 163, 148]",330,672,189,178,"[330, 672, 189, 178]",9999,text_constrained_column_cell_pixel_assignment,assets/page_images/001_道因法师碑/p0018.jpg,1,http://data.library.sh.cn/bt/resource/work/v1e0qbx3r5wp1uw4,http://iiif.library.sh.cn/api/viewer/17A331,https://iiif.library.sh.cn/p/3/02c55611-7427-4cd0-a2cd-a15b5ccbaa9c,https://iiif.library.sh.cn/c/3/9021403f-52eb-4062-ab92-c96917b7a553,1444,2221,https://iiif.library.sh.cn/c/3/9021403f-52eb-4062-ab92-c96917b7a553/ap/s,https://iiif.library.sh.cn/c/3/9021403f-52eb-4062-ab92-c96917b7a553/ap/c/a/d1cc467f-debb-4aec-9597-328b3d92fb04,26,26,supplementing,"[335, 655, 175, 175]","[335, 655, 510, 830]","https://iiif.library.sh.cn/c/3/9021403f-52eb-4062-ab92-c96917b7a553#xywh=335,655,175,175",李俨撰文，欧阳通楷书,欧阳通（楷书）；李儇（撰文）,唐,龙朔三年十月十日刻立（663）,663,楷书,17A331,《翰墨瑰宝：上海图书馆藏珍本碑帖丛刊》第二辑,iiif_annotation_target_xywh,iiif_xywh
001_道因法师碑_p0018_c027,旬,001_道因法师碑,道因法师碑,18,十八,3,2,335,852,175,175,343,848,163,176,"[343, 848, 163, 176]",330,830,189,212,"[330, 830, 189, 212]",11991,text_constrained_column_cell_pixel_assignment,assets/page_images/001_道因法师碑/p0018.jpg,1,http://data.library.sh.cn/bt/resource/work/v1e0qbx3r5wp1uw4,http://iiif.library.sh.cn/api/viewer/17A331,https://iiif.library.sh.cn/p/3/02c55611-7427-4cd0-a2cd-a15b5ccbaa9c,https://iiif.library.sh.cn/c/3/9021403f-52eb-4062-ab92-c96917b7a553,1444,2221,https://iiif.library.sh.cn/c/3/9021403f-52eb-4062-ab92-c96917b7a553/ap/s,https://iiif.library.sh.cn/c/3/9021403f-52eb-4062-ab92-c96917b7a553/ap/c/a/636b19e3-1d59-490e-a45a-ebad903c4075,27,27,supplementing,"[335, 852, 175, 175]","[335, 852, 510, 1027]","https://iiif.library.sh.cn/c/3/9021403f-52eb-4062-ab92-c96917b7a553#xywh=335,852,175,175",李俨撰文，欧阳通楷书,欧阳通（楷书）；李儇（撰文）,唐,龙朔三年十月十日刻立（663）,663,楷书,17A331,《翰墨瑰宝：上海图书馆藏珍本碑帖丛刊》第二辑,iiif_annotation_target_xywh,iiif_xywh
001_道因法师碑_p0018_c028,诵,001_道因法师碑,道因法师碑,18,十八,3,3,335,1035,175,175,343,1037,163,162,"[343, 1037, 163, 162]",330,1021,189,194,"[330, 1021, 189, 194]",13612,text_constrained_column_cell_pixel_assignment,assets/page_images/001_道因法师碑/p0018.jpg,1,http://data.library.sh.cn/bt/resource/work/v1e0qbx3r5wp1uw4,http://iiif.library.sh.cn/api/viewer/17A331,https://iiif.library.sh.cn/p/3/02c55611-7427-4cd0-a2cd-a15b5ccbaa9c,https://iiif.library.sh.cn/c/3/9021403f-52eb-4062-ab92-c96917b7a553,1444,2221,https://iiif.library.sh.cn/c/3/9021403f-52eb-4062-ab92-c96917b7a553/ap/s,https://iiif.library.sh.cn/c/3/9021403f-52eb-4062-ab92-c96917b7a553/ap/c/a/06c41d10-78d4-4738-bcb5-fbb030b8d2b6,28,28,supplementing,"[335, 1035, 175, 175]","[335, 1035, 510, 1210]","https://iiif.library.sh.cn/c/3/9021403f-52eb-4062-ab92-c96917b7a553#xywh=335,1035,175,175",李俨撰文，欧阳通楷书,欧阳通（楷书）；李儇（撰文）,唐,龙朔三年十月十日刻立（663）,663,楷书,17A331,《翰墨瑰宝：上海图书馆藏珍本碑帖丛刊》第二辑,iiif_annotation_target_xywh,iiif_xywh
001_道因法师碑_p0018_c029,涅,001_道因法师碑,道因法师碑,18,十八,3,4,335,1200,175,175,343,1211,163,162,"[343, 1211, 163, 162]",330,1195,189,194,"[330, 1195, 189, 194]",11236,text_constrained_column_cell_pixel_assignment,assets/page_images/001_道因法师碑/p0018.jpg,1,http://data.library.sh.cn/bt/resource/work/v1e0qbx3r5wp1uw4,http://iiif.library.sh.cn/api/viewer/17A331,https://iiif.library.sh.cn/p/3/02c55611-7427-4cd0-a2cd-a15b5ccbaa9c,https://iiif.library.sh.cn/c/3/9021403f-52eb-4062-ab92-c96917b7a553,1444,2221,https://iiif.library.sh.cn/c/3/9021403f-52eb-4062-ab92-c96917b7a553/ap/s,https://iiif.library.sh.cn/c/3/9021403f-52eb-4062-ab92-c96917b7a553/ap/c/a/7e1b0e38-61d5-49e0-a764-8662efefb05a,29,29,supplementing,"[335, 1200, 175, 175]","[335, 1200, 510, 1375]","https://iiif.library.sh.cn/c/3/9021403f-52eb-4062-ab92-c96917b7a553#xywh=335,1200,175,175",李俨撰文，欧阳通楷书,欧阳通（楷书）；李儇（撰文）,唐,龙朔三年十月十日刻立（663）,663,楷书,17A331,《翰墨瑰宝：上海图书馆藏珍本碑帖丛刊》第二辑,iiif_annotation_target_xywh,iiif_xywh
001_道因法师碑_p0018_c030,槃,001_道因法师碑,道因法师碑,18,十八,3,5,335,1391,160,160,343,1386,163,183,"[343, 1386, 163, 183]",330,1368,189,219,"[330, 1368, 189, 219]",11092,text_constrained_column_cell_pixel_assignment,assets/page_images/001_道因法师碑/p0018.jpg,1,http://data.library.sh.cn/bt/resource/work/v1e0qbx3r5wp1uw4,http://iiif.library.sh.cn/api/viewer/17A331,https://iiif.library.sh.cn/p/3/02c55611-7427-4cd0-a2cd-a15b5ccbaa9c,https://iiif.library.sh.cn/c/3/9021403f-52eb-4062-ab92-c96917b7a553,1444,2221,https://iiif.library.sh.cn/c/3/9021403f-52eb-4062-ab92-c96917b7a553/ap/s,https://iiif.library.sh.cn/c/3/9021403f-52eb-4062-ab92-c96917b7a553/ap/c/a/b5ce26c0-c55b-485c-b515-56963b809814,30,30,supplementing,"[335, 1391, 160, 160]","[335, 1391, 495, 1551]","https://iiif.library.sh.cn/c/3/9021403f-52eb-4062-ab92-c96917b7a553#xywh=335,1391,160,160",李俨撰文，欧阳通楷书,欧阳通（楷书）；李儇（撰文）,唐,龙朔三年十月十日刻立（663）,663,楷书,17A331,《翰墨瑰宝：上海图书馆藏珍本碑帖丛刊》第二辑,iiif_annotation_target_xywh,iiif_xywh
001_道因法师碑_p0018_c031,二,001_道因法师碑,道因法师碑,18,十八,3,6,335,1601,160,160,343,1582,163,171,"[343, 1582, 163, 171]",330,1565,189,205,"[330, 1565, 189, 205]",9694,text_constrained_column_cell_pixel_assignment,assets/page_images/001_道因法师碑/p0018.jpg,1,http://data.library.sh.cn/bt/resource/work/v1e0qbx3r5wp1uw4,http://iiif.library.sh.cn/api/viewer/17A331,https://iiif.library.sh.cn/p/3/02c55611-7427-4cd0-a2cd-a15b5ccbaa9c,https://iiif.library.sh.cn/c/3/9021403f-52eb-4062-ab92-c96917b7a553,1444,2221,https://iiif.library.sh.cn/c/3/9021403f-52eb-4062-ab92-c96917b7a553/ap/s,https://iiif.library.sh.cn/c/3/9021403f-52eb-4062-ab92-c96917b7a553/ap/c/a/c667a8c7-2874-4de9-a783-754597182485,31,31,supplementing,"[335, 1601, 160, 160]","[335, 1601, 495, 1761]","https://iiif.library.sh.cn/c/3/9021403f-52eb-4062-ab92-c96917b7a553#xywh=335,1601,160,160",李俨撰文，欧阳通楷书,欧阳通（楷书）；李儇（撰文）,唐,龙朔三年十月十日刻立（663）,663,楷书,17A331,《翰墨瑰宝：上海图书馆藏珍本碑帖丛刊》第二辑,iiif_annotation_target_xywh,iiif_xywh
001_道因法师碑_p0018_c032,帙,001_道因法师碑,道因法师碑,18,十八,3,7,335,1757,160,160,343,1764,163,146,"[343, 1764, 163, 146]",330,1749,189,176,"[330, 1749, 189, 176]",10859,text_constrained_column_cell_pixel_assignment,assets/page_images/001_道因法师碑/p0018.jpg,1,http://data.library.sh.cn/bt/resource/work/v1e0qbx3r5wp1uw4,http://iiif.library.sh.cn/api/viewer/17A331,https://iiif.library.sh.cn/p/3/02c55611-7427-4cd0-a2cd-a15b5ccbaa9c,https://iiif.library.sh.cn/c/3/9021403f-52eb-4062-ab92-c96917b7a553,1444,2221,https://iiif.library.sh.cn/c/3/9021403f-52eb-4062-ab92-c96917b7a553/ap/s,https://iiif.library.sh.cn/c/3/9021403f-52eb-4062-ab92-c96917b7a553/ap/c/a/07c1b770-3850-469b-8b4f-97c0be153c03,32,32,supplementing,"[335, 1757, 160, 160]","[335, 1757, 495, 1917]","https://iiif.library.sh.cn/c/3/9021403f-52eb-4062-ab92-c96917b7a553#xywh=335,1757,160,160",李俨撰文，欧阳通楷书,欧阳通（楷书）；李儇（撰文）,唐,龙朔三年十月十日刻立（663）,663,楷书,17A331,《翰墨瑰宝：上海图书馆藏珍本碑帖丛刊》第二辑,iiif_annotation_target_xywh,iiif_xywh
001_道因法师碑_p0018_c033,举,001_道因法师碑,道因法师碑,18,十八,4,0,186,528,136,136,177,518,154,156,"[177, 518, 154, 156]",165,502,178,188,"[165, 502, 178, 188]",9518,text_constrained_column_cell_pixel_assignment,assets/page_images/001_道因法师碑/p0018.jpg,1,http://data.library.sh.cn/bt/resource/work/v1e0qbx3r5wp1uw4,http://iiif.library.sh.cn/api/viewer/17A331,https://iiif.library.sh.cn/p/3/02c55611-7427-4cd0-a2cd-a15b5ccbaa9c,https://iiif.library.sh.cn/c/3/9021403f-52eb-4062-ab92-c96917b7a553,1444,2221,https://iiif.library.sh.cn/c/3/9021403f-52eb-4062-ab92-c96917b7a553/ap/s,https://iiif.library.sh.cn/c/3/9021403f-52eb-4062-ab92-c96917b7a553/ap/c/a/42ad9dc9-4292-4734-9851-8dd73f2e99c7,33,33,supplementing,"[186, 528, 136, 136]","[186, 528, 322, 664]","https://iiif.library.sh.cn/c/3/9021403f-52eb-4062-ab92-c96917b7a553#xywh=186,528,136,136",李俨撰文，欧阳通楷书,欧阳通（楷书）；李儇（撰文）,唐,龙朔三年十月十日刻立（663）,663,楷书,17A331,《翰墨瑰宝：上海图书馆藏珍本碑帖丛刊》第二辑,iiif_annotation_target_xywh,iiif_xywh
001_道因法师碑_p0018_c034,众,001_道因法师碑,道因法师碑,18,十八,4,1,186,695,136,136,177,685,154,160,"[177, 685, 154, 160]",165,669,178,192,"[165, 669, 178, 192]",10854,text_constrained_column_cell_pixel_assignment,assets/page_images/001_道因法师碑/p0018.jpg,1,http://data.library.sh.cn/bt/resource/work/v1e0qbx3r5wp1uw4,http://iiif.library.sh.cn/api/viewer/17A331,https://iiif.library.sh.cn/p/3/02c55611-7427-4cd0-a2cd-a15b5ccbaa9c,https://iiif.library.sh.cn/c/3/9021403f-52eb-4062-ab92-c96917b7a553,1444,2221,https://iiif.library.sh.cn/c/3/9021403f-52eb-4062-ab92-c96917b7a553/ap/s,https://iiif.library.sh.cn/c/3/9021403f-52eb-4062-ab92-c96917b7a553/ap/c/a/abc73631-abca-4215-a354-b138be4bd57f,34,34,supplementing,"[186, 695, 136, 136]","[186, 695, 322, 831]","https://iiif.library.sh.cn/c/3/9021403f-52eb-4062-ab92-c96917b7a553#xywh=186,695,136,136",李俨撰文，欧阳通楷书,欧阳通（楷书）；李儇（撰文）,唐,龙朔三年十月十日刻立（663）,663,楷书,17A331,《翰墨瑰宝：上海图书馆藏珍本碑帖丛刊》第二辑,iiif_annotation_target_xywh,iiif_xywh
001_道因法师碑_p0018_c035,嗟,001_道因法师碑,道因法师碑,18,十八,4,2,186,870,136,136,177,857,154,166,"[177, 857, 154, 166]",165,840,178,200,"[165, 840, 178, 200]",10017,text_constrained_column_cell_pixel_assignment,assets/page_images/001_道因法师碑/p0018.jpg,1,http://data.library.sh.cn/bt/resource/work/v1e0qbx3r5wp1uw4,http://iiif.library.sh.cn/api/viewer/17A331,https://iiif.library.sh.cn/p/3/02c55611-7427-4cd0-a2cd-a15b5ccbaa9c,https://iiif.library.sh.cn/c/3/9021403f-52eb-4062-ab92-c96917b7a553,1444,2221,https://iiif.library.sh.cn/c/3/9021403f-52eb-4062-ab92-c96917b7a553/ap/s,https://iiif.library.sh.cn/c/3/9021403f-52eb-4062-ab92-c96917b7a553/ap/c/a/99401630-43f2-4bb9-989f-9de6311e8e6b,35,35,supplementing,"[186, 870, 136, 136]","[186, 870, 322, 1006]","https://iiif.library.sh.cn/c/3/9021403f-52eb-4062-ab92-c96917b7a553#xywh=186,870,136,136",李俨撰文，欧阳通楷书,欧阳通（楷书）；李儇（撰文）,唐,龙朔三年十月十日刻立（663）,663,楷书,17A331,《翰墨瑰宝：上海图书馆藏珍本碑帖丛刊》第二辑,iiif_annotation_target_xywh,iiif_xywh
001_道因法师碑_p0018_c036,骇,001_道因法师碑,道因法师碑,18,十八,4,3,186,1053,136,136,177,1036,154,169,"[177, 1036, 154, 169]",165,1019,178,203,"[165, 1019, 178, 203]",11805,text_constrained_column_cell_pixel_assignment,assets/page_images/001_道因法师碑/p0018.jpg,1,http://data.library.sh.cn/bt/resource/work/v1e0qbx3r5wp1uw4,http://iiif.library.sh.cn/api/viewer/17A331,https://iiif.library.sh.cn/p/3/02c55611-7427-4cd0-a2cd-a15b5ccbaa9c,https://iiif.library.sh.cn/c/3/9021403f-52eb-4062-ab92-c96917b7a553,1444,2221,https://iiif.library.sh.cn/c/3/9021403f-52eb-4062-ab92-c96917b7a553/ap/s,https://iiif.library.sh.cn/c/3/9021403f-52eb-4062-ab92-c96917b7a553/ap/c/a/730839ed-f5f5-43a8-840f-650b89d7039f,36,36,supplementing,"[186, 1053, 136, 136]","[186, 1053, 322, 1189]","https://iiif.library.sh.cn/c/3/9021403f-52eb-4062-ab92-c96917b7a553#xywh=186,1053,136,136",李俨撰文，欧阳通楷书,欧阳通（楷书）；李儇（撰文）,唐,龙朔三年十月十日刻立（663）,663,楷书,17A331,《翰墨瑰宝：上海图书馆藏珍本碑帖丛刊》第二辑,iiif_annotation_target_xywh,iiif_xywh
001_道因法师碑_p0018_c037,以,001_道因法师碑,道因法师碑,18,十八,4,4,186,1234,136,136,177,1218,154,164,"[177, 1218, 154, 164]",165,1202,178,196,"[165, 1202, 178, 196]",9491,text_constrained_column_cell_pixel_assignment,assets/page_images/001_道因法师碑/p0018.jpg,1,http://data.library.sh.cn/bt/resource/work/v1e0qbx3r5wp1uw4,http://iiif.library.sh.cn/api/viewer/17A331,https://iiif.library.sh.cn/p/3/02c55611-7427-4cd0-a2cd-a15b5ccbaa9c,https://iiif.library.sh.cn/c/3/9021403f-52eb-4062-ab92-c96917b7a553,1444,2221,https://iiif.library.sh.cn/c/3/9021403f-52eb-4062-ab92-c96917b7a553/ap/s,https://iiif.library.sh.cn/c/3/9021403f-52eb-4062-ab92-c96917b7a553/ap/c/a/788aded4-7d20-42cf-8215-e2b9e5e17c67,37,37,supplementing,"[186, 1234, 136, 136]","[186, 1234, 322, 1370]","https://iiif.library.sh.cn/c/3/9021403f-52eb-4062-ab92-c96917b7a553#xywh=186,1234,136,136",李俨撰文，欧阳通楷书,欧阳通（楷书）；李儇（撰文）,唐,龙朔三年十月十日刻立（663）,663,楷书,17A331,《翰墨瑰宝：上海图书馆藏珍本碑帖丛刊》第二辑,iiif_annotation_target_xywh,iiif_xywh
001_道因法师碑_p0018_c038,为,001_道因法师碑,道因法师碑,18,十八,4,5,186,1407,136,136,177,1395,154,161,"[177, 1395, 154, 161]",165,1379,178,193,"[165, 1379, 178, 193]",10421,text_constrained_column_cell_pixel_assignment,assets/page_images/001_道因法师碑/p0018.jpg,1,http://data.library.sh.cn/bt/resource/work/v1e0qbx3r5wp1uw4,http://iiif.library.sh.cn/api/viewer/17A331,https://iiif.library.sh.cn/p/3/02c55611-7427-4cd0-a2cd-a15b5ccbaa9c,https://iiif.library.sh.cn/c/3/9021403f-52eb-4062-ab92-c96917b7a553,1444,2221,https://iiif.library.sh.cn/c/3/9021403f-52eb-4062-ab92-c96917b7a553/ap/s,https://iiif.library.sh.cn/c/3/9021403f-52eb-4062-ab92-c96917b7a553/ap/c/a/85058b99-0d67-4535-804d-9aceb8d7adf6,38,38,supplementing,"[186, 1407, 136, 136]","[186, 1407, 322, 1543]","https://iiif.library.sh.cn/c/3/9021403f-52eb-4062-ab92-c96917b7a553#xywh=186,1407,136,136",李俨撰文，欧阳通楷书,欧阳通（楷书）；李儇（撰文）,唐,龙朔三年十月十日刻立（663）,663,楷书,17A331,《翰墨瑰宝：上海图书馆藏珍本碑帖丛刊》第二辑,iiif_annotation_target_xywh,iiif_xywh
001_道因法师碑_p0018_c039,神,001_道因法师碑,道因法师碑,18,十八,4,6,186,1582,136,136,177,1569,154,161,"[177, 1569, 154, 161]",165,1553,178,193,"[165, 1553, 178, 193]",11882,text_constrained_column_cell_pixel_assignment,assets/page_images/001_道因法师碑/p0018.jpg,1,http://data.library.sh.cn/bt/resource/work/v1e0qbx3r5wp1uw4,http://iiif.library.sh.cn/api/viewer/17A331,https://iiif.library.sh.cn/p/3/02c55611-7427-4cd0-a2cd-a15b5ccbaa9c,https://iiif.library.sh.cn/c/3/9021403f-52eb-4062-ab92-c96917b7a553,1444,2221,https://iiif.library.sh.cn/c/3/9021403f-52eb-4062-ab92-c96917b7a553/ap/s,https://iiif.library.sh.cn/c/3/9021403f-52eb-4062-ab92-c96917b7a553/ap/c/a/397665a6-6c72-439c-8b8c-19f50aed93ce,39,39,supplementing,"[186, 1582, 136, 136]","[186, 1582, 322, 1718]","https://iiif.library.sh.cn/c/3/9021403f-52eb-4062-ab92-c96917b7a553#xywh=186,1582,136,136",李俨撰文，欧阳通楷书,欧阳通（楷书）；李儇（撰文）,唐,龙朔三年十月十日刻立（663）,663,楷书,17A331,《翰墨瑰宝：上海图书馆藏珍本碑帖丛刊》第二辑,iiif_annotation_target_xywh,iiif_xywh
001_道因法师碑_p0018_c040,童,001_道因法师碑,道因法师碑,18,十八,4,7,186,1755,136,136,177,1743,154,160,"[177, 1743, 154, 160]",165,1727,178,192,"[165, 1727, 178, 192]",12901,text_constrained_column_cell_pixel_assignment,assets/page_images/001_道因法师碑/p0018.jpg,1,http://data.library.sh.cn/bt/resource/work/v1e0qbx3r5wp1uw4,http://iiif.library.sh.cn/api/viewer/17A331,https://iiif.library.sh.cn/p/3/02c55611-7427-4cd0-a2cd-a15b5ccbaa9c,https://iiif.library.sh.cn/c/3/9021403f-52eb-4062-ab92-c96917b7a553,1444,2221,https://iiif.library.sh.cn/c/3/9021403f-52eb-4062-ab92-c96917b7a553/ap/s,https://iiif.library.sh.cn/c/3/9021403f-52eb-4062-ab92-c96917b7a553/ap/c/a/2e91429e-2e56-4363-b73c-6cf6374c90d3,40,40,supplementing,"[186, 1755, 136, 136]","[186, 1755, 322, 1891]","https://iiif.library.sh.cn/c/3/9021403f-52eb-4062-ab92-c96917b7a553#xywh=186,1755,136,136",李俨撰文，欧阳通楷书,欧阳通（楷书）；李儇（撰文）,唐,龙朔三年十月十日刻立（663）,663,楷书,17A331,《翰墨瑰宝：上海图书馆藏珍本碑帖丛刊》第二辑,iiif_annotation_target_xywh,iiif_xywh
001_道因法师碑_p0019_c001,逮,001_道因法师碑,道因法师碑,19,十九,0,0,1125,518,145,145,1113,513,169,155,"[1113, 513, 169, 155]",1099,498,197,186,"[1099, 498, 197, 186]",15125,text_constrained_column_cell_pixel_assignment,assets/page_images/001_道因法师碑/p0019.jpg,1,http://data.library.sh.cn/bt/resource/work/v1e0qbx3r5wp1uw4,http://iiif.library.sh.cn/api/viewer/17A331,https://iiif.library.sh.cn/p/3/02c55611-7427-4cd0-a2cd-a15b5ccbaa9c,https://iiif.library.sh.cn/c/3/63b4bfea-2e64-4e3a-a102-f09a425ff494,1444,2213,https://iiif.library.sh.cn/c/3/63b4bfea-2e64-4e3a-a102-f09a425ff494/ap/s,https://iiif.library.sh.cn/c/3/63b4bfea-2e64-4e3a-a102-f09a425ff494/ap/c/a/bcae9a5f-6a19-47e0-8667-6803cbcb6ba6,1,1,supplementing,"[1125, 518, 145, 145]","[1125, 518, 1270, 663]","https://iiif.library.sh.cn/c/3/63b4bfea-2e64-4e3a-a102-f09a425ff494#xywh=1125,518,145,145",李俨撰文，欧阳通楷书,欧阳通（楷书）；李儇（撰文）,唐,龙朔三年十月十日刻立（663）,663,楷书,17A331,《翰墨瑰宝：上海图书馆藏珍本碑帖丛刊》第二辑,iiif_annotation_target_xywh,iiif_xywh
001_道因法师碑_p0019_c002,乎,001_道因法师碑,道因法师碑,19,十九,0,1,1125,684,145,145,1113,680,169,164,"[1113, 680, 169, 164]",1099,664,197,196,"[1099, 664, 197, 196]",15338,text_constrained_column_cell_pixel_assignment,assets/page_images/001_道因法师碑/p0019.jpg,1,http://data.library.sh.cn/bt/resource/work/v1e0qbx3r5wp1uw4,http://iiif.library.sh.cn/api/viewer/17A331,https://iiif.library.sh.cn/p/3/02c55611-7427-4cd0-a2cd-a15b5ccbaa9c,https://iiif.library.sh.cn/c/3/63b4bfea-2e64-4e3a-a102-f09a425ff494,1444,2213,https://iiif.library.sh.cn/c/3/63b4bfea-2e64-4e3a-a102-f09a425ff494/ap/s,https://iiif.library.sh.cn/c/3/63b4bfea-2e64-4e3a-a102-f09a425ff494/ap/c/a/c9001b16-98a6-4ebb-a5c3-f77a1f95d61f,2,2,supplementing,"[1125, 684, 145, 145]","[1125, 684, 1270, 829]","https://iiif.library.sh.cn/c/3/63b4bfea-2e64-4e3a-a102-f09a425ff494#xywh=1125,684,145,145",李俨撰文，欧阳通楷书,欧阳通（楷书）；李儇（撰文）,唐,龙朔三年十月十日刻立（663）,663,楷书,17A331,《翰墨瑰宝：上海图书馆藏珍本碑帖丛刊》第二辑,iiif_annotation_target_xywh,iiif_xywh
001_道因法师碑_p0019_c003,初,001_道因法师碑,道因法师碑,19,十九,0,2,1125,871,145,145,1113,856,169,171,"[1113, 856, 169, 171]",1099,839,197,205,"[1099, 839, 197, 205]",16206,text_constrained_column_cell_pixel_assignment,assets/page_images/001_道因法师碑/p0019.jpg,1,http://data.library.sh.cn/bt/resource/work/v1e0qbx3r5wp1uw4,http://iiif.library.sh.cn/api/viewer/17A331,https://iiif.library.sh.cn/p/3/02c55611-7427-4cd0-a2cd-a15b5ccbaa9c,https://iiif.library.sh.cn/c/3/63b4bfea-2e64-4e3a-a102-f09a425ff494,1444,2213,https://iiif.library.sh.cn/c/3/63b4bfea-2e64-4e3a-a102-f09a425ff494/ap/s,https://iiif.library.sh.cn/c/3/63b4bfea-2e64-4e3a-a102-f09a425ff494/ap/c/a/63f82f6c-0cbd-4c6e-a08b-1a94a6c60da0,3,3,supplementing,"[1125, 871, 145, 145]","[1125, 871, 1270, 1016]","https://iiif.library.sh.cn/c/3/63b4bfea-2e64-4e3a-a102-f09a425ff494#xywh=1125,871,145,145",李俨撰文，欧阳通楷书,欧阳通（楷书）；李儇（撰文）,唐,龙朔三年十月十日刻立（663）,663,楷书,17A331,《翰墨瑰宝：上海图书馆藏珍本碑帖丛刊》第二辑,iiif_annotation_target_xywh,iiif_xywh
001_道因法师碑_p0019_c004,卝,001_道因法师碑,道因法师碑,19,十九,0,3,1125,1050,145,145,1113,1039,169,163,"[1113, 1039, 169, 163]",1099,1023,197,195,"[1099, 1023, 197, 195]",14825,text_constrained_column_cell_pixel_assignment,assets/page_images/001_道因法师碑/p0019.jpg,1,http://data.library.sh.cn/bt/resource/work/v1e0qbx3r5wp1uw4,http://iiif.library.sh.cn/api/viewer/17A331,https://iiif.library.sh.cn/p/3/02c55611-7427-4cd0-a2cd-a15b5ccbaa9c,https://iiif.library.sh.cn/c/3/63b4bfea-2e64-4e3a-a102-f09a425ff494,1444,2213,https://iiif.library.sh.cn/c/3/63b4bfea-2e64-4e3a-a102-f09a425ff494/ap/s,https://iiif.library.sh.cn/c/3/63b4bfea-2e64-4e3a-a102-f09a425ff494/ap/c/a/bf73db1d-0086-4f6f-967b-d39e5f15b394,4,4,supplementing,"[1125, 1050, 145, 145]","[1125, 1050, 1270, 1195]","https://iiif.library.sh.cn/c/3/63b4bfea-2e64-4e3a-a102-f09a425ff494#xywh=1125,1050,145,145",李俨撰文，欧阳通楷书,欧阳通（楷书）；李儇（撰文）,唐,龙朔三年十月十日刻立（663）,663,楷书,17A331,《翰墨瑰宝：上海图书馆藏珍本碑帖丛刊》第二辑,iiif_annotation_target_xywh,iiif_xywh
001_道因法师碑_p0019_c005,方,001_道因法师碑,道因法师碑,19,十九,0,4,1125,1221,145,145,1113,1214,169,156,"[1113, 1214, 169, 156]",1099,1198,197,188,"[1099, 1198, 197, 188]",14510,text_constrained_column_cell_pixel_assignment,assets/page_images/001_道因法师碑/p0019.jpg,1,http://data.library.sh.cn/bt/resource/work/v1e0qbx3r5wp1uw4,http://iiif.library.sh.cn/api/viewer/17A331,https://iiif.library.sh.cn/p/3/02c55611-7427-4cd0-a2cd-a15b5ccbaa9c,https://iiif.library.sh.cn/c/3/63b4bfea-2e64-4e3a-a102-f09a425ff494,1444,2213,https://iiif.library.sh.cn/c/3/63b4bfea-2e64-4e3a-a102-f09a425ff494/ap/s,https://iiif.library.sh.cn/c/3/63b4bfea-2e64-4e3a-a102-f09a425ff494/ap/c/a/17e036f0-e54b-45c7-90f7-35988c8b4a5e,5,5,supplementing,"[1125, 1221, 145, 145]","[1125, 1221, 1270, 1366]","https://iiif.library.sh.cn/c/3/63b4bfea-2e64-4e3a-a102-f09a425ff494#xywh=1125,1221,145,145",李俨撰文，欧阳通楷书,欧阳通（楷书）；李儇（撰文）,唐,龙朔三年十月十日刻立（663）,663,楷书,17A331,《翰墨瑰宝：上海图书馆藏珍本碑帖丛刊》第二辑,iiif_annotation_target_xywh,iiif_xywh
001_道因法师碑_p0019_c006,蒙,001_道因法师碑,道因法师碑,19,十九,0,5,1125,1386,145,145,1113,1382,169,155,"[1113, 1382, 169, 155]",1099,1366,197,186,"[1099, 1366, 197, 186]",15085,text_constrained_column_cell_pixel_assignment,assets/page_images/001_道因法师碑/p0019.jpg,1,http://data.library.sh.cn/bt/resource/work/v1e0qbx3r5wp1uw4,http://iiif.library.sh.cn/api/viewer/17A331,https://iiif.library.sh.cn/p/3/02c55611-7427-4cd0-a2cd-a15b5ccbaa9c,https://iiif.library.sh.cn/c/3/63b4bfea-2e64-4e3a-a102-f09a425ff494,1444,2213,https://iiif.library.sh.cn/c/3/63b4bfea-2e64-4e3a-a102-f09a425ff494/ap/s,https://iiif.library.sh.cn/c/3/63b4bfea-2e64-4e3a-a102-f09a425ff494/ap/c/a/6e5ac1de-582e-43cc-aad4-308b3c07e9d1,6,6,supplementing,"[1125, 1386, 145, 145]","[1125, 1386, 1270, 1531]","https://iiif.library.sh.cn/c/3/63b4bfea-2e64-4e3a-a102-f09a425ff494#xywh=1125,1386,145,145",李俨撰文，欧阳通楷书,欧阳通（楷书）；李儇（撰文）,唐,龙朔三年十月十日刻立（663）,663,楷书,17A331,《翰墨瑰宝：上海图书馆藏珍本碑帖丛刊》第二辑,iiif_annotation_target_xywh,iiif_xywh
001_道因法师碑_p0019_c007,落,001_道因法师碑,道因法师碑,19,十九,0,6,1125,1555,145,145,1113,1549,169,168,"[1113, 1549, 169, 168]",1099,1532,197,202,"[1099, 1532, 197, 202]",15054,text_constrained_column_cell_pixel_assignment,assets/page_images/001_道因法师碑/p0019.jpg,1,http://data.library.sh.cn/bt/resource/work/v1e0qbx3r5wp1uw4,http://iiif.library.sh.cn/api/viewer/17A331,https://iiif.library.sh.cn/p/3/02c55611-7427-4cd0-a2cd-a15b5ccbaa9c,https://iiif.library.sh.cn/c/3/63b4bfea-2e64-4e3a-a102-f09a425ff494,1444,2213,https://iiif.library.sh.cn/c/3/63b4bfea-2e64-4e3a-a102-f09a425ff494/ap/s,https://iiif.library.sh.cn/c/3/63b4bfea-2e64-4e3a-a102-f09a425ff494/ap/c/a/6f08177c-984d-4c2b-a1f7-489822e6f7cd,7,7,supplementing,"[1125, 1555, 145, 145]","[1125, 1555, 1270, 1700]","https://iiif.library.sh.cn/c/3/63b4bfea-2e64-4e3a-a102-f09a425ff494#xywh=1125,1555,145,145",李俨撰文，欧阳通楷书,欧阳通（楷书）；李儇（撰文）,唐,龙朔三年十月十日刻立（663）,663,楷书,17A331,《翰墨瑰宝：上海图书馆藏珍本碑帖丛刊》第二辑,iiif_annotation_target_xywh,iiif_xywh
001_道因法师碑_p0019_c008,发,001_道因法师碑,道因法师碑,19,十九,0,7,1125,1746,145,145,1113,1730,169,177,"[1113, 1730, 169, 177]",1099,1712,197,213,"[1099, 1712, 197, 213]",19582,text_constrained_column_cell_pixel_assignment,assets/page_images/001_道因法师碑/p0019.jpg,1,http://data.library.sh.cn/bt/resource/work/v1e0qbx3r5wp1uw4,http://iiif.library.sh.cn/api/viewer/17A331,https://iiif.library.sh.cn/p/3/02c55611-7427-4cd0-a2cd-a15b5ccbaa9c,https://iiif.library.sh.cn/c/3/63b4bfea-2e64-4e3a-a102-f09a425ff494,1444,2213,https://iiif.library.sh.cn/c/3/63b4bfea-2e64-4e3a-a102-f09a425ff494/ap/s,https://iiif.library.sh.cn/c/3/63b4bfea-2e64-4e3a-a102-f09a425ff494/ap/c/a/0e425c44-15aa-4408-9d7a-6f352bcbc522,8,8,supplementing,"[1125, 1746, 145, 145]","[1125, 1746, 1270, 1891]","https://iiif.library.sh.cn/c/3/63b4bfea-2e64-4e3a-a102-f09a425ff494#xywh=1125,1746,145,145",李俨撰文，欧阳通楷书,欧阳通（楷书）；李儇（撰文）,唐,龙朔三年十月十日刻立（663）,663,楷书,17A331,《翰墨瑰宝：上海图书馆藏珍本碑帖丛刊》第二辑,iiif_annotation_target_xywh,iiif_xywh
001_道因法师碑_p0019_c009,于,001_道因法师碑,道因法师碑,19,十九,1,0,940,524,150,150,935,526,165,146,"[935, 526, 165, 146]",922,511,191,176,"[922, 511, 191, 176]",11709,text_constrained_column_cell_pixel_assignment,assets/page_images/001_道因法师碑/p0019.jpg,1,http://data.library.sh.cn/bt/resource/work/v1e0qbx3r5wp1uw4,http://iiif.library.sh.cn/api/viewer/17A331,https://iiif.library.sh.cn/p/3/02c55611-7427-4cd0-a2cd-a15b5ccbaa9c,https://iiif.library.sh.cn/c/3/63b4bfea-2e64-4e3a-a102-f09a425ff494,1444,2213,https://iiif.library.sh.cn/c/3/63b4bfea-2e64-4e3a-a102-f09a425ff494/ap/s,https://iiif.library.sh.cn/c/3/63b4bfea-2e64-4e3a-a102-f09a425ff494/ap/c/a/10d01a9d-4c47-458b-8dd4-e00b24b9f46a,9,9,supplementing,"[940, 524, 150, 150]","[940, 524, 1090, 674]","https://iiif.library.sh.cn/c/3/63b4bfea-2e64-4e3a-a102-f09a425ff494#xywh=940,524,150,150",李俨撰文，欧阳通楷书,欧阳通（楷书）；李儇（撰文）,唐,龙朔三年十月十日刻立（663）,663,楷书,17A331,《翰墨瑰宝：上海图书馆藏珍本碑帖丛刊》第二辑,iiif_annotation_target_xywh,iiif_xywh
001_道因法师碑_p0019_c010,是,001_道因法师碑,道因法师碑,19,十九,1,1,940,682,150,150,935,684,165,147,"[935, 684, 165, 147]",922,669,191,177,"[922, 669, 191, 177]",10154,text_constrained_column_cell_pixel_assignment,assets/page_images/001_道因法师碑/p0019.jpg,1,http://data.library.sh.cn/bt/resource/work/v1e0qbx3r5wp1uw4,http://iiif.library.sh.cn/api/viewer/17A331,https://iiif.library.sh.cn/p/3/02c55611-7427-4cd0-a2cd-a15b5ccbaa9c,https://iiif.library.sh.cn/c/3/63b4bfea-2e64-4e3a-a102-f09a425ff494,1444,2213,https://iiif.library.sh.cn/c/3/63b4bfea-2e64-4e3a-a102-f09a425ff494/ap/s,https://iiif.library.sh.cn/c/3/63b4bfea-2e64-4e3a-a102-f09a425ff494/ap/c/a/e7959c68-be4c-4a29-895c-b306cc1d11e9,10,10,supplementing,"[940, 682, 150, 150]","[940, 682, 1090, 832]","https://iiif.library.sh.cn/c/3/63b4bfea-2e64-4e3a-a102-f09a425ff494#xywh=940,682,150,150",李俨撰文，欧阳通楷书,欧阳通（楷书）；李儇（撰文）,唐,龙朔三年十月十日刻立（663）,663,楷书,17A331,《翰墨瑰宝：上海图书馆藏珍本碑帖丛刊》第二辑,iiif_annotation_target_xywh,iiif_xywh
001_道因法师碑_p0019_c011,砥,001_道因法师碑,道因法师碑,19,十九,1,2,940,841,150,150,935,843,165,169,"[935, 843, 165, 169]",922,826,191,203,"[922, 826, 191, 203]",10952,text_constrained_column_cell_pixel_assignment,assets/page_images/001_道因法师碑/p0019.jpg,1,http://data.library.sh.cn/bt/resource/work/v1e0qbx3r5wp1uw4,http://iiif.library.sh.cn/api/viewer/17A331,https://iiif.library.sh.cn/p/3/02c55611-7427-4cd0-a2cd-a15b5ccbaa9c,https://iiif.library.sh.cn/c/3/63b4bfea-2e64-4e3a-a102-f09a425ff494,1444,2213,https://iiif.library.sh.cn/c/3/63b4bfea-2e64-4e3a-a102-f09a425ff494/ap/s,https://iiif.library.sh.cn/c/3/63b4bfea-2e64-4e3a-a102-f09a425ff494/ap/c/a/15d6eece-911e-4bf3-83c5-84d3dc0bcee4,11,11,supplementing,"[940, 841, 150, 150]","[940, 841, 1090, 991]","https://iiif.library.sh.cn/c/3/63b4bfea-2e64-4e3a-a102-f09a425ff494#xywh=940,841,150,150",李俨撰文，欧阳通楷书,欧阳通（楷书）；李儇（撰文）,唐,龙朔三年十月十日刻立（663）,663,楷书,17A331,《翰墨瑰宝：上海图书馆藏珍本碑帖丛刊》第二辑,iiif_annotation_target_xywh,iiif_xywh
001_道因法师碑_p0019_c012,行,001_道因法师碑,道因法师碑,19,十九,1,3,940,1046,150,150,935,1025,165,179,"[935, 1025, 165, 179]",922,1007,191,215,"[922, 1007, 191, 215]",12043,text_constrained_column_cell_pixel_assignment,assets/page_images/001_道因法师碑/p0019.jpg,1,http://data.library.sh.cn/bt/resource/work/v1e0qbx3r5wp1uw4,http://iiif.library.sh.cn/api/viewer/17A331,https://iiif.library.sh.cn/p/3/02c55611-7427-4cd0-a2cd-a15b5ccbaa9c,https://iiif.library.sh.cn/c/3/63b4bfea-2e64-4e3a-a102-f09a425ff494,1444,2213,https://iiif.library.sh.cn/c/3/63b4bfea-2e64-4e3a-a102-f09a425ff494/ap/s,https://iiif.library.sh.cn/c/3/63b4bfea-2e64-4e3a-a102-f09a425ff494/ap/c/a/7331e63c-5aae-4295-a133-875a7e43038b,12,12,supplementing,"[940, 1046, 150, 150]","[940, 1046, 1090, 1196]","https://iiif.library.sh.cn/c/3/63b4bfea-2e64-4e3a-a102-f09a425ff494#xywh=940,1046,150,150",李俨撰文，欧阳通楷书,欧阳通（楷书）；李儇（撰文）,唐,龙朔三年十月十日刻立（663）,663,楷书,17A331,《翰墨瑰宝：上海图书馆藏珍本碑帖丛刊》第二辑,iiif_annotation_target_xywh,iiif_xywh
001_道因法师碑_p0019_c013,饬,001_道因法师碑,道因法师碑,19,十九,1,4,940,1225,150,150,935,1217,165,167,"[935, 1217, 165, 167]",922,1200,191,201,"[922, 1200, 191, 201]",12808,text_constrained_column_cell_pixel_assignment,assets/page_images/001_道因法师碑/p0019.jpg,1,http://data.library.sh.cn/bt/resource/work/v1e0qbx3r5wp1uw4,http://iiif.library.sh.cn/api/viewer/17A331,https://iiif.library.sh.cn/p/3/02c55611-7427-4cd0-a2cd-a15b5ccbaa9c,https://iiif.library.sh.cn/c/3/63b4bfea-2e64-4e3a-a102-f09a425ff494,1444,2213,https://iiif.library.sh.cn/c/3/63b4bfea-2e64-4e3a-a102-f09a425ff494/ap/s,https://iiif.library.sh.cn/c/3/63b4bfea-2e64-4e3a-a102-f09a425ff494/ap/c/a/2150b01a-9323-415f-9de8-ab7cb9ae4369,13,13,supplementing,"[940, 1225, 150, 150]","[940, 1225, 1090, 1375]","https://iiif.library.sh.cn/c/3/63b4bfea-2e64-4e3a-a102-f09a425ff494#xywh=940,1225,150,150",李俨撰文，欧阳通楷书,欧阳通（楷书）；李儇（撰文）,唐,龙朔三年十月十日刻立（663）,663,楷书,17A331,《翰墨瑰宝：上海图书馆藏珍本碑帖丛刊》第二辑,iiif_annotation_target_xywh,iiif_xywh
001_道因法师碑_p0019_c014,躬,001_道因法师碑,道因法师碑,19,十九,1,5,940,1406,150,150,935,1397,165,163,"[935, 1397, 165, 163]",922,1381,191,195,"[922, 1381, 191, 195]",10577,text_constrained_column_cell_pixel_assignment,assets/page_images/001_道因法师碑/p0019.jpg,1,http://data.library.sh.cn/bt/resource/work/v1e0qbx3r5wp1uw4,http://iiif.library.sh.cn/api/viewer/17A331,https://iiif.library.sh.cn/p/3/02c55611-7427-4cd0-a2cd-a15b5ccbaa9c,https://iiif.library.sh.cn/c/3/63b4bfea-2e64-4e3a-a102-f09a425ff494,1444,2213,https://iiif.library.sh.cn/c/3/63b4bfea-2e64-4e3a-a102-f09a425ff494/ap/s,https://iiif.library.sh.cn/c/3/63b4bfea-2e64-4e3a-a102-f09a425ff494/ap/c/a/9e125e1e-c48e-4c2a-9a50-5f7a58f7da02,14,14,supplementing,"[940, 1406, 150, 150]","[940, 1406, 1090, 1556]","https://iiif.library.sh.cn/c/3/63b4bfea-2e64-4e3a-a102-f09a425ff494#xywh=940,1406,150,150",李俨撰文，欧阳通楷书,欧阳通（楷书）；李儇（撰文）,唐,龙朔三年十月十日刻立（663）,663,楷书,17A331,《翰墨瑰宝：上海图书馆藏珍本碑帖丛刊》第二辑,iiif_annotation_target_xywh,iiif_xywh
001_道因法师碑_p0019_c015,架,001_道因法师碑,道因法师碑,19,十九,1,6,940,1577,150,150,935,1572,165,146,"[935, 1572, 165, 146]",922,1557,191,176,"[922, 1557, 191, 176]",9816,text_constrained_column_cell_pixel_assignment,assets/page_images/001_道因法师碑/p0019.jpg,1,http://data.library.sh.cn/bt/resource/work/v1e0qbx3r5wp1uw4,http://iiif.library.sh.cn/api/viewer/17A331,https://iiif.library.sh.cn/p/3/02c55611-7427-4cd0-a2cd-a15b5ccbaa9c,https://iiif.library.sh.cn/c/3/63b4bfea-2e64-4e3a-a102-f09a425ff494,1444,2213,https://iiif.library.sh.cn/c/3/63b4bfea-2e64-4e3a-a102-f09a425ff494/ap/s,https://iiif.library.sh.cn/c/3/63b4bfea-2e64-4e3a-a102-f09a425ff494/ap/c/a/0fbb887d-c5d4-4d2f-99f2-16d9ad1ff3e6,15,15,supplementing,"[940, 1577, 150, 150]","[940, 1577, 1090, 1727]","https://iiif.library.sh.cn/c/3/63b4bfea-2e64-4e3a-a102-f09a425ff494#xywh=940,1577,150,150",李俨撰文，欧阳通楷书,欧阳通（楷书）；李儇（撰文）,唐,龙朔三年十月十日刻立（663）,663,楷书,17A331,《翰墨瑰宝：上海图书馆藏珍本碑帖丛刊》第二辑,iiif_annotation_target_xywh,iiif_xywh
001_道因法师碑_p0019_c016,德,001_道因法师碑,道因法师碑,19,十九,1,7,940,1719,150,150,935,1728,165,132,"[935, 1728, 165, 132]",922,1715,191,158,"[922, 1715, 191, 158]",11522,text_constrained_column_cell_pixel_assignment,assets/page_images/001_道因法师碑/p0019.jpg,1,http://data.library.sh.cn/bt/resource/work/v1e0qbx3r5wp1uw4,http://iiif.library.sh.cn/api/viewer/17A331,https://iiif.library.sh.cn/p/3/02c55611-7427-4cd0-a2cd-a15b5ccbaa9c,https://iiif.library.sh.cn/c/3/63b4bfea-2e64-4e3a-a102-f09a425ff494,1444,2213,https://iiif.library.sh.cn/c/3/63b4bfea-2e64-4e3a-a102-f09a425ff494/ap/s,https://iiif.library.sh.cn/c/3/63b4bfea-2e64-4e3a-a102-f09a425ff494/ap/c/a/c45961cc-dbd3-4ac8-9e9c-dd7b86761e5f,16,16,supplementing,"[940, 1719, 150, 150]","[940, 1719, 1090, 1869]","https://iiif.library.sh.cn/c/3/63b4bfea-2e64-4e3a-a102-f09a425ff494#xywh=940,1719,150,150",李俨撰文，欧阳通楷书,欧阳通（楷书）；李儇（撰文）,唐,龙朔三年十月十日刻立（663）,663,楷书,17A331,《翰墨瑰宝：上海图书馆藏珍本碑帖丛刊》第二辑,iiif_annotation_target_xywh,iiif_xywh
001_道因法师碑_p0019_c017,缉,001_道因法师碑,道因法师碑,19,十九,2,0,771,526,142,142,770,526,153,142,"[770, 526, 153, 142]",758,512,177,170,"[758, 512, 177, 170]",9838,text_constrained_column_cell_pixel_assignment,assets/page_images/001_道因法师碑/p0019.jpg,1,http://data.library.sh.cn/bt/resource/work/v1e0qbx3r5wp1uw4,http://iiif.library.sh.cn/api/viewer/17A331,https://iiif.library.sh.cn/p/3/02c55611-7427-4cd0-a2cd-a15b5ccbaa9c,https://iiif.library.sh.cn/c/3/63b4bfea-2e64-4e3a-a102-f09a425ff494,1444,2213,https://iiif.library.sh.cn/c/3/63b4bfea-2e64-4e3a-a102-f09a425ff494/ap/s,https://iiif.library.sh.cn/c/3/63b4bfea-2e64-4e3a-a102-f09a425ff494/ap/c/a/33350856-43df-44eb-9878-3a3486db230d,17,17,supplementing,"[771, 526, 142, 142]","[771, 526, 913, 668]","https://iiif.library.sh.cn/c/3/63b4bfea-2e64-4e3a-a102-f09a425ff494#xywh=771,526,142,142",李俨撰文，欧阳通楷书,欧阳通（楷书）；李儇（撰文）,唐,龙朔三年十月十日刻立（663）,663,楷书,17A331,《翰墨瑰宝：上海图书馆藏珍本碑帖丛刊》第二辑,iiif_annotation_target_xywh,iiif_xywh
001_道因法师碑_p0019_c018,道,001_道因法师碑,道因法师碑,19,十九,2,1,771,678,142,142,770,679,153,152,"[770, 679, 153, 152]",758,664,177,182,"[758, 664, 177, 182]",8280,text_constrained_column_cell_pixel_assignment,assets/page_images/001_道因法师碑/p0019.jpg,1,http://data.library.sh.cn/bt/resource/work/v1e0qbx3r5wp1uw4,http://iiif.library.sh.cn/api/viewer/17A331,https://iiif.library.sh.cn/p/3/02c55611-7427-4cd0-a2cd-a15b5ccbaa9c,https://iiif.library.sh.cn/c/3/63b4bfea-2e64-4e3a-a102-f09a425ff494,1444,2213,https://iiif.library.sh.cn/c/3/63b4bfea-2e64-4e3a-a102-f09a425ff494/ap/s,https://iiif.library.sh.cn/c/3/63b4bfea-2e64-4e3a-a102-f09a425ff494/ap/c/a/3675a423-86a9-43ed-a8fd-affd98103d01,18,18,supplementing,"[771, 678, 142, 142]","[771, 678, 913, 820]","https://iiif.library.sh.cn/c/3/63b4bfea-2e64-4e3a-a102-f09a425ff494#xywh=771,678,142,142",李俨撰文，欧阳通楷书,欧阳通（楷书）；李儇（撰文）,唐,龙朔三年十月十日刻立（663）,663,楷书,17A331,《翰墨瑰宝：上海图书馆藏珍本碑帖丛刊》第二辑,iiif_annotation_target_xywh,iiif_xywh
001_道因法师碑_p0019_c019,箧,001_道因法师碑,道因法师碑,19,十九,2,2,771,853,142,142,770,843,153,167,"[770, 843, 153, 167]",758,826,177,201,"[758, 826, 177, 201]",9393,text_constrained_column_cell_pixel_assignment,assets/page_images/001_道因法师碑/p0019.jpg,1,http://data.library.sh.cn/bt/resource/work/v1e0qbx3r5wp1uw4,http://iiif.library.sh.cn/api/viewer/17A331,https://iiif.library.sh.cn/p/3/02c55611-7427-4cd0-a2cd-a15b5ccbaa9c,https://iiif.library.sh.cn/c/3/63b4bfea-2e64-4e3a-a102-f09a425ff494,1444,2213,https://iiif.library.sh.cn/c/3/63b4bfea-2e64-4e3a-a102-f09a425ff494/ap/s,https://iiif.library.sh.cn/c/3/63b4bfea-2e64-4e3a-a102-f09a425ff494/ap/c/a/7642bdb5-ff1f-4b4b-86b8-b82adfd8b7c0,19,19,supplementing,"[771, 853, 142, 142]","[771, 853, 913, 995]","https://iiif.library.sh.cn/c/3/63b4bfea-2e64-4e3a-a102-f09a425ff494#xywh=771,853,142,142",李俨撰文，欧阳通楷书,欧阳通（楷书）；李儇（撰文）,唐,龙朔三年十月十日刻立（663）,663,楷书,17A331,《翰墨瑰宝：上海图书馆藏珍本碑帖丛刊》第二辑,iiif_annotation_target_xywh,iiif_xywh
001_道因法师碑_p0019_c020,蛇,001_道因法师碑,道因法师碑,19,十九,2,3,771,1038,142,142,770,1022,153,153,"[770, 1022, 153, 153]",758,1007,177,183,"[758, 1007, 177, 183]",8123,text_constrained_column_cell_pixel_assignment,assets/page_images/001_道因法师碑/p0019.jpg,1,http://data.library.sh.cn/bt/resource/work/v1e0qbx3r5wp1uw4,http://iiif.library.sh.cn/api/viewer/17A331,https://iiif.library.sh.cn/p/3/02c55611-7427-4cd0-a2cd-a15b5ccbaa9c,https://iiif.library.sh.cn/c/3/63b4bfea-2e64-4e3a-a102-f09a425ff494,1444,2213,https://iiif.library.sh.cn/c/3/63b4bfea-2e64-4e3a-a102-f09a425ff494/ap/s,https://iiif.library.sh.cn/c/3/63b4bfea-2e64-4e3a-a102-f09a425ff494/ap/c/a/0f30bae2-b537-4f1a-a2ba-046c8a3b36a3,20,20,supplementing,"[771, 1038, 142, 142]","[771, 1038, 913, 1180]","https://iiif.library.sh.cn/c/3/63b4bfea-2e64-4e3a-a102-f09a425ff494#xywh=771,1038,142,142",李俨撰文，欧阳通楷书,欧阳通（楷书）；李儇（撰文）,唐,龙朔三年十月十日刻立（663）,663,楷书,17A331,《翰墨瑰宝：上海图书馆藏珍本碑帖丛刊》第二辑,iiif_annotation_target_xywh,iiif_xywh
001_道因法师碑_p0019_c021,能,001_道因法师碑,道因法师碑,19,十九,2,4,771,1182,142,142,770,1187,153,163,"[770, 1187, 153, 163]",758,1171,177,195,"[758, 1171, 177, 195]",10169,text_constrained_column_cell_pixel_assignment,assets/page_images/001_道因法师碑/p0019.jpg,1,http://data.library.sh.cn/bt/resource/work/v1e0qbx3r5wp1uw4,http://iiif.library.sh.cn/api/viewer/17A331,https://iiif.library.sh.cn/p/3/02c55611-7427-4cd0-a2cd-a15b5ccbaa9c,https://iiif.library.sh.cn/c/3/63b4bfea-2e64-4e3a-a102-f09a425ff494,1444,2213,https://iiif.library.sh.cn/c/3/63b4bfea-2e64-4e3a-a102-f09a425ff494/ap/s,https://iiif.library.sh.cn/c/3/63b4bfea-2e64-4e3a-a102-f09a425ff494/ap/c/a/9cb9aef6-5bdd-442b-9f82-3ae077066a55,21,21,supplementing,"[771, 1182, 142, 142]","[771, 1182, 913, 1324]","https://iiif.library.sh.cn/c/3/63b4bfea-2e64-4e3a-a102-f09a425ff494#xywh=771,1182,142,142",李俨撰文，欧阳通楷书,欧阳通（楷书）；李儇（撰文）,唐,龙朔三年十月十日刻立（663）,663,楷书,17A331,《翰墨瑰宝：上海图书馆藏珍本碑帖丛刊》第二辑,iiif_annotation_target_xywh,iiif_xywh
001_道因法师碑_p0019_c022,剪,001_道因法师碑,道因法师碑,19,十九,2,5,771,1388,142,142,770,1363,153,186,"[770, 1363, 153, 186]",758,1344,177,224,"[758, 1344, 177, 224]",9866,text_constrained_column_cell_pixel_assignment,assets/page_images/001_道因法师碑/p0019.jpg,1,http://data.library.sh.cn/bt/resource/work/v1e0qbx3r5wp1uw4,http://iiif.library.sh.cn/api/viewer/17A331,https://iiif.library.sh.cn/p/3/02c55611-7427-4cd0-a2cd-a15b5ccbaa9c,https://iiif.library.sh.cn/c/3/63b4bfea-2e64-4e3a-a102-f09a425ff494,1444,2213,https://iiif.library.sh.cn/c/3/63b4bfea-2e64-4e3a-a102-f09a425ff494/ap/s,https://iiif.library.sh.cn/c/3/63b4bfea-2e64-4e3a-a102-f09a425ff494/ap/c/a/f6501ed9-848a-4728-a121-997d00d389ba,22,22,supplementing,"[771, 1388, 142, 142]","[771, 1388, 913, 1530]","https://iiif.library.sh.cn/c/3/63b4bfea-2e64-4e3a-a102-f09a425ff494#xywh=771,1388,142,142",李俨撰文，欧阳通楷书,欧阳通（楷书）；李儇（撰文）,唐,龙朔三年十月十日刻立（663）,663,楷书,17A331,《翰墨瑰宝：上海图书馆藏珍本碑帖丛刊》第二辑,iiif_annotation_target_xywh,iiif_xywh
001_道因法师碑_p0019_c023,心,001_道因法师碑,道因法师碑,19,十九,2,6,771,1583,142,142,770,1562,153,159,"[770, 1562, 153, 159]",758,1546,177,191,"[758, 1546, 177, 191]",8186,text_constrained_column_cell_pixel_assignment,assets/page_images/001_道因法师碑/p0019.jpg,1,http://data.library.sh.cn/bt/resource/work/v1e0qbx3r5wp1uw4,http://iiif.library.sh.cn/api/viewer/17A331,https://iiif.library.sh.cn/p/3/02c55611-7427-4cd0-a2cd-a15b5ccbaa9c,https://iiif.library.sh.cn/c/3/63b4bfea-2e64-4e3a-a102-f09a425ff494,1444,2213,https://iiif.library.sh.cn/c/3/63b4bfea-2e64-4e3a-a102-f09a425ff494/ap/s,https://iiif.library.sh.cn/c/3/63b4bfea-2e64-4e3a-a102-f09a425ff494/ap/c/a/246b694d-c2c3-4b6a-ae58-265253db6910,23,23,supplementing,"[771, 1583, 142, 142]","[771, 1583, 913, 1725]","https://iiif.library.sh.cn/c/3/63b4bfea-2e64-4e3a-a102-f09a425ff494#xywh=771,1583,142,142",李俨撰文，欧阳通楷书,欧阳通（楷书）；李儇（撰文）,唐,龙朔三年十月十日刻立（663）,663,楷书,17A331,《翰墨瑰宝：上海图书馆藏珍本碑帖丛刊》第二辑,iiif_annotation_target_xywh,iiif_xywh
001_道因法师碑_p0019_c024,猿,001_道因法师碑,道因法师碑,19,十九,2,7,771,1729,142,142,770,1732,153,136,"[770, 1732, 153, 136]",758,1718,177,164,"[758, 1718, 177, 164]",9516,text_constrained_column_cell_pixel_assignment,assets/page_images/001_道因法师碑/p0019.jpg,1,http://data.library.sh.cn/bt/resource/work/v1e0qbx3r5wp1uw4,http://iiif.library.sh.cn/api/viewer/17A331,https://iiif.library.sh.cn/p/3/02c55611-7427-4cd0-a2cd-a15b5ccbaa9c,https://iiif.library.sh.cn/c/3/63b4bfea-2e64-4e3a-a102-f09a425ff494,1444,2213,https://iiif.library.sh.cn/c/3/63b4bfea-2e64-4e3a-a102-f09a425ff494/ap/s,https://iiif.library.sh.cn/c/3/63b4bfea-2e64-4e3a-a102-f09a425ff494/ap/c/a/1168835f-416f-4002-ba17-d247e4ff56b8,24,24,supplementing,"[771, 1729, 142, 142]","[771, 1729, 913, 1871]","https://iiif.library.sh.cn/c/3/63b4bfea-2e64-4e3a-a102-f09a425ff494#xywh=771,1729,142,142",李俨撰文，欧阳通楷书,欧阳通（楷书）；李儇（撰文）,唐,龙朔三年十月十日刻立（663）,663,楷书,17A331,《翰墨瑰宝：上海图书馆藏珍本碑帖丛刊》第二辑,iiif_annotation_target_xywh,iiif_xywh
001_道因法师碑_p0019_c025,久,001_道因法师碑,道因法师碑,19,十九,3,0,598,524,165,165,601,557,157,99,"[601, 557, 157, 99]",588,547,183,119,"[588, 547, 183, 119]",9332,text_constrained_column_cell_pixel_assignment,assets/page_images/001_道因法师碑/p0019.jpg,1,http://data.library.sh.cn/bt/resource/work/v1e0qbx3r5wp1uw4,http://iiif.library.sh.cn/api/viewer/17A331,https://iiif.library.sh.cn/p/3/02c55611-7427-4cd0-a2cd-a15b5ccbaa9c,https://iiif.library.sh.cn/c/3/63b4bfea-2e64-4e3a-a102-f09a425ff494,1444,2213,https://iiif.library.sh.cn/c/3/63b4bfea-2e64-4e3a-a102-f09a425ff494/ap/s,https://iiif.library.sh.cn/c/3/63b4bfea-2e64-4e3a-a102-f09a425ff494/ap/c/a/fe581141-36dd-49f1-89cc-cba6bf3106a1,25,25,supplementing,"[598, 524, 165, 165]","[598, 524, 763, 689]","https://iiif.library.sh.cn/c/3/63b4bfea-2e64-4e3a-a102-f09a425ff494#xywh=598,524,165,165",李俨撰文，欧阳通楷书,欧阳通（楷书）；李儇（撰文）,唐,龙朔三年十月十日刻立（663）,663,楷书,17A331,《翰墨瑰宝：上海图书馆藏珍本碑帖丛刊》第二辑,iiif_annotation_target_xywh,iiif_xywh
001_道因法师碑_p0019_c026,制,001_道因法师碑,道因法师碑,19,十九,3,1,598,631,165,165,601,665,157,139,"[601, 665, 157, 139]",588,651,183,167,"[588, 651, 183, 167]",10030,text_constrained_column_cell_pixel_assignment,assets/page_images/001_道因法师碑/p0019.jpg,1,http://data.library.sh.cn/bt/resource/work/v1e0qbx3r5wp1uw4,http://iiif.library.sh.cn/api/viewer/17A331,https://iiif.library.sh.cn/p/3/02c55611-7427-4cd0-a2cd-a15b5ccbaa9c,https://iiif.library.sh.cn/c/3/63b4bfea-2e64-4e3a-a102-f09a425ff494,1444,2213,https://iiif.library.sh.cn/c/3/63b4bfea-2e64-4e3a-a102-f09a425ff494/ap/s,https://iiif.library.sh.cn/c/3/63b4bfea-2e64-4e3a-a102-f09a425ff494/ap/c/a/ef35f8f2-5e25-4a2c-ad62-159aaa514a2b,26,26,supplementing,"[598, 631, 165, 165]","[598, 631, 763, 796]","https://iiif.library.sh.cn/c/3/63b4bfea-2e64-4e3a-a102-f09a425ff494#xywh=598,631,165,165",李俨撰文，欧阳通楷书,欧阳通（楷书）；李儇（撰文）,唐,龙朔三年十月十日刻立（663）,663,楷书,17A331,《翰墨瑰宝：上海图书馆藏珍本碑帖丛刊》第二辑,iiif_annotation_target_xywh,iiif_xywh
001_道因法师碑_p0019_c027,溯,001_道因法师碑,道因法师碑,19,十九,3,2,598,822,165,165,601,816,157,177,"[601, 816, 157, 177]",588,798,183,213,"[588, 798, 183, 213]",10894,text_constrained_column_cell_pixel_assignment,assets/page_images/001_道因法师碑/p0019.jpg,1,http://data.library.sh.cn/bt/resource/work/v1e0qbx3r5wp1uw4,http://iiif.library.sh.cn/api/viewer/17A331,https://iiif.library.sh.cn/p/3/02c55611-7427-4cd0-a2cd-a15b5ccbaa9c,https://iiif.library.sh.cn/c/3/63b4bfea-2e64-4e3a-a102-f09a425ff494,1444,2213,https://iiif.library.sh.cn/c/3/63b4bfea-2e64-4e3a-a102-f09a425ff494/ap/s,https://iiif.library.sh.cn/c/3/63b4bfea-2e64-4e3a-a102-f09a425ff494/ap/c/a/e658c4b5-30e4-4999-ad48-854f4ac1304c,27,27,supplementing,"[598, 822, 165, 165]","[598, 822, 763, 987]","https://iiif.library.sh.cn/c/3/63b4bfea-2e64-4e3a-a102-f09a425ff494#xywh=598,822,165,165",李俨撰文，欧阳通楷书,欧阳通（楷书）；李儇（撰文）,唐,龙朔三年十月十日刻立（663）,663,楷书,17A331,《翰墨瑰宝：上海图书馆藏珍本碑帖丛刊》第二辑,iiif_annotation_target_xywh,iiif_xywh
001_道因法师碑_p0019_c028,流,001_道因法师碑,道因法师碑,19,十九,3,3,618,1022,145,145,601,1006,157,173,"[601, 1006, 157, 173]",588,989,183,207,"[588, 989, 183, 207]",8778,text_constrained_column_cell_pixel_assignment,assets/page_images/001_道因法师碑/p0019.jpg,1,http://data.library.sh.cn/bt/resource/work/v1e0qbx3r5wp1uw4,http://iiif.library.sh.cn/api/viewer/17A331,https://iiif.library.sh.cn/p/3/02c55611-7427-4cd0-a2cd-a15b5ccbaa9c,https://iiif.library.sh.cn/c/3/63b4bfea-2e64-4e3a-a102-f09a425ff494,1444,2213,https://iiif.library.sh.cn/c/3/63b4bfea-2e64-4e3a-a102-f09a425ff494/ap/s,https://iiif.library.sh.cn/c/3/63b4bfea-2e64-4e3a-a102-f09a425ff494/ap/c/a/2fb5900a-5c03-46e7-bdf1-e627182cbca9,28,28,supplementing,"[618, 1022, 145, 145]","[618, 1022, 763, 1167]","https://iiif.library.sh.cn/c/3/63b4bfea-2e64-4e3a-a102-f09a425ff494#xywh=618,1022,145,145",李俨撰文，欧阳通楷书,欧阳通（楷书）；李儇（撰文）,唐,龙朔三年十月十日刻立（663）,663,楷书,17A331,《翰墨瑰宝：上海图书馆藏珍本碑帖丛刊》第二辑,iiif_annotation_target_xywh,iiif_xywh
001_道因法师碑_p0019_c029,增,001_道因法师碑,道因法师碑,19,十九,3,4,618,1205,145,145,601,1192,157,165,"[601, 1192, 157, 165]",588,1176,183,198,"[588, 1176, 183, 198]",9184,text_constrained_column_cell_pixel_assignment,assets/page_images/001_道因法师碑/p0019.jpg,1,http://data.library.sh.cn/bt/resource/work/v1e0qbx3r5wp1uw4,http://iiif.library.sh.cn/api/viewer/17A331,https://iiif.library.sh.cn/p/3/02c55611-7427-4cd0-a2cd-a15b5ccbaa9c,https://iiif.library.sh.cn/c/3/63b4bfea-2e64-4e3a-a102-f09a425ff494,1444,2213,https://iiif.library.sh.cn/c/3/63b4bfea-2e64-4e3a-a102-f09a425ff494/ap/s,https://iiif.library.sh.cn/c/3/63b4bfea-2e64-4e3a-a102-f09a425ff494/ap/c/a/d9bfb8f9-89cd-40cf-b0f8-d0a5a011587b,29,29,supplementing,"[618, 1205, 145, 145]","[618, 1205, 763, 1350]","https://iiif.library.sh.cn/c/3/63b4bfea-2e64-4e3a-a102-f09a425ff494#xywh=618,1205,145,145",李俨撰文，欧阳通楷书,欧阳通（楷书）；李儇（撰文）,唐,龙朔三年十月十日刻立（663）,663,楷书,17A331,《翰墨瑰宝：上海图书馆藏珍本碑帖丛刊》第二辑,iiif_annotation_target_xywh,iiif_xywh
001_道因法师碑_p0019_c030,智,001_道因法师碑,道因法师碑,19,十九,3,5,618,1376,145,145,601,1369,157,162,"[601, 1369, 157, 162]",588,1353,183,194,"[588, 1353, 183, 194]",9994,text_constrained_column_cell_pixel_assignment,assets/page_images/001_道因法师碑/p0019.jpg,1,http://data.library.sh.cn/bt/resource/work/v1e0qbx3r5wp1uw4,http://iiif.library.sh.cn/api/viewer/17A331,https://iiif.library.sh.cn/p/3/02c55611-7427-4cd0-a2cd-a15b5ccbaa9c,https://iiif.library.sh.cn/c/3/63b4bfea-2e64-4e3a-a102-f09a425ff494,1444,2213,https://iiif.library.sh.cn/c/3/63b4bfea-2e64-4e3a-a102-f09a425ff494/ap/s,https://iiif.library.sh.cn/c/3/63b4bfea-2e64-4e3a-a102-f09a425ff494/ap/c/a/2ca43c8d-a116-414e-b908-500cd9274d1e,30,30,supplementing,"[618, 1376, 145, 145]","[618, 1376, 763, 1521]","https://iiif.library.sh.cn/c/3/63b4bfea-2e64-4e3a-a102-f09a425ff494#xywh=618,1376,145,145",李俨撰文，欧阳通楷书,欧阳通（楷书）；李儇（撰文）,唐,龙朔三年十月十日刻立（663）,663,楷书,17A331,《翰墨瑰宝：上海图书馆藏珍本碑帖丛刊》第二辑,iiif_annotation_target_xywh,iiif_xywh
001_道因法师碑_p0019_c031,望,001_道因法师碑,道因法师碑,19,十九,3,6,618,1553,145,145,601,1543,157,167,"[601, 1543, 157, 167]",588,1526,183,201,"[588, 1526, 183, 201]",12847,text_constrained_column_cell_pixel_assignment,assets/page_images/001_道因法师碑/p0019.jpg,1,http://data.library.sh.cn/bt/resource/work/v1e0qbx3r5wp1uw4,http://iiif.library.sh.cn/api/viewer/17A331,https://iiif.library.sh.cn/p/3/02c55611-7427-4cd0-a2cd-a15b5ccbaa9c,https://iiif.library.sh.cn/c/3/63b4bfea-2e64-4e3a-a102-f09a425ff494,1444,2213,https://iiif.library.sh.cn/c/3/63b4bfea-2e64-4e3a-a102-f09a425ff494/ap/s,https://iiif.library.sh.cn/c/3/63b4bfea-2e64-4e3a-a102-f09a425ff494/ap/c/a/82b3df69-55e2-4fe4-ab0f-c437b471a010,31,31,supplementing,"[618, 1553, 145, 145]","[618, 1553, 763, 1698]","https://iiif.library.sh.cn/c/3/63b4bfea-2e64-4e3a-a102-f09a425ff494#xywh=618,1553,145,145",李俨撰文，欧阳通楷书,欧阳通（楷书）；李儇（撰文）,唐,龙朔三年十月十日刻立（663）,663,楷书,17A331,《翰墨瑰宝：上海图书馆藏珍本碑帖丛刊》第二辑,iiif_annotation_target_xywh,iiif_xywh
001_道因法师碑_p0019_c032,井,001_道因法师碑,道因法师碑,19,十九,3,7,618,1734,145,145,601,1722,157,169,"[601, 1722, 157, 169]",588,1705,183,203,"[588, 1705, 183, 203]",11987,text_constrained_column_cell_pixel_assignment,assets/page_images/001_道因法师碑/p0019.jpg,1,http://data.library.sh.cn/bt/resource/work/v1e0qbx3r5wp1uw4,http://iiif.library.sh.cn/api/viewer/17A331,https://iiif.library.sh.cn/p/3/02c55611-7427-4cd0-a2cd-a15b5ccbaa9c,https://iiif.library.sh.cn/c/3/63b4bfea-2e64-4e3a-a102-f09a425ff494,1444,2213,https://iiif.library.sh.cn/c/3/63b4bfea-2e64-4e3a-a102-f09a425ff494/ap/s,https://iiif.library.sh.cn/c/3/63b4bfea-2e64-4e3a-a102-f09a425ff494/ap/c/a/aca94796-e652-4652-bdb8-2c6d98438bc2,32,32,supplementing,"[618, 1734, 145, 145]","[618, 1734, 763, 1879]","https://iiif.library.sh.cn/c/3/63b4bfea-2e64-4e3a-a102-f09a425ff494#xywh=618,1734,145,145",李俨撰文，欧阳通楷书,欧阳通（楷书）；李儇（撰文）,唐,龙朔三年十月十日刻立（663）,663,楷书,17A331,《翰墨瑰宝：上海图书馆藏珍本碑帖丛刊》第二辑,iiif_annotation_target_xywh,iiif_xywh
001_道因法师碑_p0019_c033,加,001_道因法师碑,道因法师碑,19,十九,4,0,423,539,161,161,418,567,171,105,"[418, 567, 171, 105]",404,556,199,126,"[404, 556, 199, 126]",10856,text_constrained_column_cell_pixel_assignment,assets/page_images/001_道因法师碑/p0019.jpg,1,http://data.library.sh.cn/bt/resource/work/v1e0qbx3r5wp1uw4,http://iiif.library.sh.cn/api/viewer/17A331,https://iiif.library.sh.cn/p/3/02c55611-7427-4cd0-a2cd-a15b5ccbaa9c,https://iiif.library.sh.cn/c/3/63b4bfea-2e64-4e3a-a102-f09a425ff494,1444,2213,https://iiif.library.sh.cn/c/3/63b4bfea-2e64-4e3a-a102-f09a425ff494/ap/s,https://iiif.library.sh.cn/c/3/63b4bfea-2e64-4e3a-a102-f09a425ff494/ap/c/a/3aa1bfd0-4b2b-4a61-bbe0-28731d4f9e4d,33,33,supplementing,"[423, 539, 161, 161]","[423, 539, 584, 700]","https://iiif.library.sh.cn/c/3/63b4bfea-2e64-4e3a-a102-f09a425ff494#xywh=423,539,161,161",李俨撰文，欧阳通楷书,欧阳通（楷书）；李儇（撰文）,唐,龙朔三年十月十日刻立（663）,663,楷书,17A331,《翰墨瑰宝：上海图书馆藏珍本碑帖丛刊》第二辑,iiif_annotation_target_xywh,iiif_xywh
001_道因法师碑_p0019_c034,勤,001_道因法师碑,道因法师碑,19,十九,4,1,423,651,161,161,418,681,171,141,"[418, 681, 171, 141]",404,667,199,169,"[404, 667, 199, 169]",13085,text_constrained_column_cell_pixel_assignment,assets/page_images/001_道因法师碑/p0019.jpg,1,http://data.library.sh.cn/bt/resource/work/v1e0qbx3r5wp1uw4,http://iiif.library.sh.cn/api/viewer/17A331,https://iiif.library.sh.cn/p/3/02c55611-7427-4cd0-a2cd-a15b5ccbaa9c,https://iiif.library.sh.cn/c/3/63b4bfea-2e64-4e3a-a102-f09a425ff494,1444,2213,https://iiif.library.sh.cn/c/3/63b4bfea-2e64-4e3a-a102-f09a425ff494/ap/s,https://iiif.library.sh.cn/c/3/63b4bfea-2e64-4e3a-a102-f09a425ff494/ap/c/a/c01dbffd-34c8-4101-95fb-d6dd66809ed9,34,34,supplementing,"[423, 651, 161, 161]","[423, 651, 584, 812]","https://iiif.library.sh.cn/c/3/63b4bfea-2e64-4e3a-a102-f09a425ff494#xywh=423,651,161,161",李俨撰文，欧阳通楷书,欧阳通（楷书）；李儇（撰文）,唐,龙朔三年十月十日刻立（663）,663,楷书,17A331,《翰墨瑰宝：上海图书馆藏珍本碑帖丛刊》第二辑,iiif_annotation_target_xywh,iiif_xywh
001_道因法师碑_p0019_c035,在,001_道因法师碑,道因法师碑,19,十九,4,2,423,843,161,161,418,834,171,178,"[418, 834, 171, 178]",404,816,199,214,"[404, 816, 199, 214]",16760,text_constrained_column_cell_pixel_assignment,assets/page_images/001_道因法师碑/p0019.jpg,1,http://data.library.sh.cn/bt/resource/work/v1e0qbx3r5wp1uw4,http://iiif.library.sh.cn/api/viewer/17A331,https://iiif.library.sh.cn/p/3/02c55611-7427-4cd0-a2cd-a15b5ccbaa9c,https://iiif.library.sh.cn/c/3/63b4bfea-2e64-4e3a-a102-f09a425ff494,1444,2213,https://iiif.library.sh.cn/c/3/63b4bfea-2e64-4e3a-a102-f09a425ff494/ap/s,https://iiif.library.sh.cn/c/3/63b4bfea-2e64-4e3a-a102-f09a425ff494/ap/c/a/b9f49ed5-d270-4244-bc3b-f82019d9529a,35,35,supplementing,"[423, 843, 161, 161]","[423, 843, 584, 1004]","https://iiif.library.sh.cn/c/3/63b4bfea-2e64-4e3a-a102-f09a425ff494#xywh=423,843,161,161",李俨撰文，欧阳通楷书,欧阳通（楷书）；李儇（撰文）,唐,龙朔三年十月十日刻立（663）,663,楷书,17A331,《翰墨瑰宝：上海图书馆藏珍本碑帖丛刊》第二辑,iiif_annotation_target_xywh,iiif_xywh
001_道因法师碑_p0019_c036,疑,001_道因法师碑,道因法师碑,19,十九,4,3,423,1034,161,161,418,1026,171,186,"[418, 1026, 171, 186]",404,1007,199,224,"[404, 1007, 199, 224]",18611,text_constrained_column_cell_pixel_assignment,assets/page_images/001_道因法师碑/p0019.jpg,1,http://data.library.sh.cn/bt/resource/work/v1e0qbx3r5wp1uw4,http://iiif.library.sh.cn/api/viewer/17A331,https://iiif.library.sh.cn/p/3/02c55611-7427-4cd0-a2cd-a15b5ccbaa9c,https://iiif.library.sh.cn/c/3/63b4bfea-2e64-4e3a-a102-f09a425ff494,1444,2213,https://iiif.library.sh.cn/c/3/63b4bfea-2e64-4e3a-a102-f09a425ff494/ap/s,https://iiif.library.sh.cn/c/3/63b4bfea-2e64-4e3a-a102-f09a425ff494/ap/c/a/d49ba9cc-8b15-43b6-9859-15ca622d3aa1,36,36,supplementing,"[423, 1034, 161, 161]","[423, 1034, 584, 1195]","https://iiif.library.sh.cn/c/3/63b4bfea-2e64-4e3a-a102-f09a425ff494#xywh=423,1034,161,161",李俨撰文，欧阳通楷书,欧阳通（楷书）；李儇（撰文）,唐,龙朔三年十月十日刻立（663）,663,楷书,17A331,《翰墨瑰宝：上海图书馆藏珍本碑帖丛刊》第二辑,iiif_annotation_target_xywh,iiif_xywh
001_道因法师碑_p0019_c037,必,001_道因法师碑,道因法师碑,19,十九,4,4,423,1243,161,161,418,1225,171,157,"[418, 1225, 171, 157]",404,1209,199,189,"[404, 1209, 199, 189]",16187,text_constrained_column_cell_pixel_assignment,assets/page_images/001_道因法师碑/p0019.jpg,1,http://data.library.sh.cn/bt/resource/work/v1e0qbx3r5wp1uw4,http://iiif.library.sh.cn/api/viewer/17A331,https://iiif.library.sh.cn/p/3/02c55611-7427-4cd0-a2cd-a15b5ccbaa9c,https://iiif.library.sh.cn/c/3/63b4bfea-2e64-4e3a-a102-f09a425ff494,1444,2213,https://iiif.library.sh.cn/c/3/63b4bfea-2e64-4e3a-a102-f09a425ff494/ap/s,https://iiif.library.sh.cn/c/3/63b4bfea-2e64-4e3a-a102-f09a425ff494/ap/c/a/39e12de3-6c91-4eb6-b53e-8ad01a820df0,37,37,supplementing,"[423, 1243, 161, 161]","[423, 1243, 584, 1404]","https://iiif.library.sh.cn/c/3/63b4bfea-2e64-4e3a-a102-f09a425ff494#xywh=423,1243,161,161",李俨撰文，欧阳通楷书,欧阳通（楷书）；李儇（撰文）,唐,龙朔三年十月十日刻立（663）,663,楷书,17A331,《翰墨瑰宝：上海图书馆藏珍本碑帖丛刊》第二辑,iiif_annotation_target_xywh,iiif_xywh
001_道因法师碑_p0019_c038,请,001_道因法师碑,道因法师碑,19,十九,4,5,423,1372,161,161,418,1394,171,162,"[418, 1394, 171, 162]",404,1378,199,194,"[404, 1378, 199, 194]",17072,text_constrained_column_cell_pixel_assignment,assets/page_images/001_道因法师碑/p0019.jpg,1,http://data.library.sh.cn/bt/resource/work/v1e0qbx3r5wp1uw4,http://iiif.library.sh.cn/api/viewer/17A331,https://iiif.library.sh.cn/p/3/02c55611-7427-4cd0-a2cd-a15b5ccbaa9c,https://iiif.library.sh.cn/c/3/63b4bfea-2e64-4e3a-a102-f09a425ff494,1444,2213,https://iiif.library.sh.cn/c/3/63b4bfea-2e64-4e3a-a102-f09a425ff494/ap/s,https://iiif.library.sh.cn/c/3/63b4bfea-2e64-4e3a-a102-f09a425ff494/ap/c/a/5f3f5752-d18f-4611-b950-87517400ee5a,38,38,supplementing,"[423, 1372, 161, 161]","[423, 1372, 584, 1533]","https://iiif.library.sh.cn/c/3/63b4bfea-2e64-4e3a-a102-f09a425ff494#xywh=423,1372,161,161",李俨撰文，欧阳通楷书,欧阳通（楷书）；李儇（撰文）,唐,龙朔三年十月十日刻立（663）,663,楷书,17A331,《翰墨瑰宝：上海图书馆藏珍本碑帖丛刊》第二辑,iiif_annotation_target_xywh,iiif_xywh
001_道因法师碑_p0019_c039,见,001_道因法师碑,道因法师碑,19,十九,4,6,423,1591,161,161,418,1569,171,178,"[418, 1569, 171, 178]",404,1551,199,214,"[404, 1551, 199, 214]",18651,text_constrained_column_cell_pixel_assignment,assets/page_images/001_道因法师碑/p0019.jpg,1,http://data.library.sh.cn/bt/resource/work/v1e0qbx3r5wp1uw4,http://iiif.library.sh.cn/api/viewer/17A331,https://iiif.library.sh.cn/p/3/02c55611-7427-4cd0-a2cd-a15b5ccbaa9c,https://iiif.library.sh.cn/c/3/63b4bfea-2e64-4e3a-a102-f09a425ff494,1444,2213,https://iiif.library.sh.cn/c/3/63b4bfea-2e64-4e3a-a102-f09a425ff494/ap/s,https://iiif.library.sh.cn/c/3/63b4bfea-2e64-4e3a-a102-f09a425ff494/ap/c/a/1eea73f6-8368-43a3-9cad-78c09c20990d,39,39,supplementing,"[423, 1591, 161, 161]","[423, 1591, 584, 1752]","https://iiif.library.sh.cn/c/3/63b4bfea-2e64-4e3a-a102-f09a425ff494#xywh=423,1591,161,161",李俨撰文，欧阳通楷书,欧阳通（楷书）；李儇（撰文）,唐,龙朔三年十月十日刻立（663）,663,楷书,17A331,《翰墨瑰宝：上海图书馆藏珍本碑帖丛刊》第二辑,iiif_annotation_target_xywh,iiif_xywh
001_道因法师碑_p0019_c040,义,001_道因法师碑,道因法师碑,19,十九,4,7,423,1756,161,161,418,1760,171,153,"[418, 1760, 171, 153]",404,1745,199,183,"[404, 1745, 199, 183]",16828,text_constrained_column_cell_pixel_assignment,assets/page_images/001_道因法师碑/p0019.jpg,1,http://data.library.sh.cn/bt/resource/work/v1e0qbx3r5wp1uw4,http://iiif.library.sh.cn/api/viewer/17A331,https://iiif.library.sh.cn/p/3/02c55611-7427-4cd0-a2cd-a15b5ccbaa9c,https://iiif.library.sh.cn/c/3/63b4bfea-2e64-4e3a-a102-f09a425ff494,1444,2213,https://iiif.library.sh.cn/c/3/63b4bfea-2e64-4e3a-a102-f09a425ff494/ap/s,https://iiif.library.sh.cn/c/3/63b4bfea-2e64-4e3a-a102-f09a425ff494/ap/c/a/959ade69-0ba7-4bef-b510-4d87ac88e834,40,40,supplementing,"[423, 1756, 161, 161]","[423, 1756, 584, 1917]","https://iiif.library.sh.cn/c/3/63b4bfea-2e64-4e3a-a102-f09a425ff494#xywh=423,1756,161,161",李俨撰文，欧阳通楷书,欧阳通（楷书）；李儇（撰文）,唐,龙朔三年十月十日刻立（663）,663,楷书,17A331,《翰墨瑰宝：上海图书馆藏珍本碑帖丛刊》第二辑,iiif_annotation_target_xywh,iiif_xywh
001_道因法师碑_p0020_c001,思,001_道因法师碑,道因法师碑,20,二十,0,0,857,516,165,165,853,526,173,145,"[853, 526, 173, 145]",839,512,201,174,"[839, 512, 201, 174]",15469,text_constrained_column_cell_pixel_assignment,assets/page_images/001_道因法师碑/p0020.jpg,1,http://data.library.sh.cn/bt/resource/work/v1e0qbx3r5wp1uw4,http://iiif.library.sh.cn/api/viewer/17A331,https://iiif.library.sh.cn/p/3/02c55611-7427-4cd0-a2cd-a15b5ccbaa9c,https://iiif.library.sh.cn/c/3/94513ff4-cce1-4a2c-925b-fcf82add2f02,1444,2221,https://iiif.library.sh.cn/c/3/94513ff4-cce1-4a2c-925b-fcf82add2f02/ap/s,https://iiif.library.sh.cn/c/3/94513ff4-cce1-4a2c-925b-fcf82add2f02/ap/c/a/eb66c7b0-c4ca-4ed1-8fa3-d7958e6174ae,1,1,supplementing,"[857, 516, 165, 165]","[857, 516, 1022, 681]","https://iiif.library.sh.cn/c/3/94513ff4-cce1-4a2c-925b-fcf82add2f02#xywh=857,516,165,165",李俨撰文，欧阳通楷书,欧阳通（楷书）；李儇（撰文）,唐,龙朔三年十月十日刻立（663）,663,楷书,17A331,《翰墨瑰宝：上海图书馆藏珍本碑帖丛刊》第二辑,iiif_annotation_target_xywh,iiif_xywh
001_道因法师碑_p0020_c002,益,001_道因法师碑,道因法师碑,20,二十,0,1,857,672,165,165,853,682,173,146,"[853, 682, 173, 146]",839,667,201,176,"[839, 667, 201, 176]",14023,text_constrained_column_cell_pixel_assignment,assets/page_images/001_道因法师碑/p0020.jpg,1,http://data.library.sh.cn/bt/resource/work/v1e0qbx3r5wp1uw4,http://iiif.library.sh.cn/api/viewer/17A331,https://iiif.library.sh.cn/p/3/02c55611-7427-4cd0-a2cd-a15b5ccbaa9c,https://iiif.library.sh.cn/c/3/94513ff4-cce1-4a2c-925b-fcf82add2f02,1444,2221,https://iiif.library.sh.cn/c/3/94513ff4-cce1-4a2c-925b-fcf82add2f02/ap/s,https://iiif.library.sh.cn/c/3/94513ff4-cce1-4a2c-925b-fcf82add2f02/ap/c/a/e26460ad-a6da-4876-bd10-abe8c5f57161,2,2,supplementing,"[857, 672, 165, 165]","[857, 672, 1022, 837]","https://iiif.library.sh.cn/c/3/94513ff4-cce1-4a2c-925b-fcf82add2f02#xywh=857,672,165,165",李俨撰文，欧阳通楷书,欧阳通（楷书）；李儇（撰文）,唐,龙朔三年十月十日刻立（663）,663,楷书,17A331,《翰墨瑰宝：上海图书馆藏珍本碑帖丛刊》第二辑,iiif_annotation_target_xywh,iiif_xywh
001_道因法师碑_p0020_c003,寻,001_道因法师碑,道因法师碑,20,二十,0,2,857,830,165,165,853,840,173,159,"[853, 840, 173, 159]",839,824,201,191,"[839, 824, 201, 191]",16613,text_constrained_column_cell_pixel_assignment,assets/page_images/001_道因法师碑/p0020.jpg,1,http://data.library.sh.cn/bt/resource/work/v1e0qbx3r5wp1uw4,http://iiif.library.sh.cn/api/viewer/17A331,https://iiif.library.sh.cn/p/3/02c55611-7427-4cd0-a2cd-a15b5ccbaa9c,https://iiif.library.sh.cn/c/3/94513ff4-cce1-4a2c-925b-fcf82add2f02,1444,2221,https://iiif.library.sh.cn/c/3/94513ff4-cce1-4a2c-925b-fcf82add2f02/ap/s,https://iiif.library.sh.cn/c/3/94513ff4-cce1-4a2c-925b-fcf82add2f02/ap/c/a/99277512-dd56-4037-874f-0e5dc687c63b,3,3,supplementing,"[857, 830, 165, 165]","[857, 830, 1022, 995]","https://iiif.library.sh.cn/c/3/94513ff4-cce1-4a2c-925b-fcf82add2f02#xywh=857,830,165,165",李俨撰文，欧阳通楷书,欧阳通（楷书）；李儇（撰文）,唐,龙朔三年十月十日刻立（663）,663,楷书,17A331,《翰墨瑰宝：上海图书馆藏珍本碑帖丛刊》第二辑,iiif_annotation_target_xywh,iiif_xywh
001_道因法师碑_p0020_c004,讲,001_道因法师碑,道因法师碑,20,二十,0,3,857,1016,165,165,853,1012,173,173,"[853, 1012, 173, 173]",839,995,201,207,"[839, 995, 201, 207]",16574,text_constrained_column_cell_pixel_assignment,assets/page_images/001_道因法师碑/p0020.jpg,1,http://data.library.sh.cn/bt/resource/work/v1e0qbx3r5wp1uw4,http://iiif.library.sh.cn/api/viewer/17A331,https://iiif.library.sh.cn/p/3/02c55611-7427-4cd0-a2cd-a15b5ccbaa9c,https://iiif.library.sh.cn/c/3/94513ff4-cce1-4a2c-925b-fcf82add2f02,1444,2221,https://iiif.library.sh.cn/c/3/94513ff4-cce1-4a2c-925b-fcf82add2f02/ap/s,https://iiif.library.sh.cn/c/3/94513ff4-cce1-4a2c-925b-fcf82add2f02/ap/c/a/6c457cd4-f2bd-497b-84f2-d7c6f4c0305c,4,4,supplementing,"[857, 1016, 165, 165]","[857, 1016, 1022, 1181]","https://iiif.library.sh.cn/c/3/94513ff4-cce1-4a2c-925b-fcf82add2f02#xywh=857,1016,165,165",李俨撰文，欧阳通楷书,欧阳通（楷书）；李儇（撰文）,唐,龙朔三年十月十日刻立（663）,663,楷书,17A331,《翰墨瑰宝：上海图书馆藏珍本碑帖丛刊》第二辑,iiif_annotation_target_xywh,iiif_xywh
001_道因法师碑_p0020_c005,涅,001_道因法师碑,道因法师碑,20,二十,0,4,857,1203,165,165,853,1198,173,164,"[853, 1198, 173, 164]",839,1182,201,196,"[839, 1182, 201, 196]",16379,text_constrained_column_cell_pixel_assignment,assets/page_images/001_道因法师碑/p0020.jpg,1,http://data.library.sh.cn/bt/resource/work/v1e0qbx3r5wp1uw4,http://iiif.library.sh.cn/api/viewer/17A331,https://iiif.library.sh.cn/p/3/02c55611-7427-4cd0-a2cd-a15b5ccbaa9c,https://iiif.library.sh.cn/c/3/94513ff4-cce1-4a2c-925b-fcf82add2f02,1444,2221,https://iiif.library.sh.cn/c/3/94513ff4-cce1-4a2c-925b-fcf82add2f02/ap/s,https://iiif.library.sh.cn/c/3/94513ff4-cce1-4a2c-925b-fcf82add2f02/ap/c/a/963b43d6-32f8-41d1-bc21-15e2dd66a14b,5,5,supplementing,"[857, 1203, 165, 165]","[857, 1203, 1022, 1368]","https://iiif.library.sh.cn/c/3/94513ff4-cce1-4a2c-925b-fcf82add2f02#xywh=857,1203,165,165",李俨撰文，欧阳通楷书,欧阳通（楷书）；李儇（撰文）,唐,龙朔三年十月十日刻立（663）,663,楷书,17A331,《翰墨瑰宝：上海图书馆藏珍本碑帖丛刊》第二辑,iiif_annotation_target_xywh,iiif_xywh
001_道因法师碑_p0020_c006,槃,001_道因法师碑,道因法师碑,20,二十,0,5,857,1369,165,165,853,1374,173,156,"[853, 1374, 173, 156]",839,1358,201,188,"[839, 1358, 201, 188]",16234,text_constrained_column_cell_pixel_assignment,assets/page_images/001_道因法师碑/p0020.jpg,1,http://data.library.sh.cn/bt/resource/work/v1e0qbx3r5wp1uw4,http://iiif.library.sh.cn/api/viewer/17A331,https://iiif.library.sh.cn/p/3/02c55611-7427-4cd0-a2cd-a15b5ccbaa9c,https://iiif.library.sh.cn/c/3/94513ff4-cce1-4a2c-925b-fcf82add2f02,1444,2221,https://iiif.library.sh.cn/c/3/94513ff4-cce1-4a2c-925b-fcf82add2f02/ap/s,https://iiif.library.sh.cn/c/3/94513ff4-cce1-4a2c-925b-fcf82add2f02/ap/c/a/28cb1618-f4cd-47ad-a91c-ba349b532264,6,6,supplementing,"[857, 1369, 165, 165]","[857, 1369, 1022, 1534]","https://iiif.library.sh.cn/c/3/94513ff4-cce1-4a2c-925b-fcf82add2f02#xywh=857,1369,165,165",李俨撰文，欧阳通楷书,欧阳通（楷书）；李儇（撰文）,唐,龙朔三年十月十日刻立（663）,663,楷书,17A331,《翰墨瑰宝：上海图书馆藏珍本碑帖丛刊》第二辑,iiif_annotation_target_xywh,iiif_xywh
001_道因法师碑_p0020_c007,十,001_道因法师碑,道因法师碑,20,二十,0,6,857,1538,165,165,853,1542,173,155,"[853, 1542, 173, 155]",839,1526,201,186,"[839, 1526, 201, 186]",15892,text_constrained_column_cell_pixel_assignment,assets/page_images/001_道因法师碑/p0020.jpg,1,http://data.library.sh.cn/bt/resource/work/v1e0qbx3r5wp1uw4,http://iiif.library.sh.cn/api/viewer/17A331,https://iiif.library.sh.cn/p/3/02c55611-7427-4cd0-a2cd-a15b5ccbaa9c,https://iiif.library.sh.cn/c/3/94513ff4-cce1-4a2c-925b-fcf82add2f02,1444,2221,https://iiif.library.sh.cn/c/3/94513ff4-cce1-4a2c-925b-fcf82add2f02/ap/s,https://iiif.library.sh.cn/c/3/94513ff4-cce1-4a2c-925b-fcf82add2f02/ap/c/a/8855f334-e7ed-407a-ac63-927b89d055d4,7,7,supplementing,"[857, 1538, 165, 165]","[857, 1538, 1022, 1703]","https://iiif.library.sh.cn/c/3/94513ff4-cce1-4a2c-925b-fcf82add2f02#xywh=857,1538,165,165",李俨撰文，欧阳通楷书,欧阳通（楷书）；李儇（撰文）,唐,龙朔三年十月十日刻立（663）,663,楷书,17A331,《翰墨瑰宝：上海图书馆藏珍本碑帖丛刊》第二辑,iiif_annotation_target_xywh,iiif_xywh
001_道因法师碑_p0020_c008,地,001_道因法师碑,道因法师碑,20,二十,0,7,857,1703,165,165,853,1709,173,153,"[853, 1709, 173, 153]",839,1694,201,183,"[839, 1694, 201, 183]",17902,text_constrained_column_cell_pixel_assignment,assets/page_images/001_道因法师碑/p0020.jpg,1,http://data.library.sh.cn/bt/resource/work/v1e0qbx3r5wp1uw4,http://iiif.library.sh.cn/api/viewer/17A331,https://iiif.library.sh.cn/p/3/02c55611-7427-4cd0-a2cd-a15b5ccbaa9c,https://iiif.library.sh.cn/c/3/94513ff4-cce1-4a2c-925b-fcf82add2f02,1444,2221,https://iiif.library.sh.cn/c/3/94513ff4-cce1-4a2c-925b-fcf82add2f02/ap/s,https://iiif.library.sh.cn/c/3/94513ff4-cce1-4a2c-925b-fcf82add2f02/ap/c/a/ac383b67-1eba-462f-b947-7a12a9e537d0,8,8,supplementing,"[857, 1703, 165, 165]","[857, 1703, 1022, 1868]","https://iiif.library.sh.cn/c/3/94513ff4-cce1-4a2c-925b-fcf82add2f02#xywh=857,1703,165,165",李俨撰文，欧阳通楷书,欧阳通（楷书）；李儇（撰文）,唐,龙朔三年十月十日刻立（663）,663,楷书,17A331,《翰墨瑰宝：上海图书馆藏珍本碑帖丛刊》第二辑,iiif_annotation_target_xywh,iiif_xywh
001_道因法师碑_p0020_c009,洞,001_道因法师碑,道因法师碑,20,二十,1,0,674,522,159,159,675,542,165,119,"[675, 542, 165, 119]",662,530,191,143,"[662, 530, 191, 143]",11028,text_constrained_column_cell_pixel_assignment,assets/page_images/001_道因法师碑/p0020.jpg,1,http://data.library.sh.cn/bt/resource/work/v1e0qbx3r5wp1uw4,http://iiif.library.sh.cn/api/viewer/17A331,https://iiif.library.sh.cn/p/3/02c55611-7427-4cd0-a2cd-a15b5ccbaa9c,https://iiif.library.sh.cn/c/3/94513ff4-cce1-4a2c-925b-fcf82add2f02,1444,2221,https://iiif.library.sh.cn/c/3/94513ff4-cce1-4a2c-925b-fcf82add2f02/ap/s,https://iiif.library.sh.cn/c/3/94513ff4-cce1-4a2c-925b-fcf82add2f02/ap/c/a/9f8a64b0-6145-4a57-9940-37209fe38736,9,9,supplementing,"[674, 522, 159, 159]","[674, 522, 833, 681]","https://iiif.library.sh.cn/c/3/94513ff4-cce1-4a2c-925b-fcf82add2f02#xywh=674,522,159,159",李俨撰文，欧阳通楷书,欧阳通（楷书）；李儇（撰文）,唐,龙朔三年十月十日刻立（663）,663,楷书,17A331,《翰墨瑰宝：上海图书馆藏珍本碑帖丛刊》第二辑,iiif_annotation_target_xywh,iiif_xywh
001_道因法师碑_p0020_c010,尽,001_道因法师碑,道因法师碑,20,二十,1,1,674,649,159,159,675,671,165,156,"[675, 671, 165, 156]",662,655,191,188,"[662, 655, 191, 188]",14013,text_constrained_column_cell_pixel_assignment,assets/page_images/001_道因法师碑/p0020.jpg,1,http://data.library.sh.cn/bt/resource/work/v1e0qbx3r5wp1uw4,http://iiif.library.sh.cn/api/viewer/17A331,https://iiif.library.sh.cn/p/3/02c55611-7427-4cd0-a2cd-a15b5ccbaa9c,https://iiif.library.sh.cn/c/3/94513ff4-cce1-4a2c-925b-fcf82add2f02,1444,2221,https://iiif.library.sh.cn/c/3/94513ff4-cce1-4a2c-925b-fcf82add2f02/ap/s,https://iiif.library.sh.cn/c/3/94513ff4-cce1-4a2c-925b-fcf82add2f02/ap/c/a/1b393eac-c9a8-497f-acb5-29be480cffed,10,10,supplementing,"[674, 649, 159, 159]","[674, 649, 833, 808]","https://iiif.library.sh.cn/c/3/94513ff4-cce1-4a2c-925b-fcf82add2f02#xywh=674,649,159,159",李俨撰文，欧阳通楷书,欧阳通（楷书）；李儇（撰文）,唐,龙朔三年十月十日刻立（663）,663,楷书,17A331,《翰墨瑰宝：上海图书馆藏珍本碑帖丛刊》第二辑,iiif_annotation_target_xywh,iiif_xywh
001_道因法师碑_p0020_c011,幽,001_道因法师碑,道因法师碑,20,二十,1,2,674,857,159,159,675,839,165,171,"[675, 839, 165, 171]",662,822,191,205,"[662, 822, 191, 205]",16927,text_constrained_column_cell_pixel_assignment,assets/page_images/001_道因法师碑/p0020.jpg,1,http://data.library.sh.cn/bt/resource/work/v1e0qbx3r5wp1uw4,http://iiif.library.sh.cn/api/viewer/17A331,https://iiif.library.sh.cn/p/3/02c55611-7427-4cd0-a2cd-a15b5ccbaa9c,https://iiif.library.sh.cn/c/3/94513ff4-cce1-4a2c-925b-fcf82add2f02,1444,2221,https://iiif.library.sh.cn/c/3/94513ff4-cce1-4a2c-925b-fcf82add2f02/ap/s,https://iiif.library.sh.cn/c/3/94513ff4-cce1-4a2c-925b-fcf82add2f02/ap/c/a/2debba1b-f4e9-4a00-b276-74ee996ac5a9,11,11,supplementing,"[674, 857, 159, 159]","[674, 857, 833, 1016]","https://iiif.library.sh.cn/c/3/94513ff4-cce1-4a2c-925b-fcf82add2f02#xywh=674,857,159,159",李俨撰文，欧阳通楷书,欧阳通（楷书）；李儇（撰文）,唐,龙朔三年十月十日刻立（663）,663,楷书,17A331,《翰墨瑰宝：上海图书馆藏珍本碑帖丛刊》第二辑,iiif_annotation_target_xywh,iiif_xywh
001_道因法师碑_p0020_c012,微,001_道因法师碑,道因法师碑,20,二十,1,3,674,1016,159,159,675,1022,165,156,"[675, 1022, 165, 156]",662,1006,191,188,"[662, 1006, 191, 188]",13160,text_constrained_column_cell_pixel_assignment,assets/page_images/001_道因法师碑/p0020.jpg,1,http://data.library.sh.cn/bt/resource/work/v1e0qbx3r5wp1uw4,http://iiif.library.sh.cn/api/viewer/17A331,https://iiif.library.sh.cn/p/3/02c55611-7427-4cd0-a2cd-a15b5ccbaa9c,https://iiif.library.sh.cn/c/3/94513ff4-cce1-4a2c-925b-fcf82add2f02,1444,2221,https://iiif.library.sh.cn/c/3/94513ff4-cce1-4a2c-925b-fcf82add2f02/ap/s,https://iiif.library.sh.cn/c/3/94513ff4-cce1-4a2c-925b-fcf82add2f02/ap/c/a/66354b88-51c4-4fd3-b931-990d4f7bc1b5,12,12,supplementing,"[674, 1016, 159, 159]","[674, 1016, 833, 1175]","https://iiif.library.sh.cn/c/3/94513ff4-cce1-4a2c-925b-fcf82add2f02#xywh=674,1016,159,159",李俨撰文，欧阳通楷书,欧阳通（楷书）；李儇（撰文）,唐,龙朔三年十月十日刻立（663）,663,楷书,17A331,《翰墨瑰宝：上海图书馆藏珍本碑帖丛刊》第二辑,iiif_annotation_target_xywh,iiif_xywh
001_道因法师碑_p0020_c013,宿,001_道因法师碑,道因法师碑,20,二十,1,4,674,1193,159,159,675,1190,165,171,"[675, 1190, 165, 171]",662,1173,191,205,"[662, 1173, 191, 205]",16009,text_constrained_column_cell_pixel_assignment,assets/page_images/001_道因法师碑/p0020.jpg,1,http://data.library.sh.cn/bt/resource/work/v1e0qbx3r5wp1uw4,http://iiif.library.sh.cn/api/viewer/17A331,https://iiif.library.sh.cn/p/3/02c55611-7427-4cd0-a2cd-a15b5ccbaa9c,https://iiif.library.sh.cn/c/3/94513ff4-cce1-4a2c-925b-fcf82add2f02,1444,2221,https://iiif.library.sh.cn/c/3/94513ff4-cce1-4a2c-925b-fcf82add2f02/ap/s,https://iiif.library.sh.cn/c/3/94513ff4-cce1-4a2c-925b-fcf82add2f02/ap/c/a/d7eef83d-9f55-4841-ba48-fd205a17224a,13,13,supplementing,"[674, 1193, 159, 159]","[674, 1193, 833, 1352]","https://iiif.library.sh.cn/c/3/94513ff4-cce1-4a2c-925b-fcf82add2f02#xywh=674,1193,159,159",李俨撰文，欧阳通楷书,欧阳通（楷书）；李儇（撰文）,唐,龙朔三年十月十日刻立（663）,663,楷书,17A331,《翰墨瑰宝：上海图书馆藏珍本碑帖丛刊》第二辑,iiif_annotation_target_xywh,iiif_xywh
001_道因法师碑_p0020_c014,齿,001_道因法师碑,道因法师碑,20,二十,1,5,674,1382,159,159,675,1373,165,173,"[675, 1373, 165, 173]",662,1356,191,207,"[662, 1356, 191, 207]",11923,text_constrained_column_cell_pixel_assignment,assets/page_images/001_道因法师碑/p0020.jpg,1,http://data.library.sh.cn/bt/resource/work/v1e0qbx3r5wp1uw4,http://iiif.library.sh.cn/api/viewer/17A331,https://iiif.library.sh.cn/p/3/02c55611-7427-4cd0-a2cd-a15b5ccbaa9c,https://iiif.library.sh.cn/c/3/94513ff4-cce1-4a2c-925b-fcf82add2f02,1444,2221,https://iiif.library.sh.cn/c/3/94513ff4-cce1-4a2c-925b-fcf82add2f02/ap/s,https://iiif.library.sh.cn/c/3/94513ff4-cce1-4a2c-925b-fcf82add2f02/ap/c/a/0cb38bf6-4c95-4fdf-80bc-f43b679b206b,14,14,supplementing,"[674, 1382, 159, 159]","[674, 1382, 833, 1541]","https://iiif.library.sh.cn/c/3/94513ff4-cce1-4a2c-925b-fcf82add2f02#xywh=674,1382,159,159",李俨撰文，欧阳通楷书,欧阳通（楷书）；李儇（撰文）,唐,龙朔三年十月十日刻立（663）,663,楷书,17A331,《翰墨瑰宝：上海图书馆藏珍本碑帖丛刊》第二辑,iiif_annotation_target_xywh,iiif_xywh
001_道因法师碑_p0020_c015,名,001_道因法师碑,道因法师碑,20,二十,1,6,674,1563,159,159,675,1558,165,155,"[675, 1558, 165, 155]",662,1542,191,186,"[662, 1542, 191, 186]",10158,text_constrained_column_cell_pixel_assignment,assets/page_images/001_道因法师碑/p0020.jpg,1,http://data.library.sh.cn/bt/resource/work/v1e0qbx3r5wp1uw4,http://iiif.library.sh.cn/api/viewer/17A331,https://iiif.library.sh.cn/p/3/02c55611-7427-4cd0-a2cd-a15b5ccbaa9c,https://iiif.library.sh.cn/c/3/94513ff4-cce1-4a2c-925b-fcf82add2f02,1444,2221,https://iiif.library.sh.cn/c/3/94513ff4-cce1-4a2c-925b-fcf82add2f02/ap/s,https://iiif.library.sh.cn/c/3/94513ff4-cce1-4a2c-925b-fcf82add2f02/ap/c/a/063704fb-c4b2-4097-9210-6a483c5991bc,15,15,supplementing,"[674, 1563, 159, 159]","[674, 1563, 833, 1722]","https://iiif.library.sh.cn/c/3/94513ff4-cce1-4a2c-925b-fcf82add2f02#xywh=674,1563,159,159",李俨撰文，欧阳通楷书,欧阳通（楷书）；李儇（撰文）,唐,龙朔三年十月十日刻立（663）,663,楷书,17A331,《翰墨瑰宝：上海图书馆藏珍本碑帖丛刊》第二辑,iiif_annotation_target_xywh,iiif_xywh
001_道因法师碑_p0020_c016,流,001_道因法师碑,道因法师碑,20,二十,1,7,674,1715,159,159,675,1724,165,141,"[675, 1724, 165, 141]",662,1710,191,169,"[662, 1710, 191, 169]",10571,text_constrained_column_cell_pixel_assignment,assets/page_images/001_道因法师碑/p0020.jpg,1,http://data.library.sh.cn/bt/resource/work/v1e0qbx3r5wp1uw4,http://iiif.library.sh.cn/api/viewer/17A331,https://iiif.library.sh.cn/p/3/02c55611-7427-4cd0-a2cd-a15b5ccbaa9c,https://iiif.library.sh.cn/c/3/94513ff4-cce1-4a2c-925b-fcf82add2f02,1444,2221,https://iiif.library.sh.cn/c/3/94513ff4-cce1-4a2c-925b-fcf82add2f02/ap/s,https://iiif.library.sh.cn/c/3/94513ff4-cce1-4a2c-925b-fcf82add2f02/ap/c/a/6c8a5904-e4c0-4a33-9bc0-6c23ac5d45fc,16,16,supplementing,"[674, 1715, 159, 159]","[674, 1715, 833, 1874]","https://iiif.library.sh.cn/c/3/94513ff4-cce1-4a2c-925b-fcf82add2f02#xywh=674,1715,159,159",李俨撰文，欧阳通楷书,欧阳通（楷书）；李儇（撰文）,唐,龙朔三年十月十日刻立（663）,663,楷书,17A331,《翰墨瑰宝：上海图书馆藏珍本碑帖丛刊》第二辑,iiif_annotation_target_xywh,iiif_xywh
001_道因法师碑_p0020_c017,咸,001_道因法师碑,道因法师碑,20,二十,2,0,510,539,150,150,507,543,156,142,"[507, 543, 156, 142]",495,529,180,170,"[495, 529, 180, 170]",14060,text_constrained_column_cell_pixel_assignment,assets/page_images/001_道因法师碑/p0020.jpg,1,http://data.library.sh.cn/bt/resource/work/v1e0qbx3r5wp1uw4,http://iiif.library.sh.cn/api/viewer/17A331,https://iiif.library.sh.cn/p/3/02c55611-7427-4cd0-a2cd-a15b5ccbaa9c,https://iiif.library.sh.cn/c/3/94513ff4-cce1-4a2c-925b-fcf82add2f02,1444,2221,https://iiif.library.sh.cn/c/3/94513ff4-cce1-4a2c-925b-fcf82add2f02/ap/s,https://iiif.library.sh.cn/c/3/94513ff4-cce1-4a2c-925b-fcf82add2f02/ap/c/a/1e98b240-628c-44d4-9b12-ce7a4a9b58b6,17,17,supplementing,"[510, 539, 150, 150]","[510, 539, 660, 689]","https://iiif.library.sh.cn/c/3/94513ff4-cce1-4a2c-925b-fcf82add2f02#xywh=510,539,150,150",李俨撰文，欧阳通楷书,欧阳通（楷书）；李儇（撰文）,唐,龙朔三年十月十日刻立（663）,663,楷书,17A331,《翰墨瑰宝：上海图书馆藏珍本碑帖丛刊》第二辑,iiif_annotation_target_xywh,iiif_xywh
001_道因法师碑_p0020_c018,所,001_道因法师碑,道因法师碑,20,二十,2,1,510,692,150,150,507,696,156,145,"[507, 696, 156, 145]",495,682,180,174,"[495, 682, 180, 174]",9333,text_constrained_column_cell_pixel_assignment,assets/page_images/001_道因法师碑/p0020.jpg,1,http://data.library.sh.cn/bt/resource/work/v1e0qbx3r5wp1uw4,http://iiif.library.sh.cn/api/viewer/17A331,https://iiif.library.sh.cn/p/3/02c55611-7427-4cd0-a2cd-a15b5ccbaa9c,https://iiif.library.sh.cn/c/3/94513ff4-cce1-4a2c-925b-fcf82add2f02,1444,2221,https://iiif.library.sh.cn/c/3/94513ff4-cce1-4a2c-925b-fcf82add2f02/ap/s,https://iiif.library.sh.cn/c/3/94513ff4-cce1-4a2c-925b-fcf82add2f02/ap/c/a/c375d147-7b65-4e6b-bd6b-58a20fe08bdc,18,18,supplementing,"[510, 692, 150, 150]","[510, 692, 660, 842]","https://iiif.library.sh.cn/c/3/94513ff4-cce1-4a2c-925b-fcf82add2f02#xywh=510,692,150,150",李俨撰文，欧阳通楷书,欧阳通（楷书）；李儇（撰文）,唐,龙朔三年十月十日刻立（663）,663,楷书,17A331,《翰墨瑰宝：上海图书馆藏珍本碑帖丛刊》第二辑,iiif_annotation_target_xywh,iiif_xywh
001_道因法师碑_p0020_c019,叹,001_道因法师碑,道因法师碑,20,二十,2,2,510,851,150,150,507,853,156,171,"[507, 853, 156, 171]",495,836,180,205,"[495, 836, 180, 205]",11639,text_constrained_column_cell_pixel_assignment,assets/page_images/001_道因法师碑/p0020.jpg,1,http://data.library.sh.cn/bt/resource/work/v1e0qbx3r5wp1uw4,http://iiif.library.sh.cn/api/viewer/17A331,https://iiif.library.sh.cn/p/3/02c55611-7427-4cd0-a2cd-a15b5ccbaa9c,https://iiif.library.sh.cn/c/3/94513ff4-cce1-4a2c-925b-fcf82add2f02,1444,2221,https://iiif.library.sh.cn/c/3/94513ff4-cce1-4a2c-925b-fcf82add2f02/ap/s,https://iiif.library.sh.cn/c/3/94513ff4-cce1-4a2c-925b-fcf82add2f02/ap/c/a/16ee08eb-d72a-4bbc-8857-b34a1ca40434,19,19,supplementing,"[510, 851, 150, 150]","[510, 851, 660, 1001]","https://iiif.library.sh.cn/c/3/94513ff4-cce1-4a2c-925b-fcf82add2f02#xywh=510,851,150,150",李俨撰文，欧阳通楷书,欧阳通（楷书）；李儇（撰文）,唐,龙朔三年十月十日刻立（663）,663,楷书,17A331,《翰墨瑰宝：上海图书馆藏珍本碑帖丛刊》第二辑,iiif_annotation_target_xywh,iiif_xywh
001_道因法师碑_p0020_c020,异,001_道因法师碑,道因法师碑,20,二十,2,3,510,1060,150,150,507,1037,156,176,"[507, 1037, 156, 176]",495,1019,180,212,"[495, 1019, 180, 212]",11151,text_constrained_column_cell_pixel_assignment,assets/page_images/001_道因法师碑/p0020.jpg,1,http://data.library.sh.cn/bt/resource/work/v1e0qbx3r5wp1uw4,http://iiif.library.sh.cn/api/viewer/17A331,https://iiif.library.sh.cn/p/3/02c55611-7427-4cd0-a2cd-a15b5ccbaa9c,https://iiif.library.sh.cn/c/3/94513ff4-cce1-4a2c-925b-fcf82add2f02,1444,2221,https://iiif.library.sh.cn/c/3/94513ff4-cce1-4a2c-925b-fcf82add2f02/ap/s,https://iiif.library.sh.cn/c/3/94513ff4-cce1-4a2c-925b-fcf82add2f02/ap/c/a/ca045870-2fab-4b7f-ad54-52f5e35ba25d,20,20,supplementing,"[510, 1060, 150, 150]","[510, 1060, 660, 1210]","https://iiif.library.sh.cn/c/3/94513ff4-cce1-4a2c-925b-fcf82add2f02#xywh=510,1060,150,150",李俨撰文，欧阳通楷书,欧阳通（楷书）；李儇（撰文）,唐,龙朔三年十月十日刻立（663）,663,楷书,17A331,《翰墨瑰宝：上海图书馆藏珍本碑帖丛刊》第二辑,iiif_annotation_target_xywh,iiif_xywh
001_道因法师碑_p0020_c021,及,001_道因法师碑,道因法师碑,20,二十,2,4,510,1229,150,150,507,1226,156,172,"[507, 1226, 156, 172]",495,1209,180,206,"[495, 1209, 180, 206]",8553,text_constrained_column_cell_pixel_assignment,assets/page_images/001_道因法师碑/p0020.jpg,1,http://data.library.sh.cn/bt/resource/work/v1e0qbx3r5wp1uw4,http://iiif.library.sh.cn/api/viewer/17A331,https://iiif.library.sh.cn/p/3/02c55611-7427-4cd0-a2cd-a15b5ccbaa9c,https://iiif.library.sh.cn/c/3/94513ff4-cce1-4a2c-925b-fcf82add2f02,1444,2221,https://iiif.library.sh.cn/c/3/94513ff4-cce1-4a2c-925b-fcf82add2f02/ap/s,https://iiif.library.sh.cn/c/3/94513ff4-cce1-4a2c-925b-fcf82add2f02/ap/c/a/f2c9cf4a-c2bc-4893-aea1-e672132ec562,21,21,supplementing,"[510, 1229, 150, 150]","[510, 1229, 660, 1379]","https://iiif.library.sh.cn/c/3/94513ff4-cce1-4a2c-925b-fcf82add2f02#xywh=510,1229,150,150",李俨撰文，欧阳通楷书,欧阳通（楷书）；李儇（撰文）,唐,龙朔三年十月十日刻立（663）,663,楷书,17A331,《翰墨瑰宝：上海图书馆藏珍本碑帖丛刊》第二辑,iiif_annotation_target_xywh,iiif_xywh
001_道因法师碑_p0020_c022,受,001_道因法师碑,道因法师碑,20,二十,2,5,510,1429,150,150,507,1411,156,183,"[507, 1411, 156, 183]",495,1393,180,219,"[495, 1393, 180, 219]",11035,text_constrained_column_cell_pixel_assignment,assets/page_images/001_道因法师碑/p0020.jpg,1,http://data.library.sh.cn/bt/resource/work/v1e0qbx3r5wp1uw4,http://iiif.library.sh.cn/api/viewer/17A331,https://iiif.library.sh.cn/p/3/02c55611-7427-4cd0-a2cd-a15b5ccbaa9c,https://iiif.library.sh.cn/c/3/94513ff4-cce1-4a2c-925b-fcf82add2f02,1444,2221,https://iiif.library.sh.cn/c/3/94513ff4-cce1-4a2c-925b-fcf82add2f02/ap/s,https://iiif.library.sh.cn/c/3/94513ff4-cce1-4a2c-925b-fcf82add2f02/ap/c/a/752705e9-6544-4add-8bb3-45f922078f28,22,22,supplementing,"[510, 1429, 150, 150]","[510, 1429, 660, 1579]","https://iiif.library.sh.cn/c/3/94513ff4-cce1-4a2c-925b-fcf82add2f02#xywh=510,1429,150,150",李俨撰文，欧阳通楷书,欧阳通（楷书）；李儇（撰文）,唐,龙朔三年十月十日刻立（663）,663,楷书,17A331,《翰墨瑰宝：上海图书馆藏珍本碑帖丛刊》第二辑,iiif_annotation_target_xywh,iiif_xywh
001_道因法师碑_p0020_c023,具,001_道因法师碑,道因法师碑,20,二十,2,6,510,1622,150,150,507,1607,156,166,"[507, 1607, 156, 166]",495,1590,180,200,"[495, 1590, 180, 200]",10437,text_constrained_column_cell_pixel_assignment,assets/page_images/001_道因法师碑/p0020.jpg,1,http://data.library.sh.cn/bt/resource/work/v1e0qbx3r5wp1uw4,http://iiif.library.sh.cn/api/viewer/17A331,https://iiif.library.sh.cn/p/3/02c55611-7427-4cd0-a2cd-a15b5ccbaa9c,https://iiif.library.sh.cn/c/3/94513ff4-cce1-4a2c-925b-fcf82add2f02,1444,2221,https://iiif.library.sh.cn/c/3/94513ff4-cce1-4a2c-925b-fcf82add2f02/ap/s,https://iiif.library.sh.cn/c/3/94513ff4-cce1-4a2c-925b-fcf82add2f02/ap/c/a/6e166594-7de1-4f2f-8a96-2d78821ca05a,23,23,supplementing,"[510, 1622, 150, 150]","[510, 1622, 660, 1772]","https://iiif.library.sh.cn/c/3/94513ff4-cce1-4a2c-925b-fcf82add2f02#xywh=510,1622,150,150",李俨撰文，欧阳通楷书,欧阳通（楷书）；李儇（撰文）,唐,龙朔三年十月十日刻立（663）,663,楷书,17A331,《翰墨瑰宝：上海图书馆藏珍本碑帖丛刊》第二辑,iiif_annotation_target_xywh,iiif_xywh
001_道因法师碑_p0020_c024,戒,001_道因法师碑,道因法师碑,20,二十,2,7,510,1786,150,150,507,1785,156,152,"[507, 1785, 156, 152]",495,1770,180,182,"[495, 1770, 180, 182]",13895,text_constrained_column_cell_pixel_assignment,assets/page_images/001_道因法师碑/p0020.jpg,1,http://data.library.sh.cn/bt/resource/work/v1e0qbx3r5wp1uw4,http://iiif.library.sh.cn/api/viewer/17A331,https://iiif.library.sh.cn/p/3/02c55611-7427-4cd0-a2cd-a15b5ccbaa9c,https://iiif.library.sh.cn/c/3/94513ff4-cce1-4a2c-925b-fcf82add2f02,1444,2221,https://iiif.library.sh.cn/c/3/94513ff4-cce1-4a2c-925b-fcf82add2f02/ap/s,https://iiif.library.sh.cn/c/3/94513ff4-cce1-4a2c-925b-fcf82add2f02/ap/c/a/16275e00-d34f-47bd-b330-8db5ea69f4a0,24,24,supplementing,"[510, 1786, 150, 150]","[510, 1786, 660, 1936]","https://iiif.library.sh.cn/c/3/94513ff4-cce1-4a2c-925b-fcf82add2f02#xywh=510,1786,150,150",李俨撰文，欧阳通楷书,欧阳通（楷书）；李儇（撰文）,唐,龙朔三年十月十日刻立（663）,663,楷书,17A331,《翰墨瑰宝：上海图书馆藏珍本碑帖丛刊》第二辑,iiif_annotation_target_xywh,iiif_xywh
001_道因法师碑_p0020_c025,弥,001_道因法师碑,道因法师碑,20,二十,3,0,344,517,145,145,344,526,151,127,"[344, 526, 151, 127]",332,513,175,153,"[332, 513, 175, 153]",12700,text_constrained_column_cell_pixel_assignment,assets/page_images/001_道因法师碑/p0020.jpg,1,http://data.library.sh.cn/bt/resource/work/v1e0qbx3r5wp1uw4,http://iiif.library.sh.cn/api/viewer/17A331,https://iiif.library.sh.cn/p/3/02c55611-7427-4cd0-a2cd-a15b5ccbaa9c,https://iiif.library.sh.cn/c/3/94513ff4-cce1-4a2c-925b-fcf82add2f02,1444,2221,https://iiif.library.sh.cn/c/3/94513ff4-cce1-4a2c-925b-fcf82add2f02/ap/s,https://iiif.library.sh.cn/c/3/94513ff4-cce1-4a2c-925b-fcf82add2f02/ap/c/a/4431c4ca-2c10-4578-b933-a07271f08370,25,25,supplementing,"[344, 517, 145, 145]","[344, 517, 489, 662]","https://iiif.library.sh.cn/c/3/94513ff4-cce1-4a2c-925b-fcf82add2f02#xywh=344,517,145,145",李俨撰文，欧阳通楷书,欧阳通（楷书）；李儇（撰文）,唐,龙朔三年十月十日刻立（663）,663,楷书,17A331,《翰墨瑰宝：上海图书馆藏珍本碑帖丛刊》第二辑,iiif_annotation_target_xywh,iiif_xywh
001_道因法师碑_p0020_c026,复,001_道因法师碑,道因法师碑,20,二十,3,1,345,653,144,144,344,663,151,150,"[344, 663, 151, 150]",332,648,175,180,"[332, 648, 175, 180]",10474,text_constrained_column_cell_pixel_assignment,assets/page_images/001_道因法师碑/p0020.jpg,1,http://data.library.sh.cn/bt/resource/work/v1e0qbx3r5wp1uw4,http://iiif.library.sh.cn/api/viewer/17A331,https://iiif.library.sh.cn/p/3/02c55611-7427-4cd0-a2cd-a15b5ccbaa9c,https://iiif.library.sh.cn/c/3/94513ff4-cce1-4a2c-925b-fcf82add2f02,1444,2221,https://iiif.library.sh.cn/c/3/94513ff4-cce1-4a2c-925b-fcf82add2f02/ap/s,https://iiif.library.sh.cn/c/3/94513ff4-cce1-4a2c-925b-fcf82add2f02/ap/c/a/c319439e-f7b3-4c7b-bc2a-e20806bc85a2,26,26,supplementing,"[345, 653, 144, 144]","[345, 653, 489, 797]","https://iiif.library.sh.cn/c/3/94513ff4-cce1-4a2c-925b-fcf82add2f02#xywh=345,653,144,144",李俨撰文，欧阳通楷书,欧阳通（楷书）；李儇（撰文）,唐,龙朔三年十月十日刻立（663）,663,楷书,17A331,《翰墨瑰宝：上海图书馆藏珍本碑帖丛刊》第二辑,iiif_annotation_target_xywh,iiif_xywh
001_道因法师碑_p0020_c027,精,001_道因法师碑,道因法师碑,20,二十,3,2,345,841,144,144,344,825,151,173,"[344, 825, 151, 173]",332,808,175,207,"[332, 808, 175, 207]",10059,text_constrained_column_cell_pixel_assignment,assets/page_images/001_道因法师碑/p0020.jpg,1,http://data.library.sh.cn/bt/resource/work/v1e0qbx3r5wp1uw4,http://iiif.library.sh.cn/api/viewer/17A331,https://iiif.library.sh.cn/p/3/02c55611-7427-4cd0-a2cd-a15b5ccbaa9c,https://iiif.library.sh.cn/c/3/94513ff4-cce1-4a2c-925b-fcf82add2f02,1444,2221,https://iiif.library.sh.cn/c/3/94513ff4-cce1-4a2c-925b-fcf82add2f02/ap/s,https://iiif.library.sh.cn/c/3/94513ff4-cce1-4a2c-925b-fcf82add2f02/ap/c/a/b169c2d1-4dfa-4cd5-aa50-42a6b82a0b75,27,27,supplementing,"[345, 841, 144, 144]","[345, 841, 489, 985]","https://iiif.library.sh.cn/c/3/94513ff4-cce1-4a2c-925b-fcf82add2f02#xywh=345,841,144,144",李俨撰文，欧阳通楷书,欧阳通（楷书）；李儇（撰文）,唐,龙朔三年十月十日刻立（663）,663,楷书,17A331,《翰墨瑰宝：上海图书馆藏珍本碑帖丛刊》第二辑,iiif_annotation_target_xywh,iiif_xywh
001_道因法师碑_p0020_c028,苦,001_道因法师碑,道因法师碑,20,二十,3,3,345,1024,144,144,344,1010,151,158,"[344, 1010, 151, 158]",332,994,175,190,"[332, 994, 175, 190]",8154,text_constrained_column_cell_pixel_assignment,assets/page_images/001_道因法师碑/p0020.jpg,1,http://data.library.sh.cn/bt/resource/work/v1e0qbx3r5wp1uw4,http://iiif.library.sh.cn/api/viewer/17A331,https://iiif.library.sh.cn/p/3/02c55611-7427-4cd0-a2cd-a15b5ccbaa9c,https://iiif.library.sh.cn/c/3/94513ff4-cce1-4a2c-925b-fcf82add2f02,1444,2221,https://iiif.library.sh.cn/c/3/94513ff4-cce1-4a2c-925b-fcf82add2f02/ap/s,https://iiif.library.sh.cn/c/3/94513ff4-cce1-4a2c-925b-fcf82add2f02/ap/c/a/5a5d654f-c5c9-4b3d-8fb5-f5c54546a1f5,28,28,supplementing,"[345, 1024, 144, 144]","[345, 1024, 489, 1168]","https://iiif.library.sh.cn/c/3/94513ff4-cce1-4a2c-925b-fcf82add2f02#xywh=345,1024,144,144",李俨撰文，欧阳通楷书,欧阳通（楷书）；李儇（撰文）,唐,龙朔三年十月十日刻立（663）,663,楷书,17A331,《翰墨瑰宝：上海图书馆藏珍本碑帖丛刊》第二辑,iiif_annotation_target_xywh,iiif_xywh
001_道因法师碑_p0020_c029,若,001_道因法师碑,道因法师碑,20,二十,3,4,345,1180,144,144,344,1180,151,170,"[344, 1180, 151, 170]",332,1163,175,204,"[332, 1163, 175, 204]",10469,text_constrained_column_cell_pixel_assignment,assets/page_images/001_道因法师碑/p0020.jpg,1,http://data.library.sh.cn/bt/resource/work/v1e0qbx3r5wp1uw4,http://iiif.library.sh.cn/api/viewer/17A331,https://iiif.library.sh.cn/p/3/02c55611-7427-4cd0-a2cd-a15b5ccbaa9c,https://iiif.library.sh.cn/c/3/94513ff4-cce1-4a2c-925b-fcf82add2f02,1444,2221,https://iiif.library.sh.cn/c/3/94513ff4-cce1-4a2c-925b-fcf82add2f02/ap/s,https://iiif.library.sh.cn/c/3/94513ff4-cce1-4a2c-925b-fcf82add2f02/ap/c/a/435762a2-7071-415e-b78c-2e281e6faa1b,29,29,supplementing,"[345, 1180, 144, 144]","[345, 1180, 489, 1324]","https://iiif.library.sh.cn/c/3/94513ff4-cce1-4a2c-925b-fcf82add2f02#xywh=345,1180,144,144",李俨撰文，欧阳通楷书,欧阳通（楷书）；李儇（撰文）,唐,龙朔三年十月十日刻立（663）,663,楷书,17A331,《翰墨瑰宝：上海图书馆藏珍本碑帖丛刊》第二辑,iiif_annotation_target_xywh,iiif_xywh
001_道因法师碑_p0020_c030,浮,001_道因法师碑,道因法师碑,20,二十,3,5,345,1388,144,144,344,1362,151,172,"[344, 1362, 151, 172]",332,1345,175,206,"[332, 1345, 175, 206]",7922,text_constrained_column_cell_pixel_assignment,assets/page_images/001_道因法师碑/p0020.jpg,1,http://data.library.sh.cn/bt/resource/work/v1e0qbx3r5wp1uw4,http://iiif.library.sh.cn/api/viewer/17A331,https://iiif.library.sh.cn/p/3/02c55611-7427-4cd0-a2cd-a15b5ccbaa9c,https://iiif.library.sh.cn/c/3/94513ff4-cce1-4a2c-925b-fcf82add2f02,1444,2221,https://iiif.library.sh.cn/c/3/94513ff4-cce1-4a2c-925b-fcf82add2f02/ap/s,https://iiif.library.sh.cn/c/3/94513ff4-cce1-4a2c-925b-fcf82add2f02/ap/c/a/3ba0d7d4-52d3-4437-9684-80c8dd7eb81f,30,30,supplementing,"[345, 1388, 144, 144]","[345, 1388, 489, 1532]","https://iiif.library.sh.cn/c/3/94513ff4-cce1-4a2c-925b-fcf82add2f02#xywh=345,1388,144,144",李俨撰文，欧阳通楷书,欧阳通（楷书）；李儇（撰文）,唐,龙朔三年十月十日刻立（663）,663,楷书,17A331,《翰墨瑰宝：上海图书馆藏珍本碑帖丛刊》第二辑,iiif_annotation_target_xywh,iiif_xywh
001_道因法师碑_p0020_c031,囊,001_道因法师碑,道因法师碑,20,二十,3,6,345,1549,144,144,344,1547,151,177,"[344, 1547, 151, 177]",332,1529,175,213,"[332, 1529, 175, 213]",11020,text_constrained_column_cell_pixel_assignment,assets/page_images/001_道因法师碑/p0020.jpg,1,http://data.library.sh.cn/bt/resource/work/v1e0qbx3r5wp1uw4,http://iiif.library.sh.cn/api/viewer/17A331,https://iiif.library.sh.cn/p/3/02c55611-7427-4cd0-a2cd-a15b5ccbaa9c,https://iiif.library.sh.cn/c/3/94513ff4-cce1-4a2c-925b-fcf82add2f02,1444,2221,https://iiif.library.sh.cn/c/3/94513ff4-cce1-4a2c-925b-fcf82add2f02/ap/s,https://iiif.library.sh.cn/c/3/94513ff4-cce1-4a2c-925b-fcf82add2f02/ap/c/a/3dbdc52d-acd5-4f0b-aee9-d26997396a1c,31,31,supplementing,"[345, 1549, 144, 144]","[345, 1549, 489, 1693]","https://iiif.library.sh.cn/c/3/94513ff4-cce1-4a2c-925b-fcf82add2f02#xywh=345,1549,144,144",李俨撰文，欧阳通楷书,欧阳通（楷书）；李儇（撰文）,唐,龙朔三年十月十日刻立（663）,663,楷书,17A331,《翰墨瑰宝：上海图书馆藏珍本碑帖丛刊》第二辑,iiif_annotation_target_xywh,iiif_xywh
001_道因法师碑_p0020_c032,之,001_道因法师碑,道因法师碑,20,二十,3,7,345,1768,144,144,344,1738,151,204,"[344, 1738, 151, 204]",332,1718,175,244,"[332, 1718, 175, 244]",19141,text_constrained_column_cell_pixel_assignment,assets/page_images/001_道因法师碑/p0020.jpg,1,http://data.library.sh.cn/bt/resource/work/v1e0qbx3r5wp1uw4,http://iiif.library.sh.cn/api/viewer/17A331,https://iiif.library.sh.cn/p/3/02c55611-7427-4cd0-a2cd-a15b5ccbaa9c,https://iiif.library.sh.cn/c/3/94513ff4-cce1-4a2c-925b-fcf82add2f02,1444,2221,https://iiif.library.sh.cn/c/3/94513ff4-cce1-4a2c-925b-fcf82add2f02/ap/s,https://iiif.library.sh.cn/c/3/94513ff4-cce1-4a2c-925b-fcf82add2f02/ap/c/a/5f8ee2cf-5376-4d9e-a952-71a73d861fef,32,32,supplementing,"[345, 1768, 144, 144]","[345, 1768, 489, 1912]","https://iiif.library.sh.cn/c/3/94513ff4-cce1-4a2c-925b-fcf82add2f02#xywh=345,1768,144,144",李俨撰文，欧阳通楷书,欧阳通（楷书）；李儇（撰文）,唐,龙朔三年十月十日刻立（663）,663,楷书,17A331,《翰墨瑰宝：上海图书馆藏珍本碑帖丛刊》第二辑,iiif_annotation_target_xywh,iiif_xywh
001_道因法师碑_p0020_c033,贞,001_道因法师碑,道因法师碑,20,二十,4,0,196,514,129,129,188,510,145,137,"[188, 510, 145, 137]",176,496,169,165,"[176, 496, 169, 165]",8804,text_constrained_column_cell_pixel_assignment,assets/page_images/001_道因法师碑/p0020.jpg,1,http://data.library.sh.cn/bt/resource/work/v1e0qbx3r5wp1uw4,http://iiif.library.sh.cn/api/viewer/17A331,https://iiif.library.sh.cn/p/3/02c55611-7427-4cd0-a2cd-a15b5ccbaa9c,https://iiif.library.sh.cn/c/3/94513ff4-cce1-4a2c-925b-fcf82add2f02,1444,2221,https://iiif.library.sh.cn/c/3/94513ff4-cce1-4a2c-925b-fcf82add2f02/ap/s,https://iiif.library.sh.cn/c/3/94513ff4-cce1-4a2c-925b-fcf82add2f02/ap/c/a/0449bb31-1812-4e05-87c4-8cb47a7e822b,33,33,supplementing,"[196, 514, 129, 129]","[196, 514, 325, 643]","https://iiif.library.sh.cn/c/3/94513ff4-cce1-4a2c-925b-fcf82add2f02#xywh=196,514,129,129",李俨撰文，欧阳通楷书,欧阳通（楷书）；李儇（撰文）,唐,龙朔三年十月十日刻立（663）,663,楷书,17A331,《翰墨瑰宝：上海图书馆藏珍本碑帖丛刊》第二辑,iiif_annotation_target_xywh,iiif_xywh
001_道因法师碑_p0020_c034,全,001_道因法师碑,道因法师碑,20,二十,4,1,196,662,129,129,188,658,145,156,"[188, 658, 145, 156]",176,642,169,188,"[176, 642, 169, 188]",9795,text_constrained_column_cell_pixel_assignment,assets/page_images/001_道因法师碑/p0020.jpg,1,http://data.library.sh.cn/bt/resource/work/v1e0qbx3r5wp1uw4,http://iiif.library.sh.cn/api/viewer/17A331,https://iiif.library.sh.cn/p/3/02c55611-7427-4cd0-a2cd-a15b5ccbaa9c,https://iiif.library.sh.cn/c/3/94513ff4-cce1-4a2c-925b-fcf82add2f02,1444,2221,https://iiif.library.sh.cn/c/3/94513ff4-cce1-4a2c-925b-fcf82add2f02/ap/s,https://iiif.library.sh.cn/c/3/94513ff4-cce1-4a2c-925b-fcf82add2f02/ap/c/a/b5baffc4-93e9-479d-866f-4fb06ae3c736,34,34,supplementing,"[196, 662, 129, 129]","[196, 662, 325, 791]","https://iiif.library.sh.cn/c/3/94513ff4-cce1-4a2c-925b-fcf82add2f02#xywh=196,662,129,129",李俨撰文，欧阳通楷书,欧阳通（楷书）；李儇（撰文）,唐,龙朔三年十月十日刻立（663）,663,楷书,17A331,《翰墨瑰宝：上海图书馆藏珍本碑帖丛刊》第二辑,iiif_annotation_target_xywh,iiif_xywh
001_道因法师碑_p0020_c035,譬,001_道因法师碑,道因法师碑,20,二十,4,2,196,849,129,129,188,827,145,172,"[188, 827, 145, 172]",176,810,169,206,"[176, 810, 169, 206]",8370,text_constrained_column_cell_pixel_assignment,assets/page_images/001_道因法师碑/p0020.jpg,1,http://data.library.sh.cn/bt/resource/work/v1e0qbx3r5wp1uw4,http://iiif.library.sh.cn/api/viewer/17A331,https://iiif.library.sh.cn/p/3/02c55611-7427-4cd0-a2cd-a15b5ccbaa9c,https://iiif.library.sh.cn/c/3/94513ff4-cce1-4a2c-925b-fcf82add2f02,1444,2221,https://iiif.library.sh.cn/c/3/94513ff4-cce1-4a2c-925b-fcf82add2f02/ap/s,https://iiif.library.sh.cn/c/3/94513ff4-cce1-4a2c-925b-fcf82add2f02/ap/c/a/266a132c-7db6-41d7-9b38-e1fac83093be,35,35,supplementing,"[196, 849, 129, 129]","[196, 849, 325, 978]","https://iiif.library.sh.cn/c/3/94513ff4-cce1-4a2c-925b-fcf82add2f02#xywh=196,849,129,129",李俨撰文，欧阳通楷书,欧阳通（楷书）；李儇（撰文）,唐,龙朔三年十月十日刻立（663）,663,楷书,17A331,《翰墨瑰宝：上海图书馆藏珍本碑帖丛刊》第二辑,iiif_annotation_target_xywh,iiif_xywh
001_道因法师碑_p0020_c036,圆,001_道因法师碑,道因法师碑,20,二十,4,3,196,1034,129,129,188,1012,145,158,"[188, 1012, 145, 158]",176,996,169,190,"[176, 996, 169, 190]",8635,text_constrained_column_cell_pixel_assignment,assets/page_images/001_道因法师碑/p0020.jpg,1,http://data.library.sh.cn/bt/resource/work/v1e0qbx3r5wp1uw4,http://iiif.library.sh.cn/api/viewer/17A331,https://iiif.library.sh.cn/p/3/02c55611-7427-4cd0-a2cd-a15b5ccbaa9c,https://iiif.library.sh.cn/c/3/94513ff4-cce1-4a2c-925b-fcf82add2f02,1444,2221,https://iiif.library.sh.cn/c/3/94513ff4-cce1-4a2c-925b-fcf82add2f02/ap/s,https://iiif.library.sh.cn/c/3/94513ff4-cce1-4a2c-925b-fcf82add2f02/ap/c/a/1671c8a4-3e77-428b-8d00-8475668b6197,36,36,supplementing,"[196, 1034, 129, 129]","[196, 1034, 325, 1163]","https://iiif.library.sh.cn/c/3/94513ff4-cce1-4a2c-925b-fcf82add2f02#xywh=196,1034,129,129",李俨撰文，欧阳通楷书,欧阳通（楷书）；李儇（撰文）,唐,龙朔三年十月十日刻立（663）,663,楷书,17A331,《翰墨瑰宝：上海图书馆藏珍本碑帖丛刊》第二辑,iiif_annotation_target_xywh,iiif_xywh
001_道因法师碑_p0020_c037,珠,001_道因法师碑,道因法师碑,20,二十,4,4,196,1188,129,129,188,1182,145,161,"[188, 1182, 145, 161]",176,1166,169,193,"[176, 1166, 169, 193]",9259,text_constrained_column_cell_pixel_assignment,assets/page_images/001_道因法师碑/p0020.jpg,1,http://data.library.sh.cn/bt/resource/work/v1e0qbx3r5wp1uw4,http://iiif.library.sh.cn/api/viewer/17A331,https://iiif.library.sh.cn/p/3/02c55611-7427-4cd0-a2cd-a15b5ccbaa9c,https://iiif.library.sh.cn/c/3/94513ff4-cce1-4a2c-925b-fcf82add2f02,1444,2221,https://iiif.library.sh.cn/c/3/94513ff4-cce1-4a2c-925b-fcf82add2f02/ap/s,https://iiif.library.sh.cn/c/3/94513ff4-cce1-4a2c-925b-fcf82add2f02/ap/c/a/1210d4dd-1e07-4ff6-8be0-558d4bf73969,37,37,supplementing,"[196, 1188, 129, 129]","[196, 1188, 325, 1317]","https://iiif.library.sh.cn/c/3/94513ff4-cce1-4a2c-925b-fcf82add2f02#xywh=196,1188,129,129",李俨撰文，欧阳通楷书,欧阳通（楷书）；李儇（撰文）,唐,龙朔三年十月十日刻立（663）,663,楷书,17A331,《翰墨瑰宝：上海图书馆藏珍本碑帖丛刊》第二辑,iiif_annotation_target_xywh,iiif_xywh
001_道因法师碑_p0020_c038,之,001_道因法师碑,道因法师碑,20,二十,4,5,196,1382,129,129,188,1356,145,160,"[188, 1356, 145, 160]",176,1340,169,192,"[176, 1340, 169, 192]",9338,text_constrained_column_cell_pixel_assignment,assets/page_images/001_道因法师碑/p0020.jpg,1,http://data.library.sh.cn/bt/resource/work/v1e0qbx3r5wp1uw4,http://iiif.library.sh.cn/api/viewer/17A331,https://iiif.library.sh.cn/p/3/02c55611-7427-4cd0-a2cd-a15b5ccbaa9c,https://iiif.library.sh.cn/c/3/94513ff4-cce1-4a2c-925b-fcf82add2f02,1444,2221,https://iiif.library.sh.cn/c/3/94513ff4-cce1-4a2c-925b-fcf82add2f02/ap/s,https://iiif.library.sh.cn/c/3/94513ff4-cce1-4a2c-925b-fcf82add2f02/ap/c/a/9af6c084-a14b-42b4-a7ac-5caf80b005fe,38,38,supplementing,"[196, 1382, 129, 129]","[196, 1382, 325, 1511]","https://iiif.library.sh.cn/c/3/94513ff4-cce1-4a2c-925b-fcf82add2f02#xywh=196,1382,129,129",李俨撰文，欧阳通楷书,欧阳通（楷书）；李儇（撰文）,唐,龙朔三年十月十日刻立（663）,663,楷书,17A331,《翰墨瑰宝：上海图书馆藏珍本碑帖丛刊》第二辑,iiif_annotation_target_xywh,iiif_xywh
001_道因法师碑_p0020_c039,朗,001_道因法师碑,道因法师碑,20,二十,4,6,196,1534,129,129,188,1529,145,164,"[188, 1529, 145, 164]",176,1513,169,196,"[176, 1513, 169, 196]",9366,text_constrained_column_cell_pixel_assignment,assets/page_images/001_道因法师碑/p0020.jpg,1,http://data.library.sh.cn/bt/resource/work/v1e0qbx3r5wp1uw4,http://iiif.library.sh.cn/api/viewer/17A331,https://iiif.library.sh.cn/p/3/02c55611-7427-4cd0-a2cd-a15b5ccbaa9c,https://iiif.library.sh.cn/c/3/94513ff4-cce1-4a2c-925b-fcf82add2f02,1444,2221,https://iiif.library.sh.cn/c/3/94513ff4-cce1-4a2c-925b-fcf82add2f02/ap/s,https://iiif.library.sh.cn/c/3/94513ff4-cce1-4a2c-925b-fcf82add2f02/ap/c/a/bd13d65f-df35-4385-909c-ea5137fa1a06,39,39,supplementing,"[196, 1534, 129, 129]","[196, 1534, 325, 1663]","https://iiif.library.sh.cn/c/3/94513ff4-cce1-4a2c-925b-fcf82add2f02#xywh=196,1534,129,129",李俨撰文，欧阳通楷书,欧阳通（楷书）；李儇（撰文）,唐,龙朔三年十月十日刻立（663）,663,楷书,17A331,《翰墨瑰宝：上海图书馆藏珍本碑帖丛刊》第二辑,iiif_annotation_target_xywh,iiif_xywh
001_道因法师碑_p0020_c040,洁,001_道因法师碑,道因法师碑,20,二十,4,7,196,1736,129,129,188,1707,145,187,"[188, 1707, 145, 187]",176,1688,169,225,"[176, 1688, 169, 225]",9321,text_constrained_column_cell_pixel_assignment,assets/page_images/001_道因法师碑/p0020.jpg,1,http://data.library.sh.cn/bt/resource/work/v1e0qbx3r5wp1uw4,http://iiif.library.sh.cn/api/viewer/17A331,https://iiif.library.sh.cn/p/3/02c55611-7427-4cd0-a2cd-a15b5ccbaa9c,https://iiif.library.sh.cn/c/3/94513ff4-cce1-4a2c-925b-fcf82add2f02,1444,2221,https://iiif.library.sh.cn/c/3/94513ff4-cce1-4a2c-925b-fcf82add2f02/ap/s,https://iiif.library.sh.cn/c/3/94513ff4-cce1-4a2c-925b-fcf82add2f02/ap/c/a/c42eb453-f6de-45cf-a1ff-b2b15ff1a938,40,40,supplementing,"[196, 1736, 129, 129]","[196, 1736, 325, 1865]","https://iiif.library.sh.cn/c/3/94513ff4-cce1-4a2c-925b-fcf82add2f02#xywh=196,1736,129,129",李俨撰文，欧阳通楷书,欧阳通（楷书）；李儇（撰文）,唐,龙朔三年十月十日刻立（663）,663,楷书,17A331,《翰墨瑰宝：上海图书馆藏珍本碑帖丛刊》第二辑,iiif_annotation_target_xywh,iiif_xywh
001_道因法师碑_p0021_c001,始,001_道因法师碑,道因法师碑,21,二十一,0,0,1087,516,163,163,1092,531,153,133,"[1092, 531, 153, 133]",1080,518,177,159,"[1080, 518, 177, 159]",9969,text_constrained_column_cell_pixel_assignment,assets/page_images/001_道因法师碑/p0021.jpg,1,http://data.library.sh.cn/bt/resource/work/v1e0qbx3r5wp1uw4,http://iiif.library.sh.cn/api/viewer/17A331,https://iiif.library.sh.cn/p/3/02c55611-7427-4cd0-a2cd-a15b5ccbaa9c,https://iiif.library.sh.cn/c/3/e9cb9eb5-fc66-4246-bb27-e3a53958fd0f,1442,2218,https://iiif.library.sh.cn/c/3/e9cb9eb5-fc66-4246-bb27-e3a53958fd0f/ap/s,https://iiif.library.sh.cn/c/3/e9cb9eb5-fc66-4246-bb27-e3a53958fd0f/ap/c/a/04a510f1-d3d4-4105-befd-acd16ee0731b,1,1,supplementing,"[1087, 516, 163, 163]","[1087, 516, 1250, 679]","https://iiif.library.sh.cn/c/3/e9cb9eb5-fc66-4246-bb27-e3a53958fd0f#xywh=1087,516,163,163",李俨撰文，欧阳通楷书,欧阳通（楷书）；李儇（撰文）,唐,龙朔三年十月十日刻立（663）,663,楷书,17A331,《翰墨瑰宝：上海图书馆藏珍本碑帖丛刊》第二辑,iiif_annotation_target_xywh,iiif_xywh
001_道因法师碑_p0021_c002,听,001_道因法师碑,道因法师碑,21,二十一,0,1,1087,658,163,163,1092,674,153,139,"[1092, 674, 153, 139]",1080,660,177,167,"[1080, 660, 177, 167]",10712,text_constrained_column_cell_pixel_assignment,assets/page_images/001_道因法师碑/p0021.jpg,1,http://data.library.sh.cn/bt/resource/work/v1e0qbx3r5wp1uw4,http://iiif.library.sh.cn/api/viewer/17A331,https://iiif.library.sh.cn/p/3/02c55611-7427-4cd0-a2cd-a15b5ccbaa9c,https://iiif.library.sh.cn/c/3/e9cb9eb5-fc66-4246-bb27-e3a53958fd0f,1442,2218,https://iiif.library.sh.cn/c/3/e9cb9eb5-fc66-4246-bb27-e3a53958fd0f/ap/s,https://iiif.library.sh.cn/c/3/e9cb9eb5-fc66-4246-bb27-e3a53958fd0f/ap/c/a/350b7ff2-1500-4d05-8648-42e121aaaff9,2,2,supplementing,"[1087, 658, 163, 163]","[1087, 658, 1250, 821]","https://iiif.library.sh.cn/c/3/e9cb9eb5-fc66-4246-bb27-e3a53958fd0f#xywh=1087,658,163,163",李俨撰文，欧阳通楷书,欧阳通（楷书）；李儇（撰文）,唐,龙朔三年十月十日刻立（663）,663,楷书,17A331,《翰墨瑰宝：上海图书馆藏珍本碑帖丛刊》第二辑,iiif_annotation_target_xywh,iiif_xywh
001_道因法师碑_p0021_c003,律,001_道因法师碑,道因法师碑,21,二十一,0,2,1087,816,163,163,1092,825,153,160,"[1092, 825, 153, 160]",1080,809,177,192,"[1080, 809, 177, 192]",12444,text_constrained_column_cell_pixel_assignment,assets/page_images/001_道因法师碑/p0021.jpg,1,http://data.library.sh.cn/bt/resource/work/v1e0qbx3r5wp1uw4,http://iiif.library.sh.cn/api/viewer/17A331,https://iiif.library.sh.cn/p/3/02c55611-7427-4cd0-a2cd-a15b5ccbaa9c,https://iiif.library.sh.cn/c/3/e9cb9eb5-fc66-4246-bb27-e3a53958fd0f,1442,2218,https://iiif.library.sh.cn/c/3/e9cb9eb5-fc66-4246-bb27-e3a53958fd0f/ap/s,https://iiif.library.sh.cn/c/3/e9cb9eb5-fc66-4246-bb27-e3a53958fd0f/ap/c/a/fd987ec8-40a7-46e6-ae1c-dbbb9a495a37,3,3,supplementing,"[1087, 816, 163, 163]","[1087, 816, 1250, 979]","https://iiif.library.sh.cn/c/3/e9cb9eb5-fc66-4246-bb27-e3a53958fd0f#xywh=1087,816,163,163",李俨撰文，欧阳通楷书,欧阳通（楷书）；李儇（撰文）,唐,龙朔三年十月十日刻立（663）,663,楷书,17A331,《翰墨瑰宝：上海图书馆藏珍本碑帖丛刊》第二辑,iiif_annotation_target_xywh,iiif_xywh
001_道因法师碑_p0021_c004,义,001_道因法师碑,道因法师碑,21,二十一,0,3,1087,1003,163,163,1092,998,153,177,"[1092, 998, 153, 177]",1080,980,177,213,"[1080, 980, 177, 213]",12474,text_constrained_column_cell_pixel_assignment,assets/page_images/001_道因法师碑/p0021.jpg,1,http://data.library.sh.cn/bt/resource/work/v1e0qbx3r5wp1uw4,http://iiif.library.sh.cn/api/viewer/17A331,https://iiif.library.sh.cn/p/3/02c55611-7427-4cd0-a2cd-a15b5ccbaa9c,https://iiif.library.sh.cn/c/3/e9cb9eb5-fc66-4246-bb27-e3a53958fd0f,1442,2218,https://iiif.library.sh.cn/c/3/e9cb9eb5-fc66-4246-bb27-e3a53958fd0f/ap/s,https://iiif.library.sh.cn/c/3/e9cb9eb5-fc66-4246-bb27-e3a53958fd0f/ap/c/a/efce5dc2-29d7-4624-bdc2-c7593bd6a126,4,4,supplementing,"[1087, 1003, 163, 163]","[1087, 1003, 1250, 1166]","https://iiif.library.sh.cn/c/3/e9cb9eb5-fc66-4246-bb27-e3a53958fd0f#xywh=1087,1003,163,163",李俨撰文，欧阳通楷书,欧阳通（楷书）；李儇（撰文）,唐,龙朔三年十月十日刻立（663）,663,楷书,17A331,《翰墨瑰宝：上海图书馆藏珍本碑帖丛刊》第二辑,iiif_annotation_target_xywh,iiif_xywh
001_道因法师碑_p0021_c005,遍,001_道因法师碑,道因法师碑,21,二十一,0,4,1087,1197,163,163,1092,1188,153,178,"[1092, 1188, 153, 178]",1080,1170,177,214,"[1080, 1170, 177, 214]",12125,text_constrained_column_cell_pixel_assignment,assets/page_images/001_道因法师碑/p0021.jpg,1,http://data.library.sh.cn/bt/resource/work/v1e0qbx3r5wp1uw4,http://iiif.library.sh.cn/api/viewer/17A331,https://iiif.library.sh.cn/p/3/02c55611-7427-4cd0-a2cd-a15b5ccbaa9c,https://iiif.library.sh.cn/c/3/e9cb9eb5-fc66-4246-bb27-e3a53958fd0f,1442,2218,https://iiif.library.sh.cn/c/3/e9cb9eb5-fc66-4246-bb27-e3a53958fd0f/ap/s,https://iiif.library.sh.cn/c/3/e9cb9eb5-fc66-4246-bb27-e3a53958fd0f/ap/c/a/11fc7ba1-f723-413e-9cd3-7e375c445ace,5,5,supplementing,"[1087, 1197, 163, 163]","[1087, 1197, 1250, 1360]","https://iiif.library.sh.cn/c/3/e9cb9eb5-fc66-4246-bb27-e3a53958fd0f#xywh=1087,1197,163,163",李俨撰文，欧阳通楷书,欧阳通（楷书）；李儇（撰文）,唐,龙朔三年十月十日刻立（663）,663,楷书,17A331,《翰墨瑰宝：上海图书馆藏珍本碑帖丛刊》第二辑,iiif_annotation_target_xywh,iiif_xywh
001_道因法师碑_p0021_c006,讫,001_道因法师碑,道因法师碑,21,二十一,0,5,1087,1386,163,163,1092,1379,153,165,"[1092, 1379, 153, 165]",1080,1362,177,198,"[1080, 1362, 177, 198]",11296,text_constrained_column_cell_pixel_assignment,assets/page_images/001_道因法师碑/p0021.jpg,1,http://data.library.sh.cn/bt/resource/work/v1e0qbx3r5wp1uw4,http://iiif.library.sh.cn/api/viewer/17A331,https://iiif.library.sh.cn/p/3/02c55611-7427-4cd0-a2cd-a15b5ccbaa9c,https://iiif.library.sh.cn/c/3/e9cb9eb5-fc66-4246-bb27-e3a53958fd0f,1442,2218,https://iiif.library.sh.cn/c/3/e9cb9eb5-fc66-4246-bb27-e3a53958fd0f/ap/s,https://iiif.library.sh.cn/c/3/e9cb9eb5-fc66-4246-bb27-e3a53958fd0f/ap/c/a/9b84a3c5-0eb5-4e3c-991c-1e3c5ab1a3cd,6,6,supplementing,"[1087, 1386, 163, 163]","[1087, 1386, 1250, 1549]","https://iiif.library.sh.cn/c/3/e9cb9eb5-fc66-4246-bb27-e3a53958fd0f#xywh=1087,1386,163,163",李俨撰文，欧阳通楷书,欧阳通（楷书）；李儇（撰文）,唐,龙朔三年十月十日刻立（663）,663,楷书,17A331,《翰墨瑰宝：上海图书馆藏珍本碑帖丛刊》第二辑,iiif_annotation_target_xywh,iiif_xywh
001_道因法师碑_p0021_c007,便,001_道因法师碑,道因法师碑,21,二十一,0,6,1087,1551,163,163,1092,1556,153,149,"[1092, 1556, 153, 149]",1080,1541,177,179,"[1080, 1541, 177, 179]",10944,text_constrained_column_cell_pixel_assignment,assets/page_images/001_道因法师碑/p0021.jpg,1,http://data.library.sh.cn/bt/resource/work/v1e0qbx3r5wp1uw4,http://iiif.library.sh.cn/api/viewer/17A331,https://iiif.library.sh.cn/p/3/02c55611-7427-4cd0-a2cd-a15b5ccbaa9c,https://iiif.library.sh.cn/c/3/e9cb9eb5-fc66-4246-bb27-e3a53958fd0f,1442,2218,https://iiif.library.sh.cn/c/3/e9cb9eb5-fc66-4246-bb27-e3a53958fd0f/ap/s,https://iiif.library.sh.cn/c/3/e9cb9eb5-fc66-4246-bb27-e3a53958fd0f/ap/c/a/11857096-d6c6-442c-84b4-7e69ca3e908f,7,7,supplementing,"[1087, 1551, 163, 163]","[1087, 1551, 1250, 1714]","https://iiif.library.sh.cn/c/3/e9cb9eb5-fc66-4246-bb27-e3a53958fd0f#xywh=1087,1551,163,163",李俨撰文，欧阳通楷书,欧阳通（楷书）；李儇（撰文）,唐,龙朔三年十月十日刻立（663）,663,楷书,17A331,《翰墨瑰宝：上海图书馆藏珍本碑帖丛刊》第二辑,iiif_annotation_target_xywh,iiif_xywh
001_道因法师碑_p0021_c008,讲,001_道因法师碑,道因法师碑,21,二十一,0,7,1087,1707,163,163,1092,1716,153,145,"[1092, 1716, 153, 145]",1080,1702,177,174,"[1080, 1702, 177, 174]",14749,text_constrained_column_cell_pixel_assignment,assets/page_images/001_道因法师碑/p0021.jpg,1,http://data.library.sh.cn/bt/resource/work/v1e0qbx3r5wp1uw4,http://iiif.library.sh.cn/api/viewer/17A331,https://iiif.library.sh.cn/p/3/02c55611-7427-4cd0-a2cd-a15b5ccbaa9c,https://iiif.library.sh.cn/c/3/e9cb9eb5-fc66-4246-bb27-e3a53958fd0f,1442,2218,https://iiif.library.sh.cn/c/3/e9cb9eb5-fc66-4246-bb27-e3a53958fd0f/ap/s,https://iiif.library.sh.cn/c/3/e9cb9eb5-fc66-4246-bb27-e3a53958fd0f/ap/c/a/dc42ed66-53fd-47bd-815d-5b04d3782592,8,8,supplementing,"[1087, 1707, 163, 163]","[1087, 1707, 1250, 1870]","https://iiif.library.sh.cn/c/3/e9cb9eb5-fc66-4246-bb27-e3a53958fd0f#xywh=1087,1707,163,163",李俨撰文，欧阳通楷书,欧阳通（楷书）；李儇（撰文）,唐,龙朔三年十月十日刻立（663）,663,楷书,17A331,《翰墨瑰宝：上海图书馆藏珍本碑帖丛刊》第二辑,iiif_annotation_target_xywh,iiif_xywh
001_道因法师碑_p0021_c009,辩,001_道因法师碑,道因法师碑,21,二十一,1,0,933,539,144,144,929,535,152,152,"[929, 535, 152, 152]",917,520,176,182,"[917, 520, 176, 182]",10240,text_constrained_column_cell_pixel_assignment,assets/page_images/001_道因法师碑/p0021.jpg,1,http://data.library.sh.cn/bt/resource/work/v1e0qbx3r5wp1uw4,http://iiif.library.sh.cn/api/viewer/17A331,https://iiif.library.sh.cn/p/3/02c55611-7427-4cd0-a2cd-a15b5ccbaa9c,https://iiif.library.sh.cn/c/3/e9cb9eb5-fc66-4246-bb27-e3a53958fd0f,1442,2218,https://iiif.library.sh.cn/c/3/e9cb9eb5-fc66-4246-bb27-e3a53958fd0f/ap/s,https://iiif.library.sh.cn/c/3/e9cb9eb5-fc66-4246-bb27-e3a53958fd0f/ap/c/a/0fdced40-1ac0-4ddb-8862-8eaf0fb54659,9,9,supplementing,"[933, 539, 144, 144]","[933, 539, 1077, 683]","https://iiif.library.sh.cn/c/3/e9cb9eb5-fc66-4246-bb27-e3a53958fd0f#xywh=933,539,144,144",李俨撰文，欧阳通楷书,欧阳通（楷书）；李儇（撰文）,唐,龙朔三年十月十日刻立（663）,663,楷书,17A331,《翰墨瑰宝：上海图书馆藏珍本碑帖丛刊》第二辑,iiif_annotation_target_xywh,iiif_xywh
001_道因法师碑_p0021_c010,析,001_道因法师碑,道因法师碑,21,二十一,1,1,933,702,144,144,929,698,152,156,"[929, 698, 152, 156]",917,682,176,188,"[917, 682, 176, 188]",8372,text_constrained_column_cell_pixel_assignment,assets/page_images/001_道因法师碑/p0021.jpg,1,http://data.library.sh.cn/bt/resource/work/v1e0qbx3r5wp1uw4,http://iiif.library.sh.cn/api/viewer/17A331,https://iiif.library.sh.cn/p/3/02c55611-7427-4cd0-a2cd-a15b5ccbaa9c,https://iiif.library.sh.cn/c/3/e9cb9eb5-fc66-4246-bb27-e3a53958fd0f,1442,2218,https://iiif.library.sh.cn/c/3/e9cb9eb5-fc66-4246-bb27-e3a53958fd0f/ap/s,https://iiif.library.sh.cn/c/3/e9cb9eb5-fc66-4246-bb27-e3a53958fd0f/ap/c/a/682cd4c5-8f6c-44f4-a4c1-f33f892048e4,10,10,supplementing,"[933, 702, 144, 144]","[933, 702, 1077, 846]","https://iiif.library.sh.cn/c/3/e9cb9eb5-fc66-4246-bb27-e3a53958fd0f#xywh=933,702,144,144",李俨撰文，欧阳通楷书,欧阳通（楷书）；李儇（撰文）,唐,龙朔三年十月十日刻立（663）,663,楷书,17A331,《翰墨瑰宝：上海图书馆藏珍本碑帖丛刊》第二辑,iiif_annotation_target_xywh,iiif_xywh
001_道因法师碑_p0021_c011,文,001_道因法师碑,道因法师碑,21,二十一,1,2,933,873,144,144,929,865,152,160,"[929, 865, 152, 160]",917,849,176,192,"[917, 849, 176, 192]",10337,text_constrained_column_cell_pixel_assignment,assets/page_images/001_道因法师碑/p0021.jpg,1,http://data.library.sh.cn/bt/resource/work/v1e0qbx3r5wp1uw4,http://iiif.library.sh.cn/api/viewer/17A331,https://iiif.library.sh.cn/p/3/02c55611-7427-4cd0-a2cd-a15b5ccbaa9c,https://iiif.library.sh.cn/c/3/e9cb9eb5-fc66-4246-bb27-e3a53958fd0f,1442,2218,https://iiif.library.sh.cn/c/3/e9cb9eb5-fc66-4246-bb27-e3a53958fd0f/ap/s,https://iiif.library.sh.cn/c/3/e9cb9eb5-fc66-4246-bb27-e3a53958fd0f/ap/c/a/cc3687fd-6de9-4569-95fc-c5dfb335cb37,11,11,supplementing,"[933, 873, 144, 144]","[933, 873, 1077, 1017]","https://iiif.library.sh.cn/c/3/e9cb9eb5-fc66-4246-bb27-e3a53958fd0f#xywh=933,873,144,144",李俨撰文，欧阳通楷书,欧阳通（楷书）；李儇（撰文）,唐,龙朔三年十月十日刻立（663）,663,楷书,17A331,《翰墨瑰宝：上海图书馆藏珍本碑帖丛刊》第二辑,iiif_annotation_target_xywh,iiif_xywh
001_道因法师碑_p0021_c012,理,001_道因法师碑,道因法师碑,21,二十一,1,3,933,1044,144,144,929,1037,152,159,"[929, 1037, 152, 159]",917,1021,176,191,"[917, 1021, 176, 191]",9443,text_constrained_column_cell_pixel_assignment,assets/page_images/001_道因法师碑/p0021.jpg,1,http://data.library.sh.cn/bt/resource/work/v1e0qbx3r5wp1uw4,http://iiif.library.sh.cn/api/viewer/17A331,https://iiif.library.sh.cn/p/3/02c55611-7427-4cd0-a2cd-a15b5ccbaa9c,https://iiif.library.sh.cn/c/3/e9cb9eb5-fc66-4246-bb27-e3a53958fd0f,1442,2218,https://iiif.library.sh.cn/c/3/e9cb9eb5-fc66-4246-bb27-e3a53958fd0f/ap/s,https://iiif.library.sh.cn/c/3/e9cb9eb5-fc66-4246-bb27-e3a53958fd0f/ap/c/a/c973862a-a73c-4456-9f18-96d1202c8bba,12,12,supplementing,"[933, 1044, 144, 144]","[933, 1044, 1077, 1188]","https://iiif.library.sh.cn/c/3/e9cb9eb5-fc66-4246-bb27-e3a53958fd0f#xywh=933,1044,144,144",李俨撰文，欧阳通楷书,欧阳通（楷书）；李儇（撰文）,唐,龙朔三年十月十日刻立（663）,663,楷书,17A331,《翰墨瑰宝：上海图书馆藏珍本碑帖丛刊》第二辑,iiif_annotation_target_xywh,iiif_xywh
001_道因法师碑_p0021_c013,综,001_道因法师碑,道因法师碑,21,二十一,1,4,933,1217,144,144,929,1209,152,168,"[929, 1209, 152, 168]",917,1192,176,202,"[917, 1192, 176, 202]",9225,text_constrained_column_cell_pixel_assignment,assets/page_images/001_道因法师碑/p0021.jpg,1,http://data.library.sh.cn/bt/resource/work/v1e0qbx3r5wp1uw4,http://iiif.library.sh.cn/api/viewer/17A331,https://iiif.library.sh.cn/p/3/02c55611-7427-4cd0-a2cd-a15b5ccbaa9c,https://iiif.library.sh.cn/c/3/e9cb9eb5-fc66-4246-bb27-e3a53958fd0f,1442,2218,https://iiif.library.sh.cn/c/3/e9cb9eb5-fc66-4246-bb27-e3a53958fd0f/ap/s,https://iiif.library.sh.cn/c/3/e9cb9eb5-fc66-4246-bb27-e3a53958fd0f/ap/c/a/a3ed2881-90f8-466c-a5e6-eb9d025cabbf,13,13,supplementing,"[933, 1217, 144, 144]","[933, 1217, 1077, 1361]","https://iiif.library.sh.cn/c/3/e9cb9eb5-fc66-4246-bb27-e3a53958fd0f#xywh=933,1217,144,144",李俨撰文，欧阳通楷书,欧阳通（楷书）；李儇（撰文）,唐,龙朔三年十月十日刻立（663）,663,楷书,17A331,《翰墨瑰宝：上海图书馆藏珍本碑帖丛刊》第二辑,iiif_annotation_target_xywh,iiif_xywh
001_道因法师碑_p0021_c014,核,001_道因法师碑,道因法师碑,21,二十一,1,5,933,1406,144,144,929,1390,152,163,"[929, 1390, 152, 163]",917,1374,176,195,"[917, 1374, 176, 195]",9624,text_constrained_column_cell_pixel_assignment,assets/page_images/001_道因法师碑/p0021.jpg,1,http://data.library.sh.cn/bt/resource/work/v1e0qbx3r5wp1uw4,http://iiif.library.sh.cn/api/viewer/17A331,https://iiif.library.sh.cn/p/3/02c55611-7427-4cd0-a2cd-a15b5ccbaa9c,https://iiif.library.sh.cn/c/3/e9cb9eb5-fc66-4246-bb27-e3a53958fd0f,1442,2218,https://iiif.library.sh.cn/c/3/e9cb9eb5-fc66-4246-bb27-e3a53958fd0f/ap/s,https://iiif.library.sh.cn/c/3/e9cb9eb5-fc66-4246-bb27-e3a53958fd0f/ap/c/a/a524e71c-fa64-4f49-b93d-c4cdd5fff602,14,14,supplementing,"[933, 1406, 144, 144]","[933, 1406, 1077, 1550]","https://iiif.library.sh.cn/c/3/e9cb9eb5-fc66-4246-bb27-e3a53958fd0f#xywh=933,1406,144,144",李俨撰文，欧阳通楷书,欧阳通（楷书）；李儇（撰文）,唐,龙朔三年十月十日刻立（663）,663,楷书,17A331,《翰墨瑰宝：上海图书馆藏珍本碑帖丛刊》第二辑,iiif_annotation_target_xywh,iiif_xywh
001_道因法师碑_p0021_c015,指,001_道因法师碑,道因法师碑,21,二十一,1,6,933,1569,144,144,929,1565,152,159,"[929, 1565, 152, 159]",917,1549,176,191,"[917, 1549, 176, 191]",9290,text_constrained_column_cell_pixel_assignment,assets/page_images/001_道因法师碑/p0021.jpg,1,http://data.library.sh.cn/bt/resource/work/v1e0qbx3r5wp1uw4,http://iiif.library.sh.cn/api/viewer/17A331,https://iiif.library.sh.cn/p/3/02c55611-7427-4cd0-a2cd-a15b5ccbaa9c,https://iiif.library.sh.cn/c/3/e9cb9eb5-fc66-4246-bb27-e3a53958fd0f,1442,2218,https://iiif.library.sh.cn/c/3/e9cb9eb5-fc66-4246-bb27-e3a53958fd0f/ap/s,https://iiif.library.sh.cn/c/3/e9cb9eb5-fc66-4246-bb27-e3a53958fd0f/ap/c/a/b59dd3f6-bd5c-4a1a-8189-5eea186db41d,15,15,supplementing,"[933, 1569, 144, 144]","[933, 1569, 1077, 1713]","https://iiif.library.sh.cn/c/3/e9cb9eb5-fc66-4246-bb27-e3a53958fd0f#xywh=933,1569,144,144",李俨撰文，欧阳通楷书,欧阳通（楷书）；李儇（撰文）,唐,龙朔三年十月十日刻立（663）,663,楷书,17A331,《翰墨瑰宝：上海图书馆藏珍本碑帖丛刊》第二辑,iiif_annotation_target_xywh,iiif_xywh
001_道因法师碑_p0021_c016,归,001_道因法师碑,道因法师碑,21,二十一,1,7,933,1746,144,144,929,1736,152,164,"[929, 1736, 152, 164]",917,1720,176,196,"[917, 1720, 176, 196]",10738,text_constrained_column_cell_pixel_assignment,assets/page_images/001_道因法师碑/p0021.jpg,1,http://data.library.sh.cn/bt/resource/work/v1e0qbx3r5wp1uw4,http://iiif.library.sh.cn/api/viewer/17A331,https://iiif.library.sh.cn/p/3/02c55611-7427-4cd0-a2cd-a15b5ccbaa9c,https://iiif.library.sh.cn/c/3/e9cb9eb5-fc66-4246-bb27-e3a53958fd0f,1442,2218,https://iiif.library.sh.cn/c/3/e9cb9eb5-fc66-4246-bb27-e3a53958fd0f/ap/s,https://iiif.library.sh.cn/c/3/e9cb9eb5-fc66-4246-bb27-e3a53958fd0f/ap/c/a/bc3e9977-3899-4d67-857b-8b63e23eb43f,16,16,supplementing,"[933, 1746, 144, 144]","[933, 1746, 1077, 1890]","https://iiif.library.sh.cn/c/3/e9cb9eb5-fc66-4246-bb27-e3a53958fd0f#xywh=933,1746,144,144",李俨撰文，欧阳通楷书,欧阳通（楷书）；李儇（撰文）,唐,龙朔三年十月十日刻立（663）,663,楷书,17A331,《翰墨瑰宝：上海图书馆藏珍本碑帖丛刊》第二辑,iiif_annotation_target_xywh,iiif_xywh
001_道因法师碑_p0021_c017,十,001_道因法师碑,道因法师碑,21,二十一,2,0,774,543,137,137,765,553,153,117,"[765, 553, 153, 117]",753,541,177,141,"[753, 541, 177, 141]",7703,text_constrained_column_cell_pixel_assignment,assets/page_images/001_道因法师碑/p0021.jpg,1,http://data.library.sh.cn/bt/resource/work/v1e0qbx3r5wp1uw4,http://iiif.library.sh.cn/api/viewer/17A331,https://iiif.library.sh.cn/p/3/02c55611-7427-4cd0-a2cd-a15b5ccbaa9c,https://iiif.library.sh.cn/c/3/e9cb9eb5-fc66-4246-bb27-e3a53958fd0f,1442,2218,https://iiif.library.sh.cn/c/3/e9cb9eb5-fc66-4246-bb27-e3a53958fd0f/ap/s,https://iiif.library.sh.cn/c/3/e9cb9eb5-fc66-4246-bb27-e3a53958fd0f/ap/c/a/7376ae00-7bc2-41ad-a08c-ffe66e79512e,17,17,supplementing,"[774, 543, 137, 137]","[774, 543, 911, 680]","https://iiif.library.sh.cn/c/3/e9cb9eb5-fc66-4246-bb27-e3a53958fd0f#xywh=774,543,137,137",李俨撰文，欧阳通楷书,欧阳通（楷书）；李儇（撰文）,唐,龙朔三年十月十日刻立（663）,663,楷书,17A331,《翰墨瑰宝：上海图书馆藏珍本碑帖丛刊》第二辑,iiif_annotation_target_xywh,iiif_xywh
001_道因法师碑_p0021_c018,诵,001_道因法师碑,道因法师碑,21,二十一,2,1,774,668,137,137,765,680,153,146,"[765, 680, 153, 146]",753,665,177,176,"[753, 665, 177, 176]",8393,text_constrained_column_cell_pixel_assignment,assets/page_images/001_道因法师碑/p0021.jpg,1,http://data.library.sh.cn/bt/resource/work/v1e0qbx3r5wp1uw4,http://iiif.library.sh.cn/api/viewer/17A331,https://iiif.library.sh.cn/p/3/02c55611-7427-4cd0-a2cd-a15b5ccbaa9c,https://iiif.library.sh.cn/c/3/e9cb9eb5-fc66-4246-bb27-e3a53958fd0f,1442,2218,https://iiif.library.sh.cn/c/3/e9cb9eb5-fc66-4246-bb27-e3a53958fd0f/ap/s,https://iiif.library.sh.cn/c/3/e9cb9eb5-fc66-4246-bb27-e3a53958fd0f/ap/c/a/19ffe064-5cef-41de-8204-72991d1a6813,18,18,supplementing,"[774, 668, 137, 137]","[774, 668, 911, 805]","https://iiif.library.sh.cn/c/3/e9cb9eb5-fc66-4246-bb27-e3a53958fd0f#xywh=774,668,137,137",李俨撰文，欧阳通楷书,欧阳通（楷书）；李儇（撰文）,唐,龙朔三年十月十日刻立（663）,663,楷书,17A331,《翰墨瑰宝：上海图书馆藏珍本碑帖丛刊》第二辑,iiif_annotation_target_xywh,iiif_xywh
001_道因法师碑_p0021_c019,之,001_道因法师碑,道因法师碑,21,二十一,2,2,774,859,137,137,765,838,153,166,"[765, 838, 153, 166]",753,821,177,200,"[753, 821, 177, 200]",9152,text_constrained_column_cell_pixel_assignment,assets/page_images/001_道因法师碑/p0021.jpg,1,http://data.library.sh.cn/bt/resource/work/v1e0qbx3r5wp1uw4,http://iiif.library.sh.cn/api/viewer/17A331,https://iiif.library.sh.cn/p/3/02c55611-7427-4cd0-a2cd-a15b5ccbaa9c,https://iiif.library.sh.cn/c/3/e9cb9eb5-fc66-4246-bb27-e3a53958fd0f,1442,2218,https://iiif.library.sh.cn/c/3/e9cb9eb5-fc66-4246-bb27-e3a53958fd0f/ap/s,https://iiif.library.sh.cn/c/3/e9cb9eb5-fc66-4246-bb27-e3a53958fd0f/ap/c/a/382f9d12-1418-4f7e-91f2-5d6a24c9d2f9,19,19,supplementing,"[774, 859, 137, 137]","[774, 859, 911, 996]","https://iiif.library.sh.cn/c/3/e9cb9eb5-fc66-4246-bb27-e3a53958fd0f#xywh=774,859,137,137",李俨撰文，欧阳通楷书,欧阳通（楷书）；李儇（撰文）,唐,龙朔三年十月十日刻立（663）,663,楷书,17A331,《翰墨瑰宝：上海图书馆藏珍本碑帖丛刊》第二辑,iiif_annotation_target_xywh,iiif_xywh
001_道因法师碑_p0021_c020,端,001_道因法师碑,道因法师碑,21,二十一,2,3,774,1024,137,137,765,1016,153,169,"[765, 1016, 153, 169]",753,999,177,203,"[753, 999, 177, 203]",8925,text_constrained_column_cell_pixel_assignment,assets/page_images/001_道因法师碑/p0021.jpg,1,http://data.library.sh.cn/bt/resource/work/v1e0qbx3r5wp1uw4,http://iiif.library.sh.cn/api/viewer/17A331,https://iiif.library.sh.cn/p/3/02c55611-7427-4cd0-a2cd-a15b5ccbaa9c,https://iiif.library.sh.cn/c/3/e9cb9eb5-fc66-4246-bb27-e3a53958fd0f,1442,2218,https://iiif.library.sh.cn/c/3/e9cb9eb5-fc66-4246-bb27-e3a53958fd0f/ap/s,https://iiif.library.sh.cn/c/3/e9cb9eb5-fc66-4246-bb27-e3a53958fd0f/ap/c/a/5155d94e-3bc6-45f1-9034-c5868d4c5dfd,20,20,supplementing,"[774, 1024, 137, 137]","[774, 1024, 911, 1161]","https://iiif.library.sh.cn/c/3/e9cb9eb5-fc66-4246-bb27-e3a53958fd0f#xywh=774,1024,137,137",李俨撰文，欧阳通楷书,欧阳通（楷书）；李儇（撰文）,唐,龙朔三年十月十日刻立（663）,663,楷书,17A331,《翰墨瑰宝：上海图书馆藏珍本碑帖丛刊》第二辑,iiif_annotation_target_xywh,iiif_xywh
001_道因法师碑_p0021_c021,五,001_道因法师碑,道因法师碑,21,二十一,2,4,774,1221,137,137,765,1197,153,168,"[765, 1197, 153, 168]",753,1180,177,202,"[753, 1180, 177, 202]",8904,text_constrained_column_cell_pixel_assignment,assets/page_images/001_道因法师碑/p0021.jpg,1,http://data.library.sh.cn/bt/resource/work/v1e0qbx3r5wp1uw4,http://iiif.library.sh.cn/api/viewer/17A331,https://iiif.library.sh.cn/p/3/02c55611-7427-4cd0-a2cd-a15b5ccbaa9c,https://iiif.library.sh.cn/c/3/e9cb9eb5-fc66-4246-bb27-e3a53958fd0f,1442,2218,https://iiif.library.sh.cn/c/3/e9cb9eb5-fc66-4246-bb27-e3a53958fd0f/ap/s,https://iiif.library.sh.cn/c/3/e9cb9eb5-fc66-4246-bb27-e3a53958fd0f/ap/c/a/732b0010-9d29-4a0f-944b-f685558d525f,21,21,supplementing,"[774, 1221, 137, 137]","[774, 1221, 911, 1358]","https://iiif.library.sh.cn/c/3/e9cb9eb5-fc66-4246-bb27-e3a53958fd0f#xywh=774,1221,137,137",李俨撰文，欧阳通楷书,欧阳通（楷书）；李儇（撰文）,唐,龙朔三年十月十日刻立（663）,663,楷书,17A331,《翰墨瑰宝：上海图书馆藏珍本碑帖丛刊》第二辑,iiif_annotation_target_xywh,iiif_xywh
001_道因法师碑_p0021_c022,篇,001_道因法师碑,道因法师碑,21,二十一,2,5,774,1384,137,137,765,1378,153,173,"[765, 1378, 153, 173]",753,1361,177,207,"[753, 1361, 177, 207]",9293,text_constrained_column_cell_pixel_assignment,assets/page_images/001_道因法师碑/p0021.jpg,1,http://data.library.sh.cn/bt/resource/work/v1e0qbx3r5wp1uw4,http://iiif.library.sh.cn/api/viewer/17A331,https://iiif.library.sh.cn/p/3/02c55611-7427-4cd0-a2cd-a15b5ccbaa9c,https://iiif.library.sh.cn/c/3/e9cb9eb5-fc66-4246-bb27-e3a53958fd0f,1442,2218,https://iiif.library.sh.cn/c/3/e9cb9eb5-fc66-4246-bb27-e3a53958fd0f/ap/s,https://iiif.library.sh.cn/c/3/e9cb9eb5-fc66-4246-bb27-e3a53958fd0f/ap/c/a/41798ee9-b0eb-47a7-b1d8-406da437fb6a,22,22,supplementing,"[774, 1384, 137, 137]","[774, 1384, 911, 1521]","https://iiif.library.sh.cn/c/3/e9cb9eb5-fc66-4246-bb27-e3a53958fd0f#xywh=774,1384,137,137",李俨撰文，欧阳通楷书,欧阳通（楷书）；李儇（撰文）,唐,龙朔三年十月十日刻立（663）,663,楷书,17A331,《翰墨瑰宝：上海图书馆藏珍本碑帖丛刊》第二辑,iiif_annotation_target_xywh,iiif_xywh
001_道因法师碑_p0021_c023,之,001_道因法师碑,道因法师碑,21,二十一,2,6,774,1595,137,137,765,1564,153,160,"[765, 1564, 153, 160]",753,1548,177,192,"[753, 1548, 177, 192]",8487,text_constrained_column_cell_pixel_assignment,assets/page_images/001_道因法师碑/p0021.jpg,1,http://data.library.sh.cn/bt/resource/work/v1e0qbx3r5wp1uw4,http://iiif.library.sh.cn/api/viewer/17A331,https://iiif.library.sh.cn/p/3/02c55611-7427-4cd0-a2cd-a15b5ccbaa9c,https://iiif.library.sh.cn/c/3/e9cb9eb5-fc66-4246-bb27-e3a53958fd0f,1442,2218,https://iiif.library.sh.cn/c/3/e9cb9eb5-fc66-4246-bb27-e3a53958fd0f/ap/s,https://iiif.library.sh.cn/c/3/e9cb9eb5-fc66-4246-bb27-e3a53958fd0f/ap/c/a/2e7db6bd-6ba8-48f1-939a-97e9257a4953,23,23,supplementing,"[774, 1595, 137, 137]","[774, 1595, 911, 1732]","https://iiif.library.sh.cn/c/3/e9cb9eb5-fc66-4246-bb27-e3a53958fd0f#xywh=774,1595,137,137",李俨撰文，欧阳通楷书,欧阳通（楷书）；李儇（撰文）,唐,龙朔三年十月十日刻立（663）,663,楷书,17A331,《翰墨瑰宝：上海图书馆藏珍本碑帖丛刊》第二辑,iiif_annotation_target_xywh,iiif_xywh
001_道因法师碑_p0021_c024,赜,001_道因法师碑,道因法师碑,21,二十一,2,7,774,1728,137,137,765,1735,153,123,"[765, 1735, 153, 123]",753,1723,177,147,"[753, 1723, 177, 147]",10132,text_constrained_column_cell_pixel_assignment,assets/page_images/001_道因法师碑/p0021.jpg,1,http://data.library.sh.cn/bt/resource/work/v1e0qbx3r5wp1uw4,http://iiif.library.sh.cn/api/viewer/17A331,https://iiif.library.sh.cn/p/3/02c55611-7427-4cd0-a2cd-a15b5ccbaa9c,https://iiif.library.sh.cn/c/3/e9cb9eb5-fc66-4246-bb27-e3a53958fd0f,1442,2218,https://iiif.library.sh.cn/c/3/e9cb9eb5-fc66-4246-bb27-e3a53958fd0f/ap/s,https://iiif.library.sh.cn/c/3/e9cb9eb5-fc66-4246-bb27-e3a53958fd0f/ap/c/a/5cad5baf-d5ed-4584-a608-44577df596e6,24,24,supplementing,"[774, 1728, 137, 137]","[774, 1728, 911, 1865]","https://iiif.library.sh.cn/c/3/e9cb9eb5-fc66-4246-bb27-e3a53958fd0f#xywh=774,1728,137,137",李俨撰文，欧阳通楷书,欧阳通（楷书）；李儇（撰文）,唐,龙朔三年十月十日刻立（663）,663,楷书,17A331,《翰墨瑰宝：上海图书馆藏珍本碑帖丛刊》第二辑,iiif_annotation_target_xywh,iiif_xywh
001_道因法师碑_p0021_c025,写,001_道因法师碑,道因法师碑,21,二十一,3,0,605,522,144,144,596,519,158,150,"[596, 519, 158, 150]",583,504,184,180,"[583, 504, 184, 180]",8627,text_constrained_column_cell_pixel_assignment,assets/page_images/001_道因法师碑/p0021.jpg,1,http://data.library.sh.cn/bt/resource/work/v1e0qbx3r5wp1uw4,http://iiif.library.sh.cn/api/viewer/17A331,https://iiif.library.sh.cn/p/3/02c55611-7427-4cd0-a2cd-a15b5ccbaa9c,https://iiif.library.sh.cn/c/3/e9cb9eb5-fc66-4246-bb27-e3a53958fd0f,1442,2218,https://iiif.library.sh.cn/c/3/e9cb9eb5-fc66-4246-bb27-e3a53958fd0f/ap/s,https://iiif.library.sh.cn/c/3/e9cb9eb5-fc66-4246-bb27-e3a53958fd0f/ap/c/a/17d20091-b4b0-47b2-bb2f-0a2235c8a4d1,25,25,supplementing,"[605, 522, 144, 144]","[605, 522, 749, 666]","https://iiif.library.sh.cn/c/3/e9cb9eb5-fc66-4246-bb27-e3a53958fd0f#xywh=605,522,144,144",李俨撰文，欧阳通楷书,欧阳通（楷书）；李儇（撰文）,唐,龙朔三年十月十日刻立（663）,663,楷书,17A331,《翰墨瑰宝：上海图书馆藏珍本碑帖丛刊》第二辑,iiif_annotation_target_xywh,iiif_xywh
001_道因法师碑_p0021_c026,瓶,001_道因法师碑,道因法师碑,21,二十一,3,1,605,684,144,144,596,681,158,151,"[596, 681, 158, 151]",583,666,184,181,"[583, 666, 184, 181]",8895,text_constrained_column_cell_pixel_assignment,assets/page_images/001_道因法师碑/p0021.jpg,1,http://data.library.sh.cn/bt/resource/work/v1e0qbx3r5wp1uw4,http://iiif.library.sh.cn/api/viewer/17A331,https://iiif.library.sh.cn/p/3/02c55611-7427-4cd0-a2cd-a15b5ccbaa9c,https://iiif.library.sh.cn/c/3/e9cb9eb5-fc66-4246-bb27-e3a53958fd0f,1442,2218,https://iiif.library.sh.cn/c/3/e9cb9eb5-fc66-4246-bb27-e3a53958fd0f/ap/s,https://iiif.library.sh.cn/c/3/e9cb9eb5-fc66-4246-bb27-e3a53958fd0f/ap/c/a/04775e6c-cd6b-40c6-bd8d-34935e92314c,26,26,supplementing,"[605, 684, 144, 144]","[605, 684, 749, 828]","https://iiif.library.sh.cn/c/3/e9cb9eb5-fc66-4246-bb27-e3a53958fd0f#xywh=605,684,144,144",李俨撰文，欧阳通楷书,欧阳通（楷书）；李儇（撰文）,唐,龙朔三年十月十日刻立（663）,663,楷书,17A331,《翰墨瑰宝：上海图书馆藏珍本碑帖丛刊》第二辑,iiif_annotation_target_xywh,iiif_xywh
001_道因法师碑_p0021_c027,均,001_道因法师碑,道因法师碑,21,二十一,3,2,605,847,144,144,596,843,158,157,"[596, 843, 158, 157]",583,827,184,189,"[583, 827, 184, 189]",9436,text_constrained_column_cell_pixel_assignment,assets/page_images/001_道因法师碑/p0021.jpg,1,http://data.library.sh.cn/bt/resource/work/v1e0qbx3r5wp1uw4,http://iiif.library.sh.cn/api/viewer/17A331,https://iiif.library.sh.cn/p/3/02c55611-7427-4cd0-a2cd-a15b5ccbaa9c,https://iiif.library.sh.cn/c/3/e9cb9eb5-fc66-4246-bb27-e3a53958fd0f,1442,2218,https://iiif.library.sh.cn/c/3/e9cb9eb5-fc66-4246-bb27-e3a53958fd0f/ap/s,https://iiif.library.sh.cn/c/3/e9cb9eb5-fc66-4246-bb27-e3a53958fd0f/ap/c/a/4503a604-cd3b-4da2-8f5f-34c341784f89,27,27,supplementing,"[605, 847, 144, 144]","[605, 847, 749, 991]","https://iiif.library.sh.cn/c/3/e9cb9eb5-fc66-4246-bb27-e3a53958fd0f#xywh=605,847,144,144",李俨撰文，欧阳通楷书,欧阳通（楷书）；李儇（撰文）,唐,龙朔三年十月十日刻立（663）,663,楷书,17A331,《翰墨瑰宝：上海图书馆藏珍本碑帖丛刊》第二辑,iiif_annotation_target_xywh,iiif_xywh
001_道因法师碑_p0021_c028,美,001_道因法师碑,道因法师碑,21,二十一,3,3,605,1020,144,144,596,1012,158,174,"[596, 1012, 158, 174]",583,995,184,208,"[583, 995, 184, 208]",11441,text_constrained_column_cell_pixel_assignment,assets/page_images/001_道因法师碑/p0021.jpg,1,http://data.library.sh.cn/bt/resource/work/v1e0qbx3r5wp1uw4,http://iiif.library.sh.cn/api/viewer/17A331,https://iiif.library.sh.cn/p/3/02c55611-7427-4cd0-a2cd-a15b5ccbaa9c,https://iiif.library.sh.cn/c/3/e9cb9eb5-fc66-4246-bb27-e3a53958fd0f,1442,2218,https://iiif.library.sh.cn/c/3/e9cb9eb5-fc66-4246-bb27-e3a53958fd0f/ap/s,https://iiif.library.sh.cn/c/3/e9cb9eb5-fc66-4246-bb27-e3a53958fd0f/ap/c/a/5da11d1d-405c-4662-89c9-138e55320561,28,28,supplementing,"[605, 1020, 144, 144]","[605, 1020, 749, 1164]","https://iiif.library.sh.cn/c/3/e9cb9eb5-fc66-4246-bb27-e3a53958fd0f#xywh=605,1020,144,144",李俨撰文，欧阳通楷书,欧阳通（楷书）；李儇（撰文）,唐,龙朔三年十月十日刻立（663）,663,楷书,17A331,《翰墨瑰宝：上海图书馆藏珍本碑帖丛刊》第二辑,iiif_annotation_target_xywh,iiif_xywh
001_道因法师碑_p0021_c029,传,001_道因法师碑,道因法师碑,21,二十一,3,4,605,1221,144,144,596,1199,158,171,"[596, 1199, 158, 171]",583,1182,184,205,"[583, 1182, 184, 205]",11412,text_constrained_column_cell_pixel_assignment,assets/page_images/001_道因法师碑/p0021.jpg,1,http://data.library.sh.cn/bt/resource/work/v1e0qbx3r5wp1uw4,http://iiif.library.sh.cn/api/viewer/17A331,https://iiif.library.sh.cn/p/3/02c55611-7427-4cd0-a2cd-a15b5ccbaa9c,https://iiif.library.sh.cn/c/3/e9cb9eb5-fc66-4246-bb27-e3a53958fd0f,1442,2218,https://iiif.library.sh.cn/c/3/e9cb9eb5-fc66-4246-bb27-e3a53958fd0f/ap/s,https://iiif.library.sh.cn/c/3/e9cb9eb5-fc66-4246-bb27-e3a53958fd0f/ap/c/a/22cbe386-050b-4607-ba9e-8d7c794b9995,29,29,supplementing,"[605, 1221, 144, 144]","[605, 1221, 749, 1365]","https://iiif.library.sh.cn/c/3/e9cb9eb5-fc66-4246-bb27-e3a53958fd0f#xywh=605,1221,144,144",李俨撰文，欧阳通楷书,欧阳通（楷书）；李儇（撰文）,唐,龙朔三年十月十日刻立（663）,663,楷书,17A331,《翰墨瑰宝：上海图书馆藏珍本碑帖丛刊》第二辑,iiif_annotation_target_xywh,iiif_xywh
001_道因法师碑_p0021_c030,灯,001_道因法师碑,道因法师碑,21,二十一,3,5,605,1388,144,144,596,1383,158,163,"[596, 1383, 158, 163]",583,1367,184,195,"[583, 1367, 184, 195]",9211,text_constrained_column_cell_pixel_assignment,assets/page_images/001_道因法师碑/p0021.jpg,1,http://data.library.sh.cn/bt/resource/work/v1e0qbx3r5wp1uw4,http://iiif.library.sh.cn/api/viewer/17A331,https://iiif.library.sh.cn/p/3/02c55611-7427-4cd0-a2cd-a15b5ccbaa9c,https://iiif.library.sh.cn/c/3/e9cb9eb5-fc66-4246-bb27-e3a53958fd0f,1442,2218,https://iiif.library.sh.cn/c/3/e9cb9eb5-fc66-4246-bb27-e3a53958fd0f/ap/s,https://iiif.library.sh.cn/c/3/e9cb9eb5-fc66-4246-bb27-e3a53958fd0f/ap/c/a/b9af45fe-1b31-426a-a5f7-f8359b1c5ff3,30,30,supplementing,"[605, 1388, 144, 144]","[605, 1388, 749, 1532]","https://iiif.library.sh.cn/c/3/e9cb9eb5-fc66-4246-bb27-e3a53958fd0f#xywh=605,1388,144,144",李俨撰文，欧阳通楷书,欧阳通（楷书）；李儇（撰文）,唐,龙朔三年十月十日刻立（663）,663,楷书,17A331,《翰墨瑰宝：上海图书馆藏珍本碑帖丛刊》第二辑,iiif_annotation_target_xywh,iiif_xywh
001_道因法师碑_p0021_c031,在,001_道因法师碑,道因法师碑,21,二十一,3,6,605,1573,144,144,596,1558,158,158,"[596, 1558, 158, 158]",583,1542,184,190,"[583, 1542, 184, 190]",14149,text_constrained_column_cell_pixel_assignment,assets/page_images/001_道因法师碑/p0021.jpg,1,http://data.library.sh.cn/bt/resource/work/v1e0qbx3r5wp1uw4,http://iiif.library.sh.cn/api/viewer/17A331,https://iiif.library.sh.cn/p/3/02c55611-7427-4cd0-a2cd-a15b5ccbaa9c,https://iiif.library.sh.cn/c/3/e9cb9eb5-fc66-4246-bb27-e3a53958fd0f,1442,2218,https://iiif.library.sh.cn/c/3/e9cb9eb5-fc66-4246-bb27-e3a53958fd0f/ap/s,https://iiif.library.sh.cn/c/3/e9cb9eb5-fc66-4246-bb27-e3a53958fd0f/ap/c/a/7121d098-055b-40a5-adc1-26d8226fd4a2,31,31,supplementing,"[605, 1573, 144, 144]","[605, 1573, 749, 1717]","https://iiif.library.sh.cn/c/3/e9cb9eb5-fc66-4246-bb27-e3a53958fd0f#xywh=605,1573,144,144",李俨撰文，欧阳通楷书,欧阳通（楷书）；李儇（撰文）,唐,龙朔三年十月十日刻立（663）,663,楷书,17A331,《翰墨瑰宝：上海图书馆藏珍本碑帖丛刊》第二辑,iiif_annotation_target_xywh,iiif_xywh
001_道因法师碑_p0021_c032,照,001_道因法师碑,道因法师碑,21,二十一,3,7,605,1727,144,144,596,1727,158,144,"[596, 1727, 158, 144]",583,1713,184,172,"[583, 1713, 184, 172]",11104,text_constrained_column_cell_pixel_assignment,assets/page_images/001_道因法师碑/p0021.jpg,1,http://data.library.sh.cn/bt/resource/work/v1e0qbx3r5wp1uw4,http://iiif.library.sh.cn/api/viewer/17A331,https://iiif.library.sh.cn/p/3/02c55611-7427-4cd0-a2cd-a15b5ccbaa9c,https://iiif.library.sh.cn/c/3/e9cb9eb5-fc66-4246-bb27-e3a53958fd0f,1442,2218,https://iiif.library.sh.cn/c/3/e9cb9eb5-fc66-4246-bb27-e3a53958fd0f/ap/s,https://iiif.library.sh.cn/c/3/e9cb9eb5-fc66-4246-bb27-e3a53958fd0f/ap/c/a/8554bd6e-a444-41e7-bb28-d0f5f179f354,32,32,supplementing,"[605, 1727, 144, 144]","[605, 1727, 749, 1871]","https://iiif.library.sh.cn/c/3/e9cb9eb5-fc66-4246-bb27-e3a53958fd0f#xywh=605,1727,144,144",李俨撰文，欧阳通楷书,欧阳通（楷书）；李儇（撰文）,唐,龙朔三年十月十日刻立（663）,663,楷书,17A331,《翰墨瑰宝：上海图书馆藏珍本碑帖丛刊》第二辑,iiif_annotation_target_xywh,iiif_xywh
001_道因法师碑_p0021_c033,又,001_道因法师碑,道因法师碑,21,二十一,4,0,442,537,136,136,423,544,161,122,"[423, 544, 161, 122]",410,532,187,146,"[410, 532, 187, 146]",10092,text_constrained_column_cell_pixel_assignment,assets/page_images/001_道因法师碑/p0021.jpg,1,http://data.library.sh.cn/bt/resource/work/v1e0qbx3r5wp1uw4,http://iiif.library.sh.cn/api/viewer/17A331,https://iiif.library.sh.cn/p/3/02c55611-7427-4cd0-a2cd-a15b5ccbaa9c,https://iiif.library.sh.cn/c/3/e9cb9eb5-fc66-4246-bb27-e3a53958fd0f,1442,2218,https://iiif.library.sh.cn/c/3/e9cb9eb5-fc66-4246-bb27-e3a53958fd0f/ap/s,https://iiif.library.sh.cn/c/3/e9cb9eb5-fc66-4246-bb27-e3a53958fd0f/ap/c/a/0469bcfb-a86b-40b4-befa-2fc7afbade59,33,33,supplementing,"[442, 537, 136, 136]","[442, 537, 578, 673]","https://iiif.library.sh.cn/c/3/e9cb9eb5-fc66-4246-bb27-e3a53958fd0f#xywh=442,537,136,136",李俨撰文，欧阳通楷书,欧阳通（楷书）；李儇（撰文）,唐,龙朔三年十月十日刻立（663）,663,楷书,17A331,《翰墨瑰宝：上海图书馆藏珍本碑帖丛刊》第二辑,iiif_annotation_target_xywh,iiif_xywh
001_道因法师碑_p0021_c034,于,001_道因法师碑,道因法师碑,21,二十一,4,1,442,668,136,136,423,676,161,148,"[423, 676, 161, 148]",410,661,187,178,"[410, 661, 187, 178]",12636,text_constrained_column_cell_pixel_assignment,assets/page_images/001_道因法师碑/p0021.jpg,1,http://data.library.sh.cn/bt/resource/work/v1e0qbx3r5wp1uw4,http://iiif.library.sh.cn/api/viewer/17A331,https://iiif.library.sh.cn/p/3/02c55611-7427-4cd0-a2cd-a15b5ccbaa9c,https://iiif.library.sh.cn/c/3/e9cb9eb5-fc66-4246-bb27-e3a53958fd0f,1442,2218,https://iiif.library.sh.cn/c/3/e9cb9eb5-fc66-4246-bb27-e3a53958fd0f/ap/s,https://iiif.library.sh.cn/c/3/e9cb9eb5-fc66-4246-bb27-e3a53958fd0f/ap/c/a/e832150a-a08f-4639-a3d7-a5a71f14b627,34,34,supplementing,"[442, 668, 136, 136]","[442, 668, 578, 804]","https://iiif.library.sh.cn/c/3/e9cb9eb5-fc66-4246-bb27-e3a53958fd0f#xywh=442,668,136,136",李俨撰文，欧阳通楷书,欧阳通（楷书）；李儇（撰文）,唐,龙朔三年十月十日刻立（663）,663,楷书,17A331,《翰墨瑰宝：上海图书馆藏珍本碑帖丛刊》第二辑,iiif_annotation_target_xywh,iiif_xywh
001_道因法师碑_p0021_c035,彭,001_道因法师碑,道因法师碑,21,二十一,4,2,422,846,155,155,423,836,161,177,"[423, 836, 161, 177]",410,818,187,213,"[410, 818, 187, 213]",14200,text_constrained_column_cell_pixel_assignment,assets/page_images/001_道因法师碑/p0021.jpg,1,http://data.library.sh.cn/bt/resource/work/v1e0qbx3r5wp1uw4,http://iiif.library.sh.cn/api/viewer/17A331,https://iiif.library.sh.cn/p/3/02c55611-7427-4cd0-a2cd-a15b5ccbaa9c,https://iiif.library.sh.cn/c/3/e9cb9eb5-fc66-4246-bb27-e3a53958fd0f,1442,2218,https://iiif.library.sh.cn/c/3/e9cb9eb5-fc66-4246-bb27-e3a53958fd0f/ap/s,https://iiif.library.sh.cn/c/3/e9cb9eb5-fc66-4246-bb27-e3a53958fd0f/ap/c/a/947122a2-573b-40df-99c2-0c8d9e84a1a6,35,35,supplementing,"[422, 846, 155, 155]","[422, 846, 577, 1001]","https://iiif.library.sh.cn/c/3/e9cb9eb5-fc66-4246-bb27-e3a53958fd0f#xywh=422,846,155,155",李俨撰文，欧阳通楷书,欧阳通（楷书）；李儇（撰文）,唐,龙朔三年十月十日刻立（663）,663,楷书,17A331,《翰墨瑰宝：上海图书馆藏珍本碑帖丛刊》第二辑,iiif_annotation_target_xywh,iiif_xywh
001_道因法师碑_p0021_c036,城,001_道因法师碑,道因法师碑,21,二十一,4,3,422,1038,155,155,423,1026,161,169,"[423, 1026, 161, 169]",410,1009,187,203,"[410, 1009, 187, 203]",14184,text_constrained_column_cell_pixel_assignment,assets/page_images/001_道因法师碑/p0021.jpg,1,http://data.library.sh.cn/bt/resource/work/v1e0qbx3r5wp1uw4,http://iiif.library.sh.cn/api/viewer/17A331,https://iiif.library.sh.cn/p/3/02c55611-7427-4cd0-a2cd-a15b5ccbaa9c,https://iiif.library.sh.cn/c/3/e9cb9eb5-fc66-4246-bb27-e3a53958fd0f,1442,2218,https://iiif.library.sh.cn/c/3/e9cb9eb5-fc66-4246-bb27-e3a53958fd0f/ap/s,https://iiif.library.sh.cn/c/3/e9cb9eb5-fc66-4246-bb27-e3a53958fd0f/ap/c/a/89ecd7d4-ebc3-4bbf-8be4-17e50ee437be,36,36,supplementing,"[422, 1038, 155, 155]","[422, 1038, 577, 1193]","https://iiif.library.sh.cn/c/3/e9cb9eb5-fc66-4246-bb27-e3a53958fd0f#xywh=422,1038,155,155",李俨撰文，欧阳通楷书,欧阳通（楷书）；李儇（撰文）,唐,龙朔三年十月十日刻立（663）,663,楷书,17A331,《翰墨瑰宝：上海图书馆藏珍本碑帖丛刊》第二辑,iiif_annotation_target_xywh,iiif_xywh
001_道因法师碑_p0021_c037,嵩,001_道因法师碑,道因法师碑,21,二十一,4,4,422,1209,155,155,423,1208,161,174,"[423, 1208, 161, 174]",410,1191,187,208,"[410, 1191, 187, 208]",15006,text_constrained_column_cell_pixel_assignment,assets/page_images/001_道因法师碑/p0021.jpg,1,http://data.library.sh.cn/bt/resource/work/v1e0qbx3r5wp1uw4,http://iiif.library.sh.cn/api/viewer/17A331,https://iiif.library.sh.cn/p/3/02c55611-7427-4cd0-a2cd-a15b5ccbaa9c,https://iiif.library.sh.cn/c/3/e9cb9eb5-fc66-4246-bb27-e3a53958fd0f,1442,2218,https://iiif.library.sh.cn/c/3/e9cb9eb5-fc66-4246-bb27-e3a53958fd0f/ap/s,https://iiif.library.sh.cn/c/3/e9cb9eb5-fc66-4246-bb27-e3a53958fd0f/ap/c/a/5c8a96f5-a3a0-4da9-b3c1-f5747a848260,37,37,supplementing,"[422, 1209, 155, 155]","[422, 1209, 577, 1364]","https://iiif.library.sh.cn/c/3/e9cb9eb5-fc66-4246-bb27-e3a53958fd0f#xywh=422,1209,155,155",李俨撰文，欧阳通楷书,欧阳通（楷书）；李儇（撰文）,唐,龙朔三年十月十日刻立（663）,663,楷书,17A331,《翰墨瑰宝：上海图书馆藏珍本碑帖丛刊》第二辑,iiif_annotation_target_xywh,iiif_xywh
001_道因法师碑_p0021_c038,论,001_道因法师碑,道因法师碑,21,二十一,4,5,422,1414,155,155,423,1396,161,172,"[423, 1396, 161, 172]",410,1379,187,206,"[410, 1379, 187, 206]",11424,text_constrained_column_cell_pixel_assignment,assets/page_images/001_道因法师碑/p0021.jpg,1,http://data.library.sh.cn/bt/resource/work/v1e0qbx3r5wp1uw4,http://iiif.library.sh.cn/api/viewer/17A331,https://iiif.library.sh.cn/p/3/02c55611-7427-4cd0-a2cd-a15b5ccbaa9c,https://iiif.library.sh.cn/c/3/e9cb9eb5-fc66-4246-bb27-e3a53958fd0f,1442,2218,https://iiif.library.sh.cn/c/3/e9cb9eb5-fc66-4246-bb27-e3a53958fd0f/ap/s,https://iiif.library.sh.cn/c/3/e9cb9eb5-fc66-4246-bb27-e3a53958fd0f/ap/c/a/8409ea11-2093-4412-9fb2-659cae24edb8,38,38,supplementing,"[422, 1414, 155, 155]","[422, 1414, 577, 1569]","https://iiif.library.sh.cn/c/3/e9cb9eb5-fc66-4246-bb27-e3a53958fd0f#xywh=422,1414,155,155",李俨撰文，欧阳通楷书,欧阳通（楷书）；李儇（撰文）,唐,龙朔三年十月十日刻立（663）,663,楷书,17A331,《翰墨瑰宝：上海图书馆藏珍本碑帖丛刊》第二辑,iiif_annotation_target_xywh,iiif_xywh
001_道因法师碑_p0021_c039,师,001_道因法师碑,道因法师碑,21,二十一,4,6,422,1574,169,169,423,1581,161,156,"[423, 1581, 161, 156]",410,1565,187,188,"[410, 1565, 187, 188]",13585,text_constrained_column_cell_pixel_assignment,assets/page_images/001_道因法师碑/p0021.jpg,1,http://data.library.sh.cn/bt/resource/work/v1e0qbx3r5wp1uw4,http://iiif.library.sh.cn/api/viewer/17A331,https://iiif.library.sh.cn/p/3/02c55611-7427-4cd0-a2cd-a15b5ccbaa9c,https://iiif.library.sh.cn/c/3/e9cb9eb5-fc66-4246-bb27-e3a53958fd0f,1442,2218,https://iiif.library.sh.cn/c/3/e9cb9eb5-fc66-4246-bb27-e3a53958fd0f/ap/s,https://iiif.library.sh.cn/c/3/e9cb9eb5-fc66-4246-bb27-e3a53958fd0f/ap/c/a/03268192-7770-4e19-8d45-bcff998643d9,39,39,supplementing,"[422, 1574, 169, 169]","[422, 1574, 591, 1743]","https://iiif.library.sh.cn/c/3/e9cb9eb5-fc66-4246-bb27-e3a53958fd0f#xywh=422,1574,169,169",李俨撰文，欧阳通楷书,欧阳通（楷书）；李儇（撰文）,唐,龙朔三年十月十日刻立（663）,663,楷书,17A331,《翰墨瑰宝：上海图书馆藏珍本碑帖丛刊》第二辑,iiif_annotation_target_xywh,iiif_xywh
001_道因法师碑_p0021_c040,所,001_道因法师碑,道因法师碑,21,二十一,4,7,422,1742,169,169,423,1748,161,157,"[423, 1748, 161, 157]",410,1732,187,189,"[410, 1732, 187, 189]",15557,text_constrained_column_cell_pixel_assignment,assets/page_images/001_道因法师碑/p0021.jpg,1,http://data.library.sh.cn/bt/resource/work/v1e0qbx3r5wp1uw4,http://iiif.library.sh.cn/api/viewer/17A331,https://iiif.library.sh.cn/p/3/02c55611-7427-4cd0-a2cd-a15b5ccbaa9c,https://iiif.library.sh.cn/c/3/e9cb9eb5-fc66-4246-bb27-e3a53958fd0f,1442,2218,https://iiif.library.sh.cn/c/3/e9cb9eb5-fc66-4246-bb27-e3a53958fd0f/ap/s,https://iiif.library.sh.cn/c/3/e9cb9eb5-fc66-4246-bb27-e3a53958fd0f/ap/c/a/1b87dd92-3fda-4686-88c1-07eb022c2c40,40,40,supplementing,"[422, 1742, 169, 169]","[422, 1742, 591, 1911]","https://iiif.library.sh.cn/c/3/e9cb9eb5-fc66-4246-bb27-e3a53958fd0f#xywh=422,1742,169,169",李俨撰文，欧阳通楷书,欧阳通（楷书）；李儇（撰文）,唐,龙朔三年十月十日刻立（663）,663,楷书,17A331,《翰墨瑰宝：上海图书馆藏珍本碑帖丛刊》第二辑,iiif_annotation_target_xywh,iiif_xywh
001_道因法师碑_p0022_c001,听,001_道因法师碑,道因法师碑,22,二十二,0,0,843,513,171,171,848,513,161,171,"[848, 513, 161, 171]",835,496,187,205,"[835, 496, 187, 205]",15626,text_constrained_column_cell_pixel_assignment,assets/page_images/001_道因法师碑/p0022.jpg,1,http://data.library.sh.cn/bt/resource/work/v1e0qbx3r5wp1uw4,http://iiif.library.sh.cn/api/viewer/17A331,https://iiif.library.sh.cn/p/3/02c55611-7427-4cd0-a2cd-a15b5ccbaa9c,https://iiif.library.sh.cn/c/3/e8d0388c-823a-4a1c-826f-a4072e9fb254,1444,2221,https://iiif.library.sh.cn/c/3/e8d0388c-823a-4a1c-826f-a4072e9fb254/ap/s,https://iiif.library.sh.cn/c/3/e8d0388c-823a-4a1c-826f-a4072e9fb254/ap/c/a/05462e10-421a-49f1-8772-2a9df7bd7107,1,1,supplementing,"[843, 513, 171, 171]","[843, 513, 1014, 684]","https://iiif.library.sh.cn/c/3/e8d0388c-823a-4a1c-826f-a4072e9fb254#xywh=843,513,171,171",李俨撰文，欧阳通楷书,欧阳通（楷书）；李儇（撰文）,唐,龙朔三年十月十日刻立（663）,663,楷书,17A331,《翰墨瑰宝：上海图书馆藏珍本碑帖丛刊》第二辑,iiif_annotation_target_xywh,iiif_xywh
001_道因法师碑_p0022_c002,摄,001_道因法师碑,道因法师碑,22,二十二,0,1,843,697,171,171,848,697,161,173,"[848, 697, 161, 173]",835,680,187,207,"[835, 680, 187, 207]",15497,text_constrained_column_cell_pixel_assignment,assets/page_images/001_道因法师碑/p0022.jpg,1,http://data.library.sh.cn/bt/resource/work/v1e0qbx3r5wp1uw4,http://iiif.library.sh.cn/api/viewer/17A331,https://iiif.library.sh.cn/p/3/02c55611-7427-4cd0-a2cd-a15b5ccbaa9c,https://iiif.library.sh.cn/c/3/e8d0388c-823a-4a1c-826f-a4072e9fb254,1444,2221,https://iiif.library.sh.cn/c/3/e8d0388c-823a-4a1c-826f-a4072e9fb254/ap/s,https://iiif.library.sh.cn/c/3/e8d0388c-823a-4a1c-826f-a4072e9fb254/ap/c/a/dea10933-7dde-4d48-847b-a594d6cea82e,2,2,supplementing,"[843, 697, 171, 171]","[843, 697, 1014, 868]","https://iiif.library.sh.cn/c/3/e8d0388c-823a-4a1c-826f-a4072e9fb254#xywh=843,697,171,171",李俨撰文，欧阳通楷书,欧阳通（楷书）；李儇（撰文）,唐,龙朔三年十月十日刻立（663）,663,楷书,17A331,《翰墨瑰宝：上海图书馆藏珍本碑帖丛刊》第二辑,iiif_annotation_target_xywh,iiif_xywh
001_道因法师碑_p0022_c003,大,001_道因法师碑,道因法师碑,22,二十二,0,2,843,884,171,171,848,882,161,165,"[848, 882, 161, 165]",835,866,187,198,"[835, 866, 187, 198]",15504,text_constrained_column_cell_pixel_assignment,assets/page_images/001_道因法师碑/p0022.jpg,1,http://data.library.sh.cn/bt/resource/work/v1e0qbx3r5wp1uw4,http://iiif.library.sh.cn/api/viewer/17A331,https://iiif.library.sh.cn/p/3/02c55611-7427-4cd0-a2cd-a15b5ccbaa9c,https://iiif.library.sh.cn/c/3/e8d0388c-823a-4a1c-826f-a4072e9fb254,1444,2221,https://iiif.library.sh.cn/c/3/e8d0388c-823a-4a1c-826f-a4072e9fb254/ap/s,https://iiif.library.sh.cn/c/3/e8d0388c-823a-4a1c-826f-a4072e9fb254/ap/c/a/2124a603-e427-44d2-88d1-177623e51ae2,3,3,supplementing,"[843, 884, 171, 171]","[843, 884, 1014, 1055]","https://iiif.library.sh.cn/c/3/e8d0388c-823a-4a1c-826f-a4072e9fb254#xywh=843,884,171,171",李俨撰文，欧阳通楷书,欧阳通（楷书）；李儇（撰文）,唐,龙朔三年十月十日刻立（663）,663,楷书,17A331,《翰墨瑰宝：上海图书馆藏珍本碑帖丛刊》第二辑,iiif_annotation_target_xywh,iiif_xywh
001_道因法师碑_p0022_c004,乘,001_道因法师碑,道因法师碑,22,二十二,0,3,843,1051,171,171,848,1059,161,156,"[848, 1059, 161, 156]",835,1043,187,188,"[835, 1043, 187, 188]",15564,text_constrained_column_cell_pixel_assignment,assets/page_images/001_道因法师碑/p0022.jpg,1,http://data.library.sh.cn/bt/resource/work/v1e0qbx3r5wp1uw4,http://iiif.library.sh.cn/api/viewer/17A331,https://iiif.library.sh.cn/p/3/02c55611-7427-4cd0-a2cd-a15b5ccbaa9c,https://iiif.library.sh.cn/c/3/e8d0388c-823a-4a1c-826f-a4072e9fb254,1444,2221,https://iiif.library.sh.cn/c/3/e8d0388c-823a-4a1c-826f-a4072e9fb254/ap/s,https://iiif.library.sh.cn/c/3/e8d0388c-823a-4a1c-826f-a4072e9fb254/ap/c/a/f42ff27a-666a-4a43-aaf7-cf5f977e318e,4,4,supplementing,"[843, 1051, 171, 171]","[843, 1051, 1014, 1222]","https://iiif.library.sh.cn/c/3/e8d0388c-823a-4a1c-826f-a4072e9fb254#xywh=843,1051,171,171",李俨撰文，欧阳通楷书,欧阳通（楷书）；李儇（撰文）,唐,龙朔三年十月十日刻立（663）,663,楷书,17A331,《翰墨瑰宝：上海图书馆藏珍本碑帖丛刊》第二辑,iiif_annotation_target_xywh,iiif_xywh
001_道因法师碑_p0022_c005,嵩,001_道因法师碑,道因法师碑,22,二十二,0,4,843,1220,171,171,848,1227,161,173,"[848, 1227, 161, 173]",835,1210,187,207,"[835, 1210, 187, 207]",15558,text_constrained_column_cell_pixel_assignment,assets/page_images/001_道因法师碑/p0022.jpg,1,http://data.library.sh.cn/bt/resource/work/v1e0qbx3r5wp1uw4,http://iiif.library.sh.cn/api/viewer/17A331,https://iiif.library.sh.cn/p/3/02c55611-7427-4cd0-a2cd-a15b5ccbaa9c,https://iiif.library.sh.cn/c/3/e8d0388c-823a-4a1c-826f-a4072e9fb254,1444,2221,https://iiif.library.sh.cn/c/3/e8d0388c-823a-4a1c-826f-a4072e9fb254/ap/s,https://iiif.library.sh.cn/c/3/e8d0388c-823a-4a1c-826f-a4072e9fb254/ap/c/a/24f98e0b-8aab-46c5-9eb7-0a7f45338bff,5,5,supplementing,"[843, 1220, 171, 171]","[843, 1220, 1014, 1391]","https://iiif.library.sh.cn/c/3/e8d0388c-823a-4a1c-826f-a4072e9fb254#xywh=843,1220,171,171",李俨撰文，欧阳通楷书,欧阳通（楷书）；李儇（撰文）,唐,龙朔三年十月十日刻立（663）,663,楷书,17A331,《翰墨瑰宝：上海图书馆藏珍本碑帖丛刊》第二辑,iiif_annotation_target_xywh,iiif_xywh
001_道因法师碑_p0022_c006,公,001_道因法师碑,道因法师碑,22,二十二,0,5,843,1421,171,171,848,1412,161,150,"[848, 1412, 161, 150]",835,1397,187,180,"[835, 1397, 187, 180]",13547,text_constrained_column_cell_pixel_assignment,assets/page_images/001_道因法师碑/p0022.jpg,1,http://data.library.sh.cn/bt/resource/work/v1e0qbx3r5wp1uw4,http://iiif.library.sh.cn/api/viewer/17A331,https://iiif.library.sh.cn/p/3/02c55611-7427-4cd0-a2cd-a15b5ccbaa9c,https://iiif.library.sh.cn/c/3/e8d0388c-823a-4a1c-826f-a4072e9fb254,1444,2221,https://iiif.library.sh.cn/c/3/e8d0388c-823a-4a1c-826f-a4072e9fb254/ap/s,https://iiif.library.sh.cn/c/3/e8d0388c-823a-4a1c-826f-a4072e9fb254/ap/c/a/521c97a2-08dd-4c97-9d6c-8c017ec5a734,6,6,supplementing,"[843, 1421, 171, 171]","[843, 1421, 1014, 1592]","https://iiif.library.sh.cn/c/3/e8d0388c-823a-4a1c-826f-a4072e9fb254#xywh=843,1421,171,171",李俨撰文，欧阳通楷书,欧阳通（楷书）；李儇（撰文）,唐,龙朔三年十月十日刻立（663）,663,楷书,17A331,《翰墨瑰宝：上海图书馆藏珍本碑帖丛刊》第二辑,iiif_annotation_target_xywh,iiif_xywh
001_道因法师碑_p0022_c007,懿,001_道因法师碑,道因法师碑,22,二十二,0,6,843,1543,171,171,848,1574,161,163,"[848, 1574, 161, 163]",835,1558,187,195,"[835, 1558, 187, 195]",16141,text_constrained_column_cell_pixel_assignment,assets/page_images/001_道因法师碑/p0022.jpg,1,http://data.library.sh.cn/bt/resource/work/v1e0qbx3r5wp1uw4,http://iiif.library.sh.cn/api/viewer/17A331,https://iiif.library.sh.cn/p/3/02c55611-7427-4cd0-a2cd-a15b5ccbaa9c,https://iiif.library.sh.cn/c/3/e8d0388c-823a-4a1c-826f-a4072e9fb254,1444,2221,https://iiif.library.sh.cn/c/3/e8d0388c-823a-4a1c-826f-a4072e9fb254/ap/s,https://iiif.library.sh.cn/c/3/e8d0388c-823a-4a1c-826f-a4072e9fb254/ap/c/a/697924b2-9a1c-425b-b665-5d4732be7bb1,7,7,supplementing,"[843, 1543, 171, 171]","[843, 1543, 1014, 1714]","https://iiif.library.sh.cn/c/3/e8d0388c-823a-4a1c-826f-a4072e9fb254#xywh=843,1543,171,171",李俨撰文，欧阳通楷书,欧阳通（楷书）；李儇（撰文）,唐,龙朔三年十月十日刻立（663）,663,楷书,17A331,《翰墨瑰宝：上海图书馆藏珍本碑帖丛刊》第二辑,iiif_annotation_target_xywh,iiif_xywh
001_道因法师碑_p0022_c008,德,001_道因法师碑,道因法师碑,22,二十二,0,7,843,1773,171,171,848,1752,161,213,"[848, 1752, 161, 213]",835,1731,187,255,"[835, 1731, 187, 255]",23478,text_constrained_column_cell_pixel_assignment,assets/page_images/001_道因法师碑/p0022.jpg,1,http://data.library.sh.cn/bt/resource/work/v1e0qbx3r5wp1uw4,http://iiif.library.sh.cn/api/viewer/17A331,https://iiif.library.sh.cn/p/3/02c55611-7427-4cd0-a2cd-a15b5ccbaa9c,https://iiif.library.sh.cn/c/3/e8d0388c-823a-4a1c-826f-a4072e9fb254,1444,2221,https://iiif.library.sh.cn/c/3/e8d0388c-823a-4a1c-826f-a4072e9fb254/ap/s,https://iiif.library.sh.cn/c/3/e8d0388c-823a-4a1c-826f-a4072e9fb254/ap/c/a/3030807c-24f4-4dc3-8df0-bc3a8349fb4a,8,8,supplementing,"[843, 1773, 171, 171]","[843, 1773, 1014, 1944]","https://iiif.library.sh.cn/c/3/e8d0388c-823a-4a1c-826f-a4072e9fb254#xywh=843,1773,171,171",李俨撰文，欧阳通楷书,欧阳通（楷书）；李儇（撰文）,唐,龙朔三年十月十日刻立（663）,663,楷书,17A331,《翰墨瑰宝：上海图书馆藏珍本碑帖丛刊》第二辑,iiif_annotation_target_xywh,iiif_xywh
001_道因法师碑_p0022_c009,玄,001_道因法师碑,道因法师碑,22,二十二,1,0,685,511,141,141,675,513,161,137,"[675, 513, 161, 137]",662,499,187,165,"[662, 499, 187, 165]",12137,text_constrained_column_cell_pixel_assignment,assets/page_images/001_道因法师碑/p0022.jpg,1,http://data.library.sh.cn/bt/resource/work/v1e0qbx3r5wp1uw4,http://iiif.library.sh.cn/api/viewer/17A331,https://iiif.library.sh.cn/p/3/02c55611-7427-4cd0-a2cd-a15b5ccbaa9c,https://iiif.library.sh.cn/c/3/e8d0388c-823a-4a1c-826f-a4072e9fb254,1444,2221,https://iiif.library.sh.cn/c/3/e8d0388c-823a-4a1c-826f-a4072e9fb254/ap/s,https://iiif.library.sh.cn/c/3/e8d0388c-823a-4a1c-826f-a4072e9fb254/ap/c/a/900dc924-70ee-4262-a06f-1428cc816a58,9,9,supplementing,"[685, 511, 141, 141]","[685, 511, 826, 652]","https://iiif.library.sh.cn/c/3/e8d0388c-823a-4a1c-826f-a4072e9fb254#xywh=685,511,141,141",李俨撰文，欧阳通楷书,欧阳通（楷书）；李儇（撰文）,唐,龙朔三年十月十日刻立（663）,663,楷书,17A331,《翰墨瑰宝：上海图书馆藏珍本碑帖丛刊》第二辑,iiif_annotation_target_xywh,iiif_xywh
001_道因法师碑_p0022_c010,猷,001_道因法师碑,道因法师碑,22,二十二,1,1,685,659,141,141,675,661,161,141,"[675, 661, 161, 141]",662,647,187,169,"[662, 647, 187, 169]",7151,text_constrained_column_cell_pixel_assignment,assets/page_images/001_道因法师碑/p0022.jpg,1,http://data.library.sh.cn/bt/resource/work/v1e0qbx3r5wp1uw4,http://iiif.library.sh.cn/api/viewer/17A331,https://iiif.library.sh.cn/p/3/02c55611-7427-4cd0-a2cd-a15b5ccbaa9c,https://iiif.library.sh.cn/c/3/e8d0388c-823a-4a1c-826f-a4072e9fb254,1444,2221,https://iiif.library.sh.cn/c/3/e8d0388c-823a-4a1c-826f-a4072e9fb254/ap/s,https://iiif.library.sh.cn/c/3/e8d0388c-823a-4a1c-826f-a4072e9fb254/ap/c/a/1158c071-fa83-44cb-9e3a-65e5e6e3a717,10,10,supplementing,"[685, 659, 141, 141]","[685, 659, 826, 800]","https://iiif.library.sh.cn/c/3/e8d0388c-823a-4a1c-826f-a4072e9fb254#xywh=685,659,141,141",李俨撰文，欧阳通楷书,欧阳通（楷书）；李儇（撰文）,唐,龙朔三年十月十日刻立（663）,663,楷书,17A331,《翰墨瑰宝：上海图书馆藏珍本碑帖丛刊》第二辑,iiif_annotation_target_xywh,iiif_xywh
001_道因法师碑_p0022_c011,兰,001_道因法师碑,道因法师碑,22,二十二,1,2,685,815,141,141,675,814,161,165,"[675, 814, 161, 165]",662,801,187,195,"[662, 801, 187, 195]",10002,text_constrained_column_cell_pixel_assignment,assets/page_images/001_道因法师碑/p0022.jpg,1,http://data.library.sh.cn/bt/resource/work/v1e0qbx3r5wp1uw4,http://iiif.library.sh.cn/api/viewer/17A331,https://iiif.library.sh.cn/p/3/02c55611-7427-4cd0-a2cd-a15b5ccbaa9c,https://iiif.library.sh.cn/c/3/e8d0388c-823a-4a1c-826f-a4072e9fb254,1444,2221,https://iiif.library.sh.cn/c/3/e8d0388c-823a-4a1c-826f-a4072e9fb254/ap/s,https://iiif.library.sh.cn/c/3/e8d0388c-823a-4a1c-826f-a4072e9fb254/ap/c/a/905edaba-bbd4-4dee-bd77-b02792021d3a,11,11,supplementing,"[685, 815, 141, 141]","[685, 815, 826, 956]","https://iiif.library.sh.cn/c/3/e8d0388c-823a-4a1c-826f-a4072e9fb254#xywh=685,815,141,141",李俨撰文，欧阳通楷书,欧阳通（楷书）；李儇（撰文）,唐,龙朔三年十月十日刻立（663）,663,楷书,17A331,《翰墨瑰宝：上海图书馆藏珍本碑帖丛刊》第二辑,iiif_annotation_target_xywh,iiif_xywh
001_道因法师碑_p0022_c012,薰,001_道因法师碑,道因法师碑,22,二十二,1,3,685,1015,141,141,675,992,161,176,"[675, 992, 161, 176]",662,974,187,212,"[662, 974, 187, 212]",10331,text_constrained_column_cell_pixel_assignment,assets/page_images/001_道因法师碑/p0022.jpg,1,http://data.library.sh.cn/bt/resource/work/v1e0qbx3r5wp1uw4,http://iiif.library.sh.cn/api/viewer/17A331,https://iiif.library.sh.cn/p/3/02c55611-7427-4cd0-a2cd-a15b5ccbaa9c,https://iiif.library.sh.cn/c/3/e8d0388c-823a-4a1c-826f-a4072e9fb254,1444,2221,https://iiif.library.sh.cn/c/3/e8d0388c-823a-4a1c-826f-a4072e9fb254/ap/s,https://iiif.library.sh.cn/c/3/e8d0388c-823a-4a1c-826f-a4072e9fb254/ap/c/a/24f3d1e1-2881-44b4-b680-cee5017a2fad,12,12,supplementing,"[685, 1015, 141, 141]","[685, 1015, 826, 1156]","https://iiif.library.sh.cn/c/3/e8d0388c-823a-4a1c-826f-a4072e9fb254#xywh=685,1015,141,141",李俨撰文，欧阳通楷书,欧阳通（楷书）；李儇（撰文）,唐,龙朔三年十月十日刻立（663）,663,楷书,17A331,《翰墨瑰宝：上海图书馆藏珍本碑帖丛刊》第二辑,iiif_annotation_target_xywh,iiif_xywh
001_道因法师碑_p0022_c013,月,001_道因法师碑,道因法师碑,22,二十二,1,4,685,1194,141,141,675,1181,161,164,"[675, 1181, 161, 164]",662,1165,187,196,"[662, 1165, 187, 196]",8908,text_constrained_column_cell_pixel_assignment,assets/page_images/001_道因法师碑/p0022.jpg,1,http://data.library.sh.cn/bt/resource/work/v1e0qbx3r5wp1uw4,http://iiif.library.sh.cn/api/viewer/17A331,https://iiif.library.sh.cn/p/3/02c55611-7427-4cd0-a2cd-a15b5ccbaa9c,https://iiif.library.sh.cn/c/3/e8d0388c-823a-4a1c-826f-a4072e9fb254,1444,2221,https://iiif.library.sh.cn/c/3/e8d0388c-823a-4a1c-826f-a4072e9fb254/ap/s,https://iiif.library.sh.cn/c/3/e8d0388c-823a-4a1c-826f-a4072e9fb254/ap/c/a/fb96badb-2b3e-4e28-883e-bff82fe53690,13,13,supplementing,"[685, 1194, 141, 141]","[685, 1194, 826, 1335]","https://iiif.library.sh.cn/c/3/e8d0388c-823a-4a1c-826f-a4072e9fb254#xywh=685,1194,141,141",李俨撰文，欧阳通楷书,欧阳通（楷书）；李儇（撰文）,唐,龙朔三年十月十日刻立（663）,663,楷书,17A331,《翰墨瑰宝：上海图书馆藏珍本碑帖丛刊》第二辑,iiif_annotation_target_xywh,iiif_xywh
001_道因法师碑_p0022_c014,映,001_道因法师碑,道因法师碑,22,二十二,1,5,685,1367,141,141,675,1357,161,160,"[675, 1357, 161, 160]",662,1341,187,192,"[662, 1341, 187, 192]",9856,text_constrained_column_cell_pixel_assignment,assets/page_images/001_道因法师碑/p0022.jpg,1,http://data.library.sh.cn/bt/resource/work/v1e0qbx3r5wp1uw4,http://iiif.library.sh.cn/api/viewer/17A331,https://iiif.library.sh.cn/p/3/02c55611-7427-4cd0-a2cd-a15b5ccbaa9c,https://iiif.library.sh.cn/c/3/e8d0388c-823a-4a1c-826f-a4072e9fb254,1444,2221,https://iiif.library.sh.cn/c/3/e8d0388c-823a-4a1c-826f-a4072e9fb254/ap/s,https://iiif.library.sh.cn/c/3/e8d0388c-823a-4a1c-826f-a4072e9fb254/ap/c/a/230ac69a-d2c4-46fb-9da8-d274e89896e0,14,14,supplementing,"[685, 1367, 141, 141]","[685, 1367, 826, 1508]","https://iiif.library.sh.cn/c/3/e8d0388c-823a-4a1c-826f-a4072e9fb254#xywh=685,1367,141,141",李俨撰文，欧阳通楷书,欧阳通（楷书）；李儇（撰文）,唐,龙朔三年十月十日刻立（663）,663,楷书,17A331,《翰墨瑰宝：上海图书馆藏珍本碑帖丛刊》第二辑,iiif_annotation_target_xywh,iiif_xywh
001_道因法师碑_p0022_c015,门,001_道因法师碑,道因法师碑,22,二十二,1,6,685,1539,141,141,675,1529,161,157,"[675, 1529, 161, 157]",662,1513,187,189,"[662, 1513, 187, 189]",9596,text_constrained_column_cell_pixel_assignment,assets/page_images/001_道因法师碑/p0022.jpg,1,http://data.library.sh.cn/bt/resource/work/v1e0qbx3r5wp1uw4,http://iiif.library.sh.cn/api/viewer/17A331,https://iiif.library.sh.cn/p/3/02c55611-7427-4cd0-a2cd-a15b5ccbaa9c,https://iiif.library.sh.cn/c/3/e8d0388c-823a-4a1c-826f-a4072e9fb254,1444,2221,https://iiif.library.sh.cn/c/3/e8d0388c-823a-4a1c-826f-a4072e9fb254/ap/s,https://iiif.library.sh.cn/c/3/e8d0388c-823a-4a1c-826f-a4072e9fb254/ap/c/a/39a3012f-1e6d-4be0-832a-0abfb62207b8,15,15,supplementing,"[685, 1539, 141, 141]","[685, 1539, 826, 1680]","https://iiif.library.sh.cn/c/3/e8d0388c-823a-4a1c-826f-a4072e9fb254#xywh=685,1539,141,141",李俨撰文，欧阳通楷书,欧阳通（楷书）；李儇（撰文）,唐,龙朔三年十月十日刻立（663）,663,楷书,17A331,《翰墨瑰宝：上海图书馆藏珍本碑帖丛刊》第二辑,iiif_annotation_target_xywh,iiif_xywh
001_道因法师碑_p0022_c016,徒,001_道因法师碑,道因法师碑,22,二十二,1,7,685,1704,141,141,675,1698,161,153,"[675, 1698, 161, 153]",662,1683,187,183,"[662, 1683, 187, 183]",11832,text_constrained_column_cell_pixel_assignment,assets/page_images/001_道因法师碑/p0022.jpg,1,http://data.library.sh.cn/bt/resource/work/v1e0qbx3r5wp1uw4,http://iiif.library.sh.cn/api/viewer/17A331,https://iiif.library.sh.cn/p/3/02c55611-7427-4cd0-a2cd-a15b5ccbaa9c,https://iiif.library.sh.cn/c/3/e8d0388c-823a-4a1c-826f-a4072e9fb254,1444,2221,https://iiif.library.sh.cn/c/3/e8d0388c-823a-4a1c-826f-a4072e9fb254/ap/s,https://iiif.library.sh.cn/c/3/e8d0388c-823a-4a1c-826f-a4072e9fb254/ap/c/a/d08c5221-dcf5-467c-babe-3813877aae50,16,16,supplementing,"[685, 1704, 141, 141]","[685, 1704, 826, 1845]","https://iiif.library.sh.cn/c/3/e8d0388c-823a-4a1c-826f-a4072e9fb254#xywh=685,1704,141,141",李俨撰文，欧阳通楷书,欧阳通（楷书）；李儇（撰文）,唐,龙朔三年十月十日刻立（663）,663,楷书,17A331,《翰墨瑰宝：上海图书馆藏珍本碑帖丛刊》第二辑,iiif_annotation_target_xywh,iiif_xywh
001_道因法师碑_p0022_c017,学,001_道因法师碑,道因法师碑,22,二十二,2,0,514,519,135,135,505,507,158,159,"[505, 507, 158, 159]",492,491,184,191,"[492, 491, 184, 191]",8404,text_constrained_column_cell_pixel_assignment,assets/page_images/001_道因法师碑/p0022.jpg,1,http://data.library.sh.cn/bt/resource/work/v1e0qbx3r5wp1uw4,http://iiif.library.sh.cn/api/viewer/17A331,https://iiif.library.sh.cn/p/3/02c55611-7427-4cd0-a2cd-a15b5ccbaa9c,https://iiif.library.sh.cn/c/3/e8d0388c-823a-4a1c-826f-a4072e9fb254,1444,2221,https://iiif.library.sh.cn/c/3/e8d0388c-823a-4a1c-826f-a4072e9fb254/ap/s,https://iiif.library.sh.cn/c/3/e8d0388c-823a-4a1c-826f-a4072e9fb254/ap/c/a/b1c0f392-c507-4094-b9bf-d258ca1cae22,17,17,supplementing,"[514, 519, 135, 135]","[514, 519, 649, 654]","https://iiif.library.sh.cn/c/3/e8d0388c-823a-4a1c-826f-a4072e9fb254#xywh=514,519,135,135",李俨撰文，欧阳通楷书,欧阳通（楷书）；李儇（撰文）,唐,龙朔三年十月十日刻立（663）,663,楷书,17A331,《翰墨瑰宝：上海图书馆藏珍本碑帖丛刊》第二辑,iiif_annotation_target_xywh,iiif_xywh
001_道因法师碑_p0022_c018,侣,001_道因法师碑,道因法师碑,22,二十二,2,1,514,691,135,135,505,678,158,156,"[505, 678, 158, 156]",492,662,184,188,"[492, 662, 184, 188]",7667,text_constrained_column_cell_pixel_assignment,assets/page_images/001_道因法师碑/p0022.jpg,1,http://data.library.sh.cn/bt/resource/work/v1e0qbx3r5wp1uw4,http://iiif.library.sh.cn/api/viewer/17A331,https://iiif.library.sh.cn/p/3/02c55611-7427-4cd0-a2cd-a15b5ccbaa9c,https://iiif.library.sh.cn/c/3/e8d0388c-823a-4a1c-826f-a4072e9fb254,1444,2221,https://iiif.library.sh.cn/c/3/e8d0388c-823a-4a1c-826f-a4072e9fb254/ap/s,https://iiif.library.sh.cn/c/3/e8d0388c-823a-4a1c-826f-a4072e9fb254/ap/c/a/60753d0e-d117-45af-8e36-9d8e8d283d07,18,18,supplementing,"[514, 691, 135, 135]","[514, 691, 649, 826]","https://iiif.library.sh.cn/c/3/e8d0388c-823a-4a1c-826f-a4072e9fb254#xywh=514,691,135,135",李俨撰文，欧阳通楷书,欧阳通（楷书）；李儇（撰文）,唐,龙朔三年十月十日刻立（663）,663,楷书,17A331,《翰墨瑰宝：上海图书馆藏珍本碑帖丛刊》第二辑,iiif_annotation_target_xywh,iiif_xywh
001_道因法师碑_p0022_c019,鱼,001_道因法师碑,道因法师碑,22,二十二,2,2,514,854,135,135,505,846,158,162,"[505, 846, 158, 162]",492,830,184,194,"[492, 830, 184, 194]",10252,text_constrained_column_cell_pixel_assignment,assets/page_images/001_道因法师碑/p0022.jpg,1,http://data.library.sh.cn/bt/resource/work/v1e0qbx3r5wp1uw4,http://iiif.library.sh.cn/api/viewer/17A331,https://iiif.library.sh.cn/p/3/02c55611-7427-4cd0-a2cd-a15b5ccbaa9c,https://iiif.library.sh.cn/c/3/e8d0388c-823a-4a1c-826f-a4072e9fb254,1444,2221,https://iiif.library.sh.cn/c/3/e8d0388c-823a-4a1c-826f-a4072e9fb254/ap/s,https://iiif.library.sh.cn/c/3/e8d0388c-823a-4a1c-826f-a4072e9fb254/ap/c/a/f0bae6c2-989c-40b2-8fc7-a0ddb9d8c2fb,19,19,supplementing,"[514, 854, 135, 135]","[514, 854, 649, 989]","https://iiif.library.sh.cn/c/3/e8d0388c-823a-4a1c-826f-a4072e9fb254#xywh=514,854,135,135",李俨撰文，欧阳通楷书,欧阳通（楷书）；李儇（撰文）,唐,龙朔三年十月十日刻立（663）,663,楷书,17A331,《翰墨瑰宝：上海图书馆藏珍本碑帖丛刊》第二辑,iiif_annotation_target_xywh,iiif_xywh
001_道因法师碑_p0022_c020,贯,001_道因法师碑,道因法师碑,22,二十二,2,3,514,1039,135,135,505,1020,158,173,"[505, 1020, 158, 173]",492,1003,184,207,"[492, 1003, 184, 207]",8979,text_constrained_column_cell_pixel_assignment,assets/page_images/001_道因法师碑/p0022.jpg,1,http://data.library.sh.cn/bt/resource/work/v1e0qbx3r5wp1uw4,http://iiif.library.sh.cn/api/viewer/17A331,https://iiif.library.sh.cn/p/3/02c55611-7427-4cd0-a2cd-a15b5ccbaa9c,https://iiif.library.sh.cn/c/3/e8d0388c-823a-4a1c-826f-a4072e9fb254,1444,2221,https://iiif.library.sh.cn/c/3/e8d0388c-823a-4a1c-826f-a4072e9fb254/ap/s,https://iiif.library.sh.cn/c/3/e8d0388c-823a-4a1c-826f-a4072e9fb254/ap/c/a/802c0d37-2fe9-4223-aae1-2a470e2284ef,20,20,supplementing,"[514, 1039, 135, 135]","[514, 1039, 649, 1174]","https://iiif.library.sh.cn/c/3/e8d0388c-823a-4a1c-826f-a4072e9fb254#xywh=514,1039,135,135",李俨撰文，欧阳通楷书,欧阳通（楷书）；李儇（撰文）,唐,龙朔三年十月十日刻立（663）,663,楷书,17A331,《翰墨瑰宝：上海图书馆藏珍本碑帖丛刊》第二辑,iiif_annotation_target_xywh,iiif_xywh
001_道因法师碑_p0022_c021,凫,001_道因法师碑,道因法师碑,22,二十二,2,4,514,1224,135,135,505,1206,158,179,"[505, 1206, 158, 179]",492,1188,184,215,"[492, 1188, 184, 215]",10239,text_constrained_column_cell_pixel_assignment,assets/page_images/001_道因法师碑/p0022.jpg,1,http://data.library.sh.cn/bt/resource/work/v1e0qbx3r5wp1uw4,http://iiif.library.sh.cn/api/viewer/17A331,https://iiif.library.sh.cn/p/3/02c55611-7427-4cd0-a2cd-a15b5ccbaa9c,https://iiif.library.sh.cn/c/3/e8d0388c-823a-4a1c-826f-a4072e9fb254,1444,2221,https://iiif.library.sh.cn/c/3/e8d0388c-823a-4a1c-826f-a4072e9fb254/ap/s,https://iiif.library.sh.cn/c/3/e8d0388c-823a-4a1c-826f-a4072e9fb254/ap/c/a/5059844e-35e6-4299-8edd-6b8c4f0734d1,21,21,supplementing,"[514, 1224, 135, 135]","[514, 1224, 649, 1359]","https://iiif.library.sh.cn/c/3/e8d0388c-823a-4a1c-826f-a4072e9fb254#xywh=514,1224,135,135",李俨撰文，欧阳通楷书,欧阳通（楷书）；李儇（撰文）,唐,龙朔三年十月十日刻立（663）,663,楷书,17A331,《翰墨瑰宝：上海图书馆藏珍本碑帖丛刊》第二辑,iiif_annotation_target_xywh,iiif_xywh
001_道因法师碑_p0022_c022,集,001_道因法师碑,道因法师碑,22,二十二,2,5,514,1425,135,135,505,1398,158,163,"[505, 1398, 158, 163]",492,1382,184,195,"[492, 1382, 184, 195]",15729,text_constrained_column_cell_pixel_assignment,assets/page_images/001_道因法师碑/p0022.jpg,1,http://data.library.sh.cn/bt/resource/work/v1e0qbx3r5wp1uw4,http://iiif.library.sh.cn/api/viewer/17A331,https://iiif.library.sh.cn/p/3/02c55611-7427-4cd0-a2cd-a15b5ccbaa9c,https://iiif.library.sh.cn/c/3/e8d0388c-823a-4a1c-826f-a4072e9fb254,1444,2221,https://iiif.library.sh.cn/c/3/e8d0388c-823a-4a1c-826f-a4072e9fb254/ap/s,https://iiif.library.sh.cn/c/3/e8d0388c-823a-4a1c-826f-a4072e9fb254/ap/c/a/464477d8-06c1-48e8-8e97-dc666195e962,22,22,supplementing,"[514, 1425, 135, 135]","[514, 1425, 649, 1560]","https://iiif.library.sh.cn/c/3/e8d0388c-823a-4a1c-826f-a4072e9fb254#xywh=514,1425,135,135",李俨撰文，欧阳通楷书,欧阳通（楷书）；李儇（撰文）,唐,龙朔三年十月十日刻立（663）,663,楷书,17A331,《翰墨瑰宝：上海图书馆藏珍本碑帖丛刊》第二辑,iiif_annotation_target_xywh,iiif_xywh
001_道因法师碑_p0022_c023,讲,001_道因法师碑,道因法师碑,22,二十二,2,6,514,1574,135,135,505,1573,158,158,"[505, 1573, 158, 158]",492,1557,184,190,"[492, 1557, 184, 190]",9356,text_constrained_column_cell_pixel_assignment,assets/page_images/001_道因法师碑/p0022.jpg,1,http://data.library.sh.cn/bt/resource/work/v1e0qbx3r5wp1uw4,http://iiif.library.sh.cn/api/viewer/17A331,https://iiif.library.sh.cn/p/3/02c55611-7427-4cd0-a2cd-a15b5ccbaa9c,https://iiif.library.sh.cn/c/3/e8d0388c-823a-4a1c-826f-a4072e9fb254,1444,2221,https://iiif.library.sh.cn/c/3/e8d0388c-823a-4a1c-826f-a4072e9fb254/ap/s,https://iiif.library.sh.cn/c/3/e8d0388c-823a-4a1c-826f-a4072e9fb254/ap/c/a/2ef1c948-96f9-40e8-8e95-4729fde18e18,23,23,supplementing,"[514, 1574, 135, 135]","[514, 1574, 649, 1709]","https://iiif.library.sh.cn/c/3/e8d0388c-823a-4a1c-826f-a4072e9fb254#xywh=514,1574,135,135",李俨撰文，欧阳通楷书,欧阳通（楷书）；李儇（撰文）,唐,龙朔三年十月十日刻立（663）,663,楷书,17A331,《翰墨瑰宝：上海图书馆藏珍本碑帖丛刊》第二辑,iiif_annotation_target_xywh,iiif_xywh
001_道因法师碑_p0022_c024,室,001_道因法师碑,道因法师碑,22,二十二,2,7,514,1765,135,135,505,1744,158,177,"[505, 1744, 158, 177]",492,1726,184,213,"[492, 1726, 184, 213]",16447,text_constrained_column_cell_pixel_assignment,assets/page_images/001_道因法师碑/p0022.jpg,1,http://data.library.sh.cn/bt/resource/work/v1e0qbx3r5wp1uw4,http://iiif.library.sh.cn/api/viewer/17A331,https://iiif.library.sh.cn/p/3/02c55611-7427-4cd0-a2cd-a15b5ccbaa9c,https://iiif.library.sh.cn/c/3/e8d0388c-823a-4a1c-826f-a4072e9fb254,1444,2221,https://iiif.library.sh.cn/c/3/e8d0388c-823a-4a1c-826f-a4072e9fb254/ap/s,https://iiif.library.sh.cn/c/3/e8d0388c-823a-4a1c-826f-a4072e9fb254/ap/c/a/08d011d4-f698-45f7-a12d-7f0b53c284b2,24,24,supplementing,"[514, 1765, 135, 135]","[514, 1765, 649, 1900]","https://iiif.library.sh.cn/c/3/e8d0388c-823a-4a1c-826f-a4072e9fb254#xywh=514,1765,135,135",李俨撰文，欧阳通楷书,欧阳通（楷书）；李儇（撰文）,唐,龙朔三年十月十日刻立（663）,663,楷书,17A331,《翰墨瑰宝：上海图书馆藏珍本碑帖丛刊》第二辑,iiif_annotation_target_xywh,iiif_xywh
001_道因法师碑_p0022_c025,谈,001_道因法师碑,道因法师碑,22,二十二,3,0,345,532,144,144,348,546,146,116,"[348, 546, 146, 116]",336,534,170,140,"[336, 534, 170, 140]",8376,text_constrained_column_cell_pixel_assignment,assets/page_images/001_道因法师碑/p0022.jpg,1,http://data.library.sh.cn/bt/resource/work/v1e0qbx3r5wp1uw4,http://iiif.library.sh.cn/api/viewer/17A331,https://iiif.library.sh.cn/p/3/02c55611-7427-4cd0-a2cd-a15b5ccbaa9c,https://iiif.library.sh.cn/c/3/e8d0388c-823a-4a1c-826f-a4072e9fb254,1444,2221,https://iiif.library.sh.cn/c/3/e8d0388c-823a-4a1c-826f-a4072e9fb254/ap/s,https://iiif.library.sh.cn/c/3/e8d0388c-823a-4a1c-826f-a4072e9fb254/ap/c/a/a3a426ce-1f55-47af-b423-c741ee2c714f,25,25,supplementing,"[345, 532, 144, 144]","[345, 532, 489, 676]","https://iiif.library.sh.cn/c/3/e8d0388c-823a-4a1c-826f-a4072e9fb254#xywh=345,532,144,144",李俨撰文，欧阳通楷书,欧阳通（楷书）；李儇（撰文）,唐,龙朔三年十月十日刻立（663）,663,楷书,17A331,《翰墨瑰宝：上海图书馆藏珍本碑帖丛刊》第二辑,iiif_annotation_target_xywh,iiif_xywh
001_道因法师碑_p0022_c026,筵,001_道因法师碑,道因法师碑,22,二十二,3,1,345,657,144,144,348,672,146,136,"[348, 672, 146, 136]",336,658,170,164,"[336, 658, 170, 164]",8897,text_constrained_column_cell_pixel_assignment,assets/page_images/001_道因法师碑/p0022.jpg,1,http://data.library.sh.cn/bt/resource/work/v1e0qbx3r5wp1uw4,http://iiif.library.sh.cn/api/viewer/17A331,https://iiif.library.sh.cn/p/3/02c55611-7427-4cd0-a2cd-a15b5ccbaa9c,https://iiif.library.sh.cn/c/3/e8d0388c-823a-4a1c-826f-a4072e9fb254,1444,2221,https://iiif.library.sh.cn/c/3/e8d0388c-823a-4a1c-826f-a4072e9fb254/ap/s,https://iiif.library.sh.cn/c/3/e8d0388c-823a-4a1c-826f-a4072e9fb254/ap/c/a/f6681198-4859-4d8c-a920-caec8a381279,26,26,supplementing,"[345, 657, 144, 144]","[345, 657, 489, 801]","https://iiif.library.sh.cn/c/3/e8d0388c-823a-4a1c-826f-a4072e9fb254#xywh=345,657,144,144",李俨撰文，欧阳通楷书,欧阳通（楷书）；李儇（撰文）,唐,龙朔三年十月十日刻立（663）,663,楷书,17A331,《翰墨瑰宝：上海图书馆藏珍本碑帖丛刊》第二辑,iiif_annotation_target_xywh,iiif_xywh
001_道因法师碑_p0022_c027,为,001_道因法师碑,道因法师碑,22,二十二,3,2,345,825,144,144,348,819,146,165,"[348, 819, 146, 165]",336,802,170,198,"[336, 802, 170, 198]",10786,text_constrained_column_cell_pixel_assignment,assets/page_images/001_道因法师碑/p0022.jpg,1,http://data.library.sh.cn/bt/resource/work/v1e0qbx3r5wp1uw4,http://iiif.library.sh.cn/api/viewer/17A331,https://iiif.library.sh.cn/p/3/02c55611-7427-4cd0-a2cd-a15b5ccbaa9c,https://iiif.library.sh.cn/c/3/e8d0388c-823a-4a1c-826f-a4072e9fb254,1444,2221,https://iiif.library.sh.cn/c/3/e8d0388c-823a-4a1c-826f-a4072e9fb254/ap/s,https://iiif.library.sh.cn/c/3/e8d0388c-823a-4a1c-826f-a4072e9fb254/ap/c/a/f4a6c339-85a8-430e-9467-4a62c80febac,27,27,supplementing,"[345, 825, 144, 144]","[345, 825, 489, 969]","https://iiif.library.sh.cn/c/3/e8d0388c-823a-4a1c-826f-a4072e9fb254#xywh=345,825,144,144",李俨撰文，欧阳通楷书,欧阳通（楷书）；李儇（撰文）,唐,龙朔三年十月十日刻立（663）,663,楷书,17A331,《翰墨瑰宝：上海图书馆藏珍本碑帖丛刊》第二辑,iiif_annotation_target_xywh,iiif_xywh
001_道因法师碑_p0022_c028,之,001_道因法师碑,道因法师碑,22,二十二,3,3,345,1011,144,144,348,996,146,166,"[348, 996, 146, 166]",336,979,170,200,"[336, 979, 170, 200]",14871,text_constrained_column_cell_pixel_assignment,assets/page_images/001_道因法师碑/p0022.jpg,1,http://data.library.sh.cn/bt/resource/work/v1e0qbx3r5wp1uw4,http://iiif.library.sh.cn/api/viewer/17A331,https://iiif.library.sh.cn/p/3/02c55611-7427-4cd0-a2cd-a15b5ccbaa9c,https://iiif.library.sh.cn/c/3/e8d0388c-823a-4a1c-826f-a4072e9fb254,1444,2221,https://iiif.library.sh.cn/c/3/e8d0388c-823a-4a1c-826f-a4072e9fb254/ap/s,https://iiif.library.sh.cn/c/3/e8d0388c-823a-4a1c-826f-a4072e9fb254/ap/c/a/64dff7e3-3338-4a1d-8d9b-c9089a1e7fae,28,28,supplementing,"[345, 1011, 144, 144]","[345, 1011, 489, 1155]","https://iiif.library.sh.cn/c/3/e8d0388c-823a-4a1c-826f-a4072e9fb254#xywh=345,1011,144,144",李俨撰文，欧阳通楷书,欧阳通（楷书）；李儇（撰文）,唐,龙朔三年十月十日刻立（663）,663,楷书,17A331,《翰墨瑰宝：上海图书馆藏珍本碑帖丛刊》第二辑,iiif_annotation_target_xywh,iiif_xywh
001_道因法师碑_p0022_c029,嚣,001_道因法师碑,道因法师碑,22,二十二,3,4,345,1181,144,144,348,1175,146,176,"[348, 1175, 146, 176]",336,1157,170,212,"[336, 1157, 170, 212]",9281,text_constrained_column_cell_pixel_assignment,assets/page_images/001_道因法师碑/p0022.jpg,1,http://data.library.sh.cn/bt/resource/work/v1e0qbx3r5wp1uw4,http://iiif.library.sh.cn/api/viewer/17A331,https://iiif.library.sh.cn/p/3/02c55611-7427-4cd0-a2cd-a15b5ccbaa9c,https://iiif.library.sh.cn/c/3/e8d0388c-823a-4a1c-826f-a4072e9fb254,1444,2221,https://iiif.library.sh.cn/c/3/e8d0388c-823a-4a1c-826f-a4072e9fb254/ap/s,https://iiif.library.sh.cn/c/3/e8d0388c-823a-4a1c-826f-a4072e9fb254/ap/c/a/3232fa29-921e-4ced-aaee-cd2ed483ec6e,29,29,supplementing,"[345, 1181, 144, 144]","[345, 1181, 489, 1325]","https://iiif.library.sh.cn/c/3/e8d0388c-823a-4a1c-826f-a4072e9fb254#xywh=345,1181,144,144",李俨撰文，欧阳通楷书,欧阳通（楷书）；李儇（撰文）,唐,龙朔三年十月十日刻立（663）,663,楷书,17A331,《翰墨瑰宝：上海图书馆藏珍本碑帖丛刊》第二辑,iiif_annotation_target_xywh,iiif_xywh
001_道因法师碑_p0022_c030,隘,001_道因法师碑,道因法师碑,22,二十二,3,5,345,1393,138,138,348,1364,146,175,"[348, 1364, 146, 175]",336,1346,170,210,"[336, 1346, 170, 210]",8860,text_constrained_column_cell_pixel_assignment,assets/page_images/001_道因法师碑/p0022.jpg,1,http://data.library.sh.cn/bt/resource/work/v1e0qbx3r5wp1uw4,http://iiif.library.sh.cn/api/viewer/17A331,https://iiif.library.sh.cn/p/3/02c55611-7427-4cd0-a2cd-a15b5ccbaa9c,https://iiif.library.sh.cn/c/3/e8d0388c-823a-4a1c-826f-a4072e9fb254,1444,2221,https://iiif.library.sh.cn/c/3/e8d0388c-823a-4a1c-826f-a4072e9fb254/ap/s,https://iiif.library.sh.cn/c/3/e8d0388c-823a-4a1c-826f-a4072e9fb254/ap/c/a/78e5ad97-4ab3-427e-a581-44f02397822e,30,30,supplementing,"[345, 1393, 138, 138]","[345, 1393, 483, 1531]","https://iiif.library.sh.cn/c/3/e8d0388c-823a-4a1c-826f-a4072e9fb254#xywh=345,1393,138,138",李俨撰文，欧阳通楷书,欧阳通（楷书）；李儇（撰文）,唐,龙朔三年十月十日刻立（663）,663,楷书,17A331,《翰墨瑰宝：上海图书馆藏珍本碑帖丛刊》第二辑,iiif_annotation_target_xywh,iiif_xywh
001_道因法师碑_p0022_c031,遂,001_道因法师碑,道因法师碑,22,二十二,3,6,345,1560,138,138,348,1552,146,159,"[348, 1552, 146, 159]",336,1536,170,191,"[336, 1536, 170, 191]",8251,text_constrained_column_cell_pixel_assignment,assets/page_images/001_道因法师碑/p0022.jpg,1,http://data.library.sh.cn/bt/resource/work/v1e0qbx3r5wp1uw4,http://iiif.library.sh.cn/api/viewer/17A331,https://iiif.library.sh.cn/p/3/02c55611-7427-4cd0-a2cd-a15b5ccbaa9c,https://iiif.library.sh.cn/c/3/e8d0388c-823a-4a1c-826f-a4072e9fb254,1444,2221,https://iiif.library.sh.cn/c/3/e8d0388c-823a-4a1c-826f-a4072e9fb254/ap/s,https://iiif.library.sh.cn/c/3/e8d0388c-823a-4a1c-826f-a4072e9fb254/ap/c/a/8c49960f-5889-4773-95f3-3058489c69a3,31,31,supplementing,"[345, 1560, 138, 138]","[345, 1560, 483, 1698]","https://iiif.library.sh.cn/c/3/e8d0388c-823a-4a1c-826f-a4072e9fb254#xywh=345,1560,138,138",李俨撰文，欧阳通楷书,欧阳通（楷书）；李儇（撰文）,唐,龙朔三年十月十日刻立（663）,663,楷书,17A331,《翰墨瑰宝：上海图书馆藏珍本碑帖丛刊》第二辑,iiif_annotation_target_xywh,iiif_xywh
001_道因法师碑_p0022_c032,依,001_道因法师碑,道因法师碑,22,二十二,3,7,357,1743,125,125,348,1723,146,165,"[348, 1723, 146, 165]",336,1706,170,198,"[336, 1706, 170, 198]",10603,text_constrained_column_cell_pixel_assignment,assets/page_images/001_道因法师碑/p0022.jpg,1,http://data.library.sh.cn/bt/resource/work/v1e0qbx3r5wp1uw4,http://iiif.library.sh.cn/api/viewer/17A331,https://iiif.library.sh.cn/p/3/02c55611-7427-4cd0-a2cd-a15b5ccbaa9c,https://iiif.library.sh.cn/c/3/e8d0388c-823a-4a1c-826f-a4072e9fb254,1444,2221,https://iiif.library.sh.cn/c/3/e8d0388c-823a-4a1c-826f-a4072e9fb254/ap/s,https://iiif.library.sh.cn/c/3/e8d0388c-823a-4a1c-826f-a4072e9fb254/ap/c/a/f3e6749d-0764-4639-af94-7486ddb6b245,32,32,supplementing,"[357, 1743, 125, 125]","[357, 1743, 482, 1868]","https://iiif.library.sh.cn/c/3/e8d0388c-823a-4a1c-826f-a4072e9fb254#xywh=357,1743,125,125",李俨撰文，欧阳通楷书,欧阳通（楷书）；李儇（撰文）,唐,龙朔三年十月十日刻立（663）,663,楷书,17A331,《翰墨瑰宝：上海图书馆藏珍本碑帖丛刊》第二辑,iiif_annotation_target_xywh,iiif_xywh
001_道因法师碑_p0022_c033,科,001_道因法师碑,道因法师碑,22,二十二,4,0,196,511,144,144,199,504,138,158,"[199, 504, 138, 158]",188,488,160,190,"[188, 488, 160, 190]",11838,text_constrained_column_cell_pixel_assignment,assets/page_images/001_道因法师碑/p0022.jpg,1,http://data.library.sh.cn/bt/resource/work/v1e0qbx3r5wp1uw4,http://iiif.library.sh.cn/api/viewer/17A331,https://iiif.library.sh.cn/p/3/02c55611-7427-4cd0-a2cd-a15b5ccbaa9c,https://iiif.library.sh.cn/c/3/e8d0388c-823a-4a1c-826f-a4072e9fb254,1444,2221,https://iiif.library.sh.cn/c/3/e8d0388c-823a-4a1c-826f-a4072e9fb254/ap/s,https://iiif.library.sh.cn/c/3/e8d0388c-823a-4a1c-826f-a4072e9fb254/ap/c/a/7d5776c1-4c2f-458b-b8a6-167f819fbf26,33,33,supplementing,"[196, 511, 144, 144]","[196, 511, 340, 655]","https://iiif.library.sh.cn/c/3/e8d0388c-823a-4a1c-826f-a4072e9fb254#xywh=196,511,144,144",李俨撰文，欧阳通楷书,欧阳通（楷书）；李儇（撰文）,唐,龙朔三年十月十日刻立（663）,663,楷书,17A331,《翰墨瑰宝：上海图书馆藏珍本碑帖丛刊》第二辑,iiif_annotation_target_xywh,iiif_xywh
001_道因法师碑_p0022_c034,戒,001_道因法师碑,道因法师碑,22,二十二,4,1,196,681,144,144,199,674,138,171,"[199, 674, 138, 171]",188,657,160,205,"[188, 657, 160, 205]",11152,text_constrained_column_cell_pixel_assignment,assets/page_images/001_道因法师碑/p0022.jpg,1,http://data.library.sh.cn/bt/resource/work/v1e0qbx3r5wp1uw4,http://iiif.library.sh.cn/api/viewer/17A331,https://iiif.library.sh.cn/p/3/02c55611-7427-4cd0-a2cd-a15b5ccbaa9c,https://iiif.library.sh.cn/c/3/e8d0388c-823a-4a1c-826f-a4072e9fb254,1444,2221,https://iiif.library.sh.cn/c/3/e8d0388c-823a-4a1c-826f-a4072e9fb254/ap/s,https://iiif.library.sh.cn/c/3/e8d0388c-823a-4a1c-826f-a4072e9fb254/ap/c/a/4a6c2ff1-b02b-4e72-ae58-a185888723b4,34,34,supplementing,"[196, 681, 144, 144]","[196, 681, 340, 825]","https://iiif.library.sh.cn/c/3/e8d0388c-823a-4a1c-826f-a4072e9fb254#xywh=196,681,144,144",李俨撰文，欧阳通楷书,欧阳通（楷书）；李儇（撰文）,唐,龙朔三年十月十日刻立（663）,663,楷书,17A331,《翰墨瑰宝：上海图书馆藏珍本碑帖丛刊》第二辑,iiif_annotation_target_xywh,iiif_xywh
001_道因法师碑_p0022_c035,而,001_道因法师碑,道因法师碑,22,二十二,4,2,196,878,144,144,199,858,138,162,"[199, 858, 138, 162]",188,842,160,194,"[188, 842, 160, 194]",12156,text_constrained_column_cell_pixel_assignment,assets/page_images/001_道因法师碑/p0022.jpg,1,http://data.library.sh.cn/bt/resource/work/v1e0qbx3r5wp1uw4,http://iiif.library.sh.cn/api/viewer/17A331,https://iiif.library.sh.cn/p/3/02c55611-7427-4cd0-a2cd-a15b5ccbaa9c,https://iiif.library.sh.cn/c/3/e8d0388c-823a-4a1c-826f-a4072e9fb254,1444,2221,https://iiif.library.sh.cn/c/3/e8d0388c-823a-4a1c-826f-a4072e9fb254/ap/s,https://iiif.library.sh.cn/c/3/e8d0388c-823a-4a1c-826f-a4072e9fb254/ap/c/a/d5ad4eb0-6c1b-40d4-b9ab-3d82b9c9fe70,35,35,supplementing,"[196, 878, 144, 144]","[196, 878, 340, 1022]","https://iiif.library.sh.cn/c/3/e8d0388c-823a-4a1c-826f-a4072e9fb254#xywh=196,878,144,144",李俨撰文，欧阳通楷书,欧阳通（楷书）；李儇（撰文）,唐,龙朔三年十月十日刻立（663）,663,楷书,17A331,《翰墨瑰宝：上海图书馆藏珍本碑帖丛刊》第二辑,iiif_annotation_target_xywh,iiif_xywh
001_道因法师碑_p0022_c036,为,001_道因法师碑,道因法师碑,22,二十二,4,3,196,1031,144,144,199,1032,138,150,"[199, 1032, 138, 150]",188,1017,160,180,"[188, 1017, 160, 180]",12685,text_constrained_column_cell_pixel_assignment,assets/page_images/001_道因法师碑/p0022.jpg,1,http://data.library.sh.cn/bt/resource/work/v1e0qbx3r5wp1uw4,http://iiif.library.sh.cn/api/viewer/17A331,https://iiif.library.sh.cn/p/3/02c55611-7427-4cd0-a2cd-a15b5ccbaa9c,https://iiif.library.sh.cn/c/3/e8d0388c-823a-4a1c-826f-a4072e9fb254,1444,2221,https://iiif.library.sh.cn/c/3/e8d0388c-823a-4a1c-826f-a4072e9fb254/ap/s,https://iiif.library.sh.cn/c/3/e8d0388c-823a-4a1c-826f-a4072e9fb254/ap/c/a/4dce1923-08c3-444b-9e5a-975780d28102,36,36,supplementing,"[196, 1031, 144, 144]","[196, 1031, 340, 1175]","https://iiif.library.sh.cn/c/3/e8d0388c-823a-4a1c-826f-a4072e9fb254#xywh=196,1031,144,144",李俨撰文，欧阳通楷书,欧阳通（楷书）；李儇（撰文）,唐,龙朔三年十月十日刻立（663）,663,楷书,17A331,《翰墨瑰宝：上海图书馆藏珍本碑帖丛刊》第二辑,iiif_annotation_target_xywh,iiif_xywh
001_道因法师碑_p0022_c037,节,001_道因法师碑,道因法师碑,22,二十二,4,4,196,1200,144,144,199,1194,138,164,"[199, 1194, 138, 164]",188,1178,160,196,"[188, 1178, 160, 196]",10148,text_constrained_column_cell_pixel_assignment,assets/page_images/001_道因法师碑/p0022.jpg,1,http://data.library.sh.cn/bt/resource/work/v1e0qbx3r5wp1uw4,http://iiif.library.sh.cn/api/viewer/17A331,https://iiif.library.sh.cn/p/3/02c55611-7427-4cd0-a2cd-a15b5ccbaa9c,https://iiif.library.sh.cn/c/3/e8d0388c-823a-4a1c-826f-a4072e9fb254,1444,2221,https://iiif.library.sh.cn/c/3/e8d0388c-823a-4a1c-826f-a4072e9fb254/ap/s,https://iiif.library.sh.cn/c/3/e8d0388c-823a-4a1c-826f-a4072e9fb254/ap/c/a/9cca0276-cbf3-4c9d-bee2-9d55d88b1357,37,37,supplementing,"[196, 1200, 144, 144]","[196, 1200, 340, 1344]","https://iiif.library.sh.cn/c/3/e8d0388c-823a-4a1c-826f-a4072e9fb254#xywh=196,1200,144,144",李俨撰文，欧阳通楷书,欧阳通（楷书）；李儇（撰文）,唐,龙朔三年十月十日刻立（663）,663,楷书,17A331,《翰墨瑰宝：上海图书馆藏珍本碑帖丛刊》第二辑,iiif_annotation_target_xywh,iiif_xywh
001_道因法师碑_p0022_c038,文,001_道因法师碑,道因法师碑,22,二十二,4,5,196,1385,144,144,199,1371,138,162,"[199, 1371, 138, 162]",188,1355,160,194,"[188, 1355, 160, 194]",10651,text_constrained_column_cell_pixel_assignment,assets/page_images/001_道因法师碑/p0022.jpg,1,http://data.library.sh.cn/bt/resource/work/v1e0qbx3r5wp1uw4,http://iiif.library.sh.cn/api/viewer/17A331,https://iiif.library.sh.cn/p/3/02c55611-7427-4cd0-a2cd-a15b5ccbaa9c,https://iiif.library.sh.cn/c/3/e8d0388c-823a-4a1c-826f-a4072e9fb254,1444,2221,https://iiif.library.sh.cn/c/3/e8d0388c-823a-4a1c-826f-a4072e9fb254/ap/s,https://iiif.library.sh.cn/c/3/e8d0388c-823a-4a1c-826f-a4072e9fb254/ap/c/a/ee5a8a01-49ae-4271-bd50-8bd0710408a2,38,38,supplementing,"[196, 1385, 144, 144]","[196, 1385, 340, 1529]","https://iiif.library.sh.cn/c/3/e8d0388c-823a-4a1c-826f-a4072e9fb254#xywh=196,1385,144,144",李俨撰文，欧阳通楷书,欧阳通（楷书）；李儇（撰文）,唐,龙朔三年十月十日刻立（663）,663,楷书,17A331,《翰墨瑰宝：上海图书馆藏珍本碑帖丛刊》第二辑,iiif_annotation_target_xywh,iiif_xywh
001_道因法师碑_p0022_c039,年,001_道因法师碑,道因法师碑,22,二十二,4,6,196,1550,144,144,199,1546,138,162,"[199, 1546, 138, 162]",188,1530,160,194,"[188, 1530, 160, 194]",11084,text_constrained_column_cell_pixel_assignment,assets/page_images/001_道因法师碑/p0022.jpg,1,http://data.library.sh.cn/bt/resource/work/v1e0qbx3r5wp1uw4,http://iiif.library.sh.cn/api/viewer/17A331,https://iiif.library.sh.cn/p/3/02c55611-7427-4cd0-a2cd-a15b5ccbaa9c,https://iiif.library.sh.cn/c/3/e8d0388c-823a-4a1c-826f-a4072e9fb254,1444,2221,https://iiif.library.sh.cn/c/3/e8d0388c-823a-4a1c-826f-a4072e9fb254/ap/s,https://iiif.library.sh.cn/c/3/e8d0388c-823a-4a1c-826f-a4072e9fb254/ap/c/a/232dcf54-2d0b-4fcf-825b-a7c656e13cc4,39,39,supplementing,"[196, 1550, 144, 144]","[196, 1550, 340, 1694]","https://iiif.library.sh.cn/c/3/e8d0388c-823a-4a1c-826f-a4072e9fb254#xywh=196,1550,144,144",李俨撰文，欧阳通楷书,欧阳通（楷书）；李儇（撰文）,唐,龙朔三年十月十日刻立（663）,663,楷书,17A331,《翰墨瑰宝：上海图书馆藏珍本碑帖丛刊》第二辑,iiif_annotation_target_xywh,iiif_xywh
001_道因法师碑_p0022_c040,少,001_道因法师碑,道因法师碑,22,二十二,4,7,196,1735,144,144,199,1721,138,172,"[199, 1721, 138, 172]",188,1704,160,206,"[188, 1704, 160, 206]",12714,text_constrained_column_cell_pixel_assignment,assets/page_images/001_道因法师碑/p0022.jpg,1,http://data.library.sh.cn/bt/resource/work/v1e0qbx3r5wp1uw4,http://iiif.library.sh.cn/api/viewer/17A331,https://iiif.library.sh.cn/p/3/02c55611-7427-4cd0-a2cd-a15b5ccbaa9c,https://iiif.library.sh.cn/c/3/e8d0388c-823a-4a1c-826f-a4072e9fb254,1444,2221,https://iiif.library.sh.cn/c/3/e8d0388c-823a-4a1c-826f-a4072e9fb254/ap/s,https://iiif.library.sh.cn/c/3/e8d0388c-823a-4a1c-826f-a4072e9fb254/ap/c/a/533bf04f-aee9-4723-9a02-bf9c12a67fcd,40,40,supplementing,"[196, 1735, 144, 144]","[196, 1735, 340, 1879]","https://iiif.library.sh.cn/c/3/e8d0388c-823a-4a1c-826f-a4072e9fb254#xywh=196,1735,144,144",李俨撰文，欧阳通楷书,欧阳通（楷书）；李儇（撰文）,唐,龙朔三年十月十日刻立（663）,663,楷书,17A331,《翰墨瑰宝：上海图书馆藏珍本碑帖丛刊》第二辑,iiif_annotation_target_xywh,iiif_xywh
001_道因法师碑_p0023_c001,沙,001_道因法师碑,道因法师碑,23,二十三,0,0,1107,524,163,163,1107,538,163,135,"[1107, 538, 163, 135]",1094,524,189,162,"[1094, 524, 189, 162]",15635,text_constrained_column_cell_pixel_assignment,assets/page_images/001_道因法师碑/p0023.jpg,1,http://data.library.sh.cn/bt/resource/work/v1e0qbx3r5wp1uw4,http://iiif.library.sh.cn/api/viewer/17A331,https://iiif.library.sh.cn/p/3/02c55611-7427-4cd0-a2cd-a15b5ccbaa9c,https://iiif.library.sh.cn/c/3/1baab2f7-4669-4e1f-9664-7a138eb130b6,1444,2218,https://iiif.library.sh.cn/c/3/1baab2f7-4669-4e1f-9664-7a138eb130b6/ap/s,https://iiif.library.sh.cn/c/3/1baab2f7-4669-4e1f-9664-7a138eb130b6/ap/c/a/3e0f6d2f-ddaf-4876-984d-912bb77f2678,1,1,supplementing,"[1107, 524, 163, 163]","[1107, 524, 1270, 687]","https://iiif.library.sh.cn/c/3/1baab2f7-4669-4e1f-9664-7a138eb130b6#xywh=1107,524,163,163",李俨撰文，欧阳通楷书,欧阳通（楷书）；李儇（撰文）,唐,龙朔三年十月十日刻立（663）,663,楷书,17A331,《翰墨瑰宝：上海图书馆藏珍本碑帖丛刊》第二辑,iiif_annotation_target_xywh,iiif_xywh
001_道因法师碑_p0023_c002,门,001_道因法师碑,道因法师碑,23,二十三,0,1,1107,670,163,163,1107,685,163,169,"[1107, 685, 163, 169]",1094,668,189,203,"[1094, 668, 189, 203]",14666,text_constrained_column_cell_pixel_assignment,assets/page_images/001_道因法师碑/p0023.jpg,1,http://data.library.sh.cn/bt/resource/work/v1e0qbx3r5wp1uw4,http://iiif.library.sh.cn/api/viewer/17A331,https://iiif.library.sh.cn/p/3/02c55611-7427-4cd0-a2cd-a15b5ccbaa9c,https://iiif.library.sh.cn/c/3/1baab2f7-4669-4e1f-9664-7a138eb130b6,1444,2218,https://iiif.library.sh.cn/c/3/1baab2f7-4669-4e1f-9664-7a138eb130b6/ap/s,https://iiif.library.sh.cn/c/3/1baab2f7-4669-4e1f-9664-7a138eb130b6/ap/c/a/8682d586-5db9-4c55-8055-0489b8034ea6,2,2,supplementing,"[1107, 670, 163, 163]","[1107, 670, 1270, 833]","https://iiif.library.sh.cn/c/3/1baab2f7-4669-4e1f-9664-7a138eb130b6#xywh=1107,670,163,163",李俨撰文，欧阳通楷书,欧阳通（楷书）；李儇（撰文）,唐,龙朔三年十月十日刻立（663）,663,楷书,17A331,《翰墨瑰宝：上海图书馆藏珍本碑帖丛刊》第二辑,iiif_annotation_target_xywh,iiif_xywh
001_道因法师碑_p0023_c003,且,001_道因法师碑,道因法师碑,23,二十三,0,2,1107,887,163,163,1107,866,163,166,"[1107, 866, 163, 166]",1094,849,189,200,"[1094, 849, 189, 200]",13497,text_constrained_column_cell_pixel_assignment,assets/page_images/001_道因法师碑/p0023.jpg,1,http://data.library.sh.cn/bt/resource/work/v1e0qbx3r5wp1uw4,http://iiif.library.sh.cn/api/viewer/17A331,https://iiif.library.sh.cn/p/3/02c55611-7427-4cd0-a2cd-a15b5ccbaa9c,https://iiif.library.sh.cn/c/3/1baab2f7-4669-4e1f-9664-7a138eb130b6,1444,2218,https://iiif.library.sh.cn/c/3/1baab2f7-4669-4e1f-9664-7a138eb130b6/ap/s,https://iiif.library.sh.cn/c/3/1baab2f7-4669-4e1f-9664-7a138eb130b6/ap/c/a/41d546e7-511f-44bb-aa13-34acb7feab62,3,3,supplementing,"[1107, 887, 163, 163]","[1107, 887, 1270, 1050]","https://iiif.library.sh.cn/c/3/1baab2f7-4669-4e1f-9664-7a138eb130b6#xywh=1107,887,163,163",李俨撰文，欧阳通楷书,欧阳通（楷书）；李儇（撰文）,唐,龙朔三年十月十日刻立（663）,663,楷书,17A331,《翰墨瑰宝：上海图书馆藏珍本碑帖丛刊》第二辑,iiif_annotation_target_xywh,iiif_xywh
001_道因法师碑_p0023_c004,令,001_道因法师碑,道因法师碑,23,二十三,0,3,1107,1026,163,163,1107,1044,163,149,"[1107, 1044, 163, 149]",1094,1029,189,179,"[1094, 1029, 189, 179]",14077,text_constrained_column_cell_pixel_assignment,assets/page_images/001_道因法师碑/p0023.jpg,1,http://data.library.sh.cn/bt/resource/work/v1e0qbx3r5wp1uw4,http://iiif.library.sh.cn/api/viewer/17A331,https://iiif.library.sh.cn/p/3/02c55611-7427-4cd0-a2cd-a15b5ccbaa9c,https://iiif.library.sh.cn/c/3/1baab2f7-4669-4e1f-9664-7a138eb130b6,1444,2218,https://iiif.library.sh.cn/c/3/1baab2f7-4669-4e1f-9664-7a138eb130b6/ap/s,https://iiif.library.sh.cn/c/3/1baab2f7-4669-4e1f-9664-7a138eb130b6/ap/c/a/71aab534-5032-4a41-8f7c-06bef7e84971,4,4,supplementing,"[1107, 1026, 163, 163]","[1107, 1026, 1270, 1189]","https://iiif.library.sh.cn/c/3/1baab2f7-4669-4e1f-9664-7a138eb130b6#xywh=1107,1026,163,163",李俨撰文，欧阳通楷书,欧阳通（楷书）；李儇（撰文）,唐,龙朔三年十月十日刻立（663）,663,楷书,17A331,《翰墨瑰宝：上海图书馆藏珍本碑帖丛刊》第二辑,iiif_annotation_target_xywh,iiif_xywh
001_道因法师碑_p0023_c005,习,001_道因法师碑,道因法师碑,23,二十三,0,4,1107,1209,163,163,1107,1205,163,171,"[1107, 1205, 163, 171]",1094,1188,189,205,"[1094, 1188, 189, 205]",14132,text_constrained_column_cell_pixel_assignment,assets/page_images/001_道因法师碑/p0023.jpg,1,http://data.library.sh.cn/bt/resource/work/v1e0qbx3r5wp1uw4,http://iiif.library.sh.cn/api/viewer/17A331,https://iiif.library.sh.cn/p/3/02c55611-7427-4cd0-a2cd-a15b5ccbaa9c,https://iiif.library.sh.cn/c/3/1baab2f7-4669-4e1f-9664-7a138eb130b6,1444,2218,https://iiif.library.sh.cn/c/3/1baab2f7-4669-4e1f-9664-7a138eb130b6/ap/s,https://iiif.library.sh.cn/c/3/1baab2f7-4669-4e1f-9664-7a138eb130b6/ap/c/a/aa4179b7-8f17-4bd9-addb-43c22406c4db,5,5,supplementing,"[1107, 1209, 163, 163]","[1107, 1209, 1270, 1372]","https://iiif.library.sh.cn/c/3/1baab2f7-4669-4e1f-9664-7a138eb130b6#xywh=1107,1209,163,163",李俨撰文，欧阳通楷书,欧阳通（楷书）；李儇（撰文）,唐,龙朔三年十月十日刻立（663）,663,楷书,17A331,《翰墨瑰宝：上海图书馆藏珍本碑帖丛刊》第二辑,iiif_annotation_target_xywh,iiif_xywh
001_道因法师碑_p0023_c006,律,001_道因法师碑,道因法师碑,23,二十三,0,5,1107,1392,163,163,1107,1389,163,172,"[1107, 1389, 163, 172]",1094,1372,189,206,"[1094, 1372, 189, 206]",15292,text_constrained_column_cell_pixel_assignment,assets/page_images/001_道因法师碑/p0023.jpg,1,http://data.library.sh.cn/bt/resource/work/v1e0qbx3r5wp1uw4,http://iiif.library.sh.cn/api/viewer/17A331,https://iiif.library.sh.cn/p/3/02c55611-7427-4cd0-a2cd-a15b5ccbaa9c,https://iiif.library.sh.cn/c/3/1baab2f7-4669-4e1f-9664-7a138eb130b6,1444,2218,https://iiif.library.sh.cn/c/3/1baab2f7-4669-4e1f-9664-7a138eb130b6/ap/s,https://iiif.library.sh.cn/c/3/1baab2f7-4669-4e1f-9664-7a138eb130b6/ap/c/a/9576b68b-2992-4a2f-9afe-e44a67f37f47,6,6,supplementing,"[1107, 1392, 163, 163]","[1107, 1392, 1270, 1555]","https://iiif.library.sh.cn/c/3/1baab2f7-4669-4e1f-9664-7a138eb130b6#xywh=1107,1392,163,163",李俨撰文，欧阳通楷书,欧阳通（楷书）；李儇（撰文）,唐,龙朔三年十月十日刻立（663）,663,楷书,17A331,《翰墨瑰宝：上海图书馆藏珍本碑帖丛刊》第二辑,iiif_annotation_target_xywh,iiif_xywh
001_道因法师碑_p0023_c007,晓,001_道因法师碑,道因法师碑,23,二十三,0,6,1107,1581,163,163,1107,1575,163,180,"[1107, 1575, 163, 180]",1094,1557,189,216,"[1094, 1557, 189, 216]",14557,text_constrained_column_cell_pixel_assignment,assets/page_images/001_道因法师碑/p0023.jpg,1,http://data.library.sh.cn/bt/resource/work/v1e0qbx3r5wp1uw4,http://iiif.library.sh.cn/api/viewer/17A331,https://iiif.library.sh.cn/p/3/02c55611-7427-4cd0-a2cd-a15b5ccbaa9c,https://iiif.library.sh.cn/c/3/1baab2f7-4669-4e1f-9664-7a138eb130b6,1444,2218,https://iiif.library.sh.cn/c/3/1baab2f7-4669-4e1f-9664-7a138eb130b6/ap/s,https://iiif.library.sh.cn/c/3/1baab2f7-4669-4e1f-9664-7a138eb130b6/ap/c/a/868a1705-9f04-4c71-8a72-f22fa46d5b9a,7,7,supplementing,"[1107, 1581, 163, 163]","[1107, 1581, 1270, 1744]","https://iiif.library.sh.cn/c/3/1baab2f7-4669-4e1f-9664-7a138eb130b6#xywh=1107,1581,163,163",李俨撰文，欧阳通楷书,欧阳通（楷书）；李儇（撰文）,唐,龙朔三年十月十日刻立（663）,663,楷书,17A331,《翰墨瑰宝：上海图书馆藏珍本碑帖丛刊》第二辑,iiif_annotation_target_xywh,iiif_xywh
001_道因法师碑_p0023_c008,四,001_道因法师碑,道因法师碑,23,二十三,0,7,1107,1780,163,163,1107,1769,163,185,"[1107, 1769, 163, 185]",1094,1750,189,222,"[1094, 1750, 189, 222]",19411,text_constrained_column_cell_pixel_assignment,assets/page_images/001_道因法师碑/p0023.jpg,1,http://data.library.sh.cn/bt/resource/work/v1e0qbx3r5wp1uw4,http://iiif.library.sh.cn/api/viewer/17A331,https://iiif.library.sh.cn/p/3/02c55611-7427-4cd0-a2cd-a15b5ccbaa9c,https://iiif.library.sh.cn/c/3/1baab2f7-4669-4e1f-9664-7a138eb130b6,1444,2218,https://iiif.library.sh.cn/c/3/1baab2f7-4669-4e1f-9664-7a138eb130b6/ap/s,https://iiif.library.sh.cn/c/3/1baab2f7-4669-4e1f-9664-7a138eb130b6/ap/c/a/ca8b11d6-23c7-40d8-9d86-43970af6ebcc,8,8,supplementing,"[1107, 1780, 163, 163]","[1107, 1780, 1270, 1943]","https://iiif.library.sh.cn/c/3/1baab2f7-4669-4e1f-9664-7a138eb130b6#xywh=1107,1780,163,163",李俨撰文，欧阳通楷书,欧阳通（楷书）；李儇（撰文）,唐,龙朔三年十月十日刻立（663）,663,楷书,17A331,《翰墨瑰宝：上海图书馆藏珍本碑帖丛刊》第二辑,iiif_annotation_target_xywh,iiif_xywh
001_道因法师碑_p0023_c009,分,001_道因法师碑,道因法师碑,23,二十三,1,0,939,538,148,148,933,554,162,116,"[933, 554, 162, 116]",920,542,188,140,"[920, 542, 188, 140]",10915,text_constrained_column_cell_pixel_assignment,assets/page_images/001_道因法师碑/p0023.jpg,1,http://data.library.sh.cn/bt/resource/work/v1e0qbx3r5wp1uw4,http://iiif.library.sh.cn/api/viewer/17A331,https://iiif.library.sh.cn/p/3/02c55611-7427-4cd0-a2cd-a15b5ccbaa9c,https://iiif.library.sh.cn/c/3/1baab2f7-4669-4e1f-9664-7a138eb130b6,1444,2218,https://iiif.library.sh.cn/c/3/1baab2f7-4669-4e1f-9664-7a138eb130b6/ap/s,https://iiif.library.sh.cn/c/3/1baab2f7-4669-4e1f-9664-7a138eb130b6/ap/c/a/3fa43cee-9e32-47ef-b6e1-3e12ae78716b,9,9,supplementing,"[939, 538, 148, 148]","[939, 538, 1087, 686]","https://iiif.library.sh.cn/c/3/1baab2f7-4669-4e1f-9664-7a138eb130b6#xywh=939,538,148,148",李俨撰文，欧阳通楷书,欧阳通（楷书）；李儇（撰文）,唐,龙朔三年十月十日刻立（663）,663,楷书,17A331,《翰墨瑰宝：上海图书馆藏珍本碑帖丛刊》第二辑,iiif_annotation_target_xywh,iiif_xywh
001_道因法师碑_p0023_c010,者,001_道因法师碑,道因法师碑,23,二十三,1,1,939,662,148,148,933,680,162,152,"[933, 680, 162, 152]",920,665,188,182,"[920, 665, 188, 182]",9985,text_constrained_column_cell_pixel_assignment,assets/page_images/001_道因法师碑/p0023.jpg,1,http://data.library.sh.cn/bt/resource/work/v1e0qbx3r5wp1uw4,http://iiif.library.sh.cn/api/viewer/17A331,https://iiif.library.sh.cn/p/3/02c55611-7427-4cd0-a2cd-a15b5ccbaa9c,https://iiif.library.sh.cn/c/3/1baab2f7-4669-4e1f-9664-7a138eb130b6,1444,2218,https://iiif.library.sh.cn/c/3/1baab2f7-4669-4e1f-9664-7a138eb130b6/ap/s,https://iiif.library.sh.cn/c/3/1baab2f7-4669-4e1f-9664-7a138eb130b6/ap/c/a/5f78c427-82fe-4835-a4dc-3ec334a83184,10,10,supplementing,"[939, 662, 148, 148]","[939, 662, 1087, 810]","https://iiif.library.sh.cn/c/3/1baab2f7-4669-4e1f-9664-7a138eb130b6#xywh=939,662,148,148",李俨撰文，欧阳通楷书,欧阳通（楷书）；李儇（撰文）,唐,龙朔三年十月十日刻立（663）,663,楷书,17A331,《翰墨瑰宝：上海图书馆藏珍本碑帖丛刊》第二辑,iiif_annotation_target_xywh,iiif_xywh
001_道因法师碑_p0023_c011,方,001_道因法师碑,道因法师碑,23,二十三,1,2,939,865,148,148,933,844,162,174,"[933, 844, 162, 174]",920,827,188,208,"[920, 827, 188, 208]",12213,text_constrained_column_cell_pixel_assignment,assets/page_images/001_道因法师碑/p0023.jpg,1,http://data.library.sh.cn/bt/resource/work/v1e0qbx3r5wp1uw4,http://iiif.library.sh.cn/api/viewer/17A331,https://iiif.library.sh.cn/p/3/02c55611-7427-4cd0-a2cd-a15b5ccbaa9c,https://iiif.library.sh.cn/c/3/1baab2f7-4669-4e1f-9664-7a138eb130b6,1444,2218,https://iiif.library.sh.cn/c/3/1baab2f7-4669-4e1f-9664-7a138eb130b6/ap/s,https://iiif.library.sh.cn/c/3/1baab2f7-4669-4e1f-9664-7a138eb130b6/ap/c/a/617e87c5-99f1-4d7e-ab9f-5b431fa10769,11,11,supplementing,"[939, 865, 148, 148]","[939, 865, 1087, 1013]","https://iiif.library.sh.cn/c/3/1baab2f7-4669-4e1f-9664-7a138eb130b6#xywh=939,865,148,148",李俨撰文，欧阳通楷书,欧阳通（楷书）；李儇（撰文）,唐,龙朔三年十月十日刻立（663）,663,楷书,17A331,《翰墨瑰宝：上海图书馆藏珍本碑帖丛刊》第二辑,iiif_annotation_target_xywh,iiif_xywh
001_道因法师碑_p0023_c012,许,001_道因法师碑,道因法师碑,23,二十三,1,3,939,1036,148,148,933,1031,162,161,"[933, 1031, 162, 161]",920,1015,188,193,"[920, 1015, 188, 193]",10205,text_constrained_column_cell_pixel_assignment,assets/page_images/001_道因法师碑/p0023.jpg,1,http://data.library.sh.cn/bt/resource/work/v1e0qbx3r5wp1uw4,http://iiif.library.sh.cn/api/viewer/17A331,https://iiif.library.sh.cn/p/3/02c55611-7427-4cd0-a2cd-a15b5ccbaa9c,https://iiif.library.sh.cn/c/3/1baab2f7-4669-4e1f-9664-7a138eb130b6,1444,2218,https://iiif.library.sh.cn/c/3/1baab2f7-4669-4e1f-9664-7a138eb130b6/ap/s,https://iiif.library.sh.cn/c/3/1baab2f7-4669-4e1f-9664-7a138eb130b6/ap/c/a/2debc4ff-4233-4dbd-964a-0b4d5ddaad15,12,12,supplementing,"[939, 1036, 148, 148]","[939, 1036, 1087, 1184]","https://iiif.library.sh.cn/c/3/1baab2f7-4669-4e1f-9664-7a138eb130b6#xywh=939,1036,148,148",李俨撰文，欧阳通楷书,欧阳通（楷书）；李儇（撰文）,唐,龙朔三年十月十日刻立（663）,663,楷书,17A331,《翰墨瑰宝：上海图书馆藏珍本碑帖丛刊》第二辑,iiif_annotation_target_xywh,iiif_xywh
001_道因法师碑_p0023_c013,人,001_道因法师碑,道因法师碑,23,二十三,1,4,939,1213,148,148,933,1205,162,166,"[933, 1205, 162, 166]",920,1188,188,200,"[920, 1188, 188, 200]",12268,text_constrained_column_cell_pixel_assignment,assets/page_images/001_道因法师碑/p0023.jpg,1,http://data.library.sh.cn/bt/resource/work/v1e0qbx3r5wp1uw4,http://iiif.library.sh.cn/api/viewer/17A331,https://iiif.library.sh.cn/p/3/02c55611-7427-4cd0-a2cd-a15b5ccbaa9c,https://iiif.library.sh.cn/c/3/1baab2f7-4669-4e1f-9664-7a138eb130b6,1444,2218,https://iiif.library.sh.cn/c/3/1baab2f7-4669-4e1f-9664-7a138eb130b6/ap/s,https://iiif.library.sh.cn/c/3/1baab2f7-4669-4e1f-9664-7a138eb130b6/ap/c/a/8cc337fe-1e82-4120-b599-22b2e07a27b1,13,13,supplementing,"[939, 1213, 148, 148]","[939, 1213, 1087, 1361]","https://iiif.library.sh.cn/c/3/1baab2f7-4669-4e1f-9664-7a138eb130b6#xywh=939,1213,148,148",李俨撰文，欧阳通楷书,欧阳通（楷书）；李儇（撰文）,唐,龙朔三年十月十日刻立（663）,663,楷书,17A331,《翰墨瑰宝：上海图书馆藏珍本碑帖丛刊》第二辑,iiif_annotation_target_xywh,iiif_xywh
001_道因法师碑_p0023_c014,听,001_道因法师碑,道因法师碑,23,二十三,1,5,939,1394,148,148,933,1384,162,163,"[933, 1384, 162, 163]",920,1368,188,195,"[920, 1368, 188, 195]",10992,text_constrained_column_cell_pixel_assignment,assets/page_images/001_道因法师碑/p0023.jpg,1,http://data.library.sh.cn/bt/resource/work/v1e0qbx3r5wp1uw4,http://iiif.library.sh.cn/api/viewer/17A331,https://iiif.library.sh.cn/p/3/02c55611-7427-4cd0-a2cd-a15b5ccbaa9c,https://iiif.library.sh.cn/c/3/1baab2f7-4669-4e1f-9664-7a138eb130b6,1444,2218,https://iiif.library.sh.cn/c/3/1baab2f7-4669-4e1f-9664-7a138eb130b6/ap/s,https://iiif.library.sh.cn/c/3/1baab2f7-4669-4e1f-9664-7a138eb130b6/ap/c/a/af3ef5d3-24be-4378-a60d-ac5472989961,14,14,supplementing,"[939, 1394, 148, 148]","[939, 1394, 1087, 1542]","https://iiif.library.sh.cn/c/3/1baab2f7-4669-4e1f-9664-7a138eb130b6#xywh=939,1394,148,148",李俨撰文，欧阳通楷书,欧阳通（楷书）；李儇（撰文）,唐,龙朔三年十月十日刻立（663）,663,楷书,17A331,《翰墨瑰宝：上海图书馆藏珍本碑帖丛刊》第二辑,iiif_annotation_target_xywh,iiif_xywh
001_道因法师碑_p0023_c015,法,001_道因法师碑,道因法师碑,23,二十三,1,6,939,1565,148,148,933,1560,162,173,"[933, 1560, 162, 173]",920,1543,188,207,"[920, 1543, 188, 207]",11588,text_constrained_column_cell_pixel_assignment,assets/page_images/001_道因法师碑/p0023.jpg,1,http://data.library.sh.cn/bt/resource/work/v1e0qbx3r5wp1uw4,http://iiif.library.sh.cn/api/viewer/17A331,https://iiif.library.sh.cn/p/3/02c55611-7427-4cd0-a2cd-a15b5ccbaa9c,https://iiif.library.sh.cn/c/3/1baab2f7-4669-4e1f-9664-7a138eb130b6,1444,2218,https://iiif.library.sh.cn/c/3/1baab2f7-4669-4e1f-9664-7a138eb130b6/ap/s,https://iiif.library.sh.cn/c/3/1baab2f7-4669-4e1f-9664-7a138eb130b6/ap/c/a/d554e50b-d2f2-4675-a925-fc84498d8905,15,15,supplementing,"[939, 1565, 148, 148]","[939, 1565, 1087, 1713]","https://iiif.library.sh.cn/c/3/1baab2f7-4669-4e1f-9664-7a138eb130b6#xywh=939,1565,148,148",李俨撰文，欧阳通楷书,欧阳通（楷书）；李儇（撰文）,唐,龙朔三年十月十日刻立（663）,663,楷书,17A331,《翰墨瑰宝：上海图书馆藏珍本碑帖丛刊》第二辑,iiif_annotation_target_xywh,iiif_xywh
001_道因法师碑_p0023_c016,师,001_道因法师碑,道因法师碑,23,二十三,1,7,939,1766,148,148,933,1747,162,186,"[933, 1747, 162, 186]",920,1728,188,224,"[920, 1728, 188, 224]",13770,text_constrained_column_cell_pixel_assignment,assets/page_images/001_道因法师碑/p0023.jpg,1,http://data.library.sh.cn/bt/resource/work/v1e0qbx3r5wp1uw4,http://iiif.library.sh.cn/api/viewer/17A331,https://iiif.library.sh.cn/p/3/02c55611-7427-4cd0-a2cd-a15b5ccbaa9c,https://iiif.library.sh.cn/c/3/1baab2f7-4669-4e1f-9664-7a138eb130b6,1444,2218,https://iiif.library.sh.cn/c/3/1baab2f7-4669-4e1f-9664-7a138eb130b6/ap/s,https://iiif.library.sh.cn/c/3/1baab2f7-4669-4e1f-9664-7a138eb130b6/ap/c/a/0d26169d-a0cd-4076-be5d-aa0c0487c829,16,16,supplementing,"[939, 1766, 148, 148]","[939, 1766, 1087, 1914]","https://iiif.library.sh.cn/c/3/1baab2f7-4669-4e1f-9664-7a138eb130b6#xywh=939,1766,148,148",李俨撰文，欧阳通楷书,欧阳通（楷书）；李儇（撰文）,唐,龙朔三年十月十日刻立（663）,663,楷书,17A331,《翰墨瑰宝：上海图书馆藏珍本碑帖丛刊》第二辑,iiif_annotation_target_xywh,iiif_xywh
001_道因法师碑_p0023_c017,夏,001_道因法师碑,道因法师碑,23,二十三,2,0,774,522,138,138,762,513,159,156,"[762, 513, 159, 156]",749,497,185,188,"[749, 497, 185, 188]",10593,text_constrained_column_cell_pixel_assignment,assets/page_images/001_道因法师碑/p0023.jpg,1,http://data.library.sh.cn/bt/resource/work/v1e0qbx3r5wp1uw4,http://iiif.library.sh.cn/api/viewer/17A331,https://iiif.library.sh.cn/p/3/02c55611-7427-4cd0-a2cd-a15b5ccbaa9c,https://iiif.library.sh.cn/c/3/1baab2f7-4669-4e1f-9664-7a138eb130b6,1444,2218,https://iiif.library.sh.cn/c/3/1baab2f7-4669-4e1f-9664-7a138eb130b6/ap/s,https://iiif.library.sh.cn/c/3/1baab2f7-4669-4e1f-9664-7a138eb130b6/ap/c/a/7ded94a8-a4ad-4fd3-91c0-d4a06144e520,17,17,supplementing,"[774, 522, 138, 138]","[774, 522, 912, 660]","https://iiif.library.sh.cn/c/3/1baab2f7-4669-4e1f-9664-7a138eb130b6#xywh=774,522,138,138",李俨撰文，欧阳通楷书,欧阳通（楷书）；李儇（撰文）,唐,龙朔三年十月十日刻立（663）,663,楷书,17A331,《翰墨瑰宝：上海图书馆藏珍本碑帖丛刊》第二辑,iiif_annotation_target_xywh,iiif_xywh
001_道因法师碑_p0023_c018,腊,001_道因法师碑,道因法师碑,23,二十三,2,1,774,690,138,138,762,681,159,159,"[762, 681, 159, 159]",749,665,185,191,"[749, 665, 185, 191]",9186,text_constrained_column_cell_pixel_assignment,assets/page_images/001_道因法师碑/p0023.jpg,1,http://data.library.sh.cn/bt/resource/work/v1e0qbx3r5wp1uw4,http://iiif.library.sh.cn/api/viewer/17A331,https://iiif.library.sh.cn/p/3/02c55611-7427-4cd0-a2cd-a15b5ccbaa9c,https://iiif.library.sh.cn/c/3/1baab2f7-4669-4e1f-9664-7a138eb130b6,1444,2218,https://iiif.library.sh.cn/c/3/1baab2f7-4669-4e1f-9664-7a138eb130b6/ap/s,https://iiif.library.sh.cn/c/3/1baab2f7-4669-4e1f-9664-7a138eb130b6/ap/c/a/67e7678f-b605-4b36-bdea-65b106410e11,18,18,supplementing,"[774, 690, 138, 138]","[774, 690, 912, 828]","https://iiif.library.sh.cn/c/3/1baab2f7-4669-4e1f-9664-7a138eb130b6#xywh=774,690,138,138",李俨撰文，欧阳通楷书,欧阳通（楷书）；李儇（撰文）,唐,龙朔三年十月十日刻立（663）,663,楷书,17A331,《翰墨瑰宝：上海图书馆藏珍本碑帖丛刊》第二辑,iiif_annotation_target_xywh,iiif_xywh
001_道因法师碑_p0023_c019,虽,001_道因法师碑,道因法师碑,23,二十三,2,2,774,865,138,138,762,853,159,159,"[762, 853, 159, 159]",749,837,185,191,"[749, 837, 185, 191]",8708,text_constrained_column_cell_pixel_assignment,assets/page_images/001_道因法师碑/p0023.jpg,1,http://data.library.sh.cn/bt/resource/work/v1e0qbx3r5wp1uw4,http://iiif.library.sh.cn/api/viewer/17A331,https://iiif.library.sh.cn/p/3/02c55611-7427-4cd0-a2cd-a15b5ccbaa9c,https://iiif.library.sh.cn/c/3/1baab2f7-4669-4e1f-9664-7a138eb130b6,1444,2218,https://iiif.library.sh.cn/c/3/1baab2f7-4669-4e1f-9664-7a138eb130b6/ap/s,https://iiif.library.sh.cn/c/3/1baab2f7-4669-4e1f-9664-7a138eb130b6/ap/c/a/7031cf79-dcb4-4dc5-8bb4-8e86fb64004b,19,19,supplementing,"[774, 865, 138, 138]","[774, 865, 912, 1003]","https://iiif.library.sh.cn/c/3/1baab2f7-4669-4e1f-9664-7a138eb130b6#xywh=774,865,138,138",李俨撰文，欧阳通楷书,欧阳通（楷书）；李儇（撰文）,唐,龙朔三年十月十日刻立（663）,663,楷书,17A331,《翰墨瑰宝：上海图书馆藏珍本碑帖丛刊》第二辑,iiif_annotation_target_xywh,iiif_xywh
001_道因法师碑_p0023_c020,幼,001_道因法师碑,道因法师碑,23,二十三,2,3,774,1034,138,138,762,1025,159,160,"[762, 1025, 159, 160]",749,1009,185,192,"[749, 1009, 185, 192]",8429,text_constrained_column_cell_pixel_assignment,assets/page_images/001_道因法师碑/p0023.jpg,1,http://data.library.sh.cn/bt/resource/work/v1e0qbx3r5wp1uw4,http://iiif.library.sh.cn/api/viewer/17A331,https://iiif.library.sh.cn/p/3/02c55611-7427-4cd0-a2cd-a15b5ccbaa9c,https://iiif.library.sh.cn/c/3/1baab2f7-4669-4e1f-9664-7a138eb130b6,1444,2218,https://iiif.library.sh.cn/c/3/1baab2f7-4669-4e1f-9664-7a138eb130b6/ap/s,https://iiif.library.sh.cn/c/3/1baab2f7-4669-4e1f-9664-7a138eb130b6/ap/c/a/431a889d-028a-44c1-8b0a-847931bd19cb,20,20,supplementing,"[774, 1034, 138, 138]","[774, 1034, 912, 1172]","https://iiif.library.sh.cn/c/3/1baab2f7-4669-4e1f-9664-7a138eb130b6#xywh=774,1034,138,138",李俨撰文，欧阳通楷书,欧阳通（楷书）；李儇（撰文）,唐,龙朔三年十月十日刻立（663）,663,楷书,17A331,《翰墨瑰宝：上海图书馆藏珍本碑帖丛刊》第二辑,iiif_annotation_target_xywh,iiif_xywh
001_道因法师碑_p0023_c021,业,001_道因法师碑,道因法师碑,23,二十三,2,4,774,1211,138,138,762,1198,159,170,"[762, 1198, 159, 170]",749,1181,185,204,"[749, 1181, 185, 204]",9536,text_constrained_column_cell_pixel_assignment,assets/page_images/001_道因法师碑/p0023.jpg,1,http://data.library.sh.cn/bt/resource/work/v1e0qbx3r5wp1uw4,http://iiif.library.sh.cn/api/viewer/17A331,https://iiif.library.sh.cn/p/3/02c55611-7427-4cd0-a2cd-a15b5ccbaa9c,https://iiif.library.sh.cn/c/3/1baab2f7-4669-4e1f-9664-7a138eb130b6,1444,2218,https://iiif.library.sh.cn/c/3/1baab2f7-4669-4e1f-9664-7a138eb130b6/ap/s,https://iiif.library.sh.cn/c/3/1baab2f7-4669-4e1f-9664-7a138eb130b6/ap/c/a/5b1ac1e1-a214-4c18-ae10-a5e6408423fb,21,21,supplementing,"[774, 1211, 138, 138]","[774, 1211, 912, 1349]","https://iiif.library.sh.cn/c/3/1baab2f7-4669-4e1f-9664-7a138eb130b6#xywh=774,1211,138,138",李俨撰文，欧阳通楷书,欧阳通（楷书）；李儇（撰文）,唐,龙朔三年十月十日刻立（663）,663,楷书,17A331,《翰墨瑰宝：上海图书馆藏珍本碑帖丛刊》第二辑,iiif_annotation_target_xywh,iiif_xywh
001_道因法师碑_p0023_c022,行,001_道因法师碑,道因法师碑,23,二十三,2,5,774,1400,138,138,762,1381,159,182,"[762, 1381, 159, 182]",749,1363,185,218,"[749, 1363, 185, 218]",10698,text_constrained_column_cell_pixel_assignment,assets/page_images/001_道因法师碑/p0023.jpg,1,http://data.library.sh.cn/bt/resource/work/v1e0qbx3r5wp1uw4,http://iiif.library.sh.cn/api/viewer/17A331,https://iiif.library.sh.cn/p/3/02c55611-7427-4cd0-a2cd-a15b5ccbaa9c,https://iiif.library.sh.cn/c/3/1baab2f7-4669-4e1f-9664-7a138eb130b6,1444,2218,https://iiif.library.sh.cn/c/3/1baab2f7-4669-4e1f-9664-7a138eb130b6/ap/s,https://iiif.library.sh.cn/c/3/1baab2f7-4669-4e1f-9664-7a138eb130b6/ap/c/a/9f19c116-71ef-4ebe-83cd-56ed03266494,22,22,supplementing,"[774, 1400, 138, 138]","[774, 1400, 912, 1538]","https://iiif.library.sh.cn/c/3/1baab2f7-4669-4e1f-9664-7a138eb130b6#xywh=774,1400,138,138",李俨撰文，欧阳通楷书,欧阳通（楷书）；李儇（撰文）,唐,龙朔三年十月十日刻立（663）,663,楷书,17A331,《翰墨瑰宝：上海图书馆藏珍本碑帖丛刊》第二辑,iiif_annotation_target_xywh,iiif_xywh
001_道因法师碑_p0023_c023,攸,001_道因法师碑,道因法师碑,23,二十三,2,6,756,1592,156,156,762,1576,159,161,"[762, 1576, 159, 161]",749,1560,185,193,"[749, 1560, 185, 193]",11969,text_constrained_column_cell_pixel_assignment,assets/page_images/001_道因法师碑/p0023.jpg,1,http://data.library.sh.cn/bt/resource/work/v1e0qbx3r5wp1uw4,http://iiif.library.sh.cn/api/viewer/17A331,https://iiif.library.sh.cn/p/3/02c55611-7427-4cd0-a2cd-a15b5ccbaa9c,https://iiif.library.sh.cn/c/3/1baab2f7-4669-4e1f-9664-7a138eb130b6,1444,2218,https://iiif.library.sh.cn/c/3/1baab2f7-4669-4e1f-9664-7a138eb130b6/ap/s,https://iiif.library.sh.cn/c/3/1baab2f7-4669-4e1f-9664-7a138eb130b6/ap/c/a/a8379d29-28a1-4e81-8b06-a7f173726f60,23,23,supplementing,"[756, 1592, 156, 156]","[756, 1592, 912, 1748]","https://iiif.library.sh.cn/c/3/1baab2f7-4669-4e1f-9664-7a138eb130b6#xywh=756,1592,156,156",李俨撰文，欧阳通楷书,欧阳通（楷书）；李儇（撰文）,唐,龙朔三年十月十日刻立（663）,663,楷书,17A331,《翰墨瑰宝：上海图书馆藏珍本碑帖丛刊》第二辑,iiif_annotation_target_xywh,iiif_xywh
001_道因法师碑_p0023_c024,高,001_道因法师碑,道因法师碑,23,二十三,2,7,756,1738,156,156,762,1748,159,136,"[762, 1748, 159, 136]",749,1734,185,164,"[749, 1734, 185, 164]",11630,text_constrained_column_cell_pixel_assignment,assets/page_images/001_道因法师碑/p0023.jpg,1,http://data.library.sh.cn/bt/resource/work/v1e0qbx3r5wp1uw4,http://iiif.library.sh.cn/api/viewer/17A331,https://iiif.library.sh.cn/p/3/02c55611-7427-4cd0-a2cd-a15b5ccbaa9c,https://iiif.library.sh.cn/c/3/1baab2f7-4669-4e1f-9664-7a138eb130b6,1444,2218,https://iiif.library.sh.cn/c/3/1baab2f7-4669-4e1f-9664-7a138eb130b6/ap/s,https://iiif.library.sh.cn/c/3/1baab2f7-4669-4e1f-9664-7a138eb130b6/ap/c/a/7d3475f7-126c-4da2-9f42-dbb40cc4bf47,24,24,supplementing,"[756, 1738, 156, 156]","[756, 1738, 912, 1894]","https://iiif.library.sh.cn/c/3/1baab2f7-4669-4e1f-9664-7a138eb130b6#xywh=756,1738,156,156",李俨撰文，欧阳通楷书,欧阳通（楷书）；李儇（撰文）,唐,龙朔三年十月十日刻立（663）,663,楷书,17A331,《翰墨瑰宝：上海图书馆藏珍本碑帖丛刊》第二辑,iiif_annotation_target_xywh,iiif_xywh
001_道因法师碑_p0023_c025,独,001_道因法师碑,道因法师碑,23,二十三,3,0,595,540,152,152,596,555,154,122,"[596, 555, 154, 122]",584,543,178,146,"[584, 543, 178, 146]",9348,text_constrained_column_cell_pixel_assignment,assets/page_images/001_道因法师碑/p0023.jpg,1,http://data.library.sh.cn/bt/resource/work/v1e0qbx3r5wp1uw4,http://iiif.library.sh.cn/api/viewer/17A331,https://iiif.library.sh.cn/p/3/02c55611-7427-4cd0-a2cd-a15b5ccbaa9c,https://iiif.library.sh.cn/c/3/1baab2f7-4669-4e1f-9664-7a138eb130b6,1444,2218,https://iiif.library.sh.cn/c/3/1baab2f7-4669-4e1f-9664-7a138eb130b6/ap/s,https://iiif.library.sh.cn/c/3/1baab2f7-4669-4e1f-9664-7a138eb130b6/ap/c/a/0fa629c9-7f1e-44ea-be15-c46d375a4e8b,25,25,supplementing,"[595, 540, 152, 152]","[595, 540, 747, 692]","https://iiif.library.sh.cn/c/3/1baab2f7-4669-4e1f-9664-7a138eb130b6#xywh=595,540,152,152",李俨撰文，欧阳通楷书,欧阳通（楷书）；李儇（撰文）,唐,龙朔三年十月十日刻立（663）,663,楷书,17A331,《翰墨瑰宝：上海图书馆藏珍本碑帖丛刊》第二辑,iiif_annotation_target_xywh,iiif_xywh
001_道因法师碑_p0023_c026,于,001_道因法师碑,道因法师碑,23,二十三,3,1,595,672,152,152,596,688,154,150,"[596, 688, 154, 150]",584,673,178,180,"[584, 673, 178, 180]",10379,text_constrained_column_cell_pixel_assignment,assets/page_images/001_道因法师碑/p0023.jpg,1,http://data.library.sh.cn/bt/resource/work/v1e0qbx3r5wp1uw4,http://iiif.library.sh.cn/api/viewer/17A331,https://iiif.library.sh.cn/p/3/02c55611-7427-4cd0-a2cd-a15b5ccbaa9c,https://iiif.library.sh.cn/c/3/1baab2f7-4669-4e1f-9664-7a138eb130b6,1444,2218,https://iiif.library.sh.cn/c/3/1baab2f7-4669-4e1f-9664-7a138eb130b6/ap/s,https://iiif.library.sh.cn/c/3/1baab2f7-4669-4e1f-9664-7a138eb130b6/ap/c/a/88274ea9-a02d-427a-9c25-06f1c77f7f4f,26,26,supplementing,"[595, 672, 152, 152]","[595, 672, 747, 824]","https://iiif.library.sh.cn/c/3/1baab2f7-4669-4e1f-9664-7a138eb130b6#xywh=595,672,152,152",李俨撰文，欧阳通楷书,欧阳通（楷书）；李儇（撰文）,唐,龙朔三年十月十日刻立（663）,663,楷书,17A331,《翰墨瑰宝：上海图书馆藏珍本碑帖丛刊》第二辑,iiif_annotation_target_xywh,iiif_xywh
001_道因法师碑_p0023_c027,众,001_道因法师碑,道因法师碑,23,二十三,3,2,595,863,152,152,596,850,154,165,"[596, 850, 154, 165]",584,834,178,198,"[584, 834, 178, 198]",10771,text_constrained_column_cell_pixel_assignment,assets/page_images/001_道因法师碑/p0023.jpg,1,http://data.library.sh.cn/bt/resource/work/v1e0qbx3r5wp1uw4,http://iiif.library.sh.cn/api/viewer/17A331,https://iiif.library.sh.cn/p/3/02c55611-7427-4cd0-a2cd-a15b5ccbaa9c,https://iiif.library.sh.cn/c/3/1baab2f7-4669-4e1f-9664-7a138eb130b6,1444,2218,https://iiif.library.sh.cn/c/3/1baab2f7-4669-4e1f-9664-7a138eb130b6/ap/s,https://iiif.library.sh.cn/c/3/1baab2f7-4669-4e1f-9664-7a138eb130b6/ap/c/a/1e1e719d-e266-4077-83d1-3a94965fa8b1,27,27,supplementing,"[595, 863, 152, 152]","[595, 863, 747, 1015]","https://iiif.library.sh.cn/c/3/1baab2f7-4669-4e1f-9664-7a138eb130b6#xywh=595,863,152,152",李俨撰文，欧阳通楷书,欧阳通（楷书）；李儇（撰文）,唐,龙朔三年十月十日刻立（663）,663,楷书,17A331,《翰墨瑰宝：上海图书馆藏珍本碑帖丛刊》第二辑,iiif_annotation_target_xywh,iiif_xywh
001_道因法师碑_p0023_c028,中,001_道因法师碑,道因法师碑,23,二十三,3,3,595,1028,152,152,596,1028,154,173,"[596, 1028, 154, 173]",584,1011,178,207,"[584, 1011, 178, 207]",11011,text_constrained_column_cell_pixel_assignment,assets/page_images/001_道因法师碑/p0023.jpg,1,http://data.library.sh.cn/bt/resource/work/v1e0qbx3r5wp1uw4,http://iiif.library.sh.cn/api/viewer/17A331,https://iiif.library.sh.cn/p/3/02c55611-7427-4cd0-a2cd-a15b5ccbaa9c,https://iiif.library.sh.cn/c/3/1baab2f7-4669-4e1f-9664-7a138eb130b6,1444,2218,https://iiif.library.sh.cn/c/3/1baab2f7-4669-4e1f-9664-7a138eb130b6/ap/s,https://iiif.library.sh.cn/c/3/1baab2f7-4669-4e1f-9664-7a138eb130b6/ap/c/a/01d8ab09-0752-46cf-ba49-31e1fa857c69,28,28,supplementing,"[595, 1028, 152, 152]","[595, 1028, 747, 1180]","https://iiif.library.sh.cn/c/3/1baab2f7-4669-4e1f-9664-7a138eb130b6#xywh=595,1028,152,152",李俨撰文，欧阳通楷书,欧阳通（楷书）；李儇（撰文）,唐,龙朔三年十月十日刻立（663）,663,楷书,17A331,《翰墨瑰宝：上海图书馆藏珍本碑帖丛刊》第二辑,iiif_annotation_target_xywh,iiif_xywh
001_道因法师碑_p0023_c029,迥,001_道因法师碑,道因法师碑,23,二十三,3,4,595,1235,152,152,596,1214,154,167,"[596, 1214, 154, 167]",584,1197,178,201,"[584, 1197, 178, 201]",11087,text_constrained_column_cell_pixel_assignment,assets/page_images/001_道因法师碑/p0023.jpg,1,http://data.library.sh.cn/bt/resource/work/v1e0qbx3r5wp1uw4,http://iiif.library.sh.cn/api/viewer/17A331,https://iiif.library.sh.cn/p/3/02c55611-7427-4cd0-a2cd-a15b5ccbaa9c,https://iiif.library.sh.cn/c/3/1baab2f7-4669-4e1f-9664-7a138eb130b6,1444,2218,https://iiif.library.sh.cn/c/3/1baab2f7-4669-4e1f-9664-7a138eb130b6/ap/s,https://iiif.library.sh.cn/c/3/1baab2f7-4669-4e1f-9664-7a138eb130b6/ap/c/a/b2a2a526-67dd-4b26-8032-cbfa8f699ea1,29,29,supplementing,"[595, 1235, 152, 152]","[595, 1235, 747, 1387]","https://iiif.library.sh.cn/c/3/1baab2f7-4669-4e1f-9664-7a138eb130b6#xywh=595,1235,152,152",李俨撰文，欧阳通楷书,欧阳通（楷书）；李儇（撰文）,唐,龙朔三年十月十日刻立（663）,663,楷书,17A331,《翰墨瑰宝：上海图书馆藏珍本碑帖丛刊》第二辑,iiif_annotation_target_xywh,iiif_xywh
001_道因法师碑_p0023_c030,见,001_道因法师碑,道因法师碑,23,二十三,3,5,595,1388,152,152,596,1393,154,155,"[596, 1393, 154, 155]",584,1378,178,186,"[584, 1378, 178, 186]",10926,text_constrained_column_cell_pixel_assignment,assets/page_images/001_道因法师碑/p0023.jpg,1,http://data.library.sh.cn/bt/resource/work/v1e0qbx3r5wp1uw4,http://iiif.library.sh.cn/api/viewer/17A331,https://iiif.library.sh.cn/p/3/02c55611-7427-4cd0-a2cd-a15b5ccbaa9c,https://iiif.library.sh.cn/c/3/1baab2f7-4669-4e1f-9664-7a138eb130b6,1444,2218,https://iiif.library.sh.cn/c/3/1baab2f7-4669-4e1f-9664-7a138eb130b6/ap/s,https://iiif.library.sh.cn/c/3/1baab2f7-4669-4e1f-9664-7a138eb130b6/ap/c/a/85dfb1d9-4d34-4992-a01b-d5e697e183bc,30,30,supplementing,"[595, 1388, 152, 152]","[595, 1388, 747, 1540]","https://iiif.library.sh.cn/c/3/1baab2f7-4669-4e1f-9664-7a138eb130b6#xywh=595,1388,152,152",李俨撰文，欧阳通楷书,欧阳通（楷书）；李儇（撰文）,唐,龙朔三年十月十日刻立（663）,663,楷书,17A331,《翰墨瑰宝：上海图书馆藏珍本碑帖丛刊》第二辑,iiif_annotation_target_xywh,iiif_xywh
001_道因法师碑_p0023_c031,推,001_道因法师碑,道因法师碑,23,二十三,3,6,595,1567,152,152,596,1560,154,169,"[596, 1560, 154, 169]",584,1543,178,203,"[584, 1543, 178, 203]",9576,text_constrained_column_cell_pixel_assignment,assets/page_images/001_道因法师碑/p0023.jpg,1,http://data.library.sh.cn/bt/resource/work/v1e0qbx3r5wp1uw4,http://iiif.library.sh.cn/api/viewer/17A331,https://iiif.library.sh.cn/p/3/02c55611-7427-4cd0-a2cd-a15b5ccbaa9c,https://iiif.library.sh.cn/c/3/1baab2f7-4669-4e1f-9664-7a138eb130b6,1444,2218,https://iiif.library.sh.cn/c/3/1baab2f7-4669-4e1f-9664-7a138eb130b6/ap/s,https://iiif.library.sh.cn/c/3/1baab2f7-4669-4e1f-9664-7a138eb130b6/ap/c/a/ec8702f0-52fd-4697-ad2e-6b735e88e9fa,31,31,supplementing,"[595, 1567, 152, 152]","[595, 1567, 747, 1719]","https://iiif.library.sh.cn/c/3/1baab2f7-4669-4e1f-9664-7a138eb130b6#xywh=595,1567,152,152",李俨撰文，欧阳通楷书,欧阳通（楷书）；李儇（撰文）,唐,龙朔三年十月十日刻立（663）,663,楷书,17A331,《翰墨瑰宝：上海图书馆藏珍本碑帖丛刊》第二辑,iiif_annotation_target_xywh,iiif_xywh
001_道因法师碑_p0023_c032,挹,001_道因法师碑,道因法师碑,23,二十三,3,7,595,1752,152,152,596,1742,154,172,"[596, 1742, 154, 172]",584,1725,178,206,"[584, 1725, 178, 206]",12019,text_constrained_column_cell_pixel_assignment,assets/page_images/001_道因法师碑/p0023.jpg,1,http://data.library.sh.cn/bt/resource/work/v1e0qbx3r5wp1uw4,http://iiif.library.sh.cn/api/viewer/17A331,https://iiif.library.sh.cn/p/3/02c55611-7427-4cd0-a2cd-a15b5ccbaa9c,https://iiif.library.sh.cn/c/3/1baab2f7-4669-4e1f-9664-7a138eb130b6,1444,2218,https://iiif.library.sh.cn/c/3/1baab2f7-4669-4e1f-9664-7a138eb130b6/ap/s,https://iiif.library.sh.cn/c/3/1baab2f7-4669-4e1f-9664-7a138eb130b6/ap/c/a/3cd544b9-ef9e-4f6d-9f41-7916cd5d32eb,32,32,supplementing,"[595, 1752, 152, 152]","[595, 1752, 747, 1904]","https://iiif.library.sh.cn/c/3/1baab2f7-4669-4e1f-9664-7a138eb130b6#xywh=595,1752,152,152",李俨撰文，欧阳通楷书,欧阳通（楷书）；李儇（撰文）,唐,龙朔三年十月十日刻立（663）,663,楷书,17A331,《翰墨瑰宝：上海图书馆藏珍本碑帖丛刊》第二辑,iiif_annotation_target_xywh,iiif_xywh
001_道因法师碑_p0023_c033,每,001_道因法师碑,道因法师碑,23,二十三,4,0,440,530,140,140,435,547,150,106,"[435, 547, 150, 106]",423,536,174,128,"[423, 536, 174, 128]",10439,text_constrained_column_cell_pixel_assignment,assets/page_images/001_道因法师碑/p0023.jpg,1,http://data.library.sh.cn/bt/resource/work/v1e0qbx3r5wp1uw4,http://iiif.library.sh.cn/api/viewer/17A331,https://iiif.library.sh.cn/p/3/02c55611-7427-4cd0-a2cd-a15b5ccbaa9c,https://iiif.library.sh.cn/c/3/1baab2f7-4669-4e1f-9664-7a138eb130b6,1444,2218,https://iiif.library.sh.cn/c/3/1baab2f7-4669-4e1f-9664-7a138eb130b6/ap/s,https://iiif.library.sh.cn/c/3/1baab2f7-4669-4e1f-9664-7a138eb130b6/ap/c/a/566913b2-7d4e-4ac3-9b0a-4a8e3ddd7985,33,33,supplementing,"[440, 530, 140, 140]","[440, 530, 580, 670]","https://iiif.library.sh.cn/c/3/1baab2f7-4669-4e1f-9664-7a138eb130b6#xywh=440,530,140,140",李俨撰文，欧阳通楷书,欧阳通（楷书）；李儇（撰文）,唐,龙朔三年十月十日刻立（663）,663,楷书,17A331,《翰墨瑰宝：上海图书馆藏珍本碑帖丛刊》第二辑,iiif_annotation_target_xywh,iiif_xywh
001_道因法师碑_p0023_c034,敷,001_道因法师碑,道因法师碑,23,二十三,4,1,440,645,140,140,435,663,150,145,"[435, 663, 150, 145]",423,648,174,174,"[423, 648, 174, 174]",12024,text_constrained_column_cell_pixel_assignment,assets/page_images/001_道因法师碑/p0023.jpg,1,http://data.library.sh.cn/bt/resource/work/v1e0qbx3r5wp1uw4,http://iiif.library.sh.cn/api/viewer/17A331,https://iiif.library.sh.cn/p/3/02c55611-7427-4cd0-a2cd-a15b5ccbaa9c,https://iiif.library.sh.cn/c/3/1baab2f7-4669-4e1f-9664-7a138eb130b6,1444,2218,https://iiif.library.sh.cn/c/3/1baab2f7-4669-4e1f-9664-7a138eb130b6/ap/s,https://iiif.library.sh.cn/c/3/1baab2f7-4669-4e1f-9664-7a138eb130b6/ap/c/a/9f260c94-a82b-486f-8a40-0e091af2da90,34,34,supplementing,"[440, 645, 140, 140]","[440, 645, 580, 785]","https://iiif.library.sh.cn/c/3/1baab2f7-4669-4e1f-9664-7a138eb130b6#xywh=440,645,140,140",李俨撰文，欧阳通楷书,欧阳通（楷书）；李儇（撰文）,唐,龙朔三年十月十日刻立（663）,663,楷书,17A331,《翰墨瑰宝：上海图书馆藏珍本碑帖丛刊》第二辑,iiif_annotation_target_xywh,iiif_xywh
001_道因法师碑_p0023_c035,摄,001_道因法师碑,道因法师碑,23,二十三,4,2,440,841,140,140,435,820,150,174,"[435, 820, 150, 174]",423,803,174,208,"[423, 803, 174, 208]",13187,text_constrained_column_cell_pixel_assignment,assets/page_images/001_道因法师碑/p0023.jpg,1,http://data.library.sh.cn/bt/resource/work/v1e0qbx3r5wp1uw4,http://iiif.library.sh.cn/api/viewer/17A331,https://iiif.library.sh.cn/p/3/02c55611-7427-4cd0-a2cd-a15b5ccbaa9c,https://iiif.library.sh.cn/c/3/1baab2f7-4669-4e1f-9664-7a138eb130b6,1444,2218,https://iiif.library.sh.cn/c/3/1baab2f7-4669-4e1f-9664-7a138eb130b6/ap/s,https://iiif.library.sh.cn/c/3/1baab2f7-4669-4e1f-9664-7a138eb130b6/ap/c/a/19483135-77a6-4681-b06f-78a263f76362,35,35,supplementing,"[440, 841, 140, 140]","[440, 841, 580, 981]","https://iiif.library.sh.cn/c/3/1baab2f7-4669-4e1f-9664-7a138eb130b6#xywh=440,841,140,140",李俨撰文，欧阳通楷书,欧阳通（楷书）；李儇（撰文）,唐,龙朔三年十月十日刻立（663）,663,楷书,17A331,《翰墨瑰宝：上海图书馆藏珍本碑帖丛刊》第二辑,iiif_annotation_target_xywh,iiif_xywh
001_道因法师碑_p0023_c036,论,001_道因法师碑,道因法师碑,23,二十三,4,3,440,1020,140,140,435,1007,150,173,"[435, 1007, 150, 173]",423,990,174,207,"[423, 990, 174, 207]",13984,text_constrained_column_cell_pixel_assignment,assets/page_images/001_道因法师碑/p0023.jpg,1,http://data.library.sh.cn/bt/resource/work/v1e0qbx3r5wp1uw4,http://iiif.library.sh.cn/api/viewer/17A331,https://iiif.library.sh.cn/p/3/02c55611-7427-4cd0-a2cd-a15b5ccbaa9c,https://iiif.library.sh.cn/c/3/1baab2f7-4669-4e1f-9664-7a138eb130b6,1444,2218,https://iiif.library.sh.cn/c/3/1baab2f7-4669-4e1f-9664-7a138eb130b6/ap/s,https://iiif.library.sh.cn/c/3/1baab2f7-4669-4e1f-9664-7a138eb130b6/ap/c/a/a3bbdeb1-7feb-4c97-aeca-87fe1282064b,36,36,supplementing,"[440, 1020, 140, 140]","[440, 1020, 580, 1160]","https://iiif.library.sh.cn/c/3/1baab2f7-4669-4e1f-9664-7a138eb130b6#xywh=440,1020,140,140",李俨撰文，欧阳通楷书,欧阳通（楷书）；李儇（撰文）,唐,龙朔三年十月十日刻立（663）,663,楷书,17A331,《翰墨瑰宝：上海图书馆藏珍本碑帖丛刊》第二辑,iiif_annotation_target_xywh,iiif_xywh
001_道因法师碑_p0023_c037,即,001_道因法师碑,道因法师碑,23,二十三,4,4,440,1213,140,140,435,1193,150,181,"[435, 1193, 150, 181]",423,1175,174,217,"[423, 1175, 174, 217]",14754,text_constrained_column_cell_pixel_assignment,assets/page_images/001_道因法师碑/p0023.jpg,1,http://data.library.sh.cn/bt/resource/work/v1e0qbx3r5wp1uw4,http://iiif.library.sh.cn/api/viewer/17A331,https://iiif.library.sh.cn/p/3/02c55611-7427-4cd0-a2cd-a15b5ccbaa9c,https://iiif.library.sh.cn/c/3/1baab2f7-4669-4e1f-9664-7a138eb130b6,1444,2218,https://iiif.library.sh.cn/c/3/1baab2f7-4669-4e1f-9664-7a138eb130b6/ap/s,https://iiif.library.sh.cn/c/3/1baab2f7-4669-4e1f-9664-7a138eb130b6/ap/c/a/315610b8-2e18-40c2-85c3-bae908af50c2,37,37,supplementing,"[440, 1213, 140, 140]","[440, 1213, 580, 1353]","https://iiif.library.sh.cn/c/3/1baab2f7-4669-4e1f-9664-7a138eb130b6#xywh=440,1213,140,140",李俨撰文，欧阳通楷书,欧阳通（楷书）；李儇（撰文）,唐,龙朔三年十月十日刻立（663）,663,楷书,17A331,《翰墨瑰宝：上海图书馆藏珍本碑帖丛刊》第二辑,iiif_annotation_target_xywh,iiif_xywh
001_道因法师碑_p0023_c038,令,001_道因法师碑,道因法师碑,23,二十三,4,5,440,1408,140,140,435,1386,150,158,"[435, 1386, 150, 158]",423,1370,174,190,"[423, 1370, 174, 190]",15824,text_constrained_column_cell_pixel_assignment,assets/page_images/001_道因法师碑/p0023.jpg,1,http://data.library.sh.cn/bt/resource/work/v1e0qbx3r5wp1uw4,http://iiif.library.sh.cn/api/viewer/17A331,https://iiif.library.sh.cn/p/3/02c55611-7427-4cd0-a2cd-a15b5ccbaa9c,https://iiif.library.sh.cn/c/3/1baab2f7-4669-4e1f-9664-7a138eb130b6,1444,2218,https://iiif.library.sh.cn/c/3/1baab2f7-4669-4e1f-9664-7a138eb130b6/ap/s,https://iiif.library.sh.cn/c/3/1baab2f7-4669-4e1f-9664-7a138eb130b6/ap/c/a/55dc0a94-a27e-49c6-bf92-f3349575b899,38,38,supplementing,"[440, 1408, 140, 140]","[440, 1408, 580, 1548]","https://iiif.library.sh.cn/c/3/1baab2f7-4669-4e1f-9664-7a138eb130b6#xywh=440,1408,140,140",李俨撰文，欧阳通楷书,欧阳通（楷书）；李儇（撰文）,唐,龙朔三年十月十日刻立（663）,663,楷书,17A331,《翰墨瑰宝：上海图书馆藏珍本碑帖丛刊》第二辑,iiif_annotation_target_xywh,iiif_xywh
001_道因法师碑_p0023_c039,覆,001_道因法师碑,道因法师碑,23,二十三,4,6,440,1552,140,140,435,1556,150,154,"[435, 1556, 150, 154]",423,1541,174,184,"[423, 1541, 174, 184]",11812,text_constrained_column_cell_pixel_assignment,assets/page_images/001_道因法师碑/p0023.jpg,1,http://data.library.sh.cn/bt/resource/work/v1e0qbx3r5wp1uw4,http://iiif.library.sh.cn/api/viewer/17A331,https://iiif.library.sh.cn/p/3/02c55611-7427-4cd0-a2cd-a15b5ccbaa9c,https://iiif.library.sh.cn/c/3/1baab2f7-4669-4e1f-9664-7a138eb130b6,1444,2218,https://iiif.library.sh.cn/c/3/1baab2f7-4669-4e1f-9664-7a138eb130b6/ap/s,https://iiif.library.sh.cn/c/3/1baab2f7-4669-4e1f-9664-7a138eb130b6/ap/c/a/5b49bb39-a2fe-42f2-bb41-971029b8ffb1,39,39,supplementing,"[440, 1552, 140, 140]","[440, 1552, 580, 1692]","https://iiif.library.sh.cn/c/3/1baab2f7-4669-4e1f-9664-7a138eb130b6#xywh=440,1552,140,140",李俨撰文，欧阳通楷书,欧阳通（楷书）；李儇（撰文）,唐,龙朔三年十月十日刻立（663）,663,楷书,17A331,《翰墨瑰宝：上海图书馆藏珍本碑帖丛刊》第二辑,iiif_annotation_target_xywh,iiif_xywh
001_道因法师碑_p0023_c040,讲,001_道因法师碑,道因法师碑,23,二十三,4,7,440,1740,140,140,435,1723,150,174,"[435, 1723, 150, 174]",423,1706,174,208,"[423, 1706, 174, 208]",14328,text_constrained_column_cell_pixel_assignment,assets/page_images/001_道因法师碑/p0023.jpg,1,http://data.library.sh.cn/bt/resource/work/v1e0qbx3r5wp1uw4,http://iiif.library.sh.cn/api/viewer/17A331,https://iiif.library.sh.cn/p/3/02c55611-7427-4cd0-a2cd-a15b5ccbaa9c,https://iiif.library.sh.cn/c/3/1baab2f7-4669-4e1f-9664-7a138eb130b6,1444,2218,https://iiif.library.sh.cn/c/3/1baab2f7-4669-4e1f-9664-7a138eb130b6/ap/s,https://iiif.library.sh.cn/c/3/1baab2f7-4669-4e1f-9664-7a138eb130b6/ap/c/a/1105f5f6-e18c-4bfe-9b65-6b34f032d852,40,40,supplementing,"[440, 1740, 140, 140]","[440, 1740, 580, 1880]","https://iiif.library.sh.cn/c/3/1baab2f7-4669-4e1f-9664-7a138eb130b6#xywh=440,1740,140,140",李俨撰文，欧阳通楷书,欧阳通（楷书）；李儇（撰文）,唐,龙朔三年十月十日刻立（663）,663,楷书,17A331,《翰墨瑰宝：上海图书馆藏珍本碑帖丛刊》第二辑,iiif_annotation_target_xywh,iiif_xywh
001_道因法师碑_p0024_c001,而,001_道因法师碑,道因法师碑,24,二十四,0,0,844,502,161,161,842,517,165,131,"[842, 517, 165, 131]",829,504,191,157,"[829, 504, 191, 157]",14172,text_constrained_column_cell_pixel_assignment,assets/page_images/001_道因法师碑/p0024.jpg,1,http://data.library.sh.cn/bt/resource/work/v1e0qbx3r5wp1uw4,http://iiif.library.sh.cn/api/viewer/17A331,https://iiif.library.sh.cn/p/3/02c55611-7427-4cd0-a2cd-a15b5ccbaa9c,https://iiif.library.sh.cn/c/3/b4c3082b-8569-4a1f-ab2c-a941afea33d1,1444,2221,https://iiif.library.sh.cn/c/3/b4c3082b-8569-4a1f-ab2c-a941afea33d1/ap/s,https://iiif.library.sh.cn/c/3/b4c3082b-8569-4a1f-ab2c-a941afea33d1/ap/c/a/1c84039b-65d8-4313-b007-f301ef4c1f93,1,1,supplementing,"[844, 502, 161, 161]","[844, 502, 1005, 663]","https://iiif.library.sh.cn/c/3/b4c3082b-8569-4a1f-ab2c-a941afea33d1#xywh=844,502,161,161",李俨撰文，欧阳通楷书,欧阳通（楷书）；李儇（撰文）,唐,龙朔三年十月十日刻立（663）,663,楷书,17A331,《翰墨瑰宝：上海图书馆藏珍本碑帖丛刊》第二辑,iiif_annotation_target_xywh,iiif_xywh
001_道因法师碑_p0024_c002,披,001_道因法师碑,道因法师碑,24,二十四,0,1,844,642,161,161,842,658,165,149,"[842, 658, 165, 149]",829,643,191,179,"[829, 643, 191, 179]",13459,text_constrained_column_cell_pixel_assignment,assets/page_images/001_道因法师碑/p0024.jpg,1,http://data.library.sh.cn/bt/resource/work/v1e0qbx3r5wp1uw4,http://iiif.library.sh.cn/api/viewer/17A331,https://iiif.library.sh.cn/p/3/02c55611-7427-4cd0-a2cd-a15b5ccbaa9c,https://iiif.library.sh.cn/c/3/b4c3082b-8569-4a1f-ab2c-a941afea33d1,1444,2221,https://iiif.library.sh.cn/c/3/b4c3082b-8569-4a1f-ab2c-a941afea33d1/ap/s,https://iiif.library.sh.cn/c/3/b4c3082b-8569-4a1f-ab2c-a941afea33d1/ap/c/a/28480416-c02a-49d3-bc8c-b878045ebccf,2,2,supplementing,"[844, 642, 161, 161]","[844, 642, 1005, 803]","https://iiif.library.sh.cn/c/3/b4c3082b-8569-4a1f-ab2c-a941afea33d1#xywh=844,642,161,161",李俨撰文，欧阳通楷书,欧阳通（楷书）；李儇（撰文）,唐,龙朔三年十月十日刻立（663）,663,楷书,17A331,《翰墨瑰宝：上海图书馆藏珍本碑帖丛刊》第二辑,iiif_annotation_target_xywh,iiif_xywh
001_道因法师碑_p0024_c003,演,001_道因法师碑,道因法师碑,24,二十四,0,2,844,823,161,161,842,820,165,177,"[842, 820, 165, 177]",829,802,191,213,"[829, 802, 191, 213]",17559,text_constrained_column_cell_pixel_assignment,assets/page_images/001_道因法师碑/p0024.jpg,1,http://data.library.sh.cn/bt/resource/work/v1e0qbx3r5wp1uw4,http://iiif.library.sh.cn/api/viewer/17A331,https://iiif.library.sh.cn/p/3/02c55611-7427-4cd0-a2cd-a15b5ccbaa9c,https://iiif.library.sh.cn/c/3/b4c3082b-8569-4a1f-ab2c-a941afea33d1,1444,2221,https://iiif.library.sh.cn/c/3/b4c3082b-8569-4a1f-ab2c-a941afea33d1/ap/s,https://iiif.library.sh.cn/c/3/b4c3082b-8569-4a1f-ab2c-a941afea33d1/ap/c/a/1f29b42b-51a0-45ab-9e30-1d57fa880b44,3,3,supplementing,"[844, 823, 161, 161]","[844, 823, 1005, 984]","https://iiif.library.sh.cn/c/3/b4c3082b-8569-4a1f-ab2c-a941afea33d1#xywh=844,823,161,161",李俨撰文，欧阳通楷书,欧阳通（楷书）；李儇（撰文）,唐,龙朔三年十月十日刻立（663）,663,楷书,17A331,《翰墨瑰宝：上海图书馆藏珍本碑帖丛刊》第二辑,iiif_annotation_target_xywh,iiif_xywh
001_道因法师碑_p0024_c004,详,001_道因法师碑,道因法师碑,24,二十四,0,3,844,1024,161,161,842,1011,165,175,"[842, 1011, 165, 175]",829,994,191,210,"[829, 994, 191, 210]",16933,text_constrained_column_cell_pixel_assignment,assets/page_images/001_道因法师碑/p0024.jpg,1,http://data.library.sh.cn/bt/resource/work/v1e0qbx3r5wp1uw4,http://iiif.library.sh.cn/api/viewer/17A331,https://iiif.library.sh.cn/p/3/02c55611-7427-4cd0-a2cd-a15b5ccbaa9c,https://iiif.library.sh.cn/c/3/b4c3082b-8569-4a1f-ab2c-a941afea33d1,1444,2221,https://iiif.library.sh.cn/c/3/b4c3082b-8569-4a1f-ab2c-a941afea33d1/ap/s,https://iiif.library.sh.cn/c/3/b4c3082b-8569-4a1f-ab2c-a941afea33d1/ap/c/a/f059c414-f00a-429b-b01d-3c62a6a2518a,4,4,supplementing,"[844, 1024, 161, 161]","[844, 1024, 1005, 1185]","https://iiif.library.sh.cn/c/3/b4c3082b-8569-4a1f-ab2c-a941afea33d1#xywh=844,1024,161,161",李俨撰文，欧阳通楷书,欧阳通（楷书）；李儇（撰文）,唐,龙朔三年十月十日刻立（663）,663,楷书,17A331,《翰墨瑰宝：上海图书馆藏珍本碑帖丛刊》第二辑,iiif_annotation_target_xywh,iiif_xywh
001_道因法师碑_p0024_c005,悉,001_道因法师碑,道因法师碑,24,二十四,0,4,844,1201,161,161,842,1199,165,162,"[842, 1199, 165, 162]",829,1183,191,194,"[829, 1183, 191, 194]",15165,text_constrained_column_cell_pixel_assignment,assets/page_images/001_道因法师碑/p0024.jpg,1,http://data.library.sh.cn/bt/resource/work/v1e0qbx3r5wp1uw4,http://iiif.library.sh.cn/api/viewer/17A331,https://iiif.library.sh.cn/p/3/02c55611-7427-4cd0-a2cd-a15b5ccbaa9c,https://iiif.library.sh.cn/c/3/b4c3082b-8569-4a1f-ab2c-a941afea33d1,1444,2221,https://iiif.library.sh.cn/c/3/b4c3082b-8569-4a1f-ab2c-a941afea33d1/ap/s,https://iiif.library.sh.cn/c/3/b4c3082b-8569-4a1f-ab2c-a941afea33d1/ap/c/a/3028412a-193f-413e-a34d-bdd25582d7d8,5,5,supplementing,"[844, 1201, 161, 161]","[844, 1201, 1005, 1362]","https://iiif.library.sh.cn/c/3/b4c3082b-8569-4a1f-ab2c-a941afea33d1#xywh=844,1201,161,161",李俨撰文，欧阳通楷书,欧阳通（楷书）；李儇（撰文）,唐,龙朔三年十月十日刻立（663）,663,楷书,17A331,《翰墨瑰宝：上海图书馆藏珍本碑帖丛刊》第二辑,iiif_annotation_target_xywh,iiif_xywh
001_道因法师碑_p0024_c006,词,001_道因法师碑,道因法师碑,24,二十四,0,5,844,1372,161,161,842,1374,165,172,"[842, 1374, 165, 172]",829,1357,191,206,"[829, 1357, 191, 206]",14734,text_constrained_column_cell_pixel_assignment,assets/page_images/001_道因法师碑/p0024.jpg,1,http://data.library.sh.cn/bt/resource/work/v1e0qbx3r5wp1uw4,http://iiif.library.sh.cn/api/viewer/17A331,https://iiif.library.sh.cn/p/3/02c55611-7427-4cd0-a2cd-a15b5ccbaa9c,https://iiif.library.sh.cn/c/3/b4c3082b-8569-4a1f-ab2c-a941afea33d1,1444,2221,https://iiif.library.sh.cn/c/3/b4c3082b-8569-4a1f-ab2c-a941afea33d1/ap/s,https://iiif.library.sh.cn/c/3/b4c3082b-8569-4a1f-ab2c-a941afea33d1/ap/c/a/590c4594-b077-40f4-89f9-b371bea80222,6,6,supplementing,"[844, 1372, 161, 161]","[844, 1372, 1005, 1533]","https://iiif.library.sh.cn/c/3/b4c3082b-8569-4a1f-ab2c-a941afea33d1#xywh=844,1372,161,161",李俨撰文，欧阳通楷书,欧阳通（楷书）；李儇（撰文）,唐,龙朔三年十月十日刻立（663）,663,楷书,17A331,《翰墨瑰宝：上海图书馆藏珍本碑帖丛刊》第二辑,iiif_annotation_target_xywh,iiif_xywh
001_道因法师碑_p0024_c007,韵,001_道因法师碑,道因法师碑,24,二十四,0,6,844,1573,161,161,842,1559,165,172,"[842, 1559, 165, 172]",829,1542,191,206,"[829, 1542, 191, 206]",14774,text_constrained_column_cell_pixel_assignment,assets/page_images/001_道因法师碑/p0024.jpg,1,http://data.library.sh.cn/bt/resource/work/v1e0qbx3r5wp1uw4,http://iiif.library.sh.cn/api/viewer/17A331,https://iiif.library.sh.cn/p/3/02c55611-7427-4cd0-a2cd-a15b5ccbaa9c,https://iiif.library.sh.cn/c/3/b4c3082b-8569-4a1f-ab2c-a941afea33d1,1444,2221,https://iiif.library.sh.cn/c/3/b4c3082b-8569-4a1f-ab2c-a941afea33d1/ap/s,https://iiif.library.sh.cn/c/3/b4c3082b-8569-4a1f-ab2c-a941afea33d1/ap/c/a/159f4c86-56c8-4f22-aa95-353d73a1af7b,7,7,supplementing,"[844, 1573, 161, 161]","[844, 1573, 1005, 1734]","https://iiif.library.sh.cn/c/3/b4c3082b-8569-4a1f-ab2c-a941afea33d1#xywh=844,1573,161,161",李俨撰文，欧阳通楷书,欧阳通（楷书）；李儇（撰文）,唐,龙朔三年十月十日刻立（663）,663,楷书,17A331,《翰墨瑰宝：上海图书馆藏珍本碑帖丛刊》第二辑,iiif_annotation_target_xywh,iiif_xywh
001_道因法师碑_p0024_c008,清,001_道因法师碑,道因法师碑,24,二十四,0,7,844,1740,161,161,842,1743,165,155,"[842, 1743, 165, 155]",829,1728,191,186,"[829, 1728, 191, 186]",15240,text_constrained_column_cell_pixel_assignment,assets/page_images/001_道因法师碑/p0024.jpg,1,http://data.library.sh.cn/bt/resource/work/v1e0qbx3r5wp1uw4,http://iiif.library.sh.cn/api/viewer/17A331,https://iiif.library.sh.cn/p/3/02c55611-7427-4cd0-a2cd-a15b5ccbaa9c,https://iiif.library.sh.cn/c/3/b4c3082b-8569-4a1f-ab2c-a941afea33d1,1444,2221,https://iiif.library.sh.cn/c/3/b4c3082b-8569-4a1f-ab2c-a941afea33d1/ap/s,https://iiif.library.sh.cn/c/3/b4c3082b-8569-4a1f-ab2c-a941afea33d1/ap/c/a/c03fff4e-219f-4be9-a38a-3b3f3ea2cb90,8,8,supplementing,"[844, 1740, 161, 161]","[844, 1740, 1005, 1901]","https://iiif.library.sh.cn/c/3/b4c3082b-8569-4a1f-ab2c-a941afea33d1#xywh=844,1740,161,161",李俨撰文，欧阳通楷书,欧阳通（楷书）；李儇（撰文）,唐,龙朔三年十月十日刻立（663）,663,楷书,17A331,《翰墨瑰宝：上海图书馆藏珍本碑帖丛刊》第二辑,iiif_annotation_target_xywh,iiif_xywh
001_道因法师碑_p0024_c009,畅,001_道因法师碑,道因法师碑,24,二十四,1,0,677,516,139,139,672,519,158,133,"[672, 519, 158, 133]",659,506,184,159,"[659, 506, 184, 159]",8160,text_constrained_column_cell_pixel_assignment,assets/page_images/001_道因法师碑/p0024.jpg,1,http://data.library.sh.cn/bt/resource/work/v1e0qbx3r5wp1uw4,http://iiif.library.sh.cn/api/viewer/17A331,https://iiif.library.sh.cn/p/3/02c55611-7427-4cd0-a2cd-a15b5ccbaa9c,https://iiif.library.sh.cn/c/3/b4c3082b-8569-4a1f-ab2c-a941afea33d1,1444,2221,https://iiif.library.sh.cn/c/3/b4c3082b-8569-4a1f-ab2c-a941afea33d1/ap/s,https://iiif.library.sh.cn/c/3/b4c3082b-8569-4a1f-ab2c-a941afea33d1/ap/c/a/f250cbf9-6f53-4638-b507-abe49c2fca0e,9,9,supplementing,"[677, 516, 139, 139]","[677, 516, 816, 655]","https://iiif.library.sh.cn/c/3/b4c3082b-8569-4a1f-ab2c-a941afea33d1#xywh=677,516,139,139",李俨撰文，欧阳通楷书,欧阳通（楷书）；李儇（撰文）,唐,龙朔三年十月十日刻立（663）,663,楷书,17A331,《翰墨瑰宝：上海图书馆藏珍本碑帖丛刊》第二辑,iiif_annotation_target_xywh,iiif_xywh
001_道因法师碑_p0024_c010,诸,001_道因法师碑,道因法师碑,24,二十四,1,1,677,658,139,139,672,662,158,149,"[672, 662, 158, 149]",659,647,184,179,"[659, 647, 184, 179]",7953,text_constrained_column_cell_pixel_assignment,assets/page_images/001_道因法师碑/p0024.jpg,1,http://data.library.sh.cn/bt/resource/work/v1e0qbx3r5wp1uw4,http://iiif.library.sh.cn/api/viewer/17A331,https://iiif.library.sh.cn/p/3/02c55611-7427-4cd0-a2cd-a15b5ccbaa9c,https://iiif.library.sh.cn/c/3/b4c3082b-8569-4a1f-ab2c-a941afea33d1,1444,2221,https://iiif.library.sh.cn/c/3/b4c3082b-8569-4a1f-ab2c-a941afea33d1/ap/s,https://iiif.library.sh.cn/c/3/b4c3082b-8569-4a1f-ab2c-a941afea33d1/ap/c/a/bbd56c1a-cfcb-45a7-9650-c0d034302a77,10,10,supplementing,"[677, 658, 139, 139]","[677, 658, 816, 797]","https://iiif.library.sh.cn/c/3/b4c3082b-8569-4a1f-ab2c-a941afea33d1#xywh=677,658,139,139",李俨撰文，欧阳通楷书,欧阳通（楷书）；李儇（撰文）,唐,龙朔三年十月十日刻立（663）,663,楷书,17A331,《翰墨瑰宝：上海图书馆藏珍本碑帖丛刊》第二辑,iiif_annotation_target_xywh,iiif_xywh
001_道因法师碑_p0024_c011,方,001_道因法师碑,道因法师碑,24,二十四,1,2,677,837,139,139,672,823,158,166,"[672, 823, 158, 166]",659,806,184,200,"[659, 806, 184, 200]",10549,text_constrained_column_cell_pixel_assignment,assets/page_images/001_道因法师碑/p0024.jpg,1,http://data.library.sh.cn/bt/resource/work/v1e0qbx3r5wp1uw4,http://iiif.library.sh.cn/api/viewer/17A331,https://iiif.library.sh.cn/p/3/02c55611-7427-4cd0-a2cd-a15b5ccbaa9c,https://iiif.library.sh.cn/c/3/b4c3082b-8569-4a1f-ab2c-a941afea33d1,1444,2221,https://iiif.library.sh.cn/c/3/b4c3082b-8569-4a1f-ab2c-a941afea33d1/ap/s,https://iiif.library.sh.cn/c/3/b4c3082b-8569-4a1f-ab2c-a941afea33d1/ap/c/a/67e8ef26-9ef0-4e8b-85af-59c5ebec3319,11,11,supplementing,"[677, 837, 139, 139]","[677, 837, 816, 976]","https://iiif.library.sh.cn/c/3/b4c3082b-8569-4a1f-ab2c-a941afea33d1#xywh=677,837,139,139",李俨撰文，欧阳通楷书,欧阳通（楷书）；李儇（撰文）,唐,龙朔三年十月十日刻立（663）,663,楷书,17A331,《翰墨瑰宝：上海图书馆藏珍本碑帖丛刊》第二辑,iiif_annotation_target_xywh,iiif_xywh
001_道因法师碑_p0024_c012,翘,001_道因法师碑,道因法师碑,24,二十四,1,3,677,1014,139,139,672,1002,158,175,"[672, 1002, 158, 175]",659,984,184,210,"[659, 984, 184, 210]",11286,text_constrained_column_cell_pixel_assignment,assets/page_images/001_道因法师碑/p0024.jpg,1,http://data.library.sh.cn/bt/resource/work/v1e0qbx3r5wp1uw4,http://iiif.library.sh.cn/api/viewer/17A331,https://iiif.library.sh.cn/p/3/02c55611-7427-4cd0-a2cd-a15b5ccbaa9c,https://iiif.library.sh.cn/c/3/b4c3082b-8569-4a1f-ab2c-a941afea33d1,1444,2221,https://iiif.library.sh.cn/c/3/b4c3082b-8569-4a1f-ab2c-a941afea33d1/ap/s,https://iiif.library.sh.cn/c/3/b4c3082b-8569-4a1f-ab2c-a941afea33d1/ap/c/a/891639cc-3083-4eba-9c60-2ff583d76618,12,12,supplementing,"[677, 1014, 139, 139]","[677, 1014, 816, 1153]","https://iiif.library.sh.cn/c/3/b4c3082b-8569-4a1f-ab2c-a941afea33d1#xywh=677,1014,139,139",李俨撰文，欧阳通楷书,欧阳通（楷书）；李儇（撰文）,唐,龙朔三年十月十日刻立（663）,663,楷书,17A331,《翰墨瑰宝：上海图书馆藏珍本碑帖丛刊》第二辑,iiif_annotation_target_xywh,iiif_xywh
001_道因法师碑_p0024_c013,俊,001_道因法师碑,道因法师碑,24,二十四,1,4,677,1215,139,139,672,1190,158,169,"[672, 1190, 158, 169]",659,1173,184,203,"[659, 1173, 184, 203]",8586,text_constrained_column_cell_pixel_assignment,assets/page_images/001_道因法师碑/p0024.jpg,1,http://data.library.sh.cn/bt/resource/work/v1e0qbx3r5wp1uw4,http://iiif.library.sh.cn/api/viewer/17A331,https://iiif.library.sh.cn/p/3/02c55611-7427-4cd0-a2cd-a15b5ccbaa9c,https://iiif.library.sh.cn/c/3/b4c3082b-8569-4a1f-ab2c-a941afea33d1,1444,2221,https://iiif.library.sh.cn/c/3/b4c3082b-8569-4a1f-ab2c-a941afea33d1/ap/s,https://iiif.library.sh.cn/c/3/b4c3082b-8569-4a1f-ab2c-a941afea33d1/ap/c/a/34ceca4e-b7c9-44e8-888f-ebbdd1a03990,13,13,supplementing,"[677, 1215, 139, 139]","[677, 1215, 816, 1354]","https://iiif.library.sh.cn/c/3/b4c3082b-8569-4a1f-ab2c-a941afea33d1#xywh=677,1215,139,139",李俨撰文，欧阳通楷书,欧阳通（楷书）；李儇（撰文）,唐,龙朔三年十月十日刻立（663）,663,楷书,17A331,《翰墨瑰宝：上海图书馆藏珍本碑帖丛刊》第二辑,iiif_annotation_target_xywh,iiif_xywh
001_道因法师碑_p0024_c014,靡,001_道因法师碑,道因法师碑,24,二十四,1,5,677,1376,139,139,672,1371,158,158,"[672, 1371, 158, 158]",659,1355,184,190,"[659, 1355, 184, 190]",8523,text_constrained_column_cell_pixel_assignment,assets/page_images/001_道因法师碑/p0024.jpg,1,http://data.library.sh.cn/bt/resource/work/v1e0qbx3r5wp1uw4,http://iiif.library.sh.cn/api/viewer/17A331,https://iiif.library.sh.cn/p/3/02c55611-7427-4cd0-a2cd-a15b5ccbaa9c,https://iiif.library.sh.cn/c/3/b4c3082b-8569-4a1f-ab2c-a941afea33d1,1444,2221,https://iiif.library.sh.cn/c/3/b4c3082b-8569-4a1f-ab2c-a941afea33d1/ap/s,https://iiif.library.sh.cn/c/3/b4c3082b-8569-4a1f-ab2c-a941afea33d1/ap/c/a/42000704-42e9-4089-b46f-73a82973381d,14,14,supplementing,"[677, 1376, 139, 139]","[677, 1376, 816, 1515]","https://iiif.library.sh.cn/c/3/b4c3082b-8569-4a1f-ab2c-a941afea33d1#xywh=677,1376,139,139",李俨撰文，欧阳通楷书,欧阳通（楷书）；李儇（撰文）,唐,龙朔三年十月十日刻立（663）,663,楷书,17A331,《翰墨瑰宝：上海图书馆藏珍本碑帖丛刊》第二辑,iiif_annotation_target_xywh,iiif_xywh
001_道因法师碑_p0024_c015,弗,001_道因法师碑,道因法师碑,24,二十四,1,6,677,1555,139,139,672,1541,158,170,"[672, 1541, 158, 170]",659,1524,184,204,"[659, 1524, 184, 204]",8762,text_constrained_column_cell_pixel_assignment,assets/page_images/001_道因法师碑/p0024.jpg,1,http://data.library.sh.cn/bt/resource/work/v1e0qbx3r5wp1uw4,http://iiif.library.sh.cn/api/viewer/17A331,https://iiif.library.sh.cn/p/3/02c55611-7427-4cd0-a2cd-a15b5ccbaa9c,https://iiif.library.sh.cn/c/3/b4c3082b-8569-4a1f-ab2c-a941afea33d1,1444,2221,https://iiif.library.sh.cn/c/3/b4c3082b-8569-4a1f-ab2c-a941afea33d1/ap/s,https://iiif.library.sh.cn/c/3/b4c3082b-8569-4a1f-ab2c-a941afea33d1/ap/c/a/45d6b871-a8e6-4b91-842c-782a93fd8eb9,15,15,supplementing,"[677, 1555, 139, 139]","[677, 1555, 816, 1694]","https://iiif.library.sh.cn/c/3/b4c3082b-8569-4a1f-ab2c-a941afea33d1#xywh=677,1555,139,139",李俨撰文，欧阳通楷书,欧阳通（楷书）；李儇（撰文）,唐,龙朔三年十月十日刻立（663）,663,楷书,17A331,《翰墨瑰宝：上海图书馆藏珍本碑帖丛刊》第二辑,iiif_annotation_target_xywh,iiif_xywh
001_道因法师碑_p0024_c016,归,001_道因法师碑,道因法师碑,24,二十四,1,7,677,1740,139,139,672,1723,158,173,"[672, 1723, 158, 173]",659,1706,184,207,"[659, 1706, 184, 207]",9655,text_constrained_column_cell_pixel_assignment,assets/page_images/001_道因法师碑/p0024.jpg,1,http://data.library.sh.cn/bt/resource/work/v1e0qbx3r5wp1uw4,http://iiif.library.sh.cn/api/viewer/17A331,https://iiif.library.sh.cn/p/3/02c55611-7427-4cd0-a2cd-a15b5ccbaa9c,https://iiif.library.sh.cn/c/3/b4c3082b-8569-4a1f-ab2c-a941afea33d1,1444,2221,https://iiif.library.sh.cn/c/3/b4c3082b-8569-4a1f-ab2c-a941afea33d1/ap/s,https://iiif.library.sh.cn/c/3/b4c3082b-8569-4a1f-ab2c-a941afea33d1/ap/c/a/14cfe820-7991-4de2-a4e0-d31513342382,16,16,supplementing,"[677, 1740, 139, 139]","[677, 1740, 816, 1879]","https://iiif.library.sh.cn/c/3/b4c3082b-8569-4a1f-ab2c-a941afea33d1#xywh=677,1740,139,139",李俨撰文，欧阳通楷书,欧阳通（楷书）；李儇（撰文）,唐,龙朔三年十月十日刻立（663）,663,楷书,17A331,《翰墨瑰宝：上海图书馆藏珍本碑帖丛刊》第二辑,iiif_annotation_target_xywh,iiif_xywh
001_道因法师碑_p0024_c017,仰,001_道因法师碑,道因法师碑,24,二十四,2,0,510,516,151,151,503,520,157,143,"[503, 520, 157, 143]",490,506,183,171,"[490, 506, 183, 171]",13044,text_constrained_column_cell_pixel_assignment,assets/page_images/001_道因法师碑/p0024.jpg,1,http://data.library.sh.cn/bt/resource/work/v1e0qbx3r5wp1uw4,http://iiif.library.sh.cn/api/viewer/17A331,https://iiif.library.sh.cn/p/3/02c55611-7427-4cd0-a2cd-a15b5ccbaa9c,https://iiif.library.sh.cn/c/3/b4c3082b-8569-4a1f-ab2c-a941afea33d1,1444,2221,https://iiif.library.sh.cn/c/3/b4c3082b-8569-4a1f-ab2c-a941afea33d1/ap/s,https://iiif.library.sh.cn/c/3/b4c3082b-8569-4a1f-ab2c-a941afea33d1/ap/c/a/fa452686-a27b-4406-83b4-a11cc02496a8,17,17,supplementing,"[510, 516, 151, 151]","[510, 516, 661, 667]","https://iiif.library.sh.cn/c/3/b4c3082b-8569-4a1f-ab2c-a941afea33d1#xywh=510,516,151,151",李俨撰文，欧阳通楷书,欧阳通（楷书）；李儇（撰文）,唐,龙朔三年十月十日刻立（663）,663,楷书,17A331,《翰墨瑰宝：上海图书馆藏珍本碑帖丛刊》第二辑,iiif_annotation_target_xywh,iiif_xywh
001_道因法师碑_p0024_c018,于,001_道因法师碑,道因法师碑,24,二十四,2,1,510,670,151,151,503,674,157,148,"[503, 674, 157, 148]",490,659,183,178,"[490, 659, 183, 178]",8699,text_constrained_column_cell_pixel_assignment,assets/page_images/001_道因法师碑/p0024.jpg,1,http://data.library.sh.cn/bt/resource/work/v1e0qbx3r5wp1uw4,http://iiif.library.sh.cn/api/viewer/17A331,https://iiif.library.sh.cn/p/3/02c55611-7427-4cd0-a2cd-a15b5ccbaa9c,https://iiif.library.sh.cn/c/3/b4c3082b-8569-4a1f-ab2c-a941afea33d1,1444,2221,https://iiif.library.sh.cn/c/3/b4c3082b-8569-4a1f-ab2c-a941afea33d1/ap/s,https://iiif.library.sh.cn/c/3/b4c3082b-8569-4a1f-ab2c-a941afea33d1/ap/c/a/68d26170-0748-420a-949e-2396c46e68a9,18,18,supplementing,"[510, 670, 151, 151]","[510, 670, 661, 821]","https://iiif.library.sh.cn/c/3/b4c3082b-8569-4a1f-ab2c-a941afea33d1#xywh=510,670,151,151",李俨撰文，欧阳通楷书,欧阳通（楷书）；李儇（撰文）,唐,龙朔三年十月十日刻立（663）,663,楷书,17A331,《翰墨瑰宝：上海图书馆藏珍本碑帖丛刊》第二辑,iiif_annotation_target_xywh,iiif_xywh
001_道因法师碑_p0024_c019,是,001_道因法师碑,道因法师碑,24,二十四,2,2,510,835,151,151,503,834,157,161,"[503, 834, 157, 161]",490,818,183,193,"[490, 818, 183, 193]",9524,text_constrained_column_cell_pixel_assignment,assets/page_images/001_道因法师碑/p0024.jpg,1,http://data.library.sh.cn/bt/resource/work/v1e0qbx3r5wp1uw4,http://iiif.library.sh.cn/api/viewer/17A331,https://iiif.library.sh.cn/p/3/02c55611-7427-4cd0-a2cd-a15b5ccbaa9c,https://iiif.library.sh.cn/c/3/b4c3082b-8569-4a1f-ab2c-a941afea33d1,1444,2221,https://iiif.library.sh.cn/c/3/b4c3082b-8569-4a1f-ab2c-a941afea33d1/ap/s,https://iiif.library.sh.cn/c/3/b4c3082b-8569-4a1f-ab2c-a941afea33d1/ap/c/a/f271bb95-3795-4482-8260-3cdf45ef2d25,19,19,supplementing,"[510, 835, 151, 151]","[510, 835, 661, 986]","https://iiif.library.sh.cn/c/3/b4c3082b-8569-4a1f-ab2c-a941afea33d1#xywh=510,835,151,151",李俨撰文，欧阳通楷书,欧阳通（楷书）；李儇（撰文）,唐,龙朔三年十月十日刻立（663）,663,楷书,17A331,《翰墨瑰宝：上海图书馆藏珍本碑帖丛刊》第二辑,iiif_annotation_target_xywh,iiif_xywh
001_道因法师碑_p0024_c020,遍,001_道因法师碑,道因法师碑,24,二十四,2,3,510,1016,151,151,503,1007,157,172,"[503, 1007, 157, 172]",490,990,183,206,"[490, 990, 183, 206]",9592,text_constrained_column_cell_pixel_assignment,assets/page_images/001_道因法师碑/p0024.jpg,1,http://data.library.sh.cn/bt/resource/work/v1e0qbx3r5wp1uw4,http://iiif.library.sh.cn/api/viewer/17A331,https://iiif.library.sh.cn/p/3/02c55611-7427-4cd0-a2cd-a15b5ccbaa9c,https://iiif.library.sh.cn/c/3/b4c3082b-8569-4a1f-ab2c-a941afea33d1,1444,2221,https://iiif.library.sh.cn/c/3/b4c3082b-8569-4a1f-ab2c-a941afea33d1/ap/s,https://iiif.library.sh.cn/c/3/b4c3082b-8569-4a1f-ab2c-a941afea33d1/ap/c/a/24ced659-d723-4eb3-9531-f6a420c724ad,20,20,supplementing,"[510, 1016, 151, 151]","[510, 1016, 661, 1167]","https://iiif.library.sh.cn/c/3/b4c3082b-8569-4a1f-ab2c-a941afea33d1#xywh=510,1016,151,151",李俨撰文，欧阳通楷书,欧阳通（楷书）；李儇（撰文）,唐,龙朔三年十月十日刻立（663）,663,楷书,17A331,《翰墨瑰宝：上海图书馆藏珍本碑帖丛刊》第二辑,iiif_annotation_target_xywh,iiif_xywh
001_道因法师碑_p0024_c021,窥,001_道因法师碑,道因法师碑,24,二十四,2,4,510,1203,151,151,503,1191,157,171,"[503, 1191, 157, 171]",490,1174,183,205,"[490, 1174, 183, 205]",9414,text_constrained_column_cell_pixel_assignment,assets/page_images/001_道因法师碑/p0024.jpg,1,http://data.library.sh.cn/bt/resource/work/v1e0qbx3r5wp1uw4,http://iiif.library.sh.cn/api/viewer/17A331,https://iiif.library.sh.cn/p/3/02c55611-7427-4cd0-a2cd-a15b5ccbaa9c,https://iiif.library.sh.cn/c/3/b4c3082b-8569-4a1f-ab2c-a941afea33d1,1444,2221,https://iiif.library.sh.cn/c/3/b4c3082b-8569-4a1f-ab2c-a941afea33d1/ap/s,https://iiif.library.sh.cn/c/3/b4c3082b-8569-4a1f-ab2c-a941afea33d1/ap/c/a/18061f7a-1dd4-4ae4-977f-a9bd2ad8c5a0,21,21,supplementing,"[510, 1203, 151, 151]","[510, 1203, 661, 1354]","https://iiif.library.sh.cn/c/3/b4c3082b-8569-4a1f-ab2c-a941afea33d1#xywh=510,1203,151,151",李俨撰文，欧阳通楷书,欧阳通（楷书）；李儇（撰文）,唐,龙朔三年十月十日刻立（663）,663,楷书,17A331,《翰墨瑰宝：上海图书馆藏珍本碑帖丛刊》第二辑,iiif_annotation_target_xywh,iiif_xywh
001_道因法师碑_p0024_c022,释,001_道因法师碑,道因法师碑,24,二十四,2,5,510,1382,151,151,503,1374,157,163,"[503, 1374, 157, 163]",490,1358,183,195,"[490, 1358, 183, 195]",8850,text_constrained_column_cell_pixel_assignment,assets/page_images/001_道因法师碑/p0024.jpg,1,http://data.library.sh.cn/bt/resource/work/v1e0qbx3r5wp1uw4,http://iiif.library.sh.cn/api/viewer/17A331,https://iiif.library.sh.cn/p/3/02c55611-7427-4cd0-a2cd-a15b5ccbaa9c,https://iiif.library.sh.cn/c/3/b4c3082b-8569-4a1f-ab2c-a941afea33d1,1444,2221,https://iiif.library.sh.cn/c/3/b4c3082b-8569-4a1f-ab2c-a941afea33d1/ap/s,https://iiif.library.sh.cn/c/3/b4c3082b-8569-4a1f-ab2c-a941afea33d1/ap/c/a/e26199d7-4384-42cc-9fae-f0f8789a9785,22,22,supplementing,"[510, 1382, 151, 151]","[510, 1382, 661, 1533]","https://iiif.library.sh.cn/c/3/b4c3082b-8569-4a1f-ab2c-a941afea33d1#xywh=510,1382,151,151",李俨撰文，欧阳通楷书,欧阳通（楷书）；李儇（撰文）,唐,龙朔三年十月十日刻立（663）,663,楷书,17A331,《翰墨瑰宝：上海图书馆藏珍本碑帖丛刊》第二辑,iiif_annotation_target_xywh,iiif_xywh
001_道因法师碑_p0024_c023,典,001_道因法师碑,道因法师碑,24,二十四,2,6,510,1553,151,151,503,1549,157,156,"[503, 1549, 157, 156]",490,1533,183,188,"[490, 1533, 183, 188]",8803,text_constrained_column_cell_pixel_assignment,assets/page_images/001_道因法师碑/p0024.jpg,1,http://data.library.sh.cn/bt/resource/work/v1e0qbx3r5wp1uw4,http://iiif.library.sh.cn/api/viewer/17A331,https://iiif.library.sh.cn/p/3/02c55611-7427-4cd0-a2cd-a15b5ccbaa9c,https://iiif.library.sh.cn/c/3/b4c3082b-8569-4a1f-ab2c-a941afea33d1,1444,2221,https://iiif.library.sh.cn/c/3/b4c3082b-8569-4a1f-ab2c-a941afea33d1/ap/s,https://iiif.library.sh.cn/c/3/b4c3082b-8569-4a1f-ab2c-a941afea33d1/ap/c/a/e921c4e1-0204-415e-8c5b-a93d4f2a6f84,23,23,supplementing,"[510, 1553, 151, 151]","[510, 1553, 661, 1704]","https://iiif.library.sh.cn/c/3/b4c3082b-8569-4a1f-ab2c-a941afea33d1#xywh=510,1553,151,151",李俨撰文，欧阳通楷书,欧阳通（楷书）；李儇（撰文）,唐,龙朔三年十月十日刻立（663）,663,楷书,17A331,《翰墨瑰宝：上海图书馆藏珍本碑帖丛刊》第二辑,iiif_annotation_target_xywh,iiif_xywh
001_道因法师碑_p0024_c024,咸,001_道因法师碑,道因法师碑,24,二十四,2,7,510,1717,151,151,503,1716,157,153,"[503, 1716, 157, 153]",490,1701,183,183,"[490, 1701, 183, 183]",15522,text_constrained_column_cell_pixel_assignment,assets/page_images/001_道因法师碑/p0024.jpg,1,http://data.library.sh.cn/bt/resource/work/v1e0qbx3r5wp1uw4,http://iiif.library.sh.cn/api/viewer/17A331,https://iiif.library.sh.cn/p/3/02c55611-7427-4cd0-a2cd-a15b5ccbaa9c,https://iiif.library.sh.cn/c/3/b4c3082b-8569-4a1f-ab2c-a941afea33d1,1444,2221,https://iiif.library.sh.cn/c/3/b4c3082b-8569-4a1f-ab2c-a941afea33d1/ap/s,https://iiif.library.sh.cn/c/3/b4c3082b-8569-4a1f-ab2c-a941afea33d1/ap/c/a/c827552e-b85d-4cbb-92de-7a7fd0bfb06f,24,24,supplementing,"[510, 1717, 151, 151]","[510, 1717, 661, 1868]","https://iiif.library.sh.cn/c/3/b4c3082b-8569-4a1f-ab2c-a941afea33d1#xywh=510,1717,151,151",李俨撰文，欧阳通楷书,欧阳通（楷书）；李儇（撰文）,唐,龙朔三年十月十日刻立（663）,663,楷书,17A331,《翰墨瑰宝：上海图书馆藏珍本碑帖丛刊》第二辑,iiif_annotation_target_xywh,iiif_xywh
001_道因法师碑_p0024_c025,通,001_道因法师碑,道因法师碑,24,二十四,3,0,323,533,173,173,333,555,159,129,"[333, 555, 159, 129]",320,542,185,155,"[320, 542, 185, 155]",11766,text_constrained_column_cell_pixel_assignment,assets/page_images/001_道因法师碑/p0024.jpg,1,http://data.library.sh.cn/bt/resource/work/v1e0qbx3r5wp1uw4,http://iiif.library.sh.cn/api/viewer/17A331,https://iiif.library.sh.cn/p/3/02c55611-7427-4cd0-a2cd-a15b5ccbaa9c,https://iiif.library.sh.cn/c/3/b4c3082b-8569-4a1f-ab2c-a941afea33d1,1444,2221,https://iiif.library.sh.cn/c/3/b4c3082b-8569-4a1f-ab2c-a941afea33d1/ap/s,https://iiif.library.sh.cn/c/3/b4c3082b-8569-4a1f-ab2c-a941afea33d1/ap/c/a/8b9a1845-b2da-4a38-9e4e-bd41077a1239,25,25,supplementing,"[323, 533, 173, 173]","[323, 533, 496, 706]","https://iiif.library.sh.cn/c/3/b4c3082b-8569-4a1f-ab2c-a941afea33d1#xywh=323,533,173,173",李俨撰文，欧阳通楷书,欧阳通（楷书）；李儇（撰文）,唐,龙朔三年十月十日刻立（663）,663,楷书,17A331,《翰墨瑰宝：上海图书馆藏珍本碑帖丛刊》第二辑,iiif_annotation_target_xywh,iiif_xywh
001_道因法师碑_p0024_c026,密,001_道因法师碑,道因法师碑,24,二十四,3,1,323,672,173,173,333,694,159,145,"[333, 694, 159, 145]",320,680,185,174,"[320, 680, 185, 174]",11686,text_constrained_column_cell_pixel_assignment,assets/page_images/001_道因法师碑/p0024.jpg,1,http://data.library.sh.cn/bt/resource/work/v1e0qbx3r5wp1uw4,http://iiif.library.sh.cn/api/viewer/17A331,https://iiif.library.sh.cn/p/3/02c55611-7427-4cd0-a2cd-a15b5ccbaa9c,https://iiif.library.sh.cn/c/3/b4c3082b-8569-4a1f-ab2c-a941afea33d1,1444,2221,https://iiif.library.sh.cn/c/3/b4c3082b-8569-4a1f-ab2c-a941afea33d1/ap/s,https://iiif.library.sh.cn/c/3/b4c3082b-8569-4a1f-ab2c-a941afea33d1/ap/c/a/b2cbbb29-d4c5-4e13-bf94-e6910ec9aecc,26,26,supplementing,"[323, 672, 173, 173]","[323, 672, 496, 845]","https://iiif.library.sh.cn/c/3/b4c3082b-8569-4a1f-ab2c-a941afea33d1#xywh=323,672,173,173",李俨撰文，欧阳通楷书,欧阳通（楷书）；李儇（撰文）,唐,龙朔三年十月十日刻立（663）,663,楷书,17A331,《翰墨瑰宝：上海图书馆藏珍本碑帖丛刊》第二辑,iiif_annotation_target_xywh,iiif_xywh
001_道因法师碑_p0024_c027,藏,001_道因法师碑,道因法师碑,24,二十四,3,2,323,843,173,173,333,850,159,172,"[333, 850, 159, 172]",320,833,185,206,"[320, 833, 185, 206]",13101,text_constrained_column_cell_pixel_assignment,assets/page_images/001_道因法师碑/p0024.jpg,1,http://data.library.sh.cn/bt/resource/work/v1e0qbx3r5wp1uw4,http://iiif.library.sh.cn/api/viewer/17A331,https://iiif.library.sh.cn/p/3/02c55611-7427-4cd0-a2cd-a15b5ccbaa9c,https://iiif.library.sh.cn/c/3/b4c3082b-8569-4a1f-ab2c-a941afea33d1,1444,2221,https://iiif.library.sh.cn/c/3/b4c3082b-8569-4a1f-ab2c-a941afea33d1/ap/s,https://iiif.library.sh.cn/c/3/b4c3082b-8569-4a1f-ab2c-a941afea33d1/ap/c/a/f63a891b-7d97-46a4-a054-9c8bbfe5cf29,27,27,supplementing,"[323, 843, 173, 173]","[323, 843, 496, 1016]","https://iiif.library.sh.cn/c/3/b4c3082b-8569-4a1f-ab2c-a941afea33d1#xywh=323,843,173,173",李俨撰文，欧阳通楷书,欧阳通（楷书）；李儇（撰文）,唐,龙朔三年十月十日刻立（663）,663,楷书,17A331,《翰墨瑰宝：上海图书馆藏珍本碑帖丛刊》第二辑,iiif_annotation_target_xywh,iiif_xywh
001_道因法师碑_p0024_c028,五,001_道因法师碑,道因法师碑,24,二十四,3,3,323,1040,173,173,333,1034,159,156,"[333, 1034, 159, 156]",320,1018,185,188,"[320, 1018, 185, 188]",10150,text_constrained_column_cell_pixel_assignment,assets/page_images/001_道因法师碑/p0024.jpg,1,http://data.library.sh.cn/bt/resource/work/v1e0qbx3r5wp1uw4,http://iiif.library.sh.cn/api/viewer/17A331,https://iiif.library.sh.cn/p/3/02c55611-7427-4cd0-a2cd-a15b5ccbaa9c,https://iiif.library.sh.cn/c/3/b4c3082b-8569-4a1f-ab2c-a941afea33d1,1444,2221,https://iiif.library.sh.cn/c/3/b4c3082b-8569-4a1f-ab2c-a941afea33d1/ap/s,https://iiif.library.sh.cn/c/3/b4c3082b-8569-4a1f-ab2c-a941afea33d1/ap/c/a/a08dab54-3f45-47a9-a3ef-29087e6b9c86,28,28,supplementing,"[323, 1040, 173, 173]","[323, 1040, 496, 1213]","https://iiif.library.sh.cn/c/3/b4c3082b-8569-4a1f-ab2c-a941afea33d1#xywh=323,1040,173,173",李俨撰文，欧阳通楷书,欧阳通（楷书）；李儇（撰文）,唐,龙朔三年十月十日刻立（663）,663,楷书,17A331,《翰墨瑰宝：上海图书馆藏珍本碑帖丛刊》第二辑,iiif_annotation_target_xywh,iiif_xywh
001_道因法师碑_p0024_c029,乘,001_道因法师碑,道因法师碑,24,二十四,3,4,323,1179,173,173,333,1202,159,151,"[333, 1202, 159, 151]",320,1187,185,181,"[320, 1187, 185, 181]",10179,text_constrained_column_cell_pixel_assignment,assets/page_images/001_道因法师碑/p0024.jpg,1,http://data.library.sh.cn/bt/resource/work/v1e0qbx3r5wp1uw4,http://iiif.library.sh.cn/api/viewer/17A331,https://iiif.library.sh.cn/p/3/02c55611-7427-4cd0-a2cd-a15b5ccbaa9c,https://iiif.library.sh.cn/c/3/b4c3082b-8569-4a1f-ab2c-a941afea33d1,1444,2221,https://iiif.library.sh.cn/c/3/b4c3082b-8569-4a1f-ab2c-a941afea33d1/ap/s,https://iiif.library.sh.cn/c/3/b4c3082b-8569-4a1f-ab2c-a941afea33d1/ap/c/a/9d3088e5-271a-4129-9072-8bb9ace4c028,29,29,supplementing,"[323, 1179, 173, 173]","[323, 1179, 496, 1352]","https://iiif.library.sh.cn/c/3/b4c3082b-8569-4a1f-ab2c-a941afea33d1#xywh=323,1179,173,173",李俨撰文，欧阳通楷书,欧阳通（楷书）；李儇（撰文）,唐,龙朔三年十月十日刻立（663）,663,楷书,17A331,《翰墨瑰宝：上海图书馆藏珍本碑帖丛刊》第二辑,iiif_annotation_target_xywh,iiif_xywh
001_道因法师碑_p0024_c030,之,001_道因法师碑,道因法师碑,24,二十四,3,5,323,1366,173,173,333,1365,159,173,"[333, 1365, 159, 173]",320,1348,185,207,"[320, 1348, 185, 207]",9146,text_constrained_column_cell_pixel_assignment,assets/page_images/001_道因法师碑/p0024.jpg,1,http://data.library.sh.cn/bt/resource/work/v1e0qbx3r5wp1uw4,http://iiif.library.sh.cn/api/viewer/17A331,https://iiif.library.sh.cn/p/3/02c55611-7427-4cd0-a2cd-a15b5ccbaa9c,https://iiif.library.sh.cn/c/3/b4c3082b-8569-4a1f-ab2c-a941afea33d1,1444,2221,https://iiif.library.sh.cn/c/3/b4c3082b-8569-4a1f-ab2c-a941afea33d1/ap/s,https://iiif.library.sh.cn/c/3/b4c3082b-8569-4a1f-ab2c-a941afea33d1/ap/c/a/dbbc61e9-d962-4736-b3b6-e645eaf96765,30,30,supplementing,"[323, 1366, 173, 173]","[323, 1366, 496, 1539]","https://iiif.library.sh.cn/c/3/b4c3082b-8569-4a1f-ab2c-a941afea33d1#xywh=323,1366,173,173",李俨撰文，欧阳通楷书,欧阳通（楷书）；李儇（撰文）,唐,龙朔三年十月十日刻立（663）,663,楷书,17A331,《翰墨瑰宝：上海图书馆藏珍本碑帖丛刊》第二辑,iiif_annotation_target_xywh,iiif_xywh
001_道因法师碑_p0024_c031,说,001_道因法师碑,道因法师碑,24,二十四,3,6,323,1549,173,173,333,1551,159,180,"[333, 1551, 159, 180]",320,1533,185,216,"[320, 1533, 185, 216]",11568,text_constrained_column_cell_pixel_assignment,assets/page_images/001_道因法师碑/p0024.jpg,1,http://data.library.sh.cn/bt/resource/work/v1e0qbx3r5wp1uw4,http://iiif.library.sh.cn/api/viewer/17A331,https://iiif.library.sh.cn/p/3/02c55611-7427-4cd0-a2cd-a15b5ccbaa9c,https://iiif.library.sh.cn/c/3/b4c3082b-8569-4a1f-ab2c-a941afea33d1,1444,2221,https://iiif.library.sh.cn/c/3/b4c3082b-8569-4a1f-ab2c-a941afea33d1/ap/s,https://iiif.library.sh.cn/c/3/b4c3082b-8569-4a1f-ab2c-a941afea33d1/ap/c/a/ed2bbb42-664e-4ed6-adec-706d2e496fad,31,31,supplementing,"[323, 1549, 173, 173]","[323, 1549, 496, 1722]","https://iiif.library.sh.cn/c/3/b4c3082b-8569-4a1f-ab2c-a941afea33d1#xywh=323,1549,173,173",李俨撰文，欧阳通楷书,欧阳通（楷书）；李儇（撰文）,唐,龙朔三年十月十日刻立（663）,663,楷书,17A331,《翰墨瑰宝：上海图书馆藏珍本碑帖丛刊》第二辑,iiif_annotation_target_xywh,iiif_xywh
001_道因法师碑_p0024_c032,四,001_道因法师碑,道因法师碑,24,二十四,3,7,323,1754,173,173,333,1745,159,191,"[333, 1745, 159, 191]",320,1726,185,229,"[320, 1726, 185, 229]",13271,text_constrained_column_cell_pixel_assignment,assets/page_images/001_道因法师碑/p0024.jpg,1,http://data.library.sh.cn/bt/resource/work/v1e0qbx3r5wp1uw4,http://iiif.library.sh.cn/api/viewer/17A331,https://iiif.library.sh.cn/p/3/02c55611-7427-4cd0-a2cd-a15b5ccbaa9c,https://iiif.library.sh.cn/c/3/b4c3082b-8569-4a1f-ab2c-a941afea33d1,1444,2221,https://iiif.library.sh.cn/c/3/b4c3082b-8569-4a1f-ab2c-a941afea33d1/ap/s,https://iiif.library.sh.cn/c/3/b4c3082b-8569-4a1f-ab2c-a941afea33d1/ap/c/a/55d07153-eea1-4fab-8601-b7915c98d5b4,32,32,supplementing,"[323, 1754, 173, 173]","[323, 1754, 496, 1927]","https://iiif.library.sh.cn/c/3/b4c3082b-8569-4a1f-ab2c-a941afea33d1#xywh=323,1754,173,173",李俨撰文，欧阳通楷书,欧阳通（楷书）；李儇（撰文）,唐,龙朔三年十月十日刻立（663）,663,楷书,17A331,《翰墨瑰宝：上海图书馆藏珍本碑帖丛刊》第二辑,iiif_annotation_target_xywh,iiif_xywh
001_道因法师碑_p0024_c033,印,001_道因法师碑,道因法师碑,24,二十四,4,0,180,531,118,118,169,516,153,148,"[169, 516, 153, 148]",157,501,177,178,"[157, 501, 177, 178]",9827,text_constrained_column_cell_pixel_assignment,assets/page_images/001_道因法师碑/p0024.jpg,1,http://data.library.sh.cn/bt/resource/work/v1e0qbx3r5wp1uw4,http://iiif.library.sh.cn/api/viewer/17A331,https://iiif.library.sh.cn/p/3/02c55611-7427-4cd0-a2cd-a15b5ccbaa9c,https://iiif.library.sh.cn/c/3/b4c3082b-8569-4a1f-ab2c-a941afea33d1,1444,2221,https://iiif.library.sh.cn/c/3/b4c3082b-8569-4a1f-ab2c-a941afea33d1/ap/s,https://iiif.library.sh.cn/c/3/b4c3082b-8569-4a1f-ab2c-a941afea33d1/ap/c/a/4205327a-b409-4b76-8f40-0a834ecc2579,33,33,supplementing,"[180, 531, 118, 118]","[180, 531, 298, 649]","https://iiif.library.sh.cn/c/3/b4c3082b-8569-4a1f-ab2c-a941afea33d1#xywh=180,531,118,118",李俨撰文，欧阳通楷书,欧阳通（楷书）；李儇（撰文）,唐,龙朔三年十月十日刻立（663）,663,楷书,17A331,《翰墨瑰宝：上海图书馆藏珍本碑帖丛刊》第二辑,iiif_annotation_target_xywh,iiif_xywh
001_道因法师碑_p0024_c034,之,001_道因法师碑,道因法师碑,24,二十四,4,1,180,690,118,118,169,676,153,160,"[169, 676, 153, 160]",157,660,177,192,"[157, 660, 177, 192]",9975,text_constrained_column_cell_pixel_assignment,assets/page_images/001_道因法师碑/p0024.jpg,1,http://data.library.sh.cn/bt/resource/work/v1e0qbx3r5wp1uw4,http://iiif.library.sh.cn/api/viewer/17A331,https://iiif.library.sh.cn/p/3/02c55611-7427-4cd0-a2cd-a15b5ccbaa9c,https://iiif.library.sh.cn/c/3/b4c3082b-8569-4a1f-ab2c-a941afea33d1,1444,2221,https://iiif.library.sh.cn/c/3/b4c3082b-8569-4a1f-ab2c-a941afea33d1/ap/s,https://iiif.library.sh.cn/c/3/b4c3082b-8569-4a1f-ab2c-a941afea33d1/ap/c/a/2fafaa87-323b-48ac-8665-e13b120eed49,34,34,supplementing,"[180, 690, 118, 118]","[180, 690, 298, 808]","https://iiif.library.sh.cn/c/3/b4c3082b-8569-4a1f-ab2c-a941afea33d1#xywh=180,690,118,118",李俨撰文，欧阳通楷书,欧阳通（楷书）；李儇（撰文）,唐,龙朔三年十月十日刻立（663）,663,楷书,17A331,《翰墨瑰宝：上海图书馆藏珍本碑帖丛刊》第二辑,iiif_annotation_target_xywh,iiif_xywh
001_道因法师碑_p0024_c035,宗,001_道因法师碑,道因法师碑,24,二十四,4,2,180,877,118,118,169,849,153,173,"[169, 849, 153, 173]",157,832,177,207,"[157, 832, 177, 207]",10147,text_constrained_column_cell_pixel_assignment,assets/page_images/001_道因法师碑/p0024.jpg,1,http://data.library.sh.cn/bt/resource/work/v1e0qbx3r5wp1uw4,http://iiif.library.sh.cn/api/viewer/17A331,https://iiif.library.sh.cn/p/3/02c55611-7427-4cd0-a2cd-a15b5ccbaa9c,https://iiif.library.sh.cn/c/3/b4c3082b-8569-4a1f-ab2c-a941afea33d1,1444,2221,https://iiif.library.sh.cn/c/3/b4c3082b-8569-4a1f-ab2c-a941afea33d1/ap/s,https://iiif.library.sh.cn/c/3/b4c3082b-8569-4a1f-ab2c-a941afea33d1/ap/c/a/08060583-cb62-466b-a674-6ff0ba052180,35,35,supplementing,"[180, 877, 118, 118]","[180, 877, 298, 995]","https://iiif.library.sh.cn/c/3/b4c3082b-8569-4a1f-ab2c-a941afea33d1#xywh=180,877,118,118",李俨撰文，欧阳通楷书,欧阳通（楷书）；李儇（撰文）,唐,龙朔三年十月十日刻立（663）,663,楷书,17A331,《翰墨瑰宝：上海图书馆藏珍本碑帖丛刊》第二辑,iiif_annotation_target_xywh,iiif_xywh
001_道因法师碑_p0024_c036,照,001_道因法师碑,道因法师碑,24,二十四,4,3,180,1063,118,118,169,1035,153,160,"[169, 1035, 153, 160]",157,1019,177,192,"[157, 1019, 177, 192]",9395,text_constrained_column_cell_pixel_assignment,assets/page_images/001_道因法师碑/p0024.jpg,1,http://data.library.sh.cn/bt/resource/work/v1e0qbx3r5wp1uw4,http://iiif.library.sh.cn/api/viewer/17A331,https://iiif.library.sh.cn/p/3/02c55611-7427-4cd0-a2cd-a15b5ccbaa9c,https://iiif.library.sh.cn/c/3/b4c3082b-8569-4a1f-ab2c-a941afea33d1,1444,2221,https://iiif.library.sh.cn/c/3/b4c3082b-8569-4a1f-ab2c-a941afea33d1/ap/s,https://iiif.library.sh.cn/c/3/b4c3082b-8569-4a1f-ab2c-a941afea33d1/ap/c/a/a832aefc-c2aa-456c-b08a-757a2ae837ab,36,36,supplementing,"[180, 1063, 118, 118]","[180, 1063, 298, 1181]","https://iiif.library.sh.cn/c/3/b4c3082b-8569-4a1f-ab2c-a941afea33d1#xywh=180,1063,118,118",李俨撰文，欧阳通楷书,欧阳通（楷书）；李儇（撰文）,唐,龙朔三年十月十日刻立（663）,663,楷书,17A331,《翰墨瑰宝：上海图书馆藏珍本碑帖丛刊》第二辑,iiif_annotation_target_xywh,iiif_xywh
001_道因法师碑_p0024_c037,尽,001_道因法师碑,道因法师碑,24,二十四,4,4,180,1208,143,143,169,1207,153,173,"[169, 1207, 153, 173]",157,1190,177,207,"[157, 1190, 177, 207]",14186,text_constrained_column_cell_pixel_assignment,assets/page_images/001_道因法师碑/p0024.jpg,1,http://data.library.sh.cn/bt/resource/work/v1e0qbx3r5wp1uw4,http://iiif.library.sh.cn/api/viewer/17A331,https://iiif.library.sh.cn/p/3/02c55611-7427-4cd0-a2cd-a15b5ccbaa9c,https://iiif.library.sh.cn/c/3/b4c3082b-8569-4a1f-ab2c-a941afea33d1,1444,2221,https://iiif.library.sh.cn/c/3/b4c3082b-8569-4a1f-ab2c-a941afea33d1/ap/s,https://iiif.library.sh.cn/c/3/b4c3082b-8569-4a1f-ab2c-a941afea33d1/ap/c/a/2945546b-ea64-41eb-b757-72a999b5f21d,37,37,supplementing,"[180, 1208, 143, 143]","[180, 1208, 323, 1351]","https://iiif.library.sh.cn/c/3/b4c3082b-8569-4a1f-ab2c-a941afea33d1#xywh=180,1208,143,143",李俨撰文，欧阳通楷书,欧阳通（楷书）；李儇（撰文）,唐,龙朔三年十月十日刻立（663）,663,楷书,17A331,《翰墨瑰宝：上海图书馆藏珍本碑帖丛刊》第二辑,iiif_annotation_target_xywh,iiif_xywh
001_道因法师碑_p0024_c038,几,001_道因法师碑,道因法师碑,24,二十四,4,5,180,1423,143,143,169,1394,153,179,"[169, 1394, 153, 179]",157,1376,177,215,"[157, 1376, 177, 215]",10946,text_constrained_column_cell_pixel_assignment,assets/page_images/001_道因法师碑/p0024.jpg,1,http://data.library.sh.cn/bt/resource/work/v1e0qbx3r5wp1uw4,http://iiif.library.sh.cn/api/viewer/17A331,https://iiif.library.sh.cn/p/3/02c55611-7427-4cd0-a2cd-a15b5ccbaa9c,https://iiif.library.sh.cn/c/3/b4c3082b-8569-4a1f-ab2c-a941afea33d1,1444,2221,https://iiif.library.sh.cn/c/3/b4c3082b-8569-4a1f-ab2c-a941afea33d1/ap/s,https://iiif.library.sh.cn/c/3/b4c3082b-8569-4a1f-ab2c-a941afea33d1/ap/c/a/5c5ca412-0419-4b36-8a0c-7e1874c73476,38,38,supplementing,"[180, 1423, 143, 143]","[180, 1423, 323, 1566]","https://iiif.library.sh.cn/c/3/b4c3082b-8569-4a1f-ab2c-a941afea33d1#xywh=180,1423,143,143",李俨撰文，欧阳通楷书,欧阳通（楷书）；李儇（撰文）,唐,龙朔三年十月十日刻立（663）,663,楷书,17A331,《翰墨瑰宝：上海图书馆藏珍本碑帖丛刊》第二辑,iiif_annotation_target_xywh,iiif_xywh
001_道因法师碑_p0024_c039,初,001_道因法师碑,道因法师碑,24,二十四,4,6,180,1593,143,143,169,1585,153,154,"[169, 1585, 153, 154]",157,1570,177,184,"[157, 1570, 177, 184]",10908,text_constrained_column_cell_pixel_assignment,assets/page_images/001_道因法师碑/p0024.jpg,1,http://data.library.sh.cn/bt/resource/work/v1e0qbx3r5wp1uw4,http://iiif.library.sh.cn/api/viewer/17A331,https://iiif.library.sh.cn/p/3/02c55611-7427-4cd0-a2cd-a15b5ccbaa9c,https://iiif.library.sh.cn/c/3/b4c3082b-8569-4a1f-ab2c-a941afea33d1,1444,2221,https://iiif.library.sh.cn/c/3/b4c3082b-8569-4a1f-ab2c-a941afea33d1/ap/s,https://iiif.library.sh.cn/c/3/b4c3082b-8569-4a1f-ab2c-a941afea33d1/ap/c/a/64fcdb1f-92be-4fc7-96e5-3a103781daf9,39,39,supplementing,"[180, 1593, 143, 143]","[180, 1593, 323, 1736]","https://iiif.library.sh.cn/c/3/b4c3082b-8569-4a1f-ab2c-a941afea33d1#xywh=180,1593,143,143",李俨撰文，欧阳通楷书,欧阳通（楷书）；李儇（撰文）,唐,龙朔三年十月十日刻立（663）,663,楷书,17A331,《翰墨瑰宝：上海图书馆藏珍本碑帖丛刊》第二辑,iiif_annotation_target_xywh,iiif_xywh
001_道因法师碑_p0024_c040,言,001_道因法师碑,道因法师碑,24,二十四,4,7,180,1754,143,143,169,1751,153,149,"[169, 1751, 153, 149]",157,1736,177,179,"[157, 1736, 177, 179]",15095,text_constrained_column_cell_pixel_assignment,assets/page_images/001_道因法师碑/p0024.jpg,1,http://data.library.sh.cn/bt/resource/work/v1e0qbx3r5wp1uw4,http://iiif.library.sh.cn/api/viewer/17A331,https://iiif.library.sh.cn/p/3/02c55611-7427-4cd0-a2cd-a15b5ccbaa9c,https://iiif.library.sh.cn/c/3/b4c3082b-8569-4a1f-ab2c-a941afea33d1,1444,2221,https://iiif.library.sh.cn/c/3/b4c3082b-8569-4a1f-ab2c-a941afea33d1/ap/s,https://iiif.library.sh.cn/c/3/b4c3082b-8569-4a1f-ab2c-a941afea33d1/ap/c/a/9d1fcba3-6b51-4a9e-a272-0aaeff83541c,40,40,supplementing,"[180, 1754, 143, 143]","[180, 1754, 323, 1897]","https://iiif.library.sh.cn/c/3/b4c3082b-8569-4a1f-ab2c-a941afea33d1#xywh=180,1754,143,143",李俨撰文，欧阳通楷书,欧阳通（楷书）；李儇（撰文）,唐,龙朔三年十月十日刻立（663）,663,楷书,17A331,《翰墨瑰宝：上海图书馆藏珍本碑帖丛刊》第二辑,iiif_annotation_target_xywh,iiif_xywh
