glyph_id,char,work_id,work_title,canvas_index,canvas_label,bbox_x,bbox_y,bbox_w,bbox_h,bbox_xywh,cell_x,cell_y,cell_w,cell_h,cell_xywh,padded_x,padded_y,padded_w,padded_h,padded_xywh,refined_x,refined_y,refined_w,refined_h,refined_xywh,display_x,display_y,display_w,display_h,display_xywh,bbox_method,local_image,auto_col,auto_row,work_index,uri,viewer_url,manifest_url,canvas_id,canvas_width,canvas_height,annotation_page_url,annotation_id,annotation_index,order_in_page,motivation,bbox_xyxy,target,creator,contribution,temporal,temporal_value,year,script_form,shelf_mark,brief_source,source,quality
001_道因法师碑_p0005_c001,故,001_道因法师碑,道因法师碑,5,五,808,683,283,283,"[808, 683, 283, 283]",817,713,265,223,"[817, 713, 265, 223]",757,632,385,385,"[757, 632, 385, 385]",785,664,329,321,"[785, 664, 329, 321]",785,664,329,321,"[785, 664, 329, 321]",offline_local_binary_ring_bottom_guard,assets/page_images/001_道因法师碑/p0005.jpg,0,0,1,http://data.library.sh.cn/bt/resource/work/v1e0qbx3r5wp1uw4,http://iiif.library.sh.cn/api/viewer/17A331,https://iiif.library.sh.cn/p/3/02c55611-7427-4cd0-a2cd-a15b5ccbaa9c,https://iiif.library.sh.cn/c/3/8b03244a-3815-42c9-b4c1-61271a61f55b,1450,2228,https://iiif.library.sh.cn/c/3/8b03244a-3815-42c9-b4c1-61271a61f55b/ap/s,https://iiif.library.sh.cn/c/3/8b03244a-3815-42c9-b4c1-61271a61f55b/ap/c/a/73071e6b-c3ff-4509-b698-887f8d503004,1,1,supplementing,"[808, 683, 1091, 966]","https://iiif.library.sh.cn/c/3/8b03244a-3815-42c9-b4c1-61271a61f55b#xywh=808,683,283,283",李俨撰文，欧阳通楷书,欧阳通（楷书）；李儇（撰文）,唐,龙朔三年十月十日刻立（663）,663,楷书,17A331,《翰墨瑰宝：上海图书馆藏珍本碑帖丛刊》第二辑,iiif_annotation_target_xywh,iiif_xywh
001_道因法师碑_p0005_c002,大,001_道因法师碑,道因法师碑,5,五,808,926,283,283,"[808, 926, 283, 283]",817,957,265,255,"[817, 957, 265, 255]",757,875,385,385,"[757, 875, 385, 385]",785,901,329,367,"[785, 901, 329, 367]",785,901,329,367,"[785, 901, 329, 367]",offline_local_binary_ring_bottom_guard,assets/page_images/001_道因法师碑/p0005.jpg,0,1,1,http://data.library.sh.cn/bt/resource/work/v1e0qbx3r5wp1uw4,http://iiif.library.sh.cn/api/viewer/17A331,https://iiif.library.sh.cn/p/3/02c55611-7427-4cd0-a2cd-a15b5ccbaa9c,https://iiif.library.sh.cn/c/3/8b03244a-3815-42c9-b4c1-61271a61f55b,1450,2228,https://iiif.library.sh.cn/c/3/8b03244a-3815-42c9-b4c1-61271a61f55b/ap/s,https://iiif.library.sh.cn/c/3/8b03244a-3815-42c9-b4c1-61271a61f55b/ap/c/a/be9bc485-08a1-46ae-8da3-c9dca0a70f7f,2,2,supplementing,"[808, 926, 1091, 1209]","https://iiif.library.sh.cn/c/3/8b03244a-3815-42c9-b4c1-61271a61f55b#xywh=808,926,283,283",李俨撰文，欧阳通楷书,欧阳通（楷书）；李儇（撰文）,唐,龙朔三年十月十日刻立（663）,663,楷书,17A331,《翰墨瑰宝：上海图书馆藏珍本碑帖丛刊》第二辑,iiif_annotation_target_xywh,iiif_xywh
001_道因法师碑_p0005_c003,德,001_道因法师碑,道因法师碑,5,五,808,1238,283,283,"[808, 1238, 283, 283]",817,1236,265,281,"[817, 1236, 265, 281]",757,1187,385,385,"[757, 1187, 385, 385]",785,1178,329,401,"[785, 1178, 329, 401]",785,1178,329,401,"[785, 1178, 329, 401]",offline_local_binary_ring_bottom_guard,assets/page_images/001_道因法师碑/p0005.jpg,0,2,1,http://data.library.sh.cn/bt/resource/work/v1e0qbx3r5wp1uw4,http://iiif.library.sh.cn/api/viewer/17A331,https://iiif.library.sh.cn/p/3/02c55611-7427-4cd0-a2cd-a15b5ccbaa9c,https://iiif.library.sh.cn/c/3/8b03244a-3815-42c9-b4c1-61271a61f55b,1450,2228,https://iiif.library.sh.cn/c/3/8b03244a-3815-42c9-b4c1-61271a61f55b/ap/s,https://iiif.library.sh.cn/c/3/8b03244a-3815-42c9-b4c1-61271a61f55b/ap/c/a/df2c94de-7afa-4269-8f4e-12eb7fb074f6,3,3,supplementing,"[808, 1238, 1091, 1521]","https://iiif.library.sh.cn/c/3/8b03244a-3815-42c9-b4c1-61271a61f55b#xywh=808,1238,283,283",李俨撰文，欧阳通楷书,欧阳通（楷书）；李儇（撰文）,唐,龙朔三年十月十日刻立（663）,663,楷书,17A331,《翰墨瑰宝：上海图书馆藏珍本碑帖丛刊》第二辑,iiif_annotation_target_xywh,iiif_xywh
001_道因法师碑_p0005_c004,因,001_道因法师碑,道因法师碑,5,五,808,1537,283,283,"[808, 1537, 283, 283]",817,1541,265,275,"[817, 1541, 265, 275]",757,1486,385,385,"[757, 1486, 385, 385]",785,1480,329,396,"[785, 1480, 329, 396]",785,1480,329,396,"[785, 1480, 329, 396]",offline_local_binary_ring_bottom_guard,assets/page_images/001_道因法师碑/p0005.jpg,0,3,1,http://data.library.sh.cn/bt/resource/work/v1e0qbx3r5wp1uw4,http://iiif.library.sh.cn/api/viewer/17A331,https://iiif.library.sh.cn/p/3/02c55611-7427-4cd0-a2cd-a15b5ccbaa9c,https://iiif.library.sh.cn/c/3/8b03244a-3815-42c9-b4c1-61271a61f55b,1450,2228,https://iiif.library.sh.cn/c/3/8b03244a-3815-42c9-b4c1-61271a61f55b/ap/s,https://iiif.library.sh.cn/c/3/8b03244a-3815-42c9-b4c1-61271a61f55b/ap/c/a/d43ed0c1-6772-42cb-bf7d-85cc6ddc39b7,4,4,supplementing,"[808, 1537, 1091, 1820]","https://iiif.library.sh.cn/c/3/8b03244a-3815-42c9-b4c1-61271a61f55b#xywh=808,1537,283,283",李俨撰文，欧阳通楷书,欧阳通（楷书）；李儇（撰文）,唐,龙朔三年十月十日刻立（663）,663,楷书,17A331,《翰墨瑰宝：上海图书馆藏珍本碑帖丛刊》第二辑,iiif_annotation_target_xywh,iiif_xywh
001_道因法师碑_p0005_c005,法,001_道因法师碑,道因法师碑,5,五,549,697,225,225,"[549, 697, 225, 225]",529,709,265,201,"[529, 709, 265, 201]",508,656,306,306,"[508, 656, 306, 306]",497,665,329,289,"[497, 665, 329, 289]",497,665,329,289,"[497, 665, 329, 289]",offline_local_binary_ring_bottom_guard,assets/page_images/001_道因法师碑/p0005.jpg,1,0,1,http://data.library.sh.cn/bt/resource/work/v1e0qbx3r5wp1uw4,http://iiif.library.sh.cn/api/viewer/17A331,https://iiif.library.sh.cn/p/3/02c55611-7427-4cd0-a2cd-a15b5ccbaa9c,https://iiif.library.sh.cn/c/3/8b03244a-3815-42c9-b4c1-61271a61f55b,1450,2228,https://iiif.library.sh.cn/c/3/8b03244a-3815-42c9-b4c1-61271a61f55b/ap/s,https://iiif.library.sh.cn/c/3/8b03244a-3815-42c9-b4c1-61271a61f55b/ap/c/a/83a8c286-9dac-45b3-9322-7fdd78ebfedb,5,5,supplementing,"[549, 697, 774, 922]","https://iiif.library.sh.cn/c/3/8b03244a-3815-42c9-b4c1-61271a61f55b#xywh=549,697,225,225",李俨撰文，欧阳通楷书,欧阳通（楷书）；李儇（撰文）,唐,龙朔三年十月十日刻立（663）,663,楷书,17A331,《翰墨瑰宝：上海图书馆藏珍本碑帖丛刊》第二辑,iiif_annotation_target_xywh,iiif_xywh
001_道因法师碑_p0005_c006,师,001_道因法师碑,道因法师碑,5,五,549,916,225,225,"[549, 916, 225, 225]",529,929,265,224,"[529, 929, 265, 224]",508,876,306,306,"[508, 876, 306, 306]",497,880,329,322,"[497, 880, 329, 322]",497,880,329,322,"[497, 880, 329, 322]",offline_local_binary_ring_bottom_guard,assets/page_images/001_道因法师碑/p0005.jpg,1,1,1,http://data.library.sh.cn/bt/resource/work/v1e0qbx3r5wp1uw4,http://iiif.library.sh.cn/api/viewer/17A331,https://iiif.library.sh.cn/p/3/02c55611-7427-4cd0-a2cd-a15b5ccbaa9c,https://iiif.library.sh.cn/c/3/8b03244a-3815-42c9-b4c1-61271a61f55b,1450,2228,https://iiif.library.sh.cn/c/3/8b03244a-3815-42c9-b4c1-61271a61f55b/ap/s,https://iiif.library.sh.cn/c/3/8b03244a-3815-42c9-b4c1-61271a61f55b/ap/c/a/58ed1b59-a0c5-4dae-b2d5-6a2a82b93594,6,6,supplementing,"[549, 916, 774, 1141]","https://iiif.library.sh.cn/c/3/8b03244a-3815-42c9-b4c1-61271a61f55b#xywh=549,916,225,225",李俨撰文，欧阳通楷书,欧阳通（楷书）；李儇（撰文）,唐,龙朔三年十月十日刻立（663）,663,楷书,17A331,《翰墨瑰宝：上海图书馆藏珍本碑帖丛刊》第二辑,iiif_annotation_target_xywh,iiif_xywh
001_道因法师碑_p0005_c007,碑,001_道因法师碑,道因法师碑,5,五,549,1185,225,225,"[549, 1185, 225, 225]",529,1174,265,247,"[529, 1174, 265, 247]",508,1144,306,306,"[508, 1144, 306, 306]",497,1128,329,347,"[497, 1128, 329, 347]",497,1128,329,347,"[497, 1128, 329, 347]",offline_local_binary_ring_bottom_guard,assets/page_images/001_道因法师碑/p0005.jpg,1,2,1,http://data.library.sh.cn/bt/resource/work/v1e0qbx3r5wp1uw4,http://iiif.library.sh.cn/api/viewer/17A331,https://iiif.library.sh.cn/p/3/02c55611-7427-4cd0-a2cd-a15b5ccbaa9c,https://iiif.library.sh.cn/c/3/8b03244a-3815-42c9-b4c1-61271a61f55b,1450,2228,https://iiif.library.sh.cn/c/3/8b03244a-3815-42c9-b4c1-61271a61f55b/ap/s,https://iiif.library.sh.cn/c/3/8b03244a-3815-42c9-b4c1-61271a61f55b/ap/c/a/fdb076f6-0acf-441e-abf1-0a502b7fa844,7,7,supplementing,"[549, 1185, 774, 1410]","https://iiif.library.sh.cn/c/3/8b03244a-3815-42c9-b4c1-61271a61f55b#xywh=549,1185,225,225",李俨撰文，欧阳通楷书,欧阳通（楷书）；李儇（撰文）,唐,龙朔三年十月十日刻立（663）,663,楷书,17A331,《翰墨瑰宝：上海图书馆藏珍本碑帖丛刊》第二辑,iiif_annotation_target_xywh,iiif_xywh
001_道因法师碑_p0006_c001,大,001_道因法师碑,道因法师碑,6,六,836,534,148,148,"[836, 534, 148, 148]",831,550,158,116,"[831, 550, 158, 116]",809,507,202,202,"[809, 507, 202, 202]",812,524,196,168,"[812, 524, 196, 168]",812,524,196,168,"[812, 524, 196, 168]",offline_local_binary_ring_bottom_guard,assets/page_images/001_道因法师碑/p0006.jpg,0,0,1,http://data.library.sh.cn/bt/resource/work/v1e0qbx3r5wp1uw4,http://iiif.library.sh.cn/api/viewer/17A331,https://iiif.library.sh.cn/p/3/02c55611-7427-4cd0-a2cd-a15b5ccbaa9c,https://iiif.library.sh.cn/c/3/3c38db5e-7ee1-4618-8370-e0321ae2f75b,1436,2231,https://iiif.library.sh.cn/c/3/3c38db5e-7ee1-4618-8370-e0321ae2f75b/ap/s,https://iiif.library.sh.cn/c/3/3c38db5e-7ee1-4618-8370-e0321ae2f75b/ap/c/a/11d30791-1305-4af0-a224-fcbb42237e73,1,1,supplementing,"[836, 534, 984, 682]","https://iiif.library.sh.cn/c/3/3c38db5e-7ee1-4618-8370-e0321ae2f75b#xywh=836,534,148,148",李俨撰文，欧阳通楷书,欧阳通（楷书）；李儇（撰文）,唐,龙朔三年十月十日刻立（663）,663,楷书,17A331,《翰墨瑰宝：上海图书馆藏珍本碑帖丛刊》第二辑,iiif_annotation_target_xywh,iiif_xywh
001_道因法师碑_p0006_c002,唐,001_道因法师碑,道因法师碑,6,六,836,659,148,148,"[836, 659, 148, 148]",831,677,158,158,"[831, 677, 158, 158]",809,632,202,202,"[809, 632, 202, 202]",812,642,196,228,"[812, 642, 196, 228]",812,642,196,228,"[812, 642, 196, 228]",offline_local_binary_ring_bottom_guard,assets/page_images/001_道因法师碑/p0006.jpg,0,1,1,http://data.library.sh.cn/bt/resource/work/v1e0qbx3r5wp1uw4,http://iiif.library.sh.cn/api/viewer/17A331,https://iiif.library.sh.cn/p/3/02c55611-7427-4cd0-a2cd-a15b5ccbaa9c,https://iiif.library.sh.cn/c/3/3c38db5e-7ee1-4618-8370-e0321ae2f75b,1436,2231,https://iiif.library.sh.cn/c/3/3c38db5e-7ee1-4618-8370-e0321ae2f75b/ap/s,https://iiif.library.sh.cn/c/3/3c38db5e-7ee1-4618-8370-e0321ae2f75b/ap/c/a/a9242e1c-5c51-464e-8348-17079a0f3223,2,2,supplementing,"[836, 659, 984, 807]","https://iiif.library.sh.cn/c/3/3c38db5e-7ee1-4618-8370-e0321ae2f75b#xywh=836,659,148,148",李俨撰文，欧阳通楷书,欧阳通（楷书）；李儇（撰文）,唐,龙朔三年十月十日刻立（663）,663,楷书,17A331,《翰墨瑰宝：上海图书馆藏珍本碑帖丛刊》第二辑,iiif_annotation_target_xywh,iiif_xywh
001_道因法师碑_p0006_c003,故,001_道因法师碑,道因法师碑,6,六,836,876,148,148,"[836, 876, 148, 148]",831,849,158,182,"[831, 849, 158, 182]",809,849,202,202,"[809, 849, 202, 202]",812,819,196,252,"[812, 819, 196, 252]",812,819,196,252,"[812, 819, 196, 252]",offline_local_binary_ring_bottom_guard,assets/page_images/001_道因法师碑/p0006.jpg,0,2,1,http://data.library.sh.cn/bt/resource/work/v1e0qbx3r5wp1uw4,http://iiif.library.sh.cn/api/viewer/17A331,https://iiif.library.sh.cn/p/3/02c55611-7427-4cd0-a2cd-a15b5ccbaa9c,https://iiif.library.sh.cn/c/3/3c38db5e-7ee1-4618-8370-e0321ae2f75b,1436,2231,https://iiif.library.sh.cn/c/3/3c38db5e-7ee1-4618-8370-e0321ae2f75b/ap/s,https://iiif.library.sh.cn/c/3/3c38db5e-7ee1-4618-8370-e0321ae2f75b/ap/c/a/8ecfa53e-9db3-49a1-9646-92d141ed5ad1,3,3,supplementing,"[836, 876, 984, 1024]","https://iiif.library.sh.cn/c/3/3c38db5e-7ee1-4618-8370-e0321ae2f75b#xywh=836,876,148,148",李俨撰文，欧阳通楷书,欧阳通（楷书）；李儇（撰文）,唐,龙朔三年十月十日刻立（663）,663,楷书,17A331,《翰墨瑰宝：上海图书馆藏珍本碑帖丛刊》第二辑,iiif_annotation_target_xywh,iiif_xywh
001_道因法师碑_p0006_c004,翻,001_道因法师碑,道因法师碑,6,六,836,1053,148,148,"[836, 1053, 148, 148]",831,1046,158,171,"[831, 1046, 158, 171]",809,1026,202,202,"[809, 1026, 202, 202]",812,1016,196,239,"[812, 1016, 196, 239]",812,1016,196,239,"[812, 1016, 196, 239]",offline_local_binary_ring_bottom_guard,assets/page_images/001_道因法师碑/p0006.jpg,0,3,1,http://data.library.sh.cn/bt/resource/work/v1e0qbx3r5wp1uw4,http://iiif.library.sh.cn/api/viewer/17A331,https://iiif.library.sh.cn/p/3/02c55611-7427-4cd0-a2cd-a15b5ccbaa9c,https://iiif.library.sh.cn/c/3/3c38db5e-7ee1-4618-8370-e0321ae2f75b,1436,2231,https://iiif.library.sh.cn/c/3/3c38db5e-7ee1-4618-8370-e0321ae2f75b/ap/s,https://iiif.library.sh.cn/c/3/3c38db5e-7ee1-4618-8370-e0321ae2f75b/ap/c/a/d978ad94-55e7-40b0-bc61-12e81d372e1e,4,4,supplementing,"[836, 1053, 984, 1201]","https://iiif.library.sh.cn/c/3/3c38db5e-7ee1-4618-8370-e0321ae2f75b#xywh=836,1053,148,148",李俨撰文，欧阳通楷书,欧阳通（楷书）；李儇（撰文）,唐,龙朔三年十月十日刻立（663）,663,楷书,17A331,《翰墨瑰宝：上海图书馆藏珍本碑帖丛刊》第二辑,iiif_annotation_target_xywh,iiif_xywh
001_道因法师碑_p0006_c005,经,001_道因法师碑,道因法师碑,6,六,836,1247,148,148,"[836, 1247, 148, 148]",831,1231,158,165,"[831, 1231, 158, 165]",809,1220,202,202,"[809, 1220, 202, 202]",812,1201,196,231,"[812, 1201, 196, 231]",812,1201,196,231,"[812, 1201, 196, 231]",offline_local_binary_ring_bottom_guard,assets/page_images/001_道因法师碑/p0006.jpg,0,4,1,http://data.library.sh.cn/bt/resource/work/v1e0qbx3r5wp1uw4,http://iiif.library.sh.cn/api/viewer/17A331,https://iiif.library.sh.cn/p/3/02c55611-7427-4cd0-a2cd-a15b5ccbaa9c,https://iiif.library.sh.cn/c/3/3c38db5e-7ee1-4618-8370-e0321ae2f75b,1436,2231,https://iiif.library.sh.cn/c/3/3c38db5e-7ee1-4618-8370-e0321ae2f75b/ap/s,https://iiif.library.sh.cn/c/3/3c38db5e-7ee1-4618-8370-e0321ae2f75b/ap/c/a/819b3a9b-0865-4c64-a99e-92b7edbb9640,5,5,supplementing,"[836, 1247, 984, 1395]","https://iiif.library.sh.cn/c/3/3c38db5e-7ee1-4618-8370-e0321ae2f75b#xywh=836,1247,148,148",李俨撰文，欧阳通楷书,欧阳通（楷书）；李儇（撰文）,唐,龙朔三年十月十日刻立（663）,663,楷书,17A331,《翰墨瑰宝：上海图书馆藏珍本碑帖丛刊》第二辑,iiif_annotation_target_xywh,iiif_xywh
001_道因法师碑_p0006_c006,大,001_道因法师碑,道因法师碑,6,六,836,1411,148,148,"[836, 1411, 148, 148]",831,1411,158,176,"[831, 1411, 158, 176]",809,1384,202,202,"[809, 1384, 202, 202]",812,1381,196,245,"[812, 1381, 196, 245]",812,1381,196,245,"[812, 1381, 196, 245]",offline_local_binary_ring_bottom_guard,assets/page_images/001_道因法师碑/p0006.jpg,0,5,1,http://data.library.sh.cn/bt/resource/work/v1e0qbx3r5wp1uw4,http://iiif.library.sh.cn/api/viewer/17A331,https://iiif.library.sh.cn/p/3/02c55611-7427-4cd0-a2cd-a15b5ccbaa9c,https://iiif.library.sh.cn/c/3/3c38db5e-7ee1-4618-8370-e0321ae2f75b,1436,2231,https://iiif.library.sh.cn/c/3/3c38db5e-7ee1-4618-8370-e0321ae2f75b/ap/s,https://iiif.library.sh.cn/c/3/3c38db5e-7ee1-4618-8370-e0321ae2f75b/ap/c/a/44d82b92-6ffe-4ac3-bfef-40f26584b1c1,6,6,supplementing,"[836, 1411, 984, 1559]","https://iiif.library.sh.cn/c/3/3c38db5e-7ee1-4618-8370-e0321ae2f75b#xywh=836,1411,148,148",李俨撰文，欧阳通楷书,欧阳通（楷书）；李儇（撰文）,唐,龙朔三年十月十日刻立（663）,663,楷书,17A331,《翰墨瑰宝：上海图书馆藏珍本碑帖丛刊》第二辑,iiif_annotation_target_xywh,iiif_xywh
001_道因法师碑_p0006_c007,德,001_道因法师碑,道因法师碑,6,六,836,1631,148,148,"[836, 1631, 148, 148]",831,1603,158,186,"[831, 1603, 158, 186]",809,1604,202,202,"[809, 1604, 202, 202]",812,1573,196,257,"[812, 1573, 196, 257]",812,1573,196,257,"[812, 1573, 196, 257]",offline_local_binary_ring_bottom_guard,assets/page_images/001_道因法师碑/p0006.jpg,0,6,1,http://data.library.sh.cn/bt/resource/work/v1e0qbx3r5wp1uw4,http://iiif.library.sh.cn/api/viewer/17A331,https://iiif.library.sh.cn/p/3/02c55611-7427-4cd0-a2cd-a15b5ccbaa9c,https://iiif.library.sh.cn/c/3/3c38db5e-7ee1-4618-8370-e0321ae2f75b,1436,2231,https://iiif.library.sh.cn/c/3/3c38db5e-7ee1-4618-8370-e0321ae2f75b/ap/s,https://iiif.library.sh.cn/c/3/3c38db5e-7ee1-4618-8370-e0321ae2f75b/ap/c/a/62354618-a9d2-4c47-8656-7d066bf32109,7,7,supplementing,"[836, 1631, 984, 1779]","https://iiif.library.sh.cn/c/3/3c38db5e-7ee1-4618-8370-e0321ae2f75b#xywh=836,1631,148,148",李俨撰文，欧阳通楷书,欧阳通（楷书）；李儇（撰文）,唐,龙朔三年十月十日刻立（663）,663,楷书,17A331,《翰墨瑰宝：上海图书馆藏珍本碑帖丛刊》第二辑,iiif_annotation_target_xywh,iiif_xywh
001_道因法师碑_p0006_c008,益,001_道因法师碑,道因法师碑,6,六,836,1816,148,148,"[836, 1816, 148, 148]",831,1805,158,170,"[831, 1805, 158, 170]",809,1789,202,202,"[809, 1789, 202, 202]",812,1775,196,237,"[812, 1775, 196, 237]",812,1775,196,237,"[812, 1775, 196, 237]",offline_local_binary_ring_bottom_guard,assets/page_images/001_道因法师碑/p0006.jpg,0,7,1,http://data.library.sh.cn/bt/resource/work/v1e0qbx3r5wp1uw4,http://iiif.library.sh.cn/api/viewer/17A331,https://iiif.library.sh.cn/p/3/02c55611-7427-4cd0-a2cd-a15b5ccbaa9c,https://iiif.library.sh.cn/c/3/3c38db5e-7ee1-4618-8370-e0321ae2f75b,1436,2231,https://iiif.library.sh.cn/c/3/3c38db5e-7ee1-4618-8370-e0321ae2f75b/ap/s,https://iiif.library.sh.cn/c/3/3c38db5e-7ee1-4618-8370-e0321ae2f75b/ap/c/a/ade3a176-a804-437f-8dc6-efedcf100c85,8,8,supplementing,"[836, 1816, 984, 1964]","https://iiif.library.sh.cn/c/3/3c38db5e-7ee1-4618-8370-e0321ae2f75b#xywh=836,1816,148,148",李俨撰文，欧阳通楷书,欧阳通（楷书）；李儇（撰文）,唐,龙朔三年十月十日刻立（663）,663,楷书,17A331,《翰墨瑰宝：上海图书馆藏珍本碑帖丛刊》第二辑,iiif_annotation_target_xywh,iiif_xywh
001_道因法师碑_p0006_c009,州,001_道因法师碑,道因法师碑,6,六,673,544,130,130,"[673, 544, 130, 130]",669,540,149,138,"[669, 540, 149, 138]",650,521,176,176,"[650, 521, 176, 176]",651,513,185,195,"[651, 513, 185, 195]",651,513,185,195,"[651, 513, 185, 195]",offline_local_binary_ring_bottom_guard,assets/page_images/001_道因法师碑/p0006.jpg,1,0,1,http://data.library.sh.cn/bt/resource/work/v1e0qbx3r5wp1uw4,http://iiif.library.sh.cn/api/viewer/17A331,https://iiif.library.sh.cn/p/3/02c55611-7427-4cd0-a2cd-a15b5ccbaa9c,https://iiif.library.sh.cn/c/3/3c38db5e-7ee1-4618-8370-e0321ae2f75b,1436,2231,https://iiif.library.sh.cn/c/3/3c38db5e-7ee1-4618-8370-e0321ae2f75b/ap/s,https://iiif.library.sh.cn/c/3/3c38db5e-7ee1-4618-8370-e0321ae2f75b/ap/c/a/b6d8a8ab-a38f-44d9-95bf-d77b7d55bbf0,9,9,supplementing,"[673, 544, 803, 674]","https://iiif.library.sh.cn/c/3/3c38db5e-7ee1-4618-8370-e0321ae2f75b#xywh=673,544,130,130",李俨撰文，欧阳通楷书,欧阳通（楷书）；李儇（撰文）,唐,龙朔三年十月十日刻立（663）,663,楷书,17A331,《翰墨瑰宝：上海图书馆藏珍本碑帖丛刊》第二辑,iiif_annotation_target_xywh,iiif_xywh
001_道因法师碑_p0006_c010,多,001_道因法师碑,道因法师碑,6,六,673,695,130,130,"[673, 695, 130, 130]",669,691,149,152,"[669, 691, 149, 152]",650,672,176,176,"[650, 672, 176, 176]",651,664,185,212,"[651, 664, 185, 212]",651,664,185,212,"[651, 664, 185, 212]",offline_local_binary_ring_bottom_guard,assets/page_images/001_道因法师碑/p0006.jpg,1,1,1,http://data.library.sh.cn/bt/resource/work/v1e0qbx3r5wp1uw4,http://iiif.library.sh.cn/api/viewer/17A331,https://iiif.library.sh.cn/p/3/02c55611-7427-4cd0-a2cd-a15b5ccbaa9c,https://iiif.library.sh.cn/c/3/3c38db5e-7ee1-4618-8370-e0321ae2f75b,1436,2231,https://iiif.library.sh.cn/c/3/3c38db5e-7ee1-4618-8370-e0321ae2f75b/ap/s,https://iiif.library.sh.cn/c/3/3c38db5e-7ee1-4618-8370-e0321ae2f75b/ap/c/a/74b821b3-d00b-47e1-abe4-533f5fba0f01,10,10,supplementing,"[673, 695, 803, 825]","https://iiif.library.sh.cn/c/3/3c38db5e-7ee1-4618-8370-e0321ae2f75b#xywh=673,695,130,130",李俨撰文，欧阳通楷书,欧阳通（楷书）；李儇（撰文）,唐,龙朔三年十月十日刻立（663）,663,楷书,17A331,《翰墨瑰宝：上海图书馆藏珍本碑帖丛刊》第二辑,iiif_annotation_target_xywh,iiif_xywh
001_道因法师碑_p0006_c011,宝,001_道因法师碑,道因法师碑,6,六,673,874,130,130,"[673, 874, 130, 130]",669,856,149,161,"[669, 856, 149, 161]",650,851,176,176,"[650, 851, 176, 176]",651,829,185,223,"[651, 829, 185, 223]",651,829,185,223,"[651, 829, 185, 223]",offline_local_binary_ring_bottom_guard,assets/page_images/001_道因法师碑/p0006.jpg,1,2,1,http://data.library.sh.cn/bt/resource/work/v1e0qbx3r5wp1uw4,http://iiif.library.sh.cn/api/viewer/17A331,https://iiif.library.sh.cn/p/3/02c55611-7427-4cd0-a2cd-a15b5ccbaa9c,https://iiif.library.sh.cn/c/3/3c38db5e-7ee1-4618-8370-e0321ae2f75b,1436,2231,https://iiif.library.sh.cn/c/3/3c38db5e-7ee1-4618-8370-e0321ae2f75b/ap/s,https://iiif.library.sh.cn/c/3/3c38db5e-7ee1-4618-8370-e0321ae2f75b/ap/c/a/e1ce9e66-5606-4318-b636-ab7f124edb7e,11,11,supplementing,"[673, 874, 803, 1004]","https://iiif.library.sh.cn/c/3/3c38db5e-7ee1-4618-8370-e0321ae2f75b#xywh=673,874,130,130",李俨撰文，欧阳通楷书,欧阳通（楷书）；李儇（撰文）,唐,龙朔三年十月十日刻立（663）,663,楷书,17A331,《翰墨瑰宝：上海图书馆藏珍本碑帖丛刊》第二辑,iiif_annotation_target_xywh,iiif_xywh
001_道因法师碑_p0006_c012,寺,001_道因法师碑,道因法师碑,6,六,673,1043,130,130,"[673, 1043, 130, 130]",669,1031,149,164,"[669, 1031, 149, 164]",650,1020,176,176,"[650, 1020, 176, 176]",651,1004,185,227,"[651, 1004, 185, 227]",651,1004,185,227,"[651, 1004, 185, 227]",offline_local_binary_ring_bottom_guard,assets/page_images/001_道因法师碑/p0006.jpg,1,3,1,http://data.library.sh.cn/bt/resource/work/v1e0qbx3r5wp1uw4,http://iiif.library.sh.cn/api/viewer/17A331,https://iiif.library.sh.cn/p/3/02c55611-7427-4cd0-a2cd-a15b5ccbaa9c,https://iiif.library.sh.cn/c/3/3c38db5e-7ee1-4618-8370-e0321ae2f75b,1436,2231,https://iiif.library.sh.cn/c/3/3c38db5e-7ee1-4618-8370-e0321ae2f75b/ap/s,https://iiif.library.sh.cn/c/3/3c38db5e-7ee1-4618-8370-e0321ae2f75b/ap/c/a/29317c34-7373-402c-9713-9c4976ed7114,12,12,supplementing,"[673, 1043, 803, 1173]","https://iiif.library.sh.cn/c/3/3c38db5e-7ee1-4618-8370-e0321ae2f75b#xywh=673,1043,130,130",李俨撰文，欧阳通楷书,欧阳通（楷书）；李儇（撰文）,唐,龙朔三年十月十日刻立（663）,663,楷书,17A331,《翰墨瑰宝：上海图书馆藏珍本碑帖丛刊》第二辑,iiif_annotation_target_xywh,iiif_xywh
001_道因法师碑_p0006_c013,道,001_道因法师碑,道因法师碑,6,六,673,1232,130,130,"[673, 1232, 130, 130]",669,1210,149,166,"[669, 1210, 149, 166]",650,1209,176,176,"[650, 1209, 176, 176]",651,1183,185,230,"[651, 1183, 185, 230]",651,1183,185,230,"[651, 1183, 185, 230]",offline_local_binary_ring_bottom_guard,assets/page_images/001_道因法师碑/p0006.jpg,1,4,1,http://data.library.sh.cn/bt/resource/work/v1e0qbx3r5wp1uw4,http://iiif.library.sh.cn/api/viewer/17A331,https://iiif.library.sh.cn/p/3/02c55611-7427-4cd0-a2cd-a15b5ccbaa9c,https://iiif.library.sh.cn/c/3/3c38db5e-7ee1-4618-8370-e0321ae2f75b,1436,2231,https://iiif.library.sh.cn/c/3/3c38db5e-7ee1-4618-8370-e0321ae2f75b/ap/s,https://iiif.library.sh.cn/c/3/3c38db5e-7ee1-4618-8370-e0321ae2f75b/ap/c/a/083b1619-6766-47a4-9f63-ca607b67738e,13,13,supplementing,"[673, 1232, 803, 1362]","https://iiif.library.sh.cn/c/3/3c38db5e-7ee1-4618-8370-e0321ae2f75b#xywh=673,1232,130,130",李俨撰文，欧阳通楷书,欧阳通（楷书）；李儇（撰文）,唐,龙朔三年十月十日刻立（663）,663,楷书,17A331,《翰墨瑰宝：上海图书馆藏珍本碑帖丛刊》第二辑,iiif_annotation_target_xywh,iiif_xywh
001_道因法师碑_p0006_c014,因,001_道因法师碑,道因法师碑,6,六,673,1405,130,130,"[673, 1405, 130, 130]",669,1390,149,146,"[669, 1390, 149, 146]",650,1382,176,176,"[650, 1382, 176, 176]",651,1363,185,205,"[651, 1363, 185, 205]",651,1363,185,205,"[651, 1363, 185, 205]",offline_local_binary_ring_bottom_guard,assets/page_images/001_道因法师碑/p0006.jpg,1,5,1,http://data.library.sh.cn/bt/resource/work/v1e0qbx3r5wp1uw4,http://iiif.library.sh.cn/api/viewer/17A331,https://iiif.library.sh.cn/p/3/02c55611-7427-4cd0-a2cd-a15b5ccbaa9c,https://iiif.library.sh.cn/c/3/3c38db5e-7ee1-4618-8370-e0321ae2f75b,1436,2231,https://iiif.library.sh.cn/c/3/3c38db5e-7ee1-4618-8370-e0321ae2f75b/ap/s,https://iiif.library.sh.cn/c/3/3c38db5e-7ee1-4618-8370-e0321ae2f75b/ap/c/a/129b8cef-c720-4ff9-87b8-50569e5fe33f,14,14,supplementing,"[673, 1405, 803, 1535]","https://iiif.library.sh.cn/c/3/3c38db5e-7ee1-4618-8370-e0321ae2f75b#xywh=673,1405,130,130",李俨撰文，欧阳通楷书,欧阳通（楷书）；李儇（撰文）,唐,龙朔三年十月十日刻立（663）,663,楷书,17A331,《翰墨瑰宝：上海图书馆藏珍本碑帖丛刊》第二辑,iiif_annotation_target_xywh,iiif_xywh
001_道因法师碑_p0006_c015,法,001_道因法师碑,道因法师碑,6,六,673,1550,130,130,"[673, 1550, 130, 130]",669,1549,149,147,"[669, 1549, 149, 147]",650,1527,176,176,"[650, 1527, 176, 176]",651,1522,185,206,"[651, 1522, 185, 206]",651,1522,185,206,"[651, 1522, 185, 206]",offline_local_binary_ring_bottom_guard,assets/page_images/001_道因法师碑/p0006.jpg,1,6,1,http://data.library.sh.cn/bt/resource/work/v1e0qbx3r5wp1uw4,http://iiif.library.sh.cn/api/viewer/17A331,https://iiif.library.sh.cn/p/3/02c55611-7427-4cd0-a2cd-a15b5ccbaa9c,https://iiif.library.sh.cn/c/3/3c38db5e-7ee1-4618-8370-e0321ae2f75b,1436,2231,https://iiif.library.sh.cn/c/3/3c38db5e-7ee1-4618-8370-e0321ae2f75b/ap/s,https://iiif.library.sh.cn/c/3/3c38db5e-7ee1-4618-8370-e0321ae2f75b/ap/c/a/44f81650-5cb8-4be2-bcfb-0d69a4784486,15,15,supplementing,"[673, 1550, 803, 1680]","https://iiif.library.sh.cn/c/3/3c38db5e-7ee1-4618-8370-e0321ae2f75b#xywh=673,1550,130,130",李俨撰文，欧阳通楷书,欧阳通（楷书）；李儇（撰文）,唐,龙朔三年十月十日刻立（663）,663,楷书,17A331,《翰墨瑰宝：上海图书馆藏珍本碑帖丛刊》第二辑,iiif_annotation_target_xywh,iiif_xywh
001_道因法师碑_p0006_c016,师,001_道因法师碑,道因法师碑,6,六,673,1725,130,130,"[673, 1725, 130, 130]",669,1710,149,160,"[669, 1710, 149, 160]",650,1702,176,176,"[650, 1702, 176, 176]",651,1689,185,216,"[651, 1689, 185, 216]",651,1689,185,216,"[651, 1689, 185, 216]",offline_local_binary_ring_bottom_guard,assets/page_images/001_道因法师碑/p0006.jpg,1,7,1,http://data.library.sh.cn/bt/resource/work/v1e0qbx3r5wp1uw4,http://iiif.library.sh.cn/api/viewer/17A331,https://iiif.library.sh.cn/p/3/02c55611-7427-4cd0-a2cd-a15b5ccbaa9c,https://iiif.library.sh.cn/c/3/3c38db5e-7ee1-4618-8370-e0321ae2f75b,1436,2231,https://iiif.library.sh.cn/c/3/3c38db5e-7ee1-4618-8370-e0321ae2f75b/ap/s,https://iiif.library.sh.cn/c/3/3c38db5e-7ee1-4618-8370-e0321ae2f75b/ap/c/a/a82fe331-4f3c-491b-9420-9b394dbab4e9,16,16,supplementing,"[673, 1725, 803, 1855]","https://iiif.library.sh.cn/c/3/3c38db5e-7ee1-4618-8370-e0321ae2f75b#xywh=673,1725,130,130",李俨撰文，欧阳通楷书,欧阳通（楷书）；李儇（撰文）,唐,龙朔三年十月十日刻立（663）,663,楷书,17A331,《翰墨瑰宝：上海图书馆藏珍本碑帖丛刊》第二辑,iiif_annotation_target_xywh,iiif_xywh
001_道因法师碑_p0006_c017,碑,001_道因法师碑,道因法师碑,6,六,510,542,156,156,"[510, 542, 156, 156]",505,551,151,138,"[505, 551, 151, 138]",482,514,212,212,"[482, 514, 212, 212]",487,521,187,198,"[487, 521, 187, 198]",487,521,187,198,"[487, 521, 187, 198]",offline_local_binary_ring_bottom_guard,assets/page_images/001_道因法师碑/p0006.jpg,2,0,1,http://data.library.sh.cn/bt/resource/work/v1e0qbx3r5wp1uw4,http://iiif.library.sh.cn/api/viewer/17A331,https://iiif.library.sh.cn/p/3/02c55611-7427-4cd0-a2cd-a15b5ccbaa9c,https://iiif.library.sh.cn/c/3/3c38db5e-7ee1-4618-8370-e0321ae2f75b,1436,2231,https://iiif.library.sh.cn/c/3/3c38db5e-7ee1-4618-8370-e0321ae2f75b/ap/s,https://iiif.library.sh.cn/c/3/3c38db5e-7ee1-4618-8370-e0321ae2f75b/ap/c/a/aeb4bf5c-100a-419d-aab9-30da421eca34,17,17,supplementing,"[510, 542, 666, 698]","https://iiif.library.sh.cn/c/3/3c38db5e-7ee1-4618-8370-e0321ae2f75b#xywh=510,542,156,156",李俨撰文，欧阳通楷书,欧阳通（楷书）；李儇（撰文）,唐,龙朔三年十月十日刻立（663）,663,楷书,17A331,《翰墨瑰宝：上海图书馆藏珍本碑帖丛刊》第二辑,iiif_annotation_target_xywh,iiif_xywh
001_道因法师碑_p0006_c018,文,001_道因法师碑,道因法师碑,6,六,510,691,156,156,"[510, 691, 156, 156]",505,701,151,143,"[505, 701, 151, 143]",482,663,212,212,"[482, 663, 212, 212]",487,670,187,205,"[487, 670, 187, 205]",487,670,187,205,"[487, 670, 187, 205]",offline_local_binary_ring_bottom_guard,assets/page_images/001_道因法师碑/p0006.jpg,2,1,1,http://data.library.sh.cn/bt/resource/work/v1e0qbx3r5wp1uw4,http://iiif.library.sh.cn/api/viewer/17A331,https://iiif.library.sh.cn/p/3/02c55611-7427-4cd0-a2cd-a15b5ccbaa9c,https://iiif.library.sh.cn/c/3/3c38db5e-7ee1-4618-8370-e0321ae2f75b,1436,2231,https://iiif.library.sh.cn/c/3/3c38db5e-7ee1-4618-8370-e0321ae2f75b/ap/s,https://iiif.library.sh.cn/c/3/3c38db5e-7ee1-4618-8370-e0321ae2f75b/ap/c/a/e41ca696-3087-472f-91c6-7e7bffeb1981,18,18,supplementing,"[510, 691, 666, 847]","https://iiif.library.sh.cn/c/3/3c38db5e-7ee1-4618-8370-e0321ae2f75b#xywh=510,691,156,156",李俨撰文，欧阳通楷书,欧阳通（楷书）；李儇（撰文）,唐,龙朔三年十月十日刻立（663）,663,楷书,17A331,《翰墨瑰宝：上海图书馆藏珍本碑帖丛刊》第二辑,iiif_annotation_target_xywh,iiif_xywh
001_道因法师碑_p0006_c019,并,001_道因法师碑,道因法师碑,6,六,510,854,156,156,"[510, 854, 156, 156]",505,857,151,159,"[505, 857, 151, 159]",482,826,212,212,"[482, 826, 212, 212]",487,822,187,229,"[487, 822, 187, 229]",487,822,187,229,"[487, 822, 187, 229]",offline_local_binary_ring_bottom_guard,assets/page_images/001_道因法师碑/p0006.jpg,2,2,1,http://data.library.sh.cn/bt/resource/work/v1e0qbx3r5wp1uw4,http://iiif.library.sh.cn/api/viewer/17A331,https://iiif.library.sh.cn/p/3/02c55611-7427-4cd0-a2cd-a15b5ccbaa9c,https://iiif.library.sh.cn/c/3/3c38db5e-7ee1-4618-8370-e0321ae2f75b,1436,2231,https://iiif.library.sh.cn/c/3/3c38db5e-7ee1-4618-8370-e0321ae2f75b/ap/s,https://iiif.library.sh.cn/c/3/3c38db5e-7ee1-4618-8370-e0321ae2f75b/ap/c/a/4bf02a25-8a03-446b-baba-866e079ebb04,19,19,supplementing,"[510, 854, 666, 1010]","https://iiif.library.sh.cn/c/3/3c38db5e-7ee1-4618-8370-e0321ae2f75b#xywh=510,854,156,156",李俨撰文，欧阳通楷书,欧阳通（楷书）；李儇（撰文）,唐,龙朔三年十月十日刻立（663）,663,楷书,17A331,《翰墨瑰宝：上海图书馆藏珍本碑帖丛刊》第二辑,iiif_annotation_target_xywh,iiif_xywh
001_道因法师碑_p0006_c020,序,001_道因法师碑,道因法师碑,6,六,510,1035,156,156,"[510, 1035, 156, 156]",505,1030,151,166,"[505, 1030, 151, 166]",482,1007,212,212,"[482, 1007, 212, 212]",487,998,187,235,"[487, 998, 187, 235]",487,998,187,235,"[487, 998, 187, 235]",offline_local_binary_ring_bottom_guard,assets/page_images/001_道因法师碑/p0006.jpg,2,3,1,http://data.library.sh.cn/bt/resource/work/v1e0qbx3r5wp1uw4,http://iiif.library.sh.cn/api/viewer/17A331,https://iiif.library.sh.cn/p/3/02c55611-7427-4cd0-a2cd-a15b5ccbaa9c,https://iiif.library.sh.cn/c/3/3c38db5e-7ee1-4618-8370-e0321ae2f75b,1436,2231,https://iiif.library.sh.cn/c/3/3c38db5e-7ee1-4618-8370-e0321ae2f75b/ap/s,https://iiif.library.sh.cn/c/3/3c38db5e-7ee1-4618-8370-e0321ae2f75b/ap/c/a/7a73470c-bf23-4f83-a1d1-edfaea6c23d6,20,20,supplementing,"[510, 1035, 666, 1191]","https://iiif.library.sh.cn/c/3/3c38db5e-7ee1-4618-8370-e0321ae2f75b#xywh=510,1035,156,156",李俨撰文，欧阳通楷书,欧阳通（楷书）；李儇（撰文）,唐,龙朔三年十月十日刻立（663）,663,楷书,17A331,《翰墨瑰宝：上海图书馆藏珍本碑帖丛刊》第二辑,iiif_annotation_target_xywh,iiif_xywh
001_道因法师碑_p0006_c021,中,001_道因法师碑,道因法师碑,6,六,345,672,126,126,"[345, 672, 126, 126]",325,656,166,158,"[325, 656, 166, 158]",322,649,172,172,"[322, 649, 172, 172]",305,630,206,219,"[305, 630, 206, 219]",305,630,206,219,"[305, 630, 206, 219]",offline_local_binary_ring_bottom_guard,assets/page_images/001_道因法师碑/p0006.jpg,3,0,1,http://data.library.sh.cn/bt/resource/work/v1e0qbx3r5wp1uw4,http://iiif.library.sh.cn/api/viewer/17A331,https://iiif.library.sh.cn/p/3/02c55611-7427-4cd0-a2cd-a15b5ccbaa9c,https://iiif.library.sh.cn/c/3/3c38db5e-7ee1-4618-8370-e0321ae2f75b,1436,2231,https://iiif.library.sh.cn/c/3/3c38db5e-7ee1-4618-8370-e0321ae2f75b/ap/s,https://iiif.library.sh.cn/c/3/3c38db5e-7ee1-4618-8370-e0321ae2f75b/ap/c/a/8c6d3261-2bf4-4398-92a2-b77cb06822c1,21,21,supplementing,"[345, 672, 471, 798]","https://iiif.library.sh.cn/c/3/3c38db5e-7ee1-4618-8370-e0321ae2f75b#xywh=345,672,126,126",李俨撰文，欧阳通楷书,欧阳通（楷书）；李儇（撰文）,唐,龙朔三年十月十日刻立（663）,663,楷书,17A331,《翰墨瑰宝：上海图书馆藏珍本碑帖丛刊》第二辑,iiif_annotation_target_xywh,iiif_xywh
001_道因法师碑_p0006_c022,台,001_道因法师碑,道因法师碑,6,六,345,844,126,126,"[345, 844, 126, 126]",325,829,166,180,"[325, 829, 166, 180]",322,821,172,172,"[322, 821, 172, 172]",305,803,206,246,"[305, 803, 206, 246]",305,803,206,246,"[305, 803, 206, 246]",offline_local_binary_ring_bottom_guard,assets/page_images/001_道因法师碑/p0006.jpg,3,1,1,http://data.library.sh.cn/bt/resource/work/v1e0qbx3r5wp1uw4,http://iiif.library.sh.cn/api/viewer/17A331,https://iiif.library.sh.cn/p/3/02c55611-7427-4cd0-a2cd-a15b5ccbaa9c,https://iiif.library.sh.cn/c/3/3c38db5e-7ee1-4618-8370-e0321ae2f75b,1436,2231,https://iiif.library.sh.cn/c/3/3c38db5e-7ee1-4618-8370-e0321ae2f75b/ap/s,https://iiif.library.sh.cn/c/3/3c38db5e-7ee1-4618-8370-e0321ae2f75b/ap/c/a/4297c48f-655d-4a89-9d50-6ed1c639f691,22,22,supplementing,"[345, 844, 471, 970]","https://iiif.library.sh.cn/c/3/3c38db5e-7ee1-4618-8370-e0321ae2f75b#xywh=345,844,126,126",李俨撰文，欧阳通楷书,欧阳通（楷书）；李儇（撰文）,唐,龙朔三年十月十日刻立（663）,663,楷书,17A331,《翰墨瑰宝：上海图书馆藏珍本碑帖丛刊》第二辑,iiif_annotation_target_xywh,iiif_xywh
001_道因法师碑_p0006_c023,司,001_道因法师碑,道因法师碑,6,六,345,1064,126,126,"[345, 1064, 126, 126]",325,1024,166,161,"[325, 1024, 166, 161]",322,1041,172,172,"[322, 1041, 172, 172]",305,998,206,222,"[305, 998, 206, 222]",305,998,206,222,"[305, 998, 206, 222]",offline_local_binary_ring_bottom_guard,assets/page_images/001_道因法师碑/p0006.jpg,3,2,1,http://data.library.sh.cn/bt/resource/work/v1e0qbx3r5wp1uw4,http://iiif.library.sh.cn/api/viewer/17A331,https://iiif.library.sh.cn/p/3/02c55611-7427-4cd0-a2cd-a15b5ccbaa9c,https://iiif.library.sh.cn/c/3/3c38db5e-7ee1-4618-8370-e0321ae2f75b,1436,2231,https://iiif.library.sh.cn/c/3/3c38db5e-7ee1-4618-8370-e0321ae2f75b/ap/s,https://iiif.library.sh.cn/c/3/3c38db5e-7ee1-4618-8370-e0321ae2f75b/ap/c/a/bfc41896-703f-4d09-8a3f-60499bb07b12,23,23,supplementing,"[345, 1064, 471, 1190]","https://iiif.library.sh.cn/c/3/3c38db5e-7ee1-4618-8370-e0321ae2f75b#xywh=345,1064,126,126",李俨撰文，欧阳通楷书,欧阳通（楷书）；李儇（撰文）,唐,龙朔三年十月十日刻立（663）,663,楷书,17A331,《翰墨瑰宝：上海图书馆藏珍本碑帖丛刊》第二辑,iiif_annotation_target_xywh,iiif_xywh
001_道因法师碑_p0006_c024,藩,001_道因法师碑,道因法师碑,6,六,345,1194,126,126,"[345, 1194, 126, 126]",325,1198,166,142,"[325, 1198, 166, 142]",322,1171,172,172,"[322, 1171, 172, 172]",305,1168,206,203,"[305, 1168, 206, 203]",305,1168,206,203,"[305, 1168, 206, 203]",offline_local_binary_ring_bottom_guard,assets/page_images/001_道因法师碑/p0006.jpg,3,3,1,http://data.library.sh.cn/bt/resource/work/v1e0qbx3r5wp1uw4,http://iiif.library.sh.cn/api/viewer/17A331,https://iiif.library.sh.cn/p/3/02c55611-7427-4cd0-a2cd-a15b5ccbaa9c,https://iiif.library.sh.cn/c/3/3c38db5e-7ee1-4618-8370-e0321ae2f75b,1436,2231,https://iiif.library.sh.cn/c/3/3c38db5e-7ee1-4618-8370-e0321ae2f75b/ap/s,https://iiif.library.sh.cn/c/3/3c38db5e-7ee1-4618-8370-e0321ae2f75b/ap/c/a/33b99250-3cfa-45da-8501-69f2a3afec77,24,24,supplementing,"[345, 1194, 471, 1320]","https://iiif.library.sh.cn/c/3/3c38db5e-7ee1-4618-8370-e0321ae2f75b#xywh=345,1194,126,126",李俨撰文，欧阳通楷书,欧阳通（楷书）；李儇（撰文）,唐,龙朔三年十月十日刻立（663）,663,楷书,17A331,《翰墨瑰宝：上海图书馆藏珍本碑帖丛刊》第二辑,iiif_annotation_target_xywh,iiif_xywh
001_道因法师碑_p0006_c025,大,001_道因法师碑,道因法师碑,6,六,345,1373,126,126,"[345, 1373, 126, 126]",325,1354,166,172,"[325, 1354, 166, 172]",322,1350,172,172,"[322, 1350, 172, 172]",305,1328,206,236,"[305, 1328, 206, 236]",305,1328,206,236,"[305, 1328, 206, 236]",offline_local_binary_ring_bottom_guard,assets/page_images/001_道因法师碑/p0006.jpg,3,4,1,http://data.library.sh.cn/bt/resource/work/v1e0qbx3r5wp1uw4,http://iiif.library.sh.cn/api/viewer/17A331,https://iiif.library.sh.cn/p/3/02c55611-7427-4cd0-a2cd-a15b5ccbaa9c,https://iiif.library.sh.cn/c/3/3c38db5e-7ee1-4618-8370-e0321ae2f75b,1436,2231,https://iiif.library.sh.cn/c/3/3c38db5e-7ee1-4618-8370-e0321ae2f75b/ap/s,https://iiif.library.sh.cn/c/3/3c38db5e-7ee1-4618-8370-e0321ae2f75b/ap/c/a/d8158779-c840-4531-a4ba-017240554b90,25,25,supplementing,"[345, 1373, 471, 1499]","https://iiif.library.sh.cn/c/3/3c38db5e-7ee1-4618-8370-e0321ae2f75b#xywh=345,1373,126,126",李俨撰文，欧阳通楷书,欧阳通（楷书）；李儇（撰文）,唐,龙朔三年十月十日刻立（663）,663,楷书,17A331,《翰墨瑰宝：上海图书馆藏珍本碑帖丛刊》第二辑,iiif_annotation_target_xywh,iiif_xywh
001_道因法师碑_p0006_c026,夫,001_道因法师碑,道因法师碑,6,六,345,1568,126,126,"[345, 1568, 126, 126]",325,1541,166,184,"[325, 1541, 166, 184]",322,1545,172,172,"[322, 1545, 172, 172]",305,1515,206,250,"[305, 1515, 206, 250]",305,1515,206,250,"[305, 1515, 206, 250]",offline_local_binary_ring_bottom_guard,assets/page_images/001_道因法师碑/p0006.jpg,3,5,1,http://data.library.sh.cn/bt/resource/work/v1e0qbx3r5wp1uw4,http://iiif.library.sh.cn/api/viewer/17A331,https://iiif.library.sh.cn/p/3/02c55611-7427-4cd0-a2cd-a15b5ccbaa9c,https://iiif.library.sh.cn/c/3/3c38db5e-7ee1-4618-8370-e0321ae2f75b,1436,2231,https://iiif.library.sh.cn/c/3/3c38db5e-7ee1-4618-8370-e0321ae2f75b/ap/s,https://iiif.library.sh.cn/c/3/3c38db5e-7ee1-4618-8370-e0321ae2f75b/ap/c/a/e05743f8-50cb-4b42-8ba7-62f113932847,26,26,supplementing,"[345, 1568, 471, 1694]","https://iiif.library.sh.cn/c/3/3c38db5e-7ee1-4618-8370-e0321ae2f75b#xywh=345,1568,126,126",李俨撰文，欧阳通楷书,欧阳通（楷书）；李儇（撰文）,唐,龙朔三年十月十日刻立（663）,663,楷书,17A331,《翰墨瑰宝：上海图书馆藏珍本碑帖丛刊》第二辑,iiif_annotation_target_xywh,iiif_xywh
001_道因法师碑_p0006_c027,陇,001_道因法师碑,道因法师碑,6,六,345,1771,126,126,"[345, 1771, 126, 126]",325,1741,166,186,"[325, 1741, 166, 186]",322,1748,172,172,"[322, 1748, 172, 172]",305,1715,206,253,"[305, 1715, 206, 253]",305,1715,206,253,"[305, 1715, 206, 253]",offline_local_binary_ring_bottom_guard,assets/page_images/001_道因法师碑/p0006.jpg,3,6,1,http://data.library.sh.cn/bt/resource/work/v1e0qbx3r5wp1uw4,http://iiif.library.sh.cn/api/viewer/17A331,https://iiif.library.sh.cn/p/3/02c55611-7427-4cd0-a2cd-a15b5ccbaa9c,https://iiif.library.sh.cn/c/3/3c38db5e-7ee1-4618-8370-e0321ae2f75b,1436,2231,https://iiif.library.sh.cn/c/3/3c38db5e-7ee1-4618-8370-e0321ae2f75b/ap/s,https://iiif.library.sh.cn/c/3/3c38db5e-7ee1-4618-8370-e0321ae2f75b/ap/c/a/eef884a6-f16b-4ca3-8a81-fdac0ed506c4,27,27,supplementing,"[345, 1771, 471, 1897]","https://iiif.library.sh.cn/c/3/3c38db5e-7ee1-4618-8370-e0321ae2f75b#xywh=345,1771,126,126",李俨撰文，欧阳通楷书,欧阳通（楷书）；李儇（撰文）,唐,龙朔三年十月十日刻立（663）,663,楷书,17A331,《翰墨瑰宝：上海图书馆藏珍本碑帖丛刊》第二辑,iiif_annotation_target_xywh,iiif_xywh
001_道因法师碑_p0006_c028,西,001_道因法师碑,道因法师碑,6,六,154,680,146,146,"[154, 680, 146, 146]",144,677,166,152,"[144, 677, 166, 152]",128,654,198,198,"[128, 654, 198, 198]",124,647,206,215,"[124, 647, 206, 215]",124,647,206,215,"[124, 647, 206, 215]",offline_local_binary_ring_bottom_guard,assets/page_images/001_道因法师碑/p0006.jpg,4,0,1,http://data.library.sh.cn/bt/resource/work/v1e0qbx3r5wp1uw4,http://iiif.library.sh.cn/api/viewer/17A331,https://iiif.library.sh.cn/p/3/02c55611-7427-4cd0-a2cd-a15b5ccbaa9c,https://iiif.library.sh.cn/c/3/3c38db5e-7ee1-4618-8370-e0321ae2f75b,1436,2231,https://iiif.library.sh.cn/c/3/3c38db5e-7ee1-4618-8370-e0321ae2f75b/ap/s,https://iiif.library.sh.cn/c/3/3c38db5e-7ee1-4618-8370-e0321ae2f75b/ap/c/a/e08a01ef-3948-4e18-9310-9b03baf45915,28,28,supplementing,"[154, 680, 300, 826]","https://iiif.library.sh.cn/c/3/3c38db5e-7ee1-4618-8370-e0321ae2f75b#xywh=154,680,146,146",李俨撰文，欧阳通楷书,欧阳通（楷书）；李儇（撰文）,唐,龙朔三年十月十日刻立（663）,663,楷书,17A331,《翰墨瑰宝：上海图书馆藏珍本碑帖丛刊》第二辑,iiif_annotation_target_xywh,iiif_xywh
001_道因法师碑_p0006_c029,李,001_道因法师碑,道因法师碑,6,六,154,846,146,146,"[154, 846, 146, 146]",144,844,166,172,"[144, 844, 166, 172]",128,820,198,198,"[128, 820, 198, 198]",124,814,206,240,"[124, 814, 206, 240]",124,814,206,240,"[124, 814, 206, 240]",offline_local_binary_ring_bottom_guard,assets/page_images/001_道因法师碑/p0006.jpg,4,1,1,http://data.library.sh.cn/bt/resource/work/v1e0qbx3r5wp1uw4,http://iiif.library.sh.cn/api/viewer/17A331,https://iiif.library.sh.cn/p/3/02c55611-7427-4cd0-a2cd-a15b5ccbaa9c,https://iiif.library.sh.cn/c/3/3c38db5e-7ee1-4618-8370-e0321ae2f75b,1436,2231,https://iiif.library.sh.cn/c/3/3c38db5e-7ee1-4618-8370-e0321ae2f75b/ap/s,https://iiif.library.sh.cn/c/3/3c38db5e-7ee1-4618-8370-e0321ae2f75b/ap/c/a/1d0bbf45-1910-4266-b2b1-689de442ab49,29,29,supplementing,"[154, 846, 300, 992]","https://iiif.library.sh.cn/c/3/3c38db5e-7ee1-4618-8370-e0321ae2f75b#xywh=154,846,146,146",李俨撰文，欧阳通楷书,欧阳通（楷书）；李儇（撰文）,唐,龙朔三年十月十日刻立（663）,663,楷书,17A331,《翰墨瑰宝：上海图书馆藏珍本碑帖丛刊》第二辑,iiif_annotation_target_xywh,iiif_xywh
001_道因法师碑_p0006_c030,俨,001_道因法师碑,道因法师碑,6,六,154,1055,146,146,"[154, 1055, 146, 146]",144,1031,166,177,"[144, 1031, 166, 177]",128,1029,198,198,"[128, 1029, 198, 198]",124,1001,206,246,"[124, 1001, 206, 246]",124,1001,206,246,"[124, 1001, 206, 246]",offline_local_binary_ring_bottom_guard,assets/page_images/001_道因法师碑/p0006.jpg,4,2,1,http://data.library.sh.cn/bt/resource/work/v1e0qbx3r5wp1uw4,http://iiif.library.sh.cn/api/viewer/17A331,https://iiif.library.sh.cn/p/3/02c55611-7427-4cd0-a2cd-a15b5ccbaa9c,https://iiif.library.sh.cn/c/3/3c38db5e-7ee1-4618-8370-e0321ae2f75b,1436,2231,https://iiif.library.sh.cn/c/3/3c38db5e-7ee1-4618-8370-e0321ae2f75b/ap/s,https://iiif.library.sh.cn/c/3/3c38db5e-7ee1-4618-8370-e0321ae2f75b/ap/c/a/2eb6f71c-b1d1-4310-bbc4-e15bc5e5cb5b,30,30,supplementing,"[154, 1055, 300, 1201]","https://iiif.library.sh.cn/c/3/3c38db5e-7ee1-4618-8370-e0321ae2f75b#xywh=154,1055,146,146",李俨撰文，欧阳通楷书,欧阳通（楷书）；李儇（撰文）,唐,龙朔三年十月十日刻立（663）,663,楷书,17A331,《翰墨瑰宝：上海图书馆藏珍本碑帖丛刊》第二辑,iiif_annotation_target_xywh,iiif_xywh
001_道因法师碑_p0006_c031,字,001_道因法师碑,道因法师碑,6,六,154,1230,146,146,"[154, 1230, 146, 146]",144,1223,166,169,"[144, 1223, 166, 169]",128,1204,198,198,"[128, 1204, 198, 198]",124,1193,206,236,"[124, 1193, 206, 236]",124,1193,206,236,"[124, 1193, 206, 236]",offline_local_binary_ring_bottom_guard,assets/page_images/001_道因法师碑/p0006.jpg,4,3,1,http://data.library.sh.cn/bt/resource/work/v1e0qbx3r5wp1uw4,http://iiif.library.sh.cn/api/viewer/17A331,https://iiif.library.sh.cn/p/3/02c55611-7427-4cd0-a2cd-a15b5ccbaa9c,https://iiif.library.sh.cn/c/3/3c38db5e-7ee1-4618-8370-e0321ae2f75b,1436,2231,https://iiif.library.sh.cn/c/3/3c38db5e-7ee1-4618-8370-e0321ae2f75b/ap/s,https://iiif.library.sh.cn/c/3/3c38db5e-7ee1-4618-8370-e0321ae2f75b/ap/c/a/89627b2e-d27f-4754-aa99-c308353bbe65,31,31,supplementing,"[154, 1230, 300, 1376]","https://iiif.library.sh.cn/c/3/3c38db5e-7ee1-4618-8370-e0321ae2f75b#xywh=154,1230,146,146",李俨撰文，欧阳通楷书,欧阳通（楷书）；李儇（撰文）,唐,龙朔三年十月十日刻立（663）,663,楷书,17A331,《翰墨瑰宝：上海图书馆藏珍本碑帖丛刊》第二辑,iiif_annotation_target_xywh,iiif_xywh
001_道因法师碑_p0006_c032,仲,001_道因法师碑,道因法师碑,6,六,154,1422,146,146,"[154, 1422, 146, 146]",144,1407,166,184,"[144, 1407, 166, 184]",128,1396,198,198,"[128, 1396, 198, 198]",124,1377,206,254,"[124, 1377, 206, 254]",124,1377,206,254,"[124, 1377, 206, 254]",offline_local_binary_ring_bottom_guard,assets/page_images/001_道因法师碑/p0006.jpg,4,4,1,http://data.library.sh.cn/bt/resource/work/v1e0qbx3r5wp1uw4,http://iiif.library.sh.cn/api/viewer/17A331,https://iiif.library.sh.cn/p/3/02c55611-7427-4cd0-a2cd-a15b5ccbaa9c,https://iiif.library.sh.cn/c/3/3c38db5e-7ee1-4618-8370-e0321ae2f75b,1436,2231,https://iiif.library.sh.cn/c/3/3c38db5e-7ee1-4618-8370-e0321ae2f75b/ap/s,https://iiif.library.sh.cn/c/3/3c38db5e-7ee1-4618-8370-e0321ae2f75b/ap/c/a/c2a19f27-5365-46a9-bba3-cb6d8abc59c9,32,32,supplementing,"[154, 1422, 300, 1568]","https://iiif.library.sh.cn/c/3/3c38db5e-7ee1-4618-8370-e0321ae2f75b#xywh=154,1422,146,146",李俨撰文，欧阳通楷书,欧阳通（楷书）；李儇（撰文）,唐,龙朔三年十月十日刻立（663）,663,楷书,17A331,《翰墨瑰宝：上海图书馆藏珍本碑帖丛刊》第二辑,iiif_annotation_target_xywh,iiif_xywh
001_道因法师碑_p0006_c033,思,001_道因法师碑,道因法师碑,6,六,154,1629,146,146,"[154, 1629, 146, 146]",144,1605,166,155,"[144, 1605, 166, 155]",128,1603,198,198,"[128, 1603, 198, 198]",124,1575,206,219,"[124, 1575, 206, 219]",124,1575,206,219,"[124, 1575, 206, 219]",offline_local_binary_ring_bottom_guard,assets/page_images/001_道因法师碑/p0006.jpg,4,5,1,http://data.library.sh.cn/bt/resource/work/v1e0qbx3r5wp1uw4,http://iiif.library.sh.cn/api/viewer/17A331,https://iiif.library.sh.cn/p/3/02c55611-7427-4cd0-a2cd-a15b5ccbaa9c,https://iiif.library.sh.cn/c/3/3c38db5e-7ee1-4618-8370-e0321ae2f75b,1436,2231,https://iiif.library.sh.cn/c/3/3c38db5e-7ee1-4618-8370-e0321ae2f75b/ap/s,https://iiif.library.sh.cn/c/3/3c38db5e-7ee1-4618-8370-e0321ae2f75b/ap/c/a/a39f656b-c3a6-4c54-8444-f75076ef3352,33,33,supplementing,"[154, 1629, 300, 1775]","https://iiif.library.sh.cn/c/3/3c38db5e-7ee1-4618-8370-e0321ae2f75b#xywh=154,1629,146,146",李俨撰文，欧阳通楷书,欧阳通（楷书）；李儇（撰文）,唐,龙朔三年十月十日刻立（663）,663,楷书,17A331,《翰墨瑰宝：上海图书馆藏珍本碑帖丛刊》第二辑,iiif_annotation_target_xywh,iiif_xywh
001_道因法师碑_p0006_c034,制,001_道因法师碑,道因法师碑,6,六,154,1759,146,146,"[154, 1759, 146, 146]",144,1772,166,120,"[144, 1772, 166, 120]",128,1733,198,198,"[128, 1733, 198, 198]",124,1746,206,172,"[124, 1746, 206, 172]",124,1746,206,172,"[124, 1746, 206, 172]",offline_local_binary_ring_bottom_guard,assets/page_images/001_道因法师碑/p0006.jpg,4,6,1,http://data.library.sh.cn/bt/resource/work/v1e0qbx3r5wp1uw4,http://iiif.library.sh.cn/api/viewer/17A331,https://iiif.library.sh.cn/p/3/02c55611-7427-4cd0-a2cd-a15b5ccbaa9c,https://iiif.library.sh.cn/c/3/3c38db5e-7ee1-4618-8370-e0321ae2f75b,1436,2231,https://iiif.library.sh.cn/c/3/3c38db5e-7ee1-4618-8370-e0321ae2f75b/ap/s,https://iiif.library.sh.cn/c/3/3c38db5e-7ee1-4618-8370-e0321ae2f75b/ap/c/a/c9e54deb-bd37-4a55-aaa7-60652eb40dbe,34,34,supplementing,"[154, 1759, 300, 1905]","https://iiif.library.sh.cn/c/3/3c38db5e-7ee1-4618-8370-e0321ae2f75b#xywh=154,1759,146,146",李俨撰文，欧阳通楷书,欧阳通（楷书）；李儇（撰文）,唐,龙朔三年十月十日刻立（663）,663,楷书,17A331,《翰墨瑰宝：上海图书馆藏珍本碑帖丛刊》第二辑,iiif_annotation_target_xywh,iiif_xywh
001_道因法师碑_p0007_c001,文,001_道因法师碑,道因法师碑,7,七,1125,664,132,132,"[1125, 664, 132, 132]",1115,648,152,164,"[1115, 648, 152, 164]",1101,640,180,180,"[1101, 640, 180, 180]",1097,621,188,227,"[1097, 621, 188, 227]",1097,621,188,227,"[1097, 621, 188, 227]",offline_local_binary_ring_bottom_guard,assets/page_images/001_道因法师碑/p0007.jpg,0,0,1,http://data.library.sh.cn/bt/resource/work/v1e0qbx3r5wp1uw4,http://iiif.library.sh.cn/api/viewer/17A331,https://iiif.library.sh.cn/p/3/02c55611-7427-4cd0-a2cd-a15b5ccbaa9c,https://iiif.library.sh.cn/c/3/a35ae535-435d-4d7e-8350-477a5ee9e099,1444,2231,https://iiif.library.sh.cn/c/3/a35ae535-435d-4d7e-8350-477a5ee9e099/ap/s,https://iiif.library.sh.cn/c/3/a35ae535-435d-4d7e-8350-477a5ee9e099/ap/c/a/14556482-bad4-497a-904d-5b4b941982a6,1,1,supplementing,"[1125, 664, 1257, 796]","https://iiif.library.sh.cn/c/3/a35ae535-435d-4d7e-8350-477a5ee9e099#xywh=1125,664,132,132",李俨撰文，欧阳通楷书,欧阳通（楷书）；李儇（撰文）,唐,龙朔三年十月十日刻立（663）,663,楷书,17A331,《翰墨瑰宝：上海图书馆藏珍本碑帖丛刊》第二辑,iiif_annotation_target_xywh,iiif_xywh
001_道因法师碑_p0007_c002,奉,001_道因法师碑,道因法师碑,7,七,948,674,154,154,"[948, 674, 154, 154]",953,670,149,162,"[953, 670, 149, 162]",920,646,210,210,"[920, 646, 210, 210]",935,638,185,230,"[935, 638, 185, 230]",935,638,185,230,"[935, 638, 185, 230]",offline_local_binary_ring_bottom_guard,assets/page_images/001_道因法师碑/p0007.jpg,1,0,1,http://data.library.sh.cn/bt/resource/work/v1e0qbx3r5wp1uw4,http://iiif.library.sh.cn/api/viewer/17A331,https://iiif.library.sh.cn/p/3/02c55611-7427-4cd0-a2cd-a15b5ccbaa9c,https://iiif.library.sh.cn/c/3/a35ae535-435d-4d7e-8350-477a5ee9e099,1444,2231,https://iiif.library.sh.cn/c/3/a35ae535-435d-4d7e-8350-477a5ee9e099/ap/s,https://iiif.library.sh.cn/c/3/a35ae535-435d-4d7e-8350-477a5ee9e099/ap/c/a/9f1cbb04-43e7-465c-bb18-bbe1d2ede815,2,2,supplementing,"[948, 674, 1102, 828]","https://iiif.library.sh.cn/c/3/a35ae535-435d-4d7e-8350-477a5ee9e099#xywh=948,674,154,154",李俨撰文，欧阳通楷书,欧阳通（楷书）；李儇（撰文）,唐,龙朔三年十月十日刻立（663）,663,楷书,17A331,《翰墨瑰宝：上海图书馆藏珍本碑帖丛刊》第二辑,iiif_annotation_target_xywh,iiif_xywh
001_道因法师碑_p0007_c003,义,001_道因法师碑,道因法师碑,7,七,948,850,154,154,"[948, 850, 154, 154]",953,846,149,160,"[953, 846, 149, 160]",920,822,210,210,"[920, 822, 210, 210]",935,814,185,227,"[935, 814, 185, 227]",935,814,185,227,"[935, 814, 185, 227]",offline_local_binary_ring_bottom_guard,assets/page_images/001_道因法师碑/p0007.jpg,1,1,1,http://data.library.sh.cn/bt/resource/work/v1e0qbx3r5wp1uw4,http://iiif.library.sh.cn/api/viewer/17A331,https://iiif.library.sh.cn/p/3/02c55611-7427-4cd0-a2cd-a15b5ccbaa9c,https://iiif.library.sh.cn/c/3/a35ae535-435d-4d7e-8350-477a5ee9e099,1444,2231,https://iiif.library.sh.cn/c/3/a35ae535-435d-4d7e-8350-477a5ee9e099/ap/s,https://iiif.library.sh.cn/c/3/a35ae535-435d-4d7e-8350-477a5ee9e099/ap/c/a/f97e30de-408c-4ac5-8c6d-2c9cb4130a27,3,3,supplementing,"[948, 850, 1102, 1004]","https://iiif.library.sh.cn/c/3/a35ae535-435d-4d7e-8350-477a5ee9e099#xywh=948,850,154,154",李俨撰文，欧阳通楷书,欧阳通（楷书）；李儇（撰文）,唐,龙朔三年十月十日刻立（663）,663,楷书,17A331,《翰墨瑰宝：上海图书馆藏珍本碑帖丛刊》第二辑,iiif_annotation_target_xywh,iiif_xywh
001_道因法师碑_p0007_c004,郎,001_道因法师碑,道因法师碑,7,七,948,1021,154,154,"[948, 1021, 154, 154]",953,1019,149,158,"[953, 1019, 149, 158]",920,993,210,210,"[920, 993, 210, 210]",935,987,185,225,"[935, 987, 185, 225]",935,987,185,225,"[935, 987, 185, 225]",offline_local_binary_ring_bottom_guard,assets/page_images/001_道因法师碑/p0007.jpg,1,2,1,http://data.library.sh.cn/bt/resource/work/v1e0qbx3r5wp1uw4,http://iiif.library.sh.cn/api/viewer/17A331,https://iiif.library.sh.cn/p/3/02c55611-7427-4cd0-a2cd-a15b5ccbaa9c,https://iiif.library.sh.cn/c/3/a35ae535-435d-4d7e-8350-477a5ee9e099,1444,2231,https://iiif.library.sh.cn/c/3/a35ae535-435d-4d7e-8350-477a5ee9e099/ap/s,https://iiif.library.sh.cn/c/3/a35ae535-435d-4d7e-8350-477a5ee9e099/ap/c/a/69e14714-d495-4499-8314-36e11f3e7c12,4,4,supplementing,"[948, 1021, 1102, 1175]","https://iiif.library.sh.cn/c/3/a35ae535-435d-4d7e-8350-477a5ee9e099#xywh=948,1021,154,154",李俨撰文，欧阳通楷书,欧阳通（楷书）；李儇（撰文）,唐,龙朔三年十月十日刻立（663）,663,楷书,17A331,《翰墨瑰宝：上海图书馆藏珍本碑帖丛刊》第二辑,iiif_annotation_target_xywh,iiif_xywh
001_道因法师碑_p0007_c005,行,001_道因法师碑,道因法师碑,7,七,948,1192,154,154,"[948, 1192, 154, 154]",953,1190,149,159,"[953, 1190, 149, 159]",920,1164,210,210,"[920, 1164, 210, 210]",935,1158,185,226,"[935, 1158, 185, 226]",935,1158,185,226,"[935, 1158, 185, 226]",offline_local_binary_ring_bottom_guard,assets/page_images/001_道因法师碑/p0007.jpg,1,3,1,http://data.library.sh.cn/bt/resource/work/v1e0qbx3r5wp1uw4,http://iiif.library.sh.cn/api/viewer/17A331,https://iiif.library.sh.cn/p/3/02c55611-7427-4cd0-a2cd-a15b5ccbaa9c,https://iiif.library.sh.cn/c/3/a35ae535-435d-4d7e-8350-477a5ee9e099,1444,2231,https://iiif.library.sh.cn/c/3/a35ae535-435d-4d7e-8350-477a5ee9e099/ap/s,https://iiif.library.sh.cn/c/3/a35ae535-435d-4d7e-8350-477a5ee9e099/ap/c/a/f098e46b-6055-423f-bf12-2143edb11fa1,5,5,supplementing,"[948, 1192, 1102, 1346]","https://iiif.library.sh.cn/c/3/a35ae535-435d-4d7e-8350-477a5ee9e099#xywh=948,1192,154,154",李俨撰文，欧阳通楷书,欧阳通（楷书）；李儇（撰文）,唐,龙朔三年十月十日刻立（663）,663,楷书,17A331,《翰墨瑰宝：上海图书馆藏珍本碑帖丛刊》第二辑,iiif_annotation_target_xywh,iiif_xywh
001_道因法师碑_p0007_c006,兰,001_道因法师碑,道因法师碑,7,七,948,1365,154,154,"[948, 1365, 154, 154]",953,1363,149,164,"[953, 1363, 149, 164]",920,1337,210,210,"[920, 1337, 210, 210]",935,1331,185,232,"[935, 1331, 185, 232]",935,1331,185,232,"[935, 1331, 185, 232]",offline_local_binary_ring_bottom_guard,assets/page_images/001_道因法师碑/p0007.jpg,1,4,1,http://data.library.sh.cn/bt/resource/work/v1e0qbx3r5wp1uw4,http://iiif.library.sh.cn/api/viewer/17A331,https://iiif.library.sh.cn/p/3/02c55611-7427-4cd0-a2cd-a15b5ccbaa9c,https://iiif.library.sh.cn/c/3/a35ae535-435d-4d7e-8350-477a5ee9e099,1444,2231,https://iiif.library.sh.cn/c/3/a35ae535-435d-4d7e-8350-477a5ee9e099/ap/s,https://iiif.library.sh.cn/c/3/a35ae535-435d-4d7e-8350-477a5ee9e099/ap/c/a/cc4c7d6a-ce6d-4524-9f6a-e48b14a1231e,6,6,supplementing,"[948, 1365, 1102, 1519]","https://iiif.library.sh.cn/c/3/a35ae535-435d-4d7e-8350-477a5ee9e099#xywh=948,1365,154,154",李俨撰文，欧阳通楷书,欧阳通（楷书）；李儇（撰文）,唐,龙朔三年十月十日刻立（663）,663,楷书,17A331,《翰墨瑰宝：上海图书馆藏珍本碑帖丛刊》第二辑,iiif_annotation_target_xywh,iiif_xywh
001_道因法师碑_p0007_c007,台,001_道因法师碑,道因法师碑,7,七,948,1550,154,154,"[948, 1550, 154, 154]",953,1542,149,180,"[953, 1542, 149, 180]",920,1522,210,210,"[920, 1522, 210, 210]",935,1510,185,252,"[935, 1510, 185, 252]",935,1510,185,252,"[935, 1510, 185, 252]",offline_local_binary_ring_bottom_guard,assets/page_images/001_道因法师碑/p0007.jpg,1,5,1,http://data.library.sh.cn/bt/resource/work/v1e0qbx3r5wp1uw4,http://iiif.library.sh.cn/api/viewer/17A331,https://iiif.library.sh.cn/p/3/02c55611-7427-4cd0-a2cd-a15b5ccbaa9c,https://iiif.library.sh.cn/c/3/a35ae535-435d-4d7e-8350-477a5ee9e099,1444,2231,https://iiif.library.sh.cn/c/3/a35ae535-435d-4d7e-8350-477a5ee9e099/ap/s,https://iiif.library.sh.cn/c/3/a35ae535-435d-4d7e-8350-477a5ee9e099/ap/c/a/105f33a2-f6eb-4072-82d8-bf23be6e16e1,7,7,supplementing,"[948, 1550, 1102, 1704]","https://iiif.library.sh.cn/c/3/a35ae535-435d-4d7e-8350-477a5ee9e099#xywh=948,1550,154,154",李俨撰文，欧阳通楷书,欧阳通（楷书）；李儇（撰文）,唐,龙朔三年十月十日刻立（663）,663,楷书,17A331,《翰墨瑰宝：上海图书馆藏珍本碑帖丛刊》第二辑,iiif_annotation_target_xywh,iiif_xywh
001_道因法师碑_p0007_c008,郎,001_道因法师碑,道因法师碑,7,七,948,1755,154,154,"[948, 1755, 154, 154]",953,1738,149,188,"[953, 1738, 149, 188]",920,1727,210,210,"[920, 1727, 210, 210]",935,1706,185,261,"[935, 1706, 185, 261]",935,1706,185,261,"[935, 1706, 185, 261]",offline_local_binary_ring_bottom_guard,assets/page_images/001_道因法师碑/p0007.jpg,1,6,1,http://data.library.sh.cn/bt/resource/work/v1e0qbx3r5wp1uw4,http://iiif.library.sh.cn/api/viewer/17A331,https://iiif.library.sh.cn/p/3/02c55611-7427-4cd0-a2cd-a15b5ccbaa9c,https://iiif.library.sh.cn/c/3/a35ae535-435d-4d7e-8350-477a5ee9e099,1444,2231,https://iiif.library.sh.cn/c/3/a35ae535-435d-4d7e-8350-477a5ee9e099/ap/s,https://iiif.library.sh.cn/c/3/a35ae535-435d-4d7e-8350-477a5ee9e099/ap/c/a/0bc555e2-b989-459c-9543-2aebf0fe881b,8,8,supplementing,"[948, 1755, 1102, 1909]","https://iiif.library.sh.cn/c/3/a35ae535-435d-4d7e-8350-477a5ee9e099#xywh=948,1755,154,154",李俨撰文，欧阳通楷书,欧阳通（楷书）；李儇（撰文）,唐,龙朔三年十月十日刻立（663）,663,楷书,17A331,《翰墨瑰宝：上海图书馆藏珍本碑帖丛刊》第二辑,iiif_annotation_target_xywh,iiif_xywh
001_道因法师碑_p0007_c009,渤,001_道因法师碑,道因法师碑,7,七,803,646,131,131,"[803, 646, 131, 131]",788,618,152,187,"[788, 618, 152, 187]",779,622,179,179,"[779, 622, 179, 179]",770,591,188,255,"[770, 591, 188, 255]",770,591,188,255,"[770, 591, 188, 255]",offline_local_binary_ring_bottom_guard,assets/page_images/001_道因法师碑/p0007.jpg,2,0,1,http://data.library.sh.cn/bt/resource/work/v1e0qbx3r5wp1uw4,http://iiif.library.sh.cn/api/viewer/17A331,https://iiif.library.sh.cn/p/3/02c55611-7427-4cd0-a2cd-a15b5ccbaa9c,https://iiif.library.sh.cn/c/3/a35ae535-435d-4d7e-8350-477a5ee9e099,1444,2231,https://iiif.library.sh.cn/c/3/a35ae535-435d-4d7e-8350-477a5ee9e099/ap/s,https://iiif.library.sh.cn/c/3/a35ae535-435d-4d7e-8350-477a5ee9e099/ap/c/a/86737059-fa77-43bf-98e4-b09acdbcae0f,9,9,supplementing,"[803, 646, 934, 777]","https://iiif.library.sh.cn/c/3/a35ae535-435d-4d7e-8350-477a5ee9e099#xywh=803,646,131,131",李俨撰文，欧阳通楷书,欧阳通（楷书）；李儇（撰文）,唐,龙朔三年十月十日刻立（663）,663,楷书,17A331,《翰墨瑰宝：上海图书馆藏珍本碑帖丛刊》第二辑,iiif_annotation_target_xywh,iiif_xywh
001_道因法师碑_p0007_c010,海,001_道因法师碑,道因法师碑,7,七,803,850,131,131,"[803, 850, 131, 131]",788,821,152,171,"[788, 821, 152, 171]",779,826,179,179,"[779, 826, 179, 179]",770,794,188,236,"[770, 794, 188, 236]",770,794,188,236,"[770, 794, 188, 236]",offline_local_binary_ring_bottom_guard,assets/page_images/001_道因法师碑/p0007.jpg,2,1,1,http://data.library.sh.cn/bt/resource/work/v1e0qbx3r5wp1uw4,http://iiif.library.sh.cn/api/viewer/17A331,https://iiif.library.sh.cn/p/3/02c55611-7427-4cd0-a2cd-a15b5ccbaa9c,https://iiif.library.sh.cn/c/3/a35ae535-435d-4d7e-8350-477a5ee9e099,1444,2231,https://iiif.library.sh.cn/c/3/a35ae535-435d-4d7e-8350-477a5ee9e099/ap/s,https://iiif.library.sh.cn/c/3/a35ae535-435d-4d7e-8350-477a5ee9e099/ap/c/a/8d47225f-fe98-4ffc-aa96-54b55f046e4d,10,10,supplementing,"[803, 850, 934, 981]","https://iiif.library.sh.cn/c/3/a35ae535-435d-4d7e-8350-477a5ee9e099#xywh=803,850,131,131",李俨撰文，欧阳通楷书,欧阳通（楷书）；李儇（撰文）,唐,龙朔三年十月十日刻立（663）,663,楷书,17A331,《翰墨瑰宝：上海图书馆藏珍本碑帖丛刊》第二辑,iiif_annotation_target_xywh,iiif_xywh
001_道因法师碑_p0007_c011,县,001_道因法师碑,道因法师碑,7,七,803,1017,131,131,"[803, 1017, 131, 131]",788,1006,152,154,"[788, 1006, 152, 154]",779,993,179,179,"[779, 993, 179, 179]",770,979,188,215,"[770, 979, 188, 215]",770,979,188,215,"[770, 979, 188, 215]",offline_local_binary_ring_bottom_guard,assets/page_images/001_道因法师碑/p0007.jpg,2,2,1,http://data.library.sh.cn/bt/resource/work/v1e0qbx3r5wp1uw4,http://iiif.library.sh.cn/api/viewer/17A331,https://iiif.library.sh.cn/p/3/02c55611-7427-4cd0-a2cd-a15b5ccbaa9c,https://iiif.library.sh.cn/c/3/a35ae535-435d-4d7e-8350-477a5ee9e099,1444,2231,https://iiif.library.sh.cn/c/3/a35ae535-435d-4d7e-8350-477a5ee9e099/ap/s,https://iiif.library.sh.cn/c/3/a35ae535-435d-4d7e-8350-477a5ee9e099/ap/c/a/c4ae8bbe-37e6-4aff-90e1-ddfa6edf4ce0,11,11,supplementing,"[803, 1017, 934, 1148]","https://iiif.library.sh.cn/c/3/a35ae535-435d-4d7e-8350-477a5ee9e099#xywh=803,1017,131,131",李俨撰文，欧阳通楷书,欧阳通（楷书）；李儇（撰文）,唐,龙朔三年十月十日刻立（663）,663,楷书,17A331,《翰墨瑰宝：上海图书馆藏珍本碑帖丛刊》第二辑,iiif_annotation_target_xywh,iiif_xywh
001_道因法师碑_p0007_c012,开,001_道因法师碑,道因法师碑,7,七,803,1186,131,131,"[803, 1186, 131, 131]",788,1174,152,162,"[788, 1174, 152, 162]",779,1162,179,179,"[779, 1162, 179, 179]",770,1147,188,225,"[770, 1147, 188, 225]",770,1147,188,225,"[770, 1147, 188, 225]",offline_local_binary_ring_bottom_guard,assets/page_images/001_道因法师碑/p0007.jpg,2,3,1,http://data.library.sh.cn/bt/resource/work/v1e0qbx3r5wp1uw4,http://iiif.library.sh.cn/api/viewer/17A331,https://iiif.library.sh.cn/p/3/02c55611-7427-4cd0-a2cd-a15b5ccbaa9c,https://iiif.library.sh.cn/c/3/a35ae535-435d-4d7e-8350-477a5ee9e099,1444,2231,https://iiif.library.sh.cn/c/3/a35ae535-435d-4d7e-8350-477a5ee9e099/ap/s,https://iiif.library.sh.cn/c/3/a35ae535-435d-4d7e-8350-477a5ee9e099/ap/c/a/566c9f5d-43f1-4baa-b59a-8a70f91ba61a,12,12,supplementing,"[803, 1186, 934, 1317]","https://iiif.library.sh.cn/c/3/a35ae535-435d-4d7e-8350-477a5ee9e099#xywh=803,1186,131,131",李俨撰文，欧阳通楷书,欧阳通（楷书）；李儇（撰文）,唐,龙朔三年十月十日刻立（663）,663,楷书,17A331,《翰墨瑰宝：上海图书馆藏珍本碑帖丛刊》第二辑,iiif_annotation_target_xywh,iiif_xywh
001_道因法师碑_p0007_c013,国,001_道因法师碑,道因法师碑,7,七,803,1369,131,131,"[803, 1369, 131, 131]",788,1350,152,172,"[788, 1350, 152, 172]",779,1345,179,179,"[779, 1345, 179, 179]",770,1323,188,237,"[770, 1323, 188, 237]",770,1323,188,237,"[770, 1323, 188, 237]",offline_local_binary_ring_bottom_guard,assets/page_images/001_道因法师碑/p0007.jpg,2,4,1,http://data.library.sh.cn/bt/resource/work/v1e0qbx3r5wp1uw4,http://iiif.library.sh.cn/api/viewer/17A331,https://iiif.library.sh.cn/p/3/02c55611-7427-4cd0-a2cd-a15b5ccbaa9c,https://iiif.library.sh.cn/c/3/a35ae535-435d-4d7e-8350-477a5ee9e099,1444,2231,https://iiif.library.sh.cn/c/3/a35ae535-435d-4d7e-8350-477a5ee9e099/ap/s,https://iiif.library.sh.cn/c/3/a35ae535-435d-4d7e-8350-477a5ee9e099/ap/c/a/4de5e900-2f1c-4392-92c1-c0ed1a4f0158,13,13,supplementing,"[803, 1369, 934, 1500]","https://iiif.library.sh.cn/c/3/a35ae535-435d-4d7e-8350-477a5ee9e099#xywh=803,1369,131,131",李俨撰文，欧阳通楷书,欧阳通（楷书）；李儇（撰文）,唐,龙朔三年十月十日刻立（663）,663,楷书,17A331,《翰墨瑰宝：上海图书馆藏珍本碑帖丛刊》第二辑,iiif_annotation_target_xywh,iiif_xywh
001_道因法师碑_p0007_c014,男,001_道因法师碑,道因法师碑,7,七,803,1558,131,131,"[803, 1558, 131, 131]",788,1536,152,167,"[788, 1536, 152, 167]",779,1534,179,179,"[779, 1534, 179, 179]",770,1509,188,231,"[770, 1509, 188, 231]",770,1509,188,231,"[770, 1509, 188, 231]",offline_local_binary_ring_bottom_guard,assets/page_images/001_道因法师碑/p0007.jpg,2,5,1,http://data.library.sh.cn/bt/resource/work/v1e0qbx3r5wp1uw4,http://iiif.library.sh.cn/api/viewer/17A331,https://iiif.library.sh.cn/p/3/02c55611-7427-4cd0-a2cd-a15b5ccbaa9c,https://iiif.library.sh.cn/c/3/a35ae535-435d-4d7e-8350-477a5ee9e099,1444,2231,https://iiif.library.sh.cn/c/3/a35ae535-435d-4d7e-8350-477a5ee9e099/ap/s,https://iiif.library.sh.cn/c/3/a35ae535-435d-4d7e-8350-477a5ee9e099/ap/c/a/89ad3d61-f933-4f43-8765-6e7763fbe4ae,14,14,supplementing,"[803, 1558, 934, 1689]","https://iiif.library.sh.cn/c/3/a35ae535-435d-4d7e-8350-477a5ee9e099#xywh=803,1558,131,131",李俨撰文，欧阳通楷书,欧阳通（楷书）；李儇（撰文）,唐,龙朔三年十月十日刻立（663）,663,楷书,17A331,《翰墨瑰宝：上海图书馆藏珍本碑帖丛刊》第二辑,iiif_annotation_target_xywh,iiif_xywh
001_道因法师碑_p0007_c015,骑,001_道因法师碑,道因法师碑,7,七,803,1731,131,131,"[803, 1731, 131, 131]",788,1717,152,159,"[788, 1717, 152, 159]",779,1707,179,179,"[779, 1707, 179, 179]",770,1690,188,221,"[770, 1690, 188, 221]",770,1690,188,221,"[770, 1690, 188, 221]",offline_local_binary_ring_bottom_guard,assets/page_images/001_道因法师碑/p0007.jpg,2,6,1,http://data.library.sh.cn/bt/resource/work/v1e0qbx3r5wp1uw4,http://iiif.library.sh.cn/api/viewer/17A331,https://iiif.library.sh.cn/p/3/02c55611-7427-4cd0-a2cd-a15b5ccbaa9c,https://iiif.library.sh.cn/c/3/a35ae535-435d-4d7e-8350-477a5ee9e099,1444,2231,https://iiif.library.sh.cn/c/3/a35ae535-435d-4d7e-8350-477a5ee9e099/ap/s,https://iiif.library.sh.cn/c/3/a35ae535-435d-4d7e-8350-477a5ee9e099/ap/c/a/fa6419e0-f558-4bba-aa3c-2e024bf6930b,15,15,supplementing,"[803, 1731, 934, 1862]","https://iiif.library.sh.cn/c/3/a35ae535-435d-4d7e-8350-477a5ee9e099#xywh=803,1731,131,131",李俨撰文，欧阳通楷书,欧阳通（楷书）；李儇（撰文）,唐,龙朔三年十月十日刻立（663）,663,楷书,17A331,《翰墨瑰宝：上海图书馆藏珍本碑帖丛刊》第二辑,iiif_annotation_target_xywh,iiif_xywh
001_道因法师碑_p0007_c016,都,001_道因法师碑,道因法师碑,7,七,622,635,144,144,"[622, 635, 144, 144]",621,616,154,182,"[621, 616, 154, 182]",596,609,196,196,"[596, 609, 196, 196]",603,586,190,252,"[603, 586, 190, 252]",603,586,190,252,"[603, 586, 190, 252]",offline_local_binary_ring_bottom_guard,assets/page_images/001_道因法师碑/p0007.jpg,3,0,1,http://data.library.sh.cn/bt/resource/work/v1e0qbx3r5wp1uw4,http://iiif.library.sh.cn/api/viewer/17A331,https://iiif.library.sh.cn/p/3/02c55611-7427-4cd0-a2cd-a15b5ccbaa9c,https://iiif.library.sh.cn/c/3/a35ae535-435d-4d7e-8350-477a5ee9e099,1444,2231,https://iiif.library.sh.cn/c/3/a35ae535-435d-4d7e-8350-477a5ee9e099/ap/s,https://iiif.library.sh.cn/c/3/a35ae535-435d-4d7e-8350-477a5ee9e099/ap/c/a/4fe0c809-5b9b-4b25-ac36-ef9ffcad91c3,16,16,supplementing,"[622, 635, 766, 779]","https://iiif.library.sh.cn/c/3/a35ae535-435d-4d7e-8350-477a5ee9e099#xywh=622,635,144,144",李俨撰文，欧阳通楷书,欧阳通（楷书）；李儇（撰文）,唐,龙朔三年十月十日刻立（663）,663,楷书,17A331,《翰墨瑰宝：上海图书馆藏珍本碑帖丛刊》第二辑,iiif_annotation_target_xywh,iiif_xywh
001_道因法师碑_p0007_c017,尉,001_道因法师碑,道因法师碑,7,七,622,832,144,144,"[622, 832, 144, 144]",621,813,154,180,"[621, 813, 154, 180]",596,806,196,196,"[596, 806, 196, 196]",603,783,190,250,"[603, 783, 190, 250]",603,783,190,250,"[603, 783, 190, 250]",offline_local_binary_ring_bottom_guard,assets/page_images/001_道因法师碑/p0007.jpg,3,1,1,http://data.library.sh.cn/bt/resource/work/v1e0qbx3r5wp1uw4,http://iiif.library.sh.cn/api/viewer/17A331,https://iiif.library.sh.cn/p/3/02c55611-7427-4cd0-a2cd-a15b5ccbaa9c,https://iiif.library.sh.cn/c/3/a35ae535-435d-4d7e-8350-477a5ee9e099,1444,2231,https://iiif.library.sh.cn/c/3/a35ae535-435d-4d7e-8350-477a5ee9e099/ap/s,https://iiif.library.sh.cn/c/3/a35ae535-435d-4d7e-8350-477a5ee9e099/ap/c/a/3b4e5ed3-f8a2-4ba0-99ae-21f26235f790,17,17,supplementing,"[622, 832, 766, 976]","https://iiif.library.sh.cn/c/3/a35ae535-435d-4d7e-8350-477a5ee9e099#xywh=622,832,144,144",李俨撰文，欧阳通楷书,欧阳通（楷书）；李儇（撰文）,唐,龙朔三年十月十日刻立（663）,663,楷书,17A331,《翰墨瑰宝：上海图书馆藏珍本碑帖丛刊》第二辑,iiif_annotation_target_xywh,iiif_xywh
001_道因法师碑_p0007_c018,欧,001_道因法师碑,道因法师碑,7,七,622,1025,144,144,"[622, 1025, 144, 144]",621,1008,154,164,"[621, 1008, 154, 164]",596,999,196,196,"[596, 999, 196, 196]",603,978,190,230,"[603, 978, 190, 230]",603,978,190,230,"[603, 978, 190, 230]",offline_local_binary_ring_bottom_guard,assets/page_images/001_道因法师碑/p0007.jpg,3,2,1,http://data.library.sh.cn/bt/resource/work/v1e0qbx3r5wp1uw4,http://iiif.library.sh.cn/api/viewer/17A331,https://iiif.library.sh.cn/p/3/02c55611-7427-4cd0-a2cd-a15b5ccbaa9c,https://iiif.library.sh.cn/c/3/a35ae535-435d-4d7e-8350-477a5ee9e099,1444,2231,https://iiif.library.sh.cn/c/3/a35ae535-435d-4d7e-8350-477a5ee9e099/ap/s,https://iiif.library.sh.cn/c/3/a35ae535-435d-4d7e-8350-477a5ee9e099/ap/c/a/436746e6-f023-48b3-bccd-529f48208d13,18,18,supplementing,"[622, 1025, 766, 1169]","https://iiif.library.sh.cn/c/3/a35ae535-435d-4d7e-8350-477a5ee9e099#xywh=622,1025,144,144",李俨撰文，欧阳通楷书,欧阳通（楷书）；李儇（撰文）,唐,龙朔三年十月十日刻立（663）,663,楷书,17A331,《翰墨瑰宝：上海图书馆藏珍本碑帖丛刊》第二辑,iiif_annotation_target_xywh,iiif_xywh
001_道因法师碑_p0007_c019,阳,001_道因法师碑,道因法师碑,7,七,622,1190,144,144,"[622, 1190, 144, 144]",621,1186,154,161,"[621, 1186, 154, 161]",596,1164,196,196,"[596, 1164, 196, 196]",603,1156,190,226,"[603, 1156, 190, 226]",603,1156,190,226,"[603, 1156, 190, 226]",offline_local_binary_ring_bottom_guard,assets/page_images/001_道因法师碑/p0007.jpg,3,3,1,http://data.library.sh.cn/bt/resource/work/v1e0qbx3r5wp1uw4,http://iiif.library.sh.cn/api/viewer/17A331,https://iiif.library.sh.cn/p/3/02c55611-7427-4cd0-a2cd-a15b5ccbaa9c,https://iiif.library.sh.cn/c/3/a35ae535-435d-4d7e-8350-477a5ee9e099,1444,2231,https://iiif.library.sh.cn/c/3/a35ae535-435d-4d7e-8350-477a5ee9e099/ap/s,https://iiif.library.sh.cn/c/3/a35ae535-435d-4d7e-8350-477a5ee9e099/ap/c/a/9104d984-9337-4d95-9393-40d1528109e5,19,19,supplementing,"[622, 1190, 766, 1334]","https://iiif.library.sh.cn/c/3/a35ae535-435d-4d7e-8350-477a5ee9e099#xywh=622,1190,144,144",李俨撰文，欧阳通楷书,欧阳通（楷书）；李儇（撰文）,唐,龙朔三年十月十日刻立（663）,663,楷书,17A331,《翰墨瑰宝：上海图书馆藏珍本碑帖丛刊》第二辑,iiif_annotation_target_xywh,iiif_xywh
001_道因法师碑_p0007_c020,通,001_道因法师碑,道因法师碑,7,七,622,1373,144,144,"[622, 1373, 144, 144]",621,1361,154,163,"[621, 1361, 154, 163]",596,1347,196,196,"[596, 1347, 196, 196]",603,1331,190,229,"[603, 1331, 190, 229]",603,1331,190,229,"[603, 1331, 190, 229]",offline_local_binary_ring_bottom_guard,assets/page_images/001_道因法师碑/p0007.jpg,3,4,1,http://data.library.sh.cn/bt/resource/work/v1e0qbx3r5wp1uw4,http://iiif.library.sh.cn/api/viewer/17A331,https://iiif.library.sh.cn/p/3/02c55611-7427-4cd0-a2cd-a15b5ccbaa9c,https://iiif.library.sh.cn/c/3/a35ae535-435d-4d7e-8350-477a5ee9e099,1444,2231,https://iiif.library.sh.cn/c/3/a35ae535-435d-4d7e-8350-477a5ee9e099/ap/s,https://iiif.library.sh.cn/c/3/a35ae535-435d-4d7e-8350-477a5ee9e099/ap/c/a/56897ddd-16bb-43e2-950c-0964d9cd6c40,20,20,supplementing,"[622, 1373, 766, 1517]","https://iiif.library.sh.cn/c/3/a35ae535-435d-4d7e-8350-477a5ee9e099#xywh=622,1373,144,144",李俨撰文，欧阳通楷书,欧阳通（楷书）；李儇（撰文）,唐,龙朔三年十月十日刻立（663）,663,楷书,17A331,《翰墨瑰宝：上海图书馆藏珍本碑帖丛刊》第二辑,iiif_annotation_target_xywh,iiif_xywh
001_道因法师碑_p0007_c021,书,001_道因法师碑,道因法师碑,7,七,622,1546,144,144,"[622, 1546, 144, 144]",621,1538,154,160,"[621, 1538, 154, 160]",596,1520,196,196,"[596, 1520, 196, 196]",603,1508,190,225,"[603, 1508, 190, 225]",603,1508,190,225,"[603, 1508, 190, 225]",offline_local_binary_ring_bottom_guard,assets/page_images/001_道因法师碑/p0007.jpg,3,5,1,http://data.library.sh.cn/bt/resource/work/v1e0qbx3r5wp1uw4,http://iiif.library.sh.cn/api/viewer/17A331,https://iiif.library.sh.cn/p/3/02c55611-7427-4cd0-a2cd-a15b5ccbaa9c,https://iiif.library.sh.cn/c/3/a35ae535-435d-4d7e-8350-477a5ee9e099,1444,2231,https://iiif.library.sh.cn/c/3/a35ae535-435d-4d7e-8350-477a5ee9e099/ap/s,https://iiif.library.sh.cn/c/3/a35ae535-435d-4d7e-8350-477a5ee9e099/ap/c/a/548fc259-7c01-45cb-a086-6da43bdb840e,21,21,supplementing,"[622, 1546, 766, 1690]","https://iiif.library.sh.cn/c/3/a35ae535-435d-4d7e-8350-477a5ee9e099#xywh=622,1546,144,144",李俨撰文，欧阳通楷书,欧阳通（楷书）；李儇（撰文）,唐,龙朔三年十月十日刻立（663）,663,楷书,17A331,《翰墨瑰宝：上海图书馆藏珍本碑帖丛刊》第二辑,iiif_annotation_target_xywh,iiif_xywh
001_道因法师碑_p0007_c022,大,001_道因法师碑,道因法师碑,7,七,461,511,147,147,"[461, 511, 147, 147]",461,516,147,137,"[461, 516, 147, 137]",435,485,199,199,"[435, 485, 199, 199]",443,486,183,197,"[443, 486, 183, 197]",443,486,183,197,"[443, 486, 183, 197]",offline_local_binary_ring_bottom_guard,assets/page_images/001_道因法师碑/p0007.jpg,4,0,1,http://data.library.sh.cn/bt/resource/work/v1e0qbx3r5wp1uw4,http://iiif.library.sh.cn/api/viewer/17A331,https://iiif.library.sh.cn/p/3/02c55611-7427-4cd0-a2cd-a15b5ccbaa9c,https://iiif.library.sh.cn/c/3/a35ae535-435d-4d7e-8350-477a5ee9e099,1444,2231,https://iiif.library.sh.cn/c/3/a35ae535-435d-4d7e-8350-477a5ee9e099/ap/s,https://iiif.library.sh.cn/c/3/a35ae535-435d-4d7e-8350-477a5ee9e099/ap/c/a/2c3af103-da96-47bc-9e5a-726d3f8d4249,22,22,supplementing,"[461, 511, 608, 658]","https://iiif.library.sh.cn/c/3/a35ae535-435d-4d7e-8350-477a5ee9e099#xywh=461,511,147,147",李俨撰文，欧阳通楷书,欧阳通（楷书）；李儇（撰文）,唐,龙朔三年十月十日刻立（663）,663,楷书,17A331,《翰墨瑰宝：上海图书馆藏珍本碑帖丛刊》第二辑,iiif_annotation_target_xywh,iiif_xywh
001_道因法师碑_p0007_c023,哉,001_道因法师碑,道因法师碑,7,七,461,659,147,147,"[461, 659, 147, 147]",461,665,147,154,"[461, 665, 147, 154]",435,633,199,199,"[435, 633, 199, 199]",443,631,183,222,"[443, 631, 183, 222]",443,631,183,222,"[443, 631, 183, 222]",offline_local_binary_ring_bottom_guard,assets/page_images/001_道因法师碑/p0007.jpg,4,1,1,http://data.library.sh.cn/bt/resource/work/v1e0qbx3r5wp1uw4,http://iiif.library.sh.cn/api/viewer/17A331,https://iiif.library.sh.cn/p/3/02c55611-7427-4cd0-a2cd-a15b5ccbaa9c,https://iiif.library.sh.cn/c/3/a35ae535-435d-4d7e-8350-477a5ee9e099,1444,2231,https://iiif.library.sh.cn/c/3/a35ae535-435d-4d7e-8350-477a5ee9e099/ap/s,https://iiif.library.sh.cn/c/3/a35ae535-435d-4d7e-8350-477a5ee9e099/ap/c/a/ec2c7320-4b46-4bd2-a614-87ae4522f85a,23,23,supplementing,"[461, 659, 608, 806]","https://iiif.library.sh.cn/c/3/a35ae535-435d-4d7e-8350-477a5ee9e099#xywh=461,659,147,147",李俨撰文，欧阳通楷书,欧阳通（楷书）；李儇（撰文）,唐,龙朔三年十月十日刻立（663）,663,楷书,17A331,《翰墨瑰宝：上海图书馆藏珍本碑帖丛刊》第二辑,iiif_annotation_target_xywh,iiif_xywh
001_道因法师碑_p0007_c024,乾,001_道因法师碑,道因法师碑,7,七,461,846,147,147,"[461, 846, 147, 147]",461,834,147,177,"[461, 834, 147, 177]",435,820,199,199,"[435, 820, 199, 199]",443,804,183,246,"[443, 804, 183, 246]",443,804,183,246,"[443, 804, 183, 246]",offline_local_binary_ring_bottom_guard,assets/page_images/001_道因法师碑/p0007.jpg,4,2,1,http://data.library.sh.cn/bt/resource/work/v1e0qbx3r5wp1uw4,http://iiif.library.sh.cn/api/viewer/17A331,https://iiif.library.sh.cn/p/3/02c55611-7427-4cd0-a2cd-a15b5ccbaa9c,https://iiif.library.sh.cn/c/3/a35ae535-435d-4d7e-8350-477a5ee9e099,1444,2231,https://iiif.library.sh.cn/c/3/a35ae535-435d-4d7e-8350-477a5ee9e099/ap/s,https://iiif.library.sh.cn/c/3/a35ae535-435d-4d7e-8350-477a5ee9e099/ap/c/a/d6f55cad-98e5-4450-8e1b-3d34f398fc7d,24,24,supplementing,"[461, 846, 608, 993]","https://iiif.library.sh.cn/c/3/a35ae535-435d-4d7e-8350-477a5ee9e099#xywh=461,846,147,147",李俨撰文，欧阳通楷书,欧阳通（楷书）；李儇（撰文）,唐,龙朔三年十月十日刻立（663）,663,楷书,17A331,《翰墨瑰宝：上海图书馆藏珍本碑帖丛刊》第二辑,iiif_annotation_target_xywh,iiif_xywh
001_道因法师碑_p0007_c025,元,001_道因法师碑,道因法师碑,7,七,461,1045,147,147,"[461, 1045, 147, 147]",461,1026,147,167,"[461, 1026, 147, 167]",435,1019,199,199,"[435, 1019, 199, 199]",443,996,183,234,"[443, 996, 183, 234]",443,996,183,234,"[443, 996, 183, 234]",offline_local_binary_ring_bottom_guard,assets/page_images/001_道因法师碑/p0007.jpg,4,3,1,http://data.library.sh.cn/bt/resource/work/v1e0qbx3r5wp1uw4,http://iiif.library.sh.cn/api/viewer/17A331,https://iiif.library.sh.cn/p/3/02c55611-7427-4cd0-a2cd-a15b5ccbaa9c,https://iiif.library.sh.cn/c/3/a35ae535-435d-4d7e-8350-477a5ee9e099,1444,2231,https://iiif.library.sh.cn/c/3/a35ae535-435d-4d7e-8350-477a5ee9e099/ap/s,https://iiif.library.sh.cn/c/3/a35ae535-435d-4d7e-8350-477a5ee9e099/ap/c/a/5d201580-c168-4f1c-9eae-785a3c85ca8a,25,25,supplementing,"[461, 1045, 608, 1192]","https://iiif.library.sh.cn/c/3/a35ae535-435d-4d7e-8350-477a5ee9e099#xywh=461,1045,147,147",李俨撰文，欧阳通楷书,欧阳通（楷书）；李儇（撰文）,唐,龙朔三年十月十日刻立（663）,663,楷书,17A331,《翰墨瑰宝：上海图书馆藏珍本碑帖丛刊》第二辑,iiif_annotation_target_xywh,iiif_xywh
001_道因法师碑_p0007_c026,播,001_道因法师碑,道因法师碑,7,七,461,1208,147,147,"[461, 1208, 147, 147]",461,1207,147,167,"[461, 1207, 147, 167]",435,1182,199,199,"[435, 1182, 199, 199]",443,1177,183,234,"[443, 1177, 183, 234]",443,1177,183,234,"[443, 1177, 183, 234]",offline_local_binary_ring_bottom_guard,assets/page_images/001_道因法师碑/p0007.jpg,4,4,1,http://data.library.sh.cn/bt/resource/work/v1e0qbx3r5wp1uw4,http://iiif.library.sh.cn/api/viewer/17A331,https://iiif.library.sh.cn/p/3/02c55611-7427-4cd0-a2cd-a15b5ccbaa9c,https://iiif.library.sh.cn/c/3/a35ae535-435d-4d7e-8350-477a5ee9e099,1444,2231,https://iiif.library.sh.cn/c/3/a35ae535-435d-4d7e-8350-477a5ee9e099/ap/s,https://iiif.library.sh.cn/c/3/a35ae535-435d-4d7e-8350-477a5ee9e099/ap/c/a/4b0da508-b093-4c4a-84ca-ea937239a7b7,26,26,supplementing,"[461, 1208, 608, 1355]","https://iiif.library.sh.cn/c/3/a35ae535-435d-4d7e-8350-477a5ee9e099#xywh=461,1208,147,147",李俨撰文，欧阳通楷书,欧阳通（楷书）；李儇（撰文）,唐,龙朔三年十月十日刻立（663）,663,楷书,17A331,《翰墨瑰宝：上海图书馆藏珍本碑帖丛刊》第二辑,iiif_annotation_target_xywh,iiif_xywh
001_道因法师碑_p0007_c027,物,001_道因法师碑,道因法师碑,7,七,461,1407,147,147,"[461, 1407, 147, 147]",461,1388,147,171,"[461, 1388, 147, 171]",435,1381,199,199,"[435, 1381, 199, 199]",443,1358,183,239,"[443, 1358, 183, 239]",443,1358,183,239,"[443, 1358, 183, 239]",offline_local_binary_ring_bottom_guard,assets/page_images/001_道因法师碑/p0007.jpg,4,5,1,http://data.library.sh.cn/bt/resource/work/v1e0qbx3r5wp1uw4,http://iiif.library.sh.cn/api/viewer/17A331,https://iiif.library.sh.cn/p/3/02c55611-7427-4cd0-a2cd-a15b5ccbaa9c,https://iiif.library.sh.cn/c/3/a35ae535-435d-4d7e-8350-477a5ee9e099,1444,2231,https://iiif.library.sh.cn/c/3/a35ae535-435d-4d7e-8350-477a5ee9e099/ap/s,https://iiif.library.sh.cn/c/3/a35ae535-435d-4d7e-8350-477a5ee9e099/ap/c/a/54ea33fc-7a22-4c70-8de0-76f7566e2045,27,27,supplementing,"[461, 1407, 608, 1554]","https://iiif.library.sh.cn/c/3/a35ae535-435d-4d7e-8350-477a5ee9e099#xywh=461,1407,147,147",李俨撰文，欧阳通楷书,欧阳通（楷书）；李儇（撰文）,唐,龙朔三年十月十日刻立（663）,663,楷书,17A331,《翰墨瑰宝：上海图书馆藏珍本碑帖丛刊》第二辑,iiif_annotation_target_xywh,iiif_xywh
001_道因法师碑_p0007_c028,垂,001_道因法师碑,道因法师碑,7,七,461,1578,147,147,"[461, 1578, 147, 147]",461,1574,147,173,"[461, 1574, 147, 173]",435,1552,199,199,"[435, 1552, 199, 199]",443,1544,183,241,"[443, 1544, 183, 241]",443,1544,183,241,"[443, 1544, 183, 241]",offline_local_binary_ring_bottom_guard,assets/page_images/001_道因法师碑/p0007.jpg,4,6,1,http://data.library.sh.cn/bt/resource/work/v1e0qbx3r5wp1uw4,http://iiif.library.sh.cn/api/viewer/17A331,https://iiif.library.sh.cn/p/3/02c55611-7427-4cd0-a2cd-a15b5ccbaa9c,https://iiif.library.sh.cn/c/3/a35ae535-435d-4d7e-8350-477a5ee9e099,1444,2231,https://iiif.library.sh.cn/c/3/a35ae535-435d-4d7e-8350-477a5ee9e099/ap/s,https://iiif.library.sh.cn/c/3/a35ae535-435d-4d7e-8350-477a5ee9e099/ap/c/a/3a027b9b-eef9-4801-b977-72d82fdd197b,28,28,supplementing,"[461, 1578, 608, 1725]","https://iiif.library.sh.cn/c/3/a35ae535-435d-4d7e-8350-477a5ee9e099#xywh=461,1578,147,147",李俨撰文，欧阳通楷书,欧阳通（楷书）；李儇（撰文）,唐,龙朔三年十月十日刻立（663）,663,楷书,17A331,《翰墨瑰宝：上海图书馆藏珍本碑帖丛刊》第二辑,iiif_annotation_target_xywh,iiif_xywh
001_道因法师碑_p0007_c029,象,001_道因法师碑,道因法师碑,7,七,461,1784,147,147,"[461, 1784, 147, 147]",461,1763,147,189,"[461, 1763, 147, 189]",435,1758,199,199,"[435, 1758, 199, 199]",443,1733,183,261,"[443, 1733, 183, 261]",443,1733,183,261,"[443, 1733, 183, 261]",offline_local_binary_ring_bottom_guard,assets/page_images/001_道因法师碑/p0007.jpg,4,7,1,http://data.library.sh.cn/bt/resource/work/v1e0qbx3r5wp1uw4,http://iiif.library.sh.cn/api/viewer/17A331,https://iiif.library.sh.cn/p/3/02c55611-7427-4cd0-a2cd-a15b5ccbaa9c,https://iiif.library.sh.cn/c/3/a35ae535-435d-4d7e-8350-477a5ee9e099,1444,2231,https://iiif.library.sh.cn/c/3/a35ae535-435d-4d7e-8350-477a5ee9e099/ap/s,https://iiif.library.sh.cn/c/3/a35ae535-435d-4d7e-8350-477a5ee9e099/ap/c/a/2387a94b-3ad5-43bc-9c97-c110242f13b2,29,29,supplementing,"[461, 1784, 608, 1931]","https://iiif.library.sh.cn/c/3/a35ae535-435d-4d7e-8350-477a5ee9e099#xywh=461,1784,147,147",李俨撰文，欧阳通楷书,欧阳通（楷书）；李儇（撰文）,唐,龙朔三年十月十日刻立（663）,663,楷书,17A331,《翰墨瑰宝：上海图书馆藏珍本碑帖丛刊》第二辑,iiif_annotation_target_xywh,iiif_xywh
001_道因法师碑_p0008_c001,肇,001_道因法师碑,道因法师碑,8,八,847,516,161,161,"[847, 516, 161, 161]",853,520,149,153,"[853, 520, 149, 153]",818,487,219,219,"[818, 487, 219, 219]",835,486,185,221,"[835, 486, 185, 221]",835,486,185,221,"[835, 486, 185, 221]",offline_local_binary_ring_bottom_guard,assets/page_images/001_道因法师碑/p0008.jpg,0,0,1,http://data.library.sh.cn/bt/resource/work/v1e0qbx3r5wp1uw4,http://iiif.library.sh.cn/api/viewer/17A331,https://iiif.library.sh.cn/p/3/02c55611-7427-4cd0-a2cd-a15b5ccbaa9c,https://iiif.library.sh.cn/c/3/20ed3e46-2558-437c-ab2d-87bae7186c19,1460,2228,https://iiif.library.sh.cn/c/3/20ed3e46-2558-437c-ab2d-87bae7186c19/ap/s,https://iiif.library.sh.cn/c/3/20ed3e46-2558-437c-ab2d-87bae7186c19/ap/c/a/bd460bdb-c04d-4e0c-be13-98b1d06f28f2,1,1,supplementing,"[847, 516, 1008, 677]","https://iiif.library.sh.cn/c/3/20ed3e46-2558-437c-ab2d-87bae7186c19#xywh=847,516,161,161",李俨撰文，欧阳通楷书,欧阳通（楷书）；李儇（撰文）,唐,龙朔三年十月十日刻立（663）,663,楷书,17A331,《翰墨瑰宝：上海图书馆藏珍本碑帖丛刊》第二辑,iiif_annotation_target_xywh,iiif_xywh
001_道因法师碑_p0008_c002,有,001_道因法师碑,道因法师碑,8,八,847,682,161,161,"[847, 682, 161, 161]",853,686,149,159,"[853, 686, 149, 159]",818,653,219,219,"[818, 653, 219, 219]",835,651,185,229,"[835, 651, 185, 229]",835,651,185,229,"[835, 651, 185, 229]",offline_local_binary_ring_bottom_guard,assets/page_images/001_道因法师碑/p0008.jpg,0,1,1,http://data.library.sh.cn/bt/resource/work/v1e0qbx3r5wp1uw4,http://iiif.library.sh.cn/api/viewer/17A331,https://iiif.library.sh.cn/p/3/02c55611-7427-4cd0-a2cd-a15b5ccbaa9c,https://iiif.library.sh.cn/c/3/20ed3e46-2558-437c-ab2d-87bae7186c19,1460,2228,https://iiif.library.sh.cn/c/3/20ed3e46-2558-437c-ab2d-87bae7186c19/ap/s,https://iiif.library.sh.cn/c/3/20ed3e46-2558-437c-ab2d-87bae7186c19/ap/c/a/1062eeac-5730-41b1-bee7-1a62c303d9df,2,2,supplementing,"[847, 682, 1008, 843]","https://iiif.library.sh.cn/c/3/20ed3e46-2558-437c-ab2d-87bae7186c19#xywh=847,682,161,161",李俨撰文，欧阳通楷书,欧阳通（楷书）；李儇（撰文）,唐,龙朔三年十月十日刻立（663）,663,楷书,17A331,《翰墨瑰宝：上海图书馆藏珍本碑帖丛刊》第二辑,iiif_annotation_target_xywh,iiif_xywh
001_道因法师碑_p0008_c003,书,001_道因法师碑,道因法师碑,8,八,847,861,161,161,"[847, 861, 161, 161]",853,859,149,169,"[853, 859, 149, 169]",818,832,219,219,"[818, 832, 219, 219]",835,826,185,239,"[835, 826, 185, 239]",835,826,185,239,"[835, 826, 185, 239]",offline_local_binary_ring_bottom_guard,assets/page_images/001_道因法师碑/p0008.jpg,0,2,1,http://data.library.sh.cn/bt/resource/work/v1e0qbx3r5wp1uw4,http://iiif.library.sh.cn/api/viewer/17A331,https://iiif.library.sh.cn/p/3/02c55611-7427-4cd0-a2cd-a15b5ccbaa9c,https://iiif.library.sh.cn/c/3/20ed3e46-2558-437c-ab2d-87bae7186c19,1460,2228,https://iiif.library.sh.cn/c/3/20ed3e46-2558-437c-ab2d-87bae7186c19/ap/s,https://iiif.library.sh.cn/c/3/20ed3e46-2558-437c-ab2d-87bae7186c19/ap/c/a/ebdca339-dbf4-4382-af4b-366d4a3d08af,3,3,supplementing,"[847, 861, 1008, 1022]","https://iiif.library.sh.cn/c/3/20ed3e46-2558-437c-ab2d-87bae7186c19#xywh=847,861,161,161",李俨撰文，欧阳通楷书,欧阳通（楷书）；李儇（撰文）,唐,龙朔三年十月十日刻立（663）,663,楷书,17A331,《翰墨瑰宝：上海图书馆藏珍本碑帖丛刊》第二辑,iiif_annotation_target_xywh,iiif_xywh
001_道因法师碑_p0008_c004,契,001_道因法师碑,道因法师碑,8,八,847,1048,161,161,"[847, 1048, 161, 161]",853,1043,149,180,"[853, 1043, 149, 180]",818,1019,219,219,"[818, 1019, 219, 219]",835,1010,185,253,"[835, 1010, 185, 253]",835,1010,185,253,"[835, 1010, 185, 253]",offline_local_binary_ring_bottom_guard,assets/page_images/001_道因法师碑/p0008.jpg,0,3,1,http://data.library.sh.cn/bt/resource/work/v1e0qbx3r5wp1uw4,http://iiif.library.sh.cn/api/viewer/17A331,https://iiif.library.sh.cn/p/3/02c55611-7427-4cd0-a2cd-a15b5ccbaa9c,https://iiif.library.sh.cn/c/3/20ed3e46-2558-437c-ab2d-87bae7186c19,1460,2228,https://iiif.library.sh.cn/c/3/20ed3e46-2558-437c-ab2d-87bae7186c19/ap/s,https://iiif.library.sh.cn/c/3/20ed3e46-2558-437c-ab2d-87bae7186c19/ap/c/a/05327c63-869a-4039-be3c-a22eb5949fea,4,4,supplementing,"[847, 1048, 1008, 1209]","https://iiif.library.sh.cn/c/3/20ed3e46-2558-437c-ab2d-87bae7186c19#xywh=847,1048,161,161",李俨撰文，欧阳通楷书,欧阳通（楷书）；李儇（撰文）,唐,龙朔三年十月十日刻立（663）,663,楷书,17A331,《翰墨瑰宝：上海图书馆藏珍本碑帖丛刊》第二辑,iiif_annotation_target_xywh,iiif_xywh
001_道因法师碑_p0008_c005,文,001_道因法师碑,道因法师碑,8,八,847,1252,161,161,"[847, 1252, 161, 161]",853,1238,149,173,"[853, 1238, 149, 173]",818,1223,219,219,"[818, 1223, 219, 219]",835,1205,185,244,"[835, 1205, 185, 244]",835,1205,185,244,"[835, 1205, 185, 244]",offline_local_binary_ring_bottom_guard,assets/page_images/001_道因法师碑/p0008.jpg,0,4,1,http://data.library.sh.cn/bt/resource/work/v1e0qbx3r5wp1uw4,http://iiif.library.sh.cn/api/viewer/17A331,https://iiif.library.sh.cn/p/3/02c55611-7427-4cd0-a2cd-a15b5ccbaa9c,https://iiif.library.sh.cn/c/3/20ed3e46-2558-437c-ab2d-87bae7186c19,1460,2228,https://iiif.library.sh.cn/c/3/20ed3e46-2558-437c-ab2d-87bae7186c19/ap/s,https://iiif.library.sh.cn/c/3/20ed3e46-2558-437c-ab2d-87bae7186c19/ap/c/a/c398c161-6af7-41f1-8661-bd3c4b1acdb9,5,5,supplementing,"[847, 1252, 1008, 1413]","https://iiif.library.sh.cn/c/3/20ed3e46-2558-437c-ab2d-87bae7186c19#xywh=847,1252,161,161",李俨撰文，欧阳通楷书,欧阳通（楷书）；李儇（撰文）,唐,龙朔三年十月十日刻立（663）,663,楷书,17A331,《翰墨瑰宝：上海图书馆藏珍本碑帖丛刊》第二辑,iiif_annotation_target_xywh,iiif_xywh
001_道因法师碑_p0008_c006,籍,001_道因法师碑,道因法师碑,8,八,847,1424,161,161,"[847, 1424, 161, 161]",853,1425,149,158,"[853, 1425, 149, 158]",818,1395,219,219,"[818, 1395, 219, 219]",835,1391,185,227,"[835, 1391, 185, 227]",835,1391,185,227,"[835, 1391, 185, 227]",offline_local_binary_ring_bottom_guard,assets/page_images/001_道因法师碑/p0008.jpg,0,5,1,http://data.library.sh.cn/bt/resource/work/v1e0qbx3r5wp1uw4,http://iiif.library.sh.cn/api/viewer/17A331,https://iiif.library.sh.cn/p/3/02c55611-7427-4cd0-a2cd-a15b5ccbaa9c,https://iiif.library.sh.cn/c/3/20ed3e46-2558-437c-ab2d-87bae7186c19,1460,2228,https://iiif.library.sh.cn/c/3/20ed3e46-2558-437c-ab2d-87bae7186c19/ap/s,https://iiif.library.sh.cn/c/3/20ed3e46-2558-437c-ab2d-87bae7186c19/ap/c/a/90fab90b-4b16-43ae-a170-5cb0e030967e,6,6,supplementing,"[847, 1424, 1008, 1585]","https://iiif.library.sh.cn/c/3/20ed3e46-2558-437c-ab2d-87bae7186c19#xywh=847,1424,161,161",李俨撰文，欧阳通楷书,欧阳通（楷书）；李儇（撰文）,唐,龙朔三年十月十日刻立（663）,663,楷书,17A331,《翰墨瑰宝：上海图书馆藏珍本碑帖丛刊》第二辑,iiif_annotation_target_xywh,iiif_xywh
001_道因法师碑_p0008_c007,生,001_道因法师碑,道因法师碑,8,八,847,1595,161,161,"[847, 1595, 161, 161]",853,1597,149,152,"[853, 1597, 149, 152]",818,1566,219,219,"[818, 1566, 219, 219]",835,1564,185,218,"[835, 1564, 185, 218]",835,1564,185,218,"[835, 1564, 185, 218]",offline_local_binary_ring_bottom_guard,assets/page_images/001_道因法师碑/p0008.jpg,0,6,1,http://data.library.sh.cn/bt/resource/work/v1e0qbx3r5wp1uw4,http://iiif.library.sh.cn/api/viewer/17A331,https://iiif.library.sh.cn/p/3/02c55611-7427-4cd0-a2cd-a15b5ccbaa9c,https://iiif.library.sh.cn/c/3/20ed3e46-2558-437c-ab2d-87bae7186c19,1460,2228,https://iiif.library.sh.cn/c/3/20ed3e46-2558-437c-ab2d-87bae7186c19/ap/s,https://iiif.library.sh.cn/c/3/20ed3e46-2558-437c-ab2d-87bae7186c19/ap/c/a/cd0d2249-0c59-4947-994d-d7231cc65da5,7,7,supplementing,"[847, 1595, 1008, 1756]","https://iiif.library.sh.cn/c/3/20ed3e46-2558-437c-ab2d-87bae7186c19#xywh=847,1595,161,161",李俨撰文，欧阳通楷书,欧阳通（楷书）；李儇（撰文）,唐,龙朔三年十月十日刻立（663）,663,楷书,17A331,《翰墨瑰宝：上海图书馆藏珍本碑帖丛刊》第二辑,iiif_annotation_target_xywh,iiif_xywh
001_道因法师碑_p0008_c008,焉,001_道因法师碑,道因法师碑,8,八,847,1756,161,161,"[847, 1756, 161, 161]",853,1762,149,149,"[853, 1762, 149, 149]",818,1727,219,219,"[818, 1727, 219, 219]",835,1729,185,215,"[835, 1729, 185, 215]",835,1729,185,215,"[835, 1729, 185, 215]",offline_local_binary_ring_bottom_guard,assets/page_images/001_道因法师碑/p0008.jpg,0,7,1,http://data.library.sh.cn/bt/resource/work/v1e0qbx3r5wp1uw4,http://iiif.library.sh.cn/api/viewer/17A331,https://iiif.library.sh.cn/p/3/02c55611-7427-4cd0-a2cd-a15b5ccbaa9c,https://iiif.library.sh.cn/c/3/20ed3e46-2558-437c-ab2d-87bae7186c19,1460,2228,https://iiif.library.sh.cn/c/3/20ed3e46-2558-437c-ab2d-87bae7186c19/ap/s,https://iiif.library.sh.cn/c/3/20ed3e46-2558-437c-ab2d-87bae7186c19/ap/c/a/4ab65cd1-66d2-494c-ac8e-efa8c5d8e78c,8,8,supplementing,"[847, 1756, 1008, 1917]","https://iiif.library.sh.cn/c/3/20ed3e46-2558-437c-ab2d-87bae7186c19#xywh=847,1756,161,161",李俨撰文，欧阳通楷书,欧阳通（楷书）；李儇（撰文）,唐,龙朔三年十月十日刻立（663）,663,楷书,17A331,《翰墨瑰宝：上海图书馆藏珍本碑帖丛刊》第二辑,iiif_annotation_target_xywh,iiif_xywh
001_道因法师碑_p0008_c009,虽,001_道因法师碑,道因法师碑,8,八,695,532,144,144,"[695, 532, 144, 144]",689,543,150,122,"[689, 543, 150, 122]",669,506,196,196,"[669, 506, 196, 196]",671,516,186,176,"[671, 516, 186, 176]",671,516,186,176,"[671, 516, 186, 176]",offline_local_binary_ring_bottom_guard,assets/page_images/001_道因法师碑/p0008.jpg,1,0,1,http://data.library.sh.cn/bt/resource/work/v1e0qbx3r5wp1uw4,http://iiif.library.sh.cn/api/viewer/17A331,https://iiif.library.sh.cn/p/3/02c55611-7427-4cd0-a2cd-a15b5ccbaa9c,https://iiif.library.sh.cn/c/3/20ed3e46-2558-437c-ab2d-87bae7186c19,1460,2228,https://iiif.library.sh.cn/c/3/20ed3e46-2558-437c-ab2d-87bae7186c19/ap/s,https://iiif.library.sh.cn/c/3/20ed3e46-2558-437c-ab2d-87bae7186c19/ap/c/a/08df302a-99e2-47f1-a9f8-44b3816dee46,9,9,supplementing,"[695, 532, 839, 676]","https://iiif.library.sh.cn/c/3/20ed3e46-2558-437c-ab2d-87bae7186c19#xywh=695,532,144,144",李俨撰文，欧阳通楷书,欧阳通（楷书）；李儇（撰文）,唐,龙朔三年十月十日刻立（663）,663,楷书,17A331,《翰墨瑰宝：上海图书馆藏珍本碑帖丛刊》第二辑,iiif_annotation_target_xywh,iiif_xywh
001_道因法师碑_p0008_c010,十,001_道因法师碑,道因法师碑,8,八,695,664,144,144,"[695, 664, 144, 144]",689,676,150,137,"[689, 676, 150, 137]",669,638,196,196,"[669, 638, 196, 196]",671,646,186,197,"[671, 646, 186, 197]",671,646,186,197,"[671, 646, 186, 197]",offline_local_binary_ring_bottom_guard,assets/page_images/001_道因法师碑/p0008.jpg,1,1,1,http://data.library.sh.cn/bt/resource/work/v1e0qbx3r5wp1uw4,http://iiif.library.sh.cn/api/viewer/17A331,https://iiif.library.sh.cn/p/3/02c55611-7427-4cd0-a2cd-a15b5ccbaa9c,https://iiif.library.sh.cn/c/3/20ed3e46-2558-437c-ab2d-87bae7186c19,1460,2228,https://iiif.library.sh.cn/c/3/20ed3e46-2558-437c-ab2d-87bae7186c19/ap/s,https://iiif.library.sh.cn/c/3/20ed3e46-2558-437c-ab2d-87bae7186c19/ap/c/a/5073695c-9e42-4835-8eb6-38e7d8e01bd8,10,10,supplementing,"[695, 664, 839, 808]","https://iiif.library.sh.cn/c/3/20ed3e46-2558-437c-ab2d-87bae7186c19#xywh=695,664,144,144",李俨撰文，欧阳通楷书,欧阳通（楷书）；李儇（撰文）,唐,龙朔三年十月十日刻立（663）,663,楷书,17A331,《翰墨瑰宝：上海图书馆藏珍本碑帖丛刊》第二辑,iiif_annotation_target_xywh,iiif_xywh
001_道因法师碑_p0008_c011,翼,001_道因法师碑,道因法师碑,8,八,695,830,144,144,"[695, 830, 144, 144]",689,826,150,167,"[689, 826, 150, 167]",669,804,196,196,"[669, 804, 196, 196]",671,796,186,234,"[671, 796, 186, 234]",671,796,186,234,"[671, 796, 186, 234]",offline_local_binary_ring_bottom_guard,assets/page_images/001_道因法师碑/p0008.jpg,1,2,1,http://data.library.sh.cn/bt/resource/work/v1e0qbx3r5wp1uw4,http://iiif.library.sh.cn/api/viewer/17A331,https://iiif.library.sh.cn/p/3/02c55611-7427-4cd0-a2cd-a15b5ccbaa9c,https://iiif.library.sh.cn/c/3/20ed3e46-2558-437c-ab2d-87bae7186c19,1460,2228,https://iiif.library.sh.cn/c/3/20ed3e46-2558-437c-ab2d-87bae7186c19/ap/s,https://iiif.library.sh.cn/c/3/20ed3e46-2558-437c-ab2d-87bae7186c19/ap/c/a/4ffc3210-6056-498c-84be-f9d22450c94f,11,11,supplementing,"[695, 830, 839, 974]","https://iiif.library.sh.cn/c/3/20ed3e46-2558-437c-ab2d-87bae7186c19#xywh=695,830,144,144",李俨撰文，欧阳通楷书,欧阳通（楷书）；李儇（撰文）,唐,龙朔三年十月十日刻立（663）,663,楷书,17A331,《翰墨瑰宝：上海图书馆藏珍本碑帖丛刊》第二辑,iiif_annotation_target_xywh,iiif_xywh
001_道因法师碑_p0008_c012,精,001_道因法师碑,道因法师碑,8,八,695,1026,144,144,"[695, 1026, 144, 144]",689,1007,150,171,"[689, 1007, 150, 171]",669,1000,196,196,"[669, 1000, 196, 196]",671,977,186,239,"[671, 977, 186, 239]",671,977,186,239,"[671, 977, 186, 239]",offline_local_binary_ring_bottom_guard,assets/page_images/001_道因法师碑/p0008.jpg,1,3,1,http://data.library.sh.cn/bt/resource/work/v1e0qbx3r5wp1uw4,http://iiif.library.sh.cn/api/viewer/17A331,https://iiif.library.sh.cn/p/3/02c55611-7427-4cd0-a2cd-a15b5ccbaa9c,https://iiif.library.sh.cn/c/3/20ed3e46-2558-437c-ab2d-87bae7186c19,1460,2228,https://iiif.library.sh.cn/c/3/20ed3e46-2558-437c-ab2d-87bae7186c19/ap/s,https://iiif.library.sh.cn/c/3/20ed3e46-2558-437c-ab2d-87bae7186c19/ap/c/a/4e93b159-2c92-4b2d-8347-c52b3ebd66ee,12,12,supplementing,"[695, 1026, 839, 1170]","https://iiif.library.sh.cn/c/3/20ed3e46-2558-437c-ab2d-87bae7186c19#xywh=695,1026,144,144",李俨撰文，欧阳通楷书,欧阳通（楷书）；李儇（撰文）,唐,龙朔三年十月十日刻立（663）,663,楷书,17A331,《翰墨瑰宝：上海图书馆藏珍本碑帖丛刊》第二辑,iiif_annotation_target_xywh,iiif_xywh
001_道因法师碑_p0008_c013,微,001_道因法师碑,道因法师碑,8,八,695,1201,144,144,"[695, 1201, 144, 144]",689,1193,150,165,"[689, 1193, 150, 165]",669,1175,196,196,"[669, 1175, 196, 196]",671,1163,186,231,"[671, 1163, 186, 231]",671,1163,186,231,"[671, 1163, 186, 231]",offline_local_binary_ring_bottom_guard,assets/page_images/001_道因法师碑/p0008.jpg,1,4,1,http://data.library.sh.cn/bt/resource/work/v1e0qbx3r5wp1uw4,http://iiif.library.sh.cn/api/viewer/17A331,https://iiif.library.sh.cn/p/3/02c55611-7427-4cd0-a2cd-a15b5ccbaa9c,https://iiif.library.sh.cn/c/3/20ed3e46-2558-437c-ab2d-87bae7186c19,1460,2228,https://iiif.library.sh.cn/c/3/20ed3e46-2558-437c-ab2d-87bae7186c19/ap/s,https://iiif.library.sh.cn/c/3/20ed3e46-2558-437c-ab2d-87bae7186c19/ap/c/a/f85fccaf-caa5-4d79-8f9e-2d452229f096,13,13,supplementing,"[695, 1201, 839, 1345]","https://iiif.library.sh.cn/c/3/20ed3e46-2558-437c-ab2d-87bae7186c19#xywh=695,1201,144,144",李俨撰文，欧阳通楷书,欧阳通（楷书）；李儇（撰文）,唐,龙朔三年十月十日刻立（663）,663,楷书,17A331,《翰墨瑰宝：上海图书馆藏珍本碑帖丛刊》第二辑,iiif_annotation_target_xywh,iiif_xywh
001_道因法师碑_p0008_c014,阴,001_道因法师碑,道因法师碑,8,八,695,1392,131,131,"[695, 1392, 131, 131]",689,1373,150,170,"[689, 1373, 150, 170]",671,1368,179,179,"[671, 1368, 179, 179]",671,1346,186,234,"[671, 1346, 186, 234]",671,1346,186,234,"[671, 1346, 186, 234]",offline_local_binary_ring_bottom_guard,assets/page_images/001_道因法师碑/p0008.jpg,1,5,1,http://data.library.sh.cn/bt/resource/work/v1e0qbx3r5wp1uw4,http://iiif.library.sh.cn/api/viewer/17A331,https://iiif.library.sh.cn/p/3/02c55611-7427-4cd0-a2cd-a15b5ccbaa9c,https://iiif.library.sh.cn/c/3/20ed3e46-2558-437c-ab2d-87bae7186c19,1460,2228,https://iiif.library.sh.cn/c/3/20ed3e46-2558-437c-ab2d-87bae7186c19/ap/s,https://iiif.library.sh.cn/c/3/20ed3e46-2558-437c-ab2d-87bae7186c19/ap/c/a/4767aa96-2ace-42bd-aaa4-091b5491b145,14,14,supplementing,"[695, 1392, 826, 1523]","https://iiif.library.sh.cn/c/3/20ed3e46-2558-437c-ab2d-87bae7186c19#xywh=695,1392,131,131",李俨撰文，欧阳通楷书,欧阳通（楷书）；李儇（撰文）,唐,龙朔三年十月十日刻立（663）,663,楷书,17A331,《翰墨瑰宝：上海图书馆藏珍本碑帖丛刊》第二辑,iiif_annotation_target_xywh,iiif_xywh
001_道因法师碑_p0008_c015,阳,001_道因法师碑,道因法师碑,8,八,695,1577,131,131,"[695, 1577, 131, 131]",689,1557,150,166,"[689, 1557, 150, 166]",671,1553,179,179,"[671, 1553, 179, 179]",671,1530,186,230,"[671, 1530, 186, 230]",671,1530,186,230,"[671, 1530, 186, 230]",offline_local_binary_ring_bottom_guard,assets/page_images/001_道因法师碑/p0008.jpg,1,6,1,http://data.library.sh.cn/bt/resource/work/v1e0qbx3r5wp1uw4,http://iiif.library.sh.cn/api/viewer/17A331,https://iiif.library.sh.cn/p/3/02c55611-7427-4cd0-a2cd-a15b5ccbaa9c,https://iiif.library.sh.cn/c/3/20ed3e46-2558-437c-ab2d-87bae7186c19,1460,2228,https://iiif.library.sh.cn/c/3/20ed3e46-2558-437c-ab2d-87bae7186c19/ap/s,https://iiif.library.sh.cn/c/3/20ed3e46-2558-437c-ab2d-87bae7186c19/ap/c/a/d9e2889e-593c-4fc7-8e18-c0e920e5df8d,15,15,supplementing,"[695, 1577, 826, 1708]","https://iiif.library.sh.cn/c/3/20ed3e46-2558-437c-ab2d-87bae7186c19#xywh=695,1577,131,131",李俨撰文，欧阳通楷书,欧阳通（楷书）；李儇（撰文）,唐,龙朔三年十月十日刻立（663）,663,楷书,17A331,《翰墨瑰宝：上海图书馆藏珍本碑帖丛刊》第二辑,iiif_annotation_target_xywh,iiif_xywh
001_道因法师碑_p0008_c016,之,001_道因法师碑,道因法师碑,8,八,695,1752,131,131,"[695, 1752, 131, 131]",689,1737,150,161,"[689, 1737, 150, 161]",671,1728,179,179,"[671, 1728, 179, 179]",671,1710,186,223,"[671, 1710, 186, 223]",671,1710,186,223,"[671, 1710, 186, 223]",offline_local_binary_ring_bottom_guard,assets/page_images/001_道因法师碑/p0008.jpg,1,7,1,http://data.library.sh.cn/bt/resource/work/v1e0qbx3r5wp1uw4,http://iiif.library.sh.cn/api/viewer/17A331,https://iiif.library.sh.cn/p/3/02c55611-7427-4cd0-a2cd-a15b5ccbaa9c,https://iiif.library.sh.cn/c/3/20ed3e46-2558-437c-ab2d-87bae7186c19,1460,2228,https://iiif.library.sh.cn/c/3/20ed3e46-2558-437c-ab2d-87bae7186c19/ap/s,https://iiif.library.sh.cn/c/3/20ed3e46-2558-437c-ab2d-87bae7186c19/ap/c/a/2831fc14-e29b-44c8-b7b4-0b8a202aae25,16,16,supplementing,"[695, 1752, 826, 1883]","https://iiif.library.sh.cn/c/3/20ed3e46-2558-437c-ab2d-87bae7186c19#xywh=695,1752,131,131",李俨撰文，欧阳通楷书,欧阳通（楷书）；李儇（撰文）,唐,龙朔三年十月十日刻立（663）,663,楷书,17A331,《翰墨瑰宝：上海图书馆藏珍本碑帖丛刊》第二辑,iiif_annotation_target_xywh,iiif_xywh
001_道因法师碑_p0008_c017,化,001_道因法师碑,道因法师碑,8,八,524,514,151,151,"[524, 514, 151, 151]",522,515,153,149,"[522, 515, 153, 149]",497,487,205,205,"[497, 487, 205, 205]",504,483,189,214,"[504, 483, 189, 214]",504,483,189,214,"[504, 483, 189, 214]",offline_local_binary_ring_bottom_guard,assets/page_images/001_道因法师碑/p0008.jpg,2,0,1,http://data.library.sh.cn/bt/resource/work/v1e0qbx3r5wp1uw4,http://iiif.library.sh.cn/api/viewer/17A331,https://iiif.library.sh.cn/p/3/02c55611-7427-4cd0-a2cd-a15b5ccbaa9c,https://iiif.library.sh.cn/c/3/20ed3e46-2558-437c-ab2d-87bae7186c19,1460,2228,https://iiif.library.sh.cn/c/3/20ed3e46-2558-437c-ab2d-87bae7186c19/ap/s,https://iiif.library.sh.cn/c/3/20ed3e46-2558-437c-ab2d-87bae7186c19/ap/c/a/27765a5f-61aa-4119-a27e-9272a8a480bb,17,17,supplementing,"[524, 514, 675, 665]","https://iiif.library.sh.cn/c/3/20ed3e46-2558-437c-ab2d-87bae7186c19#xywh=524,514,151,151",李俨撰文，欧阳通楷书,欧阳通（楷书）；李儇（撰文）,唐,龙朔三年十月十日刻立（663）,663,楷书,17A331,《翰墨瑰宝：上海图书馆藏珍本碑帖丛刊》第二辑,iiif_annotation_target_xywh,iiif_xywh
001_道因法师碑_p0008_c018,不,001_道因法师碑,道因法师碑,8,八,524,676,151,151,"[524, 676, 151, 151]",522,677,153,160,"[522, 677, 153, 160]",497,649,205,205,"[497, 649, 205, 205]",504,645,189,227,"[504, 645, 189, 227]",504,645,189,227,"[504, 645, 189, 227]",offline_local_binary_ring_bottom_guard,assets/page_images/001_道因法师碑/p0008.jpg,2,1,1,http://data.library.sh.cn/bt/resource/work/v1e0qbx3r5wp1uw4,http://iiif.library.sh.cn/api/viewer/17A331,https://iiif.library.sh.cn/p/3/02c55611-7427-4cd0-a2cd-a15b5ccbaa9c,https://iiif.library.sh.cn/c/3/20ed3e46-2558-437c-ab2d-87bae7186c19,1460,2228,https://iiif.library.sh.cn/c/3/20ed3e46-2558-437c-ab2d-87bae7186c19/ap/s,https://iiif.library.sh.cn/c/3/20ed3e46-2558-437c-ab2d-87bae7186c19/ap/c/a/1d0aad29-fb19-4114-b200-b76fe3394034,18,18,supplementing,"[524, 676, 675, 827]","https://iiif.library.sh.cn/c/3/20ed3e46-2558-437c-ab2d-87bae7186c19#xywh=524,676,151,151",李俨撰文，欧阳通楷书,欧阳通（楷书）；李儇（撰文）,唐,龙朔三年十月十日刻立（663）,663,楷书,17A331,《翰墨瑰宝：上海图书馆藏珍本碑帖丛刊》第二辑,iiif_annotation_target_xywh,iiif_xywh
001_道因法师碑_p0008_c019,测,001_道因法师碑,道因法师碑,8,八,524,861,151,151,"[524, 861, 151, 151]",522,851,153,172,"[522, 851, 153, 172]",497,834,205,205,"[497, 834, 205, 205]",504,820,189,241,"[504, 820, 189, 241]",504,820,189,241,"[504, 820, 189, 241]",offline_local_binary_ring_bottom_guard,assets/page_images/001_道因法师碑/p0008.jpg,2,2,1,http://data.library.sh.cn/bt/resource/work/v1e0qbx3r5wp1uw4,http://iiif.library.sh.cn/api/viewer/17A331,https://iiif.library.sh.cn/p/3/02c55611-7427-4cd0-a2cd-a15b5ccbaa9c,https://iiif.library.sh.cn/c/3/20ed3e46-2558-437c-ab2d-87bae7186c19,1460,2228,https://iiif.library.sh.cn/c/3/20ed3e46-2558-437c-ab2d-87bae7186c19/ap/s,https://iiif.library.sh.cn/c/3/20ed3e46-2558-437c-ab2d-87bae7186c19/ap/c/a/e629090d-1e71-4087-b302-26a810124976,19,19,supplementing,"[524, 861, 675, 1012]","https://iiif.library.sh.cn/c/3/20ed3e46-2558-437c-ab2d-87bae7186c19#xywh=524,861,151,151",李俨撰文，欧阳通楷书,欧阳通（楷书）；李儇（撰文）,唐,龙朔三年十月十日刻立（663）,663,楷书,17A331,《翰墨瑰宝：上海图书馆藏珍本碑帖丛刊》第二辑,iiif_annotation_target_xywh,iiif_xywh
001_道因法师碑_p0008_c020,九,001_道因法师碑,道因法师碑,8,八,524,1048,151,151,"[524, 1048, 151, 151]",522,1037,153,171,"[522, 1037, 153, 171]",497,1021,205,205,"[497, 1021, 205, 205]",504,1006,189,240,"[504, 1006, 189, 240]",504,1006,189,240,"[504, 1006, 189, 240]",offline_local_binary_ring_bottom_guard,assets/page_images/001_道因法师碑/p0008.jpg,2,3,1,http://data.library.sh.cn/bt/resource/work/v1e0qbx3r5wp1uw4,http://iiif.library.sh.cn/api/viewer/17A331,https://iiif.library.sh.cn/p/3/02c55611-7427-4cd0-a2cd-a15b5ccbaa9c,https://iiif.library.sh.cn/c/3/20ed3e46-2558-437c-ab2d-87bae7186c19,1460,2228,https://iiif.library.sh.cn/c/3/20ed3e46-2558-437c-ab2d-87bae7186c19/ap/s,https://iiif.library.sh.cn/c/3/20ed3e46-2558-437c-ab2d-87bae7186c19/ap/c/a/750b6c4a-f163-4d20-86b5-8df5d7d95934,20,20,supplementing,"[524, 1048, 675, 1199]","https://iiif.library.sh.cn/c/3/20ed3e46-2558-437c-ab2d-87bae7186c19#xywh=524,1048,151,151",李俨撰文，欧阳通楷书,欧阳通（楷书）；李儇（撰文）,唐,龙朔三年十月十日刻立（663）,663,楷书,17A331,《翰墨瑰宝：上海图书馆藏珍本碑帖丛刊》第二辑,iiif_annotation_target_xywh,iiif_xywh
001_道因法师碑_p0008_c021,流,001_道因法师碑,道因法师碑,8,八,524,1231,151,151,"[524, 1231, 151, 151]",522,1223,153,183,"[522, 1223, 153, 183]",497,1204,205,205,"[497, 1204, 205, 205]",504,1192,189,254,"[504, 1192, 189, 254]",504,1192,189,254,"[504, 1192, 189, 254]",offline_local_binary_ring_bottom_guard,assets/page_images/001_道因法师碑/p0008.jpg,2,4,1,http://data.library.sh.cn/bt/resource/work/v1e0qbx3r5wp1uw4,http://iiif.library.sh.cn/api/viewer/17A331,https://iiif.library.sh.cn/p/3/02c55611-7427-4cd0-a2cd-a15b5ccbaa9c,https://iiif.library.sh.cn/c/3/20ed3e46-2558-437c-ab2d-87bae7186c19,1460,2228,https://iiif.library.sh.cn/c/3/20ed3e46-2558-437c-ab2d-87bae7186c19/ap/s,https://iiif.library.sh.cn/c/3/20ed3e46-2558-437c-ab2d-87bae7186c19/ap/c/a/45272fb1-5080-485a-9fe7-083e3da5a720,21,21,supplementing,"[524, 1231, 675, 1382]","https://iiif.library.sh.cn/c/3/20ed3e46-2558-437c-ab2d-87bae7186c19#xywh=524,1231,151,151",李俨撰文，欧阳通楷书,欧阳通（楷书）；李儇（撰文）,唐,龙朔三年十月十日刻立（663）,663,楷书,17A331,《翰墨瑰宝：上海图书馆藏珍本碑帖丛刊》第二辑,iiif_annotation_target_xywh,iiif_xywh
001_道因法师碑_p0008_c022,沉,001_道因法师碑,道因法师碑,8,八,524,1445,151,151,"[524, 1445, 151, 151]",522,1421,153,171,"[522, 1421, 153, 171]",497,1418,205,205,"[497, 1418, 205, 205]",504,1390,189,240,"[504, 1390, 189, 240]",504,1390,189,240,"[504, 1390, 189, 240]",offline_local_binary_ring_bottom_guard,assets/page_images/001_道因法师碑/p0008.jpg,2,5,1,http://data.library.sh.cn/bt/resource/work/v1e0qbx3r5wp1uw4,http://iiif.library.sh.cn/api/viewer/17A331,https://iiif.library.sh.cn/p/3/02c55611-7427-4cd0-a2cd-a15b5ccbaa9c,https://iiif.library.sh.cn/c/3/20ed3e46-2558-437c-ab2d-87bae7186c19,1460,2228,https://iiif.library.sh.cn/c/3/20ed3e46-2558-437c-ab2d-87bae7186c19/ap/s,https://iiif.library.sh.cn/c/3/20ed3e46-2558-437c-ab2d-87bae7186c19/ap/c/a/96dbfaf9-aa54-4667-a90c-80913deee4f1,22,22,supplementing,"[524, 1445, 675, 1596]","https://iiif.library.sh.cn/c/3/20ed3e46-2558-437c-ab2d-87bae7186c19#xywh=524,1445,151,151",李俨撰文，欧阳通楷书,欧阳通（楷书）；李儇（撰文）,唐,龙朔三年十月十日刻立（663）,663,楷书,17A331,《翰墨瑰宝：上海图书馆藏珍本碑帖丛刊》第二辑,iiif_annotation_target_xywh,iiif_xywh
001_道因法师碑_p0008_c023,奥,001_道因法师碑,道因法师碑,8,八,524,1603,151,151,"[524, 1603, 151, 151]",522,1606,153,162,"[522, 1606, 153, 162]",497,1576,205,205,"[497, 1576, 205, 205]",504,1572,189,232,"[504, 1572, 189, 232]",504,1572,189,232,"[504, 1572, 189, 232]",offline_local_binary_ring_bottom_guard,assets/page_images/001_道因法师碑/p0008.jpg,2,6,1,http://data.library.sh.cn/bt/resource/work/v1e0qbx3r5wp1uw4,http://iiif.library.sh.cn/api/viewer/17A331,https://iiif.library.sh.cn/p/3/02c55611-7427-4cd0-a2cd-a15b5ccbaa9c,https://iiif.library.sh.cn/c/3/20ed3e46-2558-437c-ab2d-87bae7186c19,1460,2228,https://iiif.library.sh.cn/c/3/20ed3e46-2558-437c-ab2d-87bae7186c19/ap/s,https://iiif.library.sh.cn/c/3/20ed3e46-2558-437c-ab2d-87bae7186c19/ap/c/a/1c23ac6b-9a13-4efc-b766-c25fea2e405e,23,23,supplementing,"[524, 1603, 675, 1754]","https://iiif.library.sh.cn/c/3/20ed3e46-2558-437c-ab2d-87bae7186c19#xywh=524,1603,151,151",李俨撰文，欧阳通楷书,欧阳通（楷书）；李儇（撰文）,唐,龙朔三年十月十日刻立（663）,663,楷书,17A331,《翰墨瑰宝：上海图书馆藏珍本碑帖丛刊》第二辑,iiif_annotation_target_xywh,iiif_xywh
001_道因法师碑_p0008_c024,仁,001_道因法师碑,道因法师碑,8,八,524,1795,151,151,"[524, 1795, 151, 151]",522,1782,153,177,"[522, 1782, 153, 177]",497,1768,205,205,"[497, 1768, 205, 205]",504,1751,189,247,"[504, 1751, 189, 247]",504,1751,189,247,"[504, 1751, 189, 247]",offline_local_binary_ring_bottom_guard,assets/page_images/001_道因法师碑/p0008.jpg,2,7,1,http://data.library.sh.cn/bt/resource/work/v1e0qbx3r5wp1uw4,http://iiif.library.sh.cn/api/viewer/17A331,https://iiif.library.sh.cn/p/3/02c55611-7427-4cd0-a2cd-a15b5ccbaa9c,https://iiif.library.sh.cn/c/3/20ed3e46-2558-437c-ab2d-87bae7186c19,1460,2228,https://iiif.library.sh.cn/c/3/20ed3e46-2558-437c-ab2d-87bae7186c19/ap/s,https://iiif.library.sh.cn/c/3/20ed3e46-2558-437c-ab2d-87bae7186c19/ap/c/a/aa584bed-8bf4-440a-8eb1-ce2495449a64,24,24,supplementing,"[524, 1795, 675, 1946]","https://iiif.library.sh.cn/c/3/20ed3e46-2558-437c-ab2d-87bae7186c19#xywh=524,1795,151,151",李俨撰文，欧阳通楷书,欧阳通（楷书）；李儇（撰文）,唐,龙朔三年十月十日刻立（663）,663,楷书,17A331,《翰墨瑰宝：上海图书馆藏珍本碑帖丛刊》第二辑,iiif_annotation_target_xywh,iiif_xywh
001_道因法师碑_p0008_c025,义,001_道因法师碑,道因法师碑,8,八,355,539,132,132,"[355, 539, 132, 132]",353,524,156,162,"[353, 524, 156, 162]",331,515,180,180,"[331, 515, 180, 180]",334,497,194,225,"[334, 497, 194, 225]",334,497,194,225,"[334, 497, 194, 225]",offline_local_binary_ring_bottom_guard,assets/page_images/001_道因法师碑/p0008.jpg,3,0,1,http://data.library.sh.cn/bt/resource/work/v1e0qbx3r5wp1uw4,http://iiif.library.sh.cn/api/viewer/17A331,https://iiif.library.sh.cn/p/3/02c55611-7427-4cd0-a2cd-a15b5ccbaa9c,https://iiif.library.sh.cn/c/3/20ed3e46-2558-437c-ab2d-87bae7186c19,1460,2228,https://iiif.library.sh.cn/c/3/20ed3e46-2558-437c-ab2d-87bae7186c19/ap/s,https://iiif.library.sh.cn/c/3/20ed3e46-2558-437c-ab2d-87bae7186c19/ap/c/a/73fc2a21-fae9-4927-bff5-976f441a4c9e,25,25,supplementing,"[355, 539, 487, 671]","https://iiif.library.sh.cn/c/3/20ed3e46-2558-437c-ab2d-87bae7186c19#xywh=355,539,132,132",李俨撰文，欧阳通楷书,欧阳通（楷书）；李儇（撰文）,唐,龙朔三年十月十日刻立（663）,663,楷书,17A331,《翰墨瑰宝：上海图书馆藏珍本碑帖丛刊》第二辑,iiif_annotation_target_xywh,iiif_xywh
001_道因法师碑_p0008_c026,之,001_道因法师碑,道因法师碑,8,八,355,715,132,132,"[355, 715, 132, 132]",353,699,156,149,"[353, 699, 156, 149]",331,691,180,180,"[331, 691, 180, 180]",334,672,194,209,"[334, 672, 194, 209]",334,672,194,209,"[334, 672, 194, 209]",offline_local_binary_ring_bottom_guard,assets/page_images/001_道因法师碑/p0008.jpg,3,1,1,http://data.library.sh.cn/bt/resource/work/v1e0qbx3r5wp1uw4,http://iiif.library.sh.cn/api/viewer/17A331,https://iiif.library.sh.cn/p/3/02c55611-7427-4cd0-a2cd-a15b5ccbaa9c,https://iiif.library.sh.cn/c/3/20ed3e46-2558-437c-ab2d-87bae7186c19,1460,2228,https://iiif.library.sh.cn/c/3/20ed3e46-2558-437c-ab2d-87bae7186c19/ap/s,https://iiif.library.sh.cn/c/3/20ed3e46-2558-437c-ab2d-87bae7186c19/ap/c/a/9ab58cdb-76b2-4c99-b3b0-5df79ea2116d,26,26,supplementing,"[355, 715, 487, 847]","https://iiif.library.sh.cn/c/3/20ed3e46-2558-437c-ab2d-87bae7186c19#xywh=355,715,132,132",李俨撰文，欧阳通楷书,欧阳通（楷书）；李儇（撰文）,唐,龙朔三年十月十日刻立（663）,663,楷书,17A331,《翰墨瑰宝：上海图书馆藏珍本碑帖丛刊》第二辑,iiif_annotation_target_xywh,iiif_xywh
001_道因法师碑_p0008_c027,涂,001_道因法师碑,道因法师碑,8,八,355,848,159,159,"[355, 848, 159, 159]",353,861,156,156,"[353, 861, 156, 156]",326,819,217,217,"[326, 819, 217, 217]",334,827,194,224,"[334, 827, 194, 224]",334,827,194,224,"[334, 827, 194, 224]",offline_local_binary_ring_bottom_guard,assets/page_images/001_道因法师碑/p0008.jpg,3,2,1,http://data.library.sh.cn/bt/resource/work/v1e0qbx3r5wp1uw4,http://iiif.library.sh.cn/api/viewer/17A331,https://iiif.library.sh.cn/p/3/02c55611-7427-4cd0-a2cd-a15b5ccbaa9c,https://iiif.library.sh.cn/c/3/20ed3e46-2558-437c-ab2d-87bae7186c19,1460,2228,https://iiif.library.sh.cn/c/3/20ed3e46-2558-437c-ab2d-87bae7186c19/ap/s,https://iiif.library.sh.cn/c/3/20ed3e46-2558-437c-ab2d-87bae7186c19/ap/c/a/fc37cc0f-e0b9-45c4-ae28-7528a4d3ae76,27,27,supplementing,"[355, 848, 514, 1007]","https://iiif.library.sh.cn/c/3/20ed3e46-2558-437c-ab2d-87bae7186c19#xywh=355,848,159,159",李俨撰文，欧阳通楷书,欧阳通（楷书）；李儇（撰文）,唐,龙朔三年十月十日刻立（663）,663,楷书,17A331,《翰墨瑰宝：上海图书馆藏珍本碑帖丛刊》第二辑,iiif_annotation_target_xywh,iiif_xywh
001_道因法师碑_p0008_c028,斯,001_道因法师碑,道因法师碑,8,八,355,1040,159,159,"[355, 1040, 159, 159]",353,1031,156,179,"[353, 1031, 156, 179]",326,1011,217,217,"[326, 1011, 217, 217]",334,998,194,251,"[334, 998, 194, 251]",334,998,194,251,"[334, 998, 194, 251]",offline_local_binary_ring_bottom_guard,assets/page_images/001_道因法师碑/p0008.jpg,3,3,1,http://data.library.sh.cn/bt/resource/work/v1e0qbx3r5wp1uw4,http://iiif.library.sh.cn/api/viewer/17A331,https://iiif.library.sh.cn/p/3/02c55611-7427-4cd0-a2cd-a15b5ccbaa9c,https://iiif.library.sh.cn/c/3/20ed3e46-2558-437c-ab2d-87bae7186c19,1460,2228,https://iiif.library.sh.cn/c/3/20ed3e46-2558-437c-ab2d-87bae7186c19/ap/s,https://iiif.library.sh.cn/c/3/20ed3e46-2558-437c-ab2d-87bae7186c19/ap/c/a/d97824b4-ddde-4304-93f1-70ae6e94c466,28,28,supplementing,"[355, 1040, 514, 1199]","https://iiif.library.sh.cn/c/3/20ed3e46-2558-437c-ab2d-87bae7186c19#xywh=355,1040,159,159",李俨撰文，欧阳通楷书,欧阳通（楷书）；李儇（撰文）,唐,龙朔三年十月十日刻立（663）,663,楷书,17A331,《翰墨瑰宝：上海图书馆藏珍本碑帖丛刊》第二辑,iiif_annotation_target_xywh,iiif_xywh
001_道因法师碑_p0008_c029,阐,001_道因法师碑,道因法师碑,8,八,355,1237,159,159,"[355, 1237, 159, 159]",353,1225,156,167,"[353, 1225, 156, 167]",326,1208,217,217,"[326, 1208, 217, 217]",334,1192,194,237,"[334, 1192, 194, 237]",334,1192,194,237,"[334, 1192, 194, 237]",offline_local_binary_ring_bottom_guard,assets/page_images/001_道因法师碑/p0008.jpg,3,4,1,http://data.library.sh.cn/bt/resource/work/v1e0qbx3r5wp1uw4,http://iiif.library.sh.cn/api/viewer/17A331,https://iiif.library.sh.cn/p/3/02c55611-7427-4cd0-a2cd-a15b5ccbaa9c,https://iiif.library.sh.cn/c/3/20ed3e46-2558-437c-ab2d-87bae7186c19,1460,2228,https://iiif.library.sh.cn/c/3/20ed3e46-2558-437c-ab2d-87bae7186c19/ap/s,https://iiif.library.sh.cn/c/3/20ed3e46-2558-437c-ab2d-87bae7186c19/ap/c/a/308df5f0-7220-494b-ae8c-6175b35108ec,29,29,supplementing,"[355, 1237, 514, 1396]","https://iiif.library.sh.cn/c/3/20ed3e46-2558-437c-ab2d-87bae7186c19#xywh=355,1237,159,159",李俨撰文，欧阳通楷书,欧阳通（楷书）；李儇（撰文）,唐,龙朔三年十月十日刻立（663）,663,楷书,17A331,《翰墨瑰宝：上海图书馆藏珍本碑帖丛刊》第二辑,iiif_annotation_target_xywh,iiif_xywh
001_道因法师碑_p0008_c030,而,001_道因法师碑,道因法师碑,8,八,355,1402,159,159,"[355, 1402, 159, 159]",353,1406,156,156,"[353, 1406, 156, 156]",326,1373,217,217,"[326, 1373, 217, 217]",334,1372,194,224,"[334, 1372, 194, 224]",334,1372,194,224,"[334, 1372, 194, 224]",offline_local_binary_ring_bottom_guard,assets/page_images/001_道因法师碑/p0008.jpg,3,5,1,http://data.library.sh.cn/bt/resource/work/v1e0qbx3r5wp1uw4,http://iiif.library.sh.cn/api/viewer/17A331,https://iiif.library.sh.cn/p/3/02c55611-7427-4cd0-a2cd-a15b5ccbaa9c,https://iiif.library.sh.cn/c/3/20ed3e46-2558-437c-ab2d-87bae7186c19,1460,2228,https://iiif.library.sh.cn/c/3/20ed3e46-2558-437c-ab2d-87bae7186c19/ap/s,https://iiif.library.sh.cn/c/3/20ed3e46-2558-437c-ab2d-87bae7186c19/ap/c/a/95c95df7-900d-4707-834a-d7111852e764,30,30,supplementing,"[355, 1402, 514, 1561]","https://iiif.library.sh.cn/c/3/20ed3e46-2558-437c-ab2d-87bae7186c19#xywh=355,1402,159,159",李俨撰文，欧阳通楷书,欧阳通（楷书）；李儇（撰文）,唐,龙朔三年十月十日刻立（663）,663,楷书,17A331,《翰墨瑰宝：上海图书馆藏珍本碑帖丛刊》第二辑,iiif_annotation_target_xywh,iiif_xywh
001_道因法师碑_p0008_c031,劳,001_道因法师碑,道因法师碑,8,八,355,1577,159,159,"[355, 1577, 159, 159]",353,1576,156,172,"[353, 1576, 156, 172]",326,1548,217,217,"[326, 1548, 217, 217]",334,1543,194,243,"[334, 1543, 194, 243]",334,1543,194,243,"[334, 1543, 194, 243]",offline_local_binary_ring_bottom_guard,assets/page_images/001_道因法师碑/p0008.jpg,3,6,1,http://data.library.sh.cn/bt/resource/work/v1e0qbx3r5wp1uw4,http://iiif.library.sh.cn/api/viewer/17A331,https://iiif.library.sh.cn/p/3/02c55611-7427-4cd0-a2cd-a15b5ccbaa9c,https://iiif.library.sh.cn/c/3/20ed3e46-2558-437c-ab2d-87bae7186c19,1460,2228,https://iiif.library.sh.cn/c/3/20ed3e46-2558-437c-ab2d-87bae7186c19/ap/s,https://iiif.library.sh.cn/c/3/20ed3e46-2558-437c-ab2d-87bae7186c19/ap/c/a/258f7b6e-7b25-4b4c-bec2-f115a8cdf43a,31,31,supplementing,"[355, 1577, 514, 1736]","https://iiif.library.sh.cn/c/3/20ed3e46-2558-437c-ab2d-87bae7186c19#xywh=355,1577,159,159",李俨撰文，欧阳通楷书,欧阳通（楷书）；李儇（撰文）,唐,龙朔三年十月十日刻立（663）,663,楷书,17A331,《翰墨瑰宝：上海图书馆藏珍本碑帖丛刊》第二辑,iiif_annotation_target_xywh,iiif_xywh
001_道因法师碑_p0008_c032,生,001_道因法师碑,道因法师碑,8,八,355,1774,159,159,"[355, 1774, 159, 159]",353,1763,156,181,"[353, 1763, 156, 181]",326,1745,217,217,"[326, 1745, 217, 217]",334,1730,194,254,"[334, 1730, 194, 254]",334,1730,194,254,"[334, 1730, 194, 254]",offline_local_binary_ring_bottom_guard,assets/page_images/001_道因法师碑/p0008.jpg,3,7,1,http://data.library.sh.cn/bt/resource/work/v1e0qbx3r5wp1uw4,http://iiif.library.sh.cn/api/viewer/17A331,https://iiif.library.sh.cn/p/3/02c55611-7427-4cd0-a2cd-a15b5ccbaa9c,https://iiif.library.sh.cn/c/3/20ed3e46-2558-437c-ab2d-87bae7186c19,1460,2228,https://iiif.library.sh.cn/c/3/20ed3e46-2558-437c-ab2d-87bae7186c19/ap/s,https://iiif.library.sh.cn/c/3/20ed3e46-2558-437c-ab2d-87bae7186c19/ap/c/a/20885640-24a6-4e86-b6a1-999b355fcec0,32,32,supplementing,"[355, 1774, 514, 1933]","https://iiif.library.sh.cn/c/3/20ed3e46-2558-437c-ab2d-87bae7186c19#xywh=355,1774,159,159",李俨撰文，欧阳通楷书,欧阳通（楷书）；李儇（撰文）,唐,龙朔三年十月十日刻立（663）,663,楷书,17A331,《翰墨瑰宝：上海图书馆藏珍本碑帖丛刊》第二辑,iiif_annotation_target_xywh,iiif_xywh
001_道因法师碑_p0008_c033,蠢,001_道因法师碑,道因法师碑,8,八,194,528,136,136,"[194, 528, 136, 136]",184,517,156,158,"[184, 517, 156, 158]",170,504,184,184,"[170, 504, 184, 184]",165,489,194,221,"[165, 489, 194, 221]",165,489,194,221,"[165, 489, 194, 221]",offline_local_binary_ring_bottom_guard,assets/page_images/001_道因法师碑/p0008.jpg,4,0,1,http://data.library.sh.cn/bt/resource/work/v1e0qbx3r5wp1uw4,http://iiif.library.sh.cn/api/viewer/17A331,https://iiif.library.sh.cn/p/3/02c55611-7427-4cd0-a2cd-a15b5ccbaa9c,https://iiif.library.sh.cn/c/3/20ed3e46-2558-437c-ab2d-87bae7186c19,1460,2228,https://iiif.library.sh.cn/c/3/20ed3e46-2558-437c-ab2d-87bae7186c19/ap/s,https://iiif.library.sh.cn/c/3/20ed3e46-2558-437c-ab2d-87bae7186c19/ap/c/a/f5d69742-84e8-493a-988f-61fcdc08a6f9,33,33,supplementing,"[194, 528, 330, 664]","https://iiif.library.sh.cn/c/3/20ed3e46-2558-437c-ab2d-87bae7186c19#xywh=194,528,136,136",李俨撰文，欧阳通楷书,欧阳通（楷书）；李儇（撰文）,唐,龙朔三年十月十日刻立（663）,663,楷书,17A331,《翰墨瑰宝：上海图书馆藏珍本碑帖丛刊》第二辑,iiif_annotation_target_xywh,iiif_xywh
001_道因法师碑_p0008_c034,蠢,001_道因法师碑,道因法师碑,8,八,194,700,136,136,"[194, 700, 136, 136]",184,689,156,163,"[184, 689, 156, 163]",170,676,184,184,"[170, 676, 184, 184]",165,671,194,217,"[165, 671, 194, 217]",165,671,194,217,"[165, 671, 194, 217]",offline_local_binary_ring_bottom_guard,assets/page_images/001_道因法师碑/p0008.jpg,4,1,1,http://data.library.sh.cn/bt/resource/work/v1e0qbx3r5wp1uw4,http://iiif.library.sh.cn/api/viewer/17A331,https://iiif.library.sh.cn/p/3/02c55611-7427-4cd0-a2cd-a15b5ccbaa9c,https://iiif.library.sh.cn/c/3/20ed3e46-2558-437c-ab2d-87bae7186c19,1460,2228,https://iiif.library.sh.cn/c/3/20ed3e46-2558-437c-ab2d-87bae7186c19/ap/s,https://iiif.library.sh.cn/c/3/20ed3e46-2558-437c-ab2d-87bae7186c19/ap/c/a/730f009f-cf41-4827-a45a-9130517920cf,34,34,supplementing,"[194, 700, 330, 836]","https://iiif.library.sh.cn/c/3/20ed3e46-2558-437c-ab2d-87bae7186c19#xywh=194,700,136,136",李俨撰文，欧阳通楷书,欧阳通（楷书）；李儇（撰文）,唐,龙朔三年十月十日刻立（663）,663,楷书,17A331,《翰墨瑰宝：上海图书馆藏珍本碑帖丛刊》第二辑,iiif_annotation_target_xywh,iiif_xywh
001_道因法师碑_p0008_c035,岂,001_道因法师碑,道因法师碑,8,八,194,883,136,136,"[194, 883, 136, 136]",184,867,156,161,"[184, 867, 156, 161]",170,859,184,184,"[170, 859, 184, 184]",165,839,194,224,"[165, 839, 194, 224]",165,839,194,224,"[165, 839, 194, 224]",offline_local_binary_ring_bottom_guard,assets/page_images/001_道因法师碑/p0008.jpg,4,2,1,http://data.library.sh.cn/bt/resource/work/v1e0qbx3r5wp1uw4,http://iiif.library.sh.cn/api/viewer/17A331,https://iiif.library.sh.cn/p/3/02c55611-7427-4cd0-a2cd-a15b5ccbaa9c,https://iiif.library.sh.cn/c/3/20ed3e46-2558-437c-ab2d-87bae7186c19,1460,2228,https://iiif.library.sh.cn/c/3/20ed3e46-2558-437c-ab2d-87bae7186c19/ap/s,https://iiif.library.sh.cn/c/3/20ed3e46-2558-437c-ab2d-87bae7186c19/ap/c/a/badeb6bb-0dcb-4dc4-899c-2f723f173403,35,35,supplementing,"[194, 883, 330, 1019]","https://iiif.library.sh.cn/c/3/20ed3e46-2558-437c-ab2d-87bae7186c19#xywh=194,883,136,136",李俨撰文，欧阳通楷书,欧阳通（楷书）；李儇（撰文）,唐,龙朔三年十月十日刻立（663）,663,楷书,17A331,《翰墨瑰宝：上海图书馆藏珍本碑帖丛刊》第二辑,iiif_annotation_target_xywh,iiif_xywh
001_道因法师碑_p0008_c036,厌,001_道因法师碑,道因法师碑,8,八,194,1052,136,136,"[194, 1052, 136, 136]",184,1042,156,162,"[184, 1042, 156, 162]",170,1028,184,184,"[170, 1028, 184, 184]",165,1014,194,226,"[165, 1014, 194, 226]",165,1014,194,226,"[165, 1014, 194, 226]",offline_local_binary_ring_bottom_guard,assets/page_images/001_道因法师碑/p0008.jpg,4,3,1,http://data.library.sh.cn/bt/resource/work/v1e0qbx3r5wp1uw4,http://iiif.library.sh.cn/api/viewer/17A331,https://iiif.library.sh.cn/p/3/02c55611-7427-4cd0-a2cd-a15b5ccbaa9c,https://iiif.library.sh.cn/c/3/20ed3e46-2558-437c-ab2d-87bae7186c19,1460,2228,https://iiif.library.sh.cn/c/3/20ed3e46-2558-437c-ab2d-87bae7186c19/ap/s,https://iiif.library.sh.cn/c/3/20ed3e46-2558-437c-ab2d-87bae7186c19/ap/c/a/f6735512-64e9-4857-8b38-5129e9669552,36,36,supplementing,"[194, 1052, 330, 1188]","https://iiif.library.sh.cn/c/3/20ed3e46-2558-437c-ab2d-87bae7186c19#xywh=194,1052,136,136",李俨撰文，欧阳通楷书,欧阳通（楷书）；李儇（撰文）,唐,龙朔三年十月十日刻立（663）,663,楷书,17A331,《翰墨瑰宝：上海图书馆藏珍本碑帖丛刊》第二辑,iiif_annotation_target_xywh,iiif_xywh
001_道因法师碑_p0008_c037,尘,001_道因法师碑,道因法师碑,8,八,194,1233,136,136,"[194, 1233, 136, 136]",184,1218,156,162,"[184, 1218, 156, 162]",170,1209,184,184,"[170, 1209, 184, 184]",165,1190,194,226,"[165, 1190, 194, 226]",165,1190,194,226,"[165, 1190, 194, 226]",offline_local_binary_ring_bottom_guard,assets/page_images/001_道因法师碑/p0008.jpg,4,4,1,http://data.library.sh.cn/bt/resource/work/v1e0qbx3r5wp1uw4,http://iiif.library.sh.cn/api/viewer/17A331,https://iiif.library.sh.cn/p/3/02c55611-7427-4cd0-a2cd-a15b5ccbaa9c,https://iiif.library.sh.cn/c/3/20ed3e46-2558-437c-ab2d-87bae7186c19,1460,2228,https://iiif.library.sh.cn/c/3/20ed3e46-2558-437c-ab2d-87bae7186c19/ap/s,https://iiif.library.sh.cn/c/3/20ed3e46-2558-437c-ab2d-87bae7186c19/ap/c/a/eb5cf7aa-f46f-4bd1-9008-2ed0463a011f,37,37,supplementing,"[194, 1233, 330, 1369]","https://iiif.library.sh.cn/c/3/20ed3e46-2558-437c-ab2d-87bae7186c19#xywh=194,1233,136,136",李俨撰文，欧阳通楷书,欧阳通（楷书）；李儇（撰文）,唐,龙朔三年十月十日刻立（663）,663,楷书,17A331,《翰墨瑰宝：上海图书馆藏珍本碑帖丛刊》第二辑,iiif_annotation_target_xywh,iiif_xywh
001_道因法师碑_p0008_c038,门,001_道因法师碑,道因法师碑,8,八,194,1406,136,136,"[194, 1406, 136, 136]",184,1394,156,162,"[184, 1394, 156, 162]",170,1382,184,184,"[170, 1382, 184, 184]",165,1366,194,226,"[165, 1366, 194, 226]",165,1366,194,226,"[165, 1366, 194, 226]",offline_local_binary_ring_bottom_guard,assets/page_images/001_道因法师碑/p0008.jpg,4,5,1,http://data.library.sh.cn/bt/resource/work/v1e0qbx3r5wp1uw4,http://iiif.library.sh.cn/api/viewer/17A331,https://iiif.library.sh.cn/p/3/02c55611-7427-4cd0-a2cd-a15b5ccbaa9c,https://iiif.library.sh.cn/c/3/20ed3e46-2558-437c-ab2d-87bae7186c19,1460,2228,https://iiif.library.sh.cn/c/3/20ed3e46-2558-437c-ab2d-87bae7186c19/ap/s,https://iiif.library.sh.cn/c/3/20ed3e46-2558-437c-ab2d-87bae7186c19/ap/c/a/17788517-d08d-4ff2-ae7f-f18c2453b57b,38,38,supplementing,"[194, 1406, 330, 1542]","https://iiif.library.sh.cn/c/3/20ed3e46-2558-437c-ab2d-87bae7186c19#xywh=194,1406,136,136",李俨撰文，欧阳通楷书,欧阳通（楷书）；李儇（撰文）,唐,龙朔三年十月十日刻立（663）,663,楷书,17A331,《翰墨瑰宝：上海图书馆藏珍本碑帖丛刊》第二辑,iiif_annotation_target_xywh,iiif_xywh
001_道因法师碑_p0008_c039,暗,001_道因法师碑,道因法师碑,8,八,194,1583,136,136,"[194, 1583, 136, 136]",184,1570,156,174,"[184, 1570, 156, 174]",170,1559,184,184,"[170, 1559, 184, 184]",165,1549,194,233,"[165, 1549, 194, 233]",165,1549,194,233,"[165, 1549, 194, 233]",offline_local_binary_ring_bottom_guard,assets/page_images/001_道因法师碑/p0008.jpg,4,6,1,http://data.library.sh.cn/bt/resource/work/v1e0qbx3r5wp1uw4,http://iiif.library.sh.cn/api/viewer/17A331,https://iiif.library.sh.cn/p/3/02c55611-7427-4cd0-a2cd-a15b5ccbaa9c,https://iiif.library.sh.cn/c/3/20ed3e46-2558-437c-ab2d-87bae7186c19,1460,2228,https://iiif.library.sh.cn/c/3/20ed3e46-2558-437c-ab2d-87bae7186c19/ap/s,https://iiif.library.sh.cn/c/3/20ed3e46-2558-437c-ab2d-87bae7186c19/ap/c/a/99c29009-9818-4181-8816-bf065f5c6853,39,39,supplementing,"[194, 1583, 330, 1719]","https://iiif.library.sh.cn/c/3/20ed3e46-2558-437c-ab2d-87bae7186c19#xywh=194,1583,136,136",李俨撰文，欧阳通楷书,欧阳通（楷书）；李儇（撰文）,唐,龙朔三年十月十日刻立（663）,663,楷书,17A331,《翰墨瑰宝：上海图书馆藏珍本碑帖丛刊》第二辑,iiif_annotation_target_xywh,iiif_xywh
001_道因法师碑_p0008_c040,海,001_道因法师碑,道因法师碑,8,八,194,1784,136,136,"[194, 1784, 136, 136]",184,1760,156,184,"[184, 1760, 156, 184]",170,1760,184,184,"[170, 1760, 184, 184]",165,1746,194,238,"[165, 1746, 194, 238]",165,1746,194,238,"[165, 1746, 194, 238]",offline_local_binary_ring_bottom_guard,assets/page_images/001_道因法师碑/p0008.jpg,4,7,1,http://data.library.sh.cn/bt/resource/work/v1e0qbx3r5wp1uw4,http://iiif.library.sh.cn/api/viewer/17A331,https://iiif.library.sh.cn/p/3/02c55611-7427-4cd0-a2cd-a15b5ccbaa9c,https://iiif.library.sh.cn/c/3/20ed3e46-2558-437c-ab2d-87bae7186c19,1460,2228,https://iiif.library.sh.cn/c/3/20ed3e46-2558-437c-ab2d-87bae7186c19/ap/s,https://iiif.library.sh.cn/c/3/20ed3e46-2558-437c-ab2d-87bae7186c19/ap/c/a/801d7984-85f1-45a6-93ee-c9fe6cc1abb7,40,40,supplementing,"[194, 1784, 330, 1920]","https://iiif.library.sh.cn/c/3/20ed3e46-2558-437c-ab2d-87bae7186c19#xywh=194,1784,136,136",李俨撰文，欧阳通楷书,欧阳通（楷书）；李儇（撰文）,唐,龙朔三年十月十日刻立（663）,663,楷书,17A331,《翰墨瑰宝：上海图书馆藏珍本碑帖丛刊》第二辑,iiif_annotation_target_xywh,iiif_xywh
001_道因法师碑_p0009_c001,茫,001_道因法师碑,道因法师碑,9,九,1124,505,145,145,"[1124, 505, 145, 145]",1123,496,147,163,"[1123, 496, 147, 163]",1098,479,197,197,"[1098, 479, 197, 197]",1105,466,183,229,"[1105, 466, 183, 229]",1105,466,183,229,"[1105, 466, 183, 229]",offline_local_binary_ring_bottom_guard,assets/page_images/001_道因法师碑/p0009.jpg,0,0,1,http://data.library.sh.cn/bt/resource/work/v1e0qbx3r5wp1uw4,http://iiif.library.sh.cn/api/viewer/17A331,https://iiif.library.sh.cn/p/3/02c55611-7427-4cd0-a2cd-a15b5ccbaa9c,https://iiif.library.sh.cn/c/3/233ab5ae-8b00-4025-8b72-0b366267f8cf,1436,2225,https://iiif.library.sh.cn/c/3/233ab5ae-8b00-4025-8b72-0b366267f8cf/ap/s,https://iiif.library.sh.cn/c/3/233ab5ae-8b00-4025-8b72-0b366267f8cf/ap/c/a/25458c21-6974-47fa-8027-89f88bc7758a,1,1,supplementing,"[1124, 505, 1269, 650]","https://iiif.library.sh.cn/c/3/233ab5ae-8b00-4025-8b72-0b366267f8cf#xywh=1124,505,145,145",李俨撰文，欧阳通楷书,欧阳通（楷书）；李儇（撰文）,唐,龙朔三年十月十日刻立（663）,663,楷书,17A331,《翰墨瑰宝：上海图书馆藏珍本碑帖丛刊》第二辑,iiif_annotation_target_xywh,iiif_xywh
001_道因法师碑_p0009_c002,茫,001_道因法师碑,道因法师碑,9,九,1124,683,145,145,"[1124, 683, 145, 145]",1123,674,147,165,"[1123, 674, 147, 165]",1098,657,197,197,"[1098, 657, 197, 197]",1105,644,183,231,"[1105, 644, 183, 231]",1105,644,183,231,"[1105, 644, 183, 231]",offline_local_binary_ring_bottom_guard,assets/page_images/001_道因法师碑/p0009.jpg,0,1,1,http://data.library.sh.cn/bt/resource/work/v1e0qbx3r5wp1uw4,http://iiif.library.sh.cn/api/viewer/17A331,https://iiif.library.sh.cn/p/3/02c55611-7427-4cd0-a2cd-a15b5ccbaa9c,https://iiif.library.sh.cn/c/3/233ab5ae-8b00-4025-8b72-0b366267f8cf,1436,2225,https://iiif.library.sh.cn/c/3/233ab5ae-8b00-4025-8b72-0b366267f8cf/ap/s,https://iiif.library.sh.cn/c/3/233ab5ae-8b00-4025-8b72-0b366267f8cf/ap/c/a/5a7f28ae-b2de-493d-84fc-971eda1e2b31,2,2,supplementing,"[1124, 683, 1269, 828]","https://iiif.library.sh.cn/c/3/233ab5ae-8b00-4025-8b72-0b366267f8cf#xywh=1124,683,145,145",李俨撰文，欧阳通楷书,欧阳通（楷书）；李儇（撰文）,唐,龙朔三年十月十日刻立（663）,663,楷书,17A331,《翰墨瑰宝：上海图书馆藏珍本碑帖丛刊》第二辑,iiif_annotation_target_xywh,iiif_xywh
001_道因法师碑_p0009_c003,恒,001_道因法师碑,道因法师碑,9,九,1124,864,145,145,"[1124, 864, 145, 145]",1123,853,147,150,"[1123, 853, 147, 150]",1098,838,197,197,"[1098, 838, 197, 197]",1105,823,183,213,"[1105, 823, 183, 213]",1105,823,183,213,"[1105, 823, 183, 213]",offline_local_binary_ring_bottom_guard,assets/page_images/001_道因法师碑/p0009.jpg,0,2,1,http://data.library.sh.cn/bt/resource/work/v1e0qbx3r5wp1uw4,http://iiif.library.sh.cn/api/viewer/17A331,https://iiif.library.sh.cn/p/3/02c55611-7427-4cd0-a2cd-a15b5ccbaa9c,https://iiif.library.sh.cn/c/3/233ab5ae-8b00-4025-8b72-0b366267f8cf,1436,2225,https://iiif.library.sh.cn/c/3/233ab5ae-8b00-4025-8b72-0b366267f8cf/ap/s,https://iiif.library.sh.cn/c/3/233ab5ae-8b00-4025-8b72-0b366267f8cf/ap/c/a/e56e6259-a854-47df-82a7-0b7f426d049d,3,3,supplementing,"[1124, 864, 1269, 1009]","https://iiif.library.sh.cn/c/3/233ab5ae-8b00-4025-8b72-0b366267f8cf#xywh=1124,864,145,145",李俨撰文，欧阳通楷书,欧阳通（楷书）；李儇（撰文）,唐,龙朔三年十月十日刻立（663）,663,楷书,17A331,《翰墨瑰宝：上海图书馆藏珍本碑帖丛刊》第二辑,iiif_annotation_target_xywh,iiif_xywh
001_道因法师碑_p0009_c004,漂,001_道因法师碑,道因法师碑,9,九,1124,1011,145,145,"[1124, 1011, 145, 145]",1123,1017,147,159,"[1123, 1017, 147, 159]",1098,985,197,197,"[1098, 985, 197, 197]",1105,982,183,229,"[1105, 982, 183, 229]",1105,982,183,229,"[1105, 982, 183, 229]",offline_local_binary_ring_bottom_guard,assets/page_images/001_道因法师碑/p0009.jpg,0,3,1,http://data.library.sh.cn/bt/resource/work/v1e0qbx3r5wp1uw4,http://iiif.library.sh.cn/api/viewer/17A331,https://iiif.library.sh.cn/p/3/02c55611-7427-4cd0-a2cd-a15b5ccbaa9c,https://iiif.library.sh.cn/c/3/233ab5ae-8b00-4025-8b72-0b366267f8cf,1436,2225,https://iiif.library.sh.cn/c/3/233ab5ae-8b00-4025-8b72-0b366267f8cf/ap/s,https://iiif.library.sh.cn/c/3/233ab5ae-8b00-4025-8b72-0b366267f8cf/ap/c/a/7d216f6e-88a8-43ef-bd27-cf113313e92d,4,4,supplementing,"[1124, 1011, 1269, 1156]","https://iiif.library.sh.cn/c/3/233ab5ae-8b00-4025-8b72-0b366267f8cf#xywh=1124,1011,145,145",李俨撰文，欧阳通楷书,欧阳通（楷书）；李儇（撰文）,唐,龙朔三年十月十日刻立（663）,663,楷书,17A331,《翰墨瑰宝：上海图书馆藏珍本碑帖丛刊》第二辑,iiif_annotation_target_xywh,iiif_xywh
001_道因法师碑_p0009_c005,苦,001_道因法师碑,道因法师碑,9,九,1124,1210,145,145,"[1124, 1210, 145, 145]",1123,1190,147,171,"[1123, 1190, 147, 171]",1098,1184,197,197,"[1098, 1184, 197, 197]",1105,1160,183,239,"[1105, 1160, 183, 239]",1105,1160,183,239,"[1105, 1160, 183, 239]",offline_local_binary_ring_bottom_guard,assets/page_images/001_道因法师碑/p0009.jpg,0,4,1,http://data.library.sh.cn/bt/resource/work/v1e0qbx3r5wp1uw4,http://iiif.library.sh.cn/api/viewer/17A331,https://iiif.library.sh.cn/p/3/02c55611-7427-4cd0-a2cd-a15b5ccbaa9c,https://iiif.library.sh.cn/c/3/233ab5ae-8b00-4025-8b72-0b366267f8cf,1436,2225,https://iiif.library.sh.cn/c/3/233ab5ae-8b00-4025-8b72-0b366267f8cf/ap/s,https://iiif.library.sh.cn/c/3/233ab5ae-8b00-4025-8b72-0b366267f8cf/ap/c/a/2d415a41-7096-4754-b807-dcf5549fe33c,5,5,supplementing,"[1124, 1210, 1269, 1355]","https://iiif.library.sh.cn/c/3/233ab5ae-8b00-4025-8b72-0b366267f8cf#xywh=1124,1210,145,145",李俨撰文，欧阳通楷书,欧阳通（楷书）；李儇（撰文）,唐,龙朔三年十月十日刻立（663）,663,楷书,17A331,《翰墨瑰宝：上海图书馆藏珍本碑帖丛刊》第二辑,iiif_annotation_target_xywh,iiif_xywh
001_道因法师碑_p0009_c006,浪,001_道因法师碑,道因法师碑,9,九,1124,1381,145,145,"[1124, 1381, 145, 145]",1123,1375,147,173,"[1123, 1375, 147, 173]",1098,1355,197,197,"[1098, 1355, 197, 197]",1105,1345,183,241,"[1105, 1345, 183, 241]",1105,1345,183,241,"[1105, 1345, 183, 241]",offline_local_binary_ring_bottom_guard,assets/page_images/001_道因法师碑/p0009.jpg,0,5,1,http://data.library.sh.cn/bt/resource/work/v1e0qbx3r5wp1uw4,http://iiif.library.sh.cn/api/viewer/17A331,https://iiif.library.sh.cn/p/3/02c55611-7427-4cd0-a2cd-a15b5ccbaa9c,https://iiif.library.sh.cn/c/3/233ab5ae-8b00-4025-8b72-0b366267f8cf,1436,2225,https://iiif.library.sh.cn/c/3/233ab5ae-8b00-4025-8b72-0b366267f8cf/ap/s,https://iiif.library.sh.cn/c/3/233ab5ae-8b00-4025-8b72-0b366267f8cf/ap/c/a/f81bf6bf-78da-4254-bb6b-14b86ff2df3c,6,6,supplementing,"[1124, 1381, 1269, 1526]","https://iiif.library.sh.cn/c/3/233ab5ae-8b00-4025-8b72-0b366267f8cf#xywh=1124,1381,145,145",李俨撰文，欧阳通楷书,欧阳通（楷书）；李儇（撰文）,唐,龙朔三年十月十日刻立（663）,663,楷书,17A331,《翰墨瑰宝：上海图书馆藏珍本碑帖丛刊》第二辑,iiif_annotation_target_xywh,iiif_xywh
001_道因法师碑_p0009_c007,亦,001_道因法师碑,道因法师碑,9,九,1124,1584,145,145,"[1124, 1584, 145, 145]",1123,1562,147,162,"[1123, 1562, 147, 162]",1098,1558,197,197,"[1098, 1558, 197, 197]",1105,1532,183,228,"[1105, 1532, 183, 228]",1105,1532,183,228,"[1105, 1532, 183, 228]",offline_local_binary_ring_bottom_guard,assets/page_images/001_道因法师碑/p0009.jpg,0,6,1,http://data.library.sh.cn/bt/resource/work/v1e0qbx3r5wp1uw4,http://iiif.library.sh.cn/api/viewer/17A331,https://iiif.library.sh.cn/p/3/02c55611-7427-4cd0-a2cd-a15b5ccbaa9c,https://iiif.library.sh.cn/c/3/233ab5ae-8b00-4025-8b72-0b366267f8cf,1436,2225,https://iiif.library.sh.cn/c/3/233ab5ae-8b00-4025-8b72-0b366267f8cf/ap/s,https://iiif.library.sh.cn/c/3/233ab5ae-8b00-4025-8b72-0b366267f8cf/ap/c/a/1635f528-ba30-435d-b133-278fdc94f782,7,7,supplementing,"[1124, 1584, 1269, 1729]","https://iiif.library.sh.cn/c/3/233ab5ae-8b00-4025-8b72-0b366267f8cf#xywh=1124,1584,145,145",李俨撰文，欧阳通楷书,欧阳通（楷书）；李儇（撰文）,唐,龙朔三年十月十日刻立（663）,663,楷书,17A331,《翰墨瑰宝：上海图书馆藏珍本碑帖丛刊》第二辑,iiif_annotation_target_xywh,iiif_xywh
001_道因法师碑_p0009_c008,有,001_道因法师碑,道因法师碑,9,九,1124,1733,145,145,"[1124, 1733, 145, 145]",1123,1737,147,137,"[1123, 1737, 147, 137]",1098,1707,197,197,"[1098, 1707, 197, 197]",1105,1707,183,197,"[1105, 1707, 183, 197]",1105,1707,183,197,"[1105, 1707, 183, 197]",offline_local_binary_ring_bottom_guard,assets/page_images/001_道因法师碑/p0009.jpg,0,7,1,http://data.library.sh.cn/bt/resource/work/v1e0qbx3r5wp1uw4,http://iiif.library.sh.cn/api/viewer/17A331,https://iiif.library.sh.cn/p/3/02c55611-7427-4cd0-a2cd-a15b5ccbaa9c,https://iiif.library.sh.cn/c/3/233ab5ae-8b00-4025-8b72-0b366267f8cf,1436,2225,https://iiif.library.sh.cn/c/3/233ab5ae-8b00-4025-8b72-0b366267f8cf/ap/s,https://iiif.library.sh.cn/c/3/233ab5ae-8b00-4025-8b72-0b366267f8cf/ap/c/a/6272f31b-278c-40bb-9f20-f111eddd3171,8,8,supplementing,"[1124, 1733, 1269, 1878]","https://iiif.library.sh.cn/c/3/233ab5ae-8b00-4025-8b72-0b366267f8cf#xywh=1124,1733,145,145",李俨撰文，欧阳通楷书,欧阳通（楷书）；李儇（撰文）,唐,龙朔三年十月十日刻立（663）,663,楷书,17A331,《翰墨瑰宝：上海图书馆藏珍本碑帖丛刊》第二辑,iiif_annotation_target_xywh,iiif_xywh
001_道因法师碑_p0009_c009,宝,001_道因法师碑,道因法师碑,9,九,963,509,149,149,"[963, 509, 149, 149]",961,486,149,195,"[961, 486, 149, 195]",936,482,203,203,"[936, 482, 203, 203]",943,455,185,269,"[943, 455, 185, 269]",943,455,185,269,"[943, 455, 185, 269]",offline_local_binary_ring_bottom_guard,assets/page_images/001_道因法师碑/p0009.jpg,1,0,1,http://data.library.sh.cn/bt/resource/work/v1e0qbx3r5wp1uw4,http://iiif.library.sh.cn/api/viewer/17A331,https://iiif.library.sh.cn/p/3/02c55611-7427-4cd0-a2cd-a15b5ccbaa9c,https://iiif.library.sh.cn/c/3/233ab5ae-8b00-4025-8b72-0b366267f8cf,1436,2225,https://iiif.library.sh.cn/c/3/233ab5ae-8b00-4025-8b72-0b366267f8cf/ap/s,https://iiif.library.sh.cn/c/3/233ab5ae-8b00-4025-8b72-0b366267f8cf/ap/c/a/8b7e80ad-43f5-4124-b6f1-f556fb0b797c,9,9,supplementing,"[963, 509, 1112, 658]","https://iiif.library.sh.cn/c/3/233ab5ae-8b00-4025-8b72-0b366267f8cf#xywh=963,509,149,149",李俨撰文，欧阳通楷书,欧阳通（楷书）；李儇（撰文）,唐,龙朔三年十月十日刻立（663）,663,楷书,17A331,《翰墨瑰宝：上海图书馆藏珍本碑帖丛刊》第二辑,iiif_annotation_target_xywh,iiif_xywh
001_道因法师碑_p0009_c010,经,001_道因法师碑,道因法师碑,9,九,963,720,149,149,"[963, 720, 149, 149]",961,697,149,179,"[961, 697, 149, 179]",936,693,203,203,"[936, 693, 203, 203]",943,666,185,249,"[943, 666, 185, 249]",943,666,185,249,"[943, 666, 185, 249]",offline_local_binary_ring_bottom_guard,assets/page_images/001_道因法师碑/p0009.jpg,1,1,1,http://data.library.sh.cn/bt/resource/work/v1e0qbx3r5wp1uw4,http://iiif.library.sh.cn/api/viewer/17A331,https://iiif.library.sh.cn/p/3/02c55611-7427-4cd0-a2cd-a15b5ccbaa9c,https://iiif.library.sh.cn/c/3/233ab5ae-8b00-4025-8b72-0b366267f8cf,1436,2225,https://iiif.library.sh.cn/c/3/233ab5ae-8b00-4025-8b72-0b366267f8cf/ap/s,https://iiif.library.sh.cn/c/3/233ab5ae-8b00-4025-8b72-0b366267f8cf/ap/c/a/f8056bde-a068-4036-87cd-7dd5038b9ef2,10,10,supplementing,"[963, 720, 1112, 869]","https://iiif.library.sh.cn/c/3/233ab5ae-8b00-4025-8b72-0b366267f8cf#xywh=963,720,149,149",李俨撰文，欧阳通楷书,欧阳通（楷书）；李儇（撰文）,唐,龙朔三年十月十日刻立（663）,663,楷书,17A331,《翰墨瑰宝：上海图书馆藏珍本碑帖丛刊》第二辑,iiif_annotation_target_xywh,iiif_xywh
001_道因法师碑_p0009_c011,浮,001_道因法师碑,道因法师碑,9,九,963,899,149,149,"[963, 899, 149, 149]",961,891,149,154,"[961, 891, 149, 154]",936,872,203,203,"[936, 872, 203, 203]",943,860,185,219,"[943, 860, 185, 219]",943,860,185,219,"[943, 860, 185, 219]",offline_local_binary_ring_bottom_guard,assets/page_images/001_道因法师碑/p0009.jpg,1,2,1,http://data.library.sh.cn/bt/resource/work/v1e0qbx3r5wp1uw4,http://iiif.library.sh.cn/api/viewer/17A331,https://iiif.library.sh.cn/p/3/02c55611-7427-4cd0-a2cd-a15b5ccbaa9c,https://iiif.library.sh.cn/c/3/233ab5ae-8b00-4025-8b72-0b366267f8cf,1436,2225,https://iiif.library.sh.cn/c/3/233ab5ae-8b00-4025-8b72-0b366267f8cf/ap/s,https://iiif.library.sh.cn/c/3/233ab5ae-8b00-4025-8b72-0b366267f8cf/ap/c/a/014691ad-854e-4692-9347-e79f39b565c7,11,11,supplementing,"[963, 899, 1112, 1048]","https://iiif.library.sh.cn/c/3/233ab5ae-8b00-4025-8b72-0b366267f8cf#xywh=963,899,149,149",李俨撰文，欧阳通楷书,欧阳通（楷书）；李儇（撰文）,唐,龙朔三年十月十日刻立（663）,663,楷书,17A331,《翰墨瑰宝：上海图书馆藏珍本碑帖丛刊》第二辑,iiif_annotation_target_xywh,iiif_xywh
001_道因法师碑_p0009_c012,说,001_道因法师碑,道因法师碑,9,九,963,1055,149,149,"[963, 1055, 149, 149]",961,1058,149,150,"[961, 1058, 149, 150]",936,1028,203,203,"[936, 1028, 203, 203]",943,1025,185,216,"[943, 1025, 185, 216]",943,1025,185,216,"[943, 1025, 185, 216]",offline_local_binary_ring_bottom_guard,assets/page_images/001_道因法师碑/p0009.jpg,1,3,1,http://data.library.sh.cn/bt/resource/work/v1e0qbx3r5wp1uw4,http://iiif.library.sh.cn/api/viewer/17A331,https://iiif.library.sh.cn/p/3/02c55611-7427-4cd0-a2cd-a15b5ccbaa9c,https://iiif.library.sh.cn/c/3/233ab5ae-8b00-4025-8b72-0b366267f8cf,1436,2225,https://iiif.library.sh.cn/c/3/233ab5ae-8b00-4025-8b72-0b366267f8cf/ap/s,https://iiif.library.sh.cn/c/3/233ab5ae-8b00-4025-8b72-0b366267f8cf/ap/c/a/851041e7-471f-408e-a301-8d6a9c55bd7e,12,12,supplementing,"[963, 1055, 1112, 1204]","https://iiif.library.sh.cn/c/3/233ab5ae-8b00-4025-8b72-0b366267f8cf#xywh=963,1055,149,149",李俨撰文，欧阳通楷书,欧阳通（楷书）；李儇（撰文）,唐,龙朔三年十月十日刻立（663）,663,楷书,17A331,《翰墨瑰宝：上海图书馆藏珍本碑帖丛刊》第二辑,iiif_annotation_target_xywh,iiif_xywh
001_道因法师碑_p0009_c013,锦,001_道因法师碑,道因法师碑,9,九,963,1226,149,149,"[963, 1226, 149, 149]",961,1222,149,155,"[961, 1222, 149, 155]",936,1199,203,203,"[936, 1199, 203, 203]",943,1191,185,220,"[943, 1191, 185, 220]",943,1191,185,220,"[943, 1191, 185, 220]",offline_local_binary_ring_bottom_guard,assets/page_images/001_道因法师碑/p0009.jpg,1,4,1,http://data.library.sh.cn/bt/resource/work/v1e0qbx3r5wp1uw4,http://iiif.library.sh.cn/api/viewer/17A331,https://iiif.library.sh.cn/p/3/02c55611-7427-4cd0-a2cd-a15b5ccbaa9c,https://iiif.library.sh.cn/c/3/233ab5ae-8b00-4025-8b72-0b366267f8cf,1436,2225,https://iiif.library.sh.cn/c/3/233ab5ae-8b00-4025-8b72-0b366267f8cf/ap/s,https://iiif.library.sh.cn/c/3/233ab5ae-8b00-4025-8b72-0b366267f8cf/ap/c/a/c9c51e34-028e-451f-ab68-d99e61a57ab5,13,13,supplementing,"[963, 1226, 1112, 1375]","https://iiif.library.sh.cn/c/3/233ab5ae-8b00-4025-8b72-0b366267f8cf#xywh=963,1226,149,149",李俨撰文，欧阳通楷书,欧阳通（楷书）；李儇（撰文）,唐,龙朔三年十月十日刻立（663）,663,楷书,17A331,《翰墨瑰宝：上海图书馆藏珍本碑帖丛刊》第二辑,iiif_annotation_target_xywh,iiif_xywh
001_道因法师碑_p0009_c014,籍,001_道因法师碑,道因法师碑,9,九,963,1393,149,149,"[963, 1393, 149, 149]",961,1391,149,153,"[961, 1391, 149, 153]",936,1366,203,203,"[936, 1366, 203, 203]",943,1360,185,218,"[943, 1360, 185, 218]",943,1360,185,218,"[943, 1360, 185, 218]",offline_local_binary_ring_bottom_guard,assets/page_images/001_道因法师碑/p0009.jpg,1,5,1,http://data.library.sh.cn/bt/resource/work/v1e0qbx3r5wp1uw4,http://iiif.library.sh.cn/api/viewer/17A331,https://iiif.library.sh.cn/p/3/02c55611-7427-4cd0-a2cd-a15b5ccbaa9c,https://iiif.library.sh.cn/c/3/233ab5ae-8b00-4025-8b72-0b366267f8cf,1436,2225,https://iiif.library.sh.cn/c/3/233ab5ae-8b00-4025-8b72-0b366267f8cf/ap/s,https://iiif.library.sh.cn/c/3/233ab5ae-8b00-4025-8b72-0b366267f8cf/ap/c/a/86b6ba69-f456-4f6c-94a6-713d656dbf39,14,14,supplementing,"[963, 1393, 1112, 1542]","https://iiif.library.sh.cn/c/3/233ab5ae-8b00-4025-8b72-0b366267f8cf#xywh=963,1393,149,149",李俨撰文，欧阳通楷书,欧阳通（楷书）；李儇（撰文）,唐,龙朔三年十月十日刻立（663）,663,楷书,17A331,《翰墨瑰宝：上海图书馆藏珍本碑帖丛刊》第二辑,iiif_annotation_target_xywh,iiif_xywh
001_道因法师碑_p0009_c015,寓,001_道因法师碑,道因法师碑,9,九,963,1566,136,136,"[963, 1566, 136, 136]",961,1557,149,151,"[961, 1557, 149, 151]",939,1542,184,184,"[939, 1542, 184, 184]",943,1529,185,212,"[943, 1529, 185, 212]",943,1529,185,212,"[943, 1529, 185, 212]",offline_local_binary_ring_bottom_guard,assets/page_images/001_道因法师碑/p0009.jpg,1,6,1,http://data.library.sh.cn/bt/resource/work/v1e0qbx3r5wp1uw4,http://iiif.library.sh.cn/api/viewer/17A331,https://iiif.library.sh.cn/p/3/02c55611-7427-4cd0-a2cd-a15b5ccbaa9c,https://iiif.library.sh.cn/c/3/233ab5ae-8b00-4025-8b72-0b366267f8cf,1436,2225,https://iiif.library.sh.cn/c/3/233ab5ae-8b00-4025-8b72-0b366267f8cf/ap/s,https://iiif.library.sh.cn/c/3/233ab5ae-8b00-4025-8b72-0b366267f8cf/ap/c/a/6cc0eeb2-b699-4825-945b-be73164c7e44,15,15,supplementing,"[963, 1566, 1099, 1702]","https://iiif.library.sh.cn/c/3/233ab5ae-8b00-4025-8b72-0b366267f8cf#xywh=963,1566,136,136",李俨撰文，欧阳通楷书,欧阳通（楷书）；李儇（撰文）,唐,龙朔三年十月十日刻立（663）,663,楷书,17A331,《翰墨瑰宝：上海图书馆藏珍本碑帖丛刊》第二辑,iiif_annotation_target_xywh,iiif_xywh
001_道因法师碑_p0009_c016,词,001_道因法师碑,道因法师碑,9,九,963,1727,136,136,"[963, 1727, 136, 136]",961,1721,149,148,"[961, 1721, 149, 148]",939,1703,184,184,"[939, 1703, 184, 184]",943,1693,185,209,"[943, 1693, 185, 209]",943,1693,185,209,"[943, 1693, 185, 209]",offline_local_binary_ring_bottom_guard,assets/page_images/001_道因法师碑/p0009.jpg,1,7,1,http://data.library.sh.cn/bt/resource/work/v1e0qbx3r5wp1uw4,http://iiif.library.sh.cn/api/viewer/17A331,https://iiif.library.sh.cn/p/3/02c55611-7427-4cd0-a2cd-a15b5ccbaa9c,https://iiif.library.sh.cn/c/3/233ab5ae-8b00-4025-8b72-0b366267f8cf,1436,2225,https://iiif.library.sh.cn/c/3/233ab5ae-8b00-4025-8b72-0b366267f8cf/ap/s,https://iiif.library.sh.cn/c/3/233ab5ae-8b00-4025-8b72-0b366267f8cf/ap/c/a/c7d221da-6e76-4221-8b16-b3dd9e3f6e86,16,16,supplementing,"[963, 1727, 1099, 1863]","https://iiif.library.sh.cn/c/3/233ab5ae-8b00-4025-8b72-0b366267f8cf#xywh=963,1727,136,136",李俨撰文，欧阳通楷书,欧阳通（楷书）；李儇（撰文）,唐,龙朔三年十月十日刻立（663）,663,楷书,17A331,《翰墨瑰宝：上海图书馆藏珍本碑帖丛刊》第二辑,iiif_annotation_target_xywh,iiif_xywh
001_道因法师碑_p0009_c017,驾,001_道因法师碑,道因法师碑,9,九,805,524,133,133,"[805, 524, 133, 133]",799,516,150,149,"[799, 516, 150, 149]",781,500,181,181,"[781, 500, 181, 181]",781,489,186,209,"[781, 489, 186, 209]",781,489,186,209,"[781, 489, 186, 209]",offline_local_binary_ring_bottom_guard,assets/page_images/001_道因法师碑/p0009.jpg,2,0,1,http://data.library.sh.cn/bt/resource/work/v1e0qbx3r5wp1uw4,http://iiif.library.sh.cn/api/viewer/17A331,https://iiif.library.sh.cn/p/3/02c55611-7427-4cd0-a2cd-a15b5ccbaa9c,https://iiif.library.sh.cn/c/3/233ab5ae-8b00-4025-8b72-0b366267f8cf,1436,2225,https://iiif.library.sh.cn/c/3/233ab5ae-8b00-4025-8b72-0b366267f8cf/ap/s,https://iiif.library.sh.cn/c/3/233ab5ae-8b00-4025-8b72-0b366267f8cf/ap/c/a/35b59673-dbe2-43b9-9d0a-9afb562281c9,17,17,supplementing,"[805, 524, 938, 657]","https://iiif.library.sh.cn/c/3/233ab5ae-8b00-4025-8b72-0b366267f8cf#xywh=805,524,133,133",李俨撰文，欧阳通楷书,欧阳通（楷书）；李儇（撰文）,唐,龙朔三年十月十日刻立（663）,663,楷书,17A331,《翰墨瑰宝：上海图书馆藏珍本碑帖丛刊》第二辑,iiif_annotation_target_xywh,iiif_xywh
001_道因法师碑_p0009_c018,凤,001_道因法师碑,道因法师碑,9,九,805,687,133,133,"[805, 687, 133, 133]",799,679,150,158,"[799, 679, 150, 158]",781,663,181,181,"[781, 663, 181, 181]",781,652,186,220,"[781, 652, 186, 220]",781,652,186,220,"[781, 652, 186, 220]",offline_local_binary_ring_bottom_guard,assets/page_images/001_道因法师碑/p0009.jpg,2,1,1,http://data.library.sh.cn/bt/resource/work/v1e0qbx3r5wp1uw4,http://iiif.library.sh.cn/api/viewer/17A331,https://iiif.library.sh.cn/p/3/02c55611-7427-4cd0-a2cd-a15b5ccbaa9c,https://iiif.library.sh.cn/c/3/233ab5ae-8b00-4025-8b72-0b366267f8cf,1436,2225,https://iiif.library.sh.cn/c/3/233ab5ae-8b00-4025-8b72-0b366267f8cf/ap/s,https://iiif.library.sh.cn/c/3/233ab5ae-8b00-4025-8b72-0b366267f8cf/ap/c/a/3a82cb7d-d4c6-4e38-bd3a-44b4a8ec46eb,18,18,supplementing,"[805, 687, 938, 820]","https://iiif.library.sh.cn/c/3/233ab5ae-8b00-4025-8b72-0b366267f8cf#xywh=805,687,133,133",李俨撰文，欧阳通楷书,欧阳通（楷书）；李儇（撰文）,唐,龙朔三年十月十日刻立（663）,663,楷书,17A331,《翰墨瑰宝：上海图书馆藏珍本碑帖丛刊》第二辑,iiif_annotation_target_xywh,iiif_xywh
001_道因法师碑_p0009_c019,升,001_道因法师碑,道因法师碑,9,九,805,868,133,133,"[805, 868, 133, 133]",799,851,150,159,"[799, 851, 150, 159]",781,844,181,181,"[781, 844, 181, 181]",781,824,186,221,"[781, 824, 186, 221]",781,824,186,221,"[781, 824, 186, 221]",offline_local_binary_ring_bottom_guard,assets/page_images/001_道因法师碑/p0009.jpg,2,2,1,http://data.library.sh.cn/bt/resource/work/v1e0qbx3r5wp1uw4,http://iiif.library.sh.cn/api/viewer/17A331,https://iiif.library.sh.cn/p/3/02c55611-7427-4cd0-a2cd-a15b5ccbaa9c,https://iiif.library.sh.cn/c/3/233ab5ae-8b00-4025-8b72-0b366267f8cf,1436,2225,https://iiif.library.sh.cn/c/3/233ab5ae-8b00-4025-8b72-0b366267f8cf/ap/s,https://iiif.library.sh.cn/c/3/233ab5ae-8b00-4025-8b72-0b366267f8cf/ap/c/a/6e4b274e-23f3-4970-89ea-e1d44d2f0d66,19,19,supplementing,"[805, 868, 938, 1001]","https://iiif.library.sh.cn/c/3/233ab5ae-8b00-4025-8b72-0b366267f8cf#xywh=805,868,133,133",李俨撰文，欧阳通楷书,欧阳通（楷书）；李儇（撰文）,唐,龙朔三年十月十日刻立（663）,663,楷书,17A331,《翰墨瑰宝：上海图书馆藏珍本碑帖丛刊》第二辑,iiif_annotation_target_xywh,iiif_xywh
001_道因法师碑_p0009_c020,云,001_道因法师碑,道因法师碑,9,九,805,1033,133,133,"[805, 1033, 133, 133]",799,1024,150,167,"[799, 1024, 150, 167]",781,1009,181,181,"[781, 1009, 181, 181]",781,997,186,231,"[781, 997, 186, 231]",781,997,186,231,"[781, 997, 186, 231]",offline_local_binary_ring_bottom_guard,assets/page_images/001_道因法师碑/p0009.jpg,2,3,1,http://data.library.sh.cn/bt/resource/work/v1e0qbx3r5wp1uw4,http://iiif.library.sh.cn/api/viewer/17A331,https://iiif.library.sh.cn/p/3/02c55611-7427-4cd0-a2cd-a15b5ccbaa9c,https://iiif.library.sh.cn/c/3/233ab5ae-8b00-4025-8b72-0b366267f8cf,1436,2225,https://iiif.library.sh.cn/c/3/233ab5ae-8b00-4025-8b72-0b366267f8cf/ap/s,https://iiif.library.sh.cn/c/3/233ab5ae-8b00-4025-8b72-0b366267f8cf/ap/c/a/6dc18767-a0fa-43f7-bf6d-095fad1faaca,20,20,supplementing,"[805, 1033, 938, 1166]","https://iiif.library.sh.cn/c/3/233ab5ae-8b00-4025-8b72-0b366267f8cf#xywh=805,1033,133,133",李俨撰文，欧阳通楷书,欧阳通（楷书）；李儇（撰文）,唐,龙朔三年十月十日刻立（663）,663,楷书,17A331,《翰墨瑰宝：上海图书馆藏珍本碑帖丛刊》第二辑,iiif_annotation_target_xywh,iiif_xywh
001_道因法师碑_p0009_c021,骖,001_道因法师碑,道因法师碑,9,九,805,1230,133,133,"[805, 1230, 133, 133]",799,1206,150,173,"[799, 1206, 150, 173]",781,1206,181,181,"[781, 1206, 181, 181]",781,1179,186,238,"[781, 1179, 186, 238]",781,1179,186,238,"[781, 1179, 186, 238]",offline_local_binary_ring_bottom_guard,assets/page_images/001_道因法师碑/p0009.jpg,2,4,1,http://data.library.sh.cn/bt/resource/work/v1e0qbx3r5wp1uw4,http://iiif.library.sh.cn/api/viewer/17A331,https://iiif.library.sh.cn/p/3/02c55611-7427-4cd0-a2cd-a15b5ccbaa9c,https://iiif.library.sh.cn/c/3/233ab5ae-8b00-4025-8b72-0b366267f8cf,1436,2225,https://iiif.library.sh.cn/c/3/233ab5ae-8b00-4025-8b72-0b366267f8cf/ap/s,https://iiif.library.sh.cn/c/3/233ab5ae-8b00-4025-8b72-0b366267f8cf/ap/c/a/c330facc-4c33-4031-b531-79ea30619fd7,21,21,supplementing,"[805, 1230, 938, 1363]","https://iiif.library.sh.cn/c/3/233ab5ae-8b00-4025-8b72-0b366267f8cf#xywh=805,1230,133,133",李俨撰文，欧阳通楷书,欧阳通（楷书）；李儇（撰文）,唐,龙朔三年十月十日刻立（663）,663,楷书,17A331,《翰墨瑰宝：上海图书馆藏珍本碑帖丛刊》第二辑,iiif_annotation_target_xywh,iiif_xywh
001_道因法师碑_p0009_c022,龙,001_道因法师碑,道因法师碑,9,九,805,1402,150,150,"[805, 1402, 150, 150]",799,1393,150,155,"[799, 1393, 150, 155]",778,1375,204,204,"[778, 1375, 204, 204]",781,1362,186,220,"[781, 1362, 186, 220]",781,1362,186,220,"[781, 1362, 186, 220]",offline_local_binary_ring_bottom_guard,assets/page_images/001_道因法师碑/p0009.jpg,2,5,1,http://data.library.sh.cn/bt/resource/work/v1e0qbx3r5wp1uw4,http://iiif.library.sh.cn/api/viewer/17A331,https://iiif.library.sh.cn/p/3/02c55611-7427-4cd0-a2cd-a15b5ccbaa9c,https://iiif.library.sh.cn/c/3/233ab5ae-8b00-4025-8b72-0b366267f8cf,1436,2225,https://iiif.library.sh.cn/c/3/233ab5ae-8b00-4025-8b72-0b366267f8cf/ap/s,https://iiif.library.sh.cn/c/3/233ab5ae-8b00-4025-8b72-0b366267f8cf/ap/c/a/8d230692-70f6-41c9-900a-d0287f255b1a,22,22,supplementing,"[805, 1402, 955, 1552]","https://iiif.library.sh.cn/c/3/233ab5ae-8b00-4025-8b72-0b366267f8cf#xywh=805,1402,150,150",李俨撰文，欧阳通楷书,欧阳通（楷书）；李儇（撰文）,唐,龙朔三年十月十日刻立（663）,663,楷书,17A331,《翰墨瑰宝：上海图书馆藏珍本碑帖丛刊》第二辑,iiif_annotation_target_xywh,iiif_xywh
001_道因法师碑_p0009_c023,栖,001_道因法师碑,道因法师碑,9,九,805,1559,146,146,"[805, 1559, 146, 146]",799,1561,150,153,"[799, 1561, 150, 153]",779,1533,198,198,"[779, 1533, 198, 198]",781,1529,186,219,"[781, 1529, 186, 219]",781,1529,186,219,"[781, 1529, 186, 219]",offline_local_binary_ring_bottom_guard,assets/page_images/001_道因法师碑/p0009.jpg,2,6,1,http://data.library.sh.cn/bt/resource/work/v1e0qbx3r5wp1uw4,http://iiif.library.sh.cn/api/viewer/17A331,https://iiif.library.sh.cn/p/3/02c55611-7427-4cd0-a2cd-a15b5ccbaa9c,https://iiif.library.sh.cn/c/3/233ab5ae-8b00-4025-8b72-0b366267f8cf,1436,2225,https://iiif.library.sh.cn/c/3/233ab5ae-8b00-4025-8b72-0b366267f8cf/ap/s,https://iiif.library.sh.cn/c/3/233ab5ae-8b00-4025-8b72-0b366267f8cf/ap/c/a/a4a194fc-ce53-4fa4-bbb5-d87964778da5,23,23,supplementing,"[805, 1559, 951, 1705]","https://iiif.library.sh.cn/c/3/233ab5ae-8b00-4025-8b72-0b366267f8cf#xywh=805,1559,146,146",李俨撰文，欧阳通楷书,欧阳通（楷书）；李儇（撰文）,唐,龙朔三年十月十日刻立（663）,663,楷书,17A331,《翰墨瑰宝：上海图书馆藏珍本碑帖丛刊》第二辑,iiif_annotation_target_xywh,iiif_xywh
001_道因法师碑_p0009_c024,月,001_道因法师碑,道因法师碑,9,九,805,1737,146,146,"[805, 1737, 146, 146]",799,1728,150,164,"[799, 1728, 150, 164]",779,1711,198,198,"[779, 1711, 198, 198]",781,1698,186,230,"[781, 1698, 186, 230]",781,1698,186,230,"[781, 1698, 186, 230]",offline_local_binary_ring_bottom_guard,assets/page_images/001_道因法师碑/p0009.jpg,2,7,1,http://data.library.sh.cn/bt/resource/work/v1e0qbx3r5wp1uw4,http://iiif.library.sh.cn/api/viewer/17A331,https://iiif.library.sh.cn/p/3/02c55611-7427-4cd0-a2cd-a15b5ccbaa9c,https://iiif.library.sh.cn/c/3/233ab5ae-8b00-4025-8b72-0b366267f8cf,1436,2225,https://iiif.library.sh.cn/c/3/233ab5ae-8b00-4025-8b72-0b366267f8cf/ap/s,https://iiif.library.sh.cn/c/3/233ab5ae-8b00-4025-8b72-0b366267f8cf/ap/c/a/aa4ca4a5-c4ad-4f9c-aeb7-38fb89afe9d8,24,24,supplementing,"[805, 1737, 951, 1883]","https://iiif.library.sh.cn/c/3/233ab5ae-8b00-4025-8b72-0b366267f8cf#xywh=805,1737,146,146",李俨撰文，欧阳通楷书,欧阳通（楷书）；李儇（撰文）,唐,龙朔三年十月十日刻立（663）,663,楷书,17A331,《翰墨瑰宝：上海图书馆藏珍本碑帖丛刊》第二辑,iiif_annotation_target_xywh,iiif_xywh
001_道因法师碑_p0009_c025,迹,001_道因法师碑,道因法师碑,9,九,640,524,142,142,"[640, 524, 142, 142]",635,518,151,154,"[635, 518, 151, 154]",614,498,194,194,"[614, 498, 194, 194]",617,489,187,217,"[617, 489, 187, 217]",617,489,187,217,"[617, 489, 187, 217]",offline_local_binary_ring_bottom_guard,assets/page_images/001_道因法师碑/p0009.jpg,3,0,1,http://data.library.sh.cn/bt/resource/work/v1e0qbx3r5wp1uw4,http://iiif.library.sh.cn/api/viewer/17A331,https://iiif.library.sh.cn/p/3/02c55611-7427-4cd0-a2cd-a15b5ccbaa9c,https://iiif.library.sh.cn/c/3/233ab5ae-8b00-4025-8b72-0b366267f8cf,1436,2225,https://iiif.library.sh.cn/c/3/233ab5ae-8b00-4025-8b72-0b366267f8cf/ap/s,https://iiif.library.sh.cn/c/3/233ab5ae-8b00-4025-8b72-0b366267f8cf/ap/c/a/e644bcbf-ab19-4994-afc3-a29157a42939,25,25,supplementing,"[640, 524, 782, 666]","https://iiif.library.sh.cn/c/3/233ab5ae-8b00-4025-8b72-0b366267f8cf#xywh=640,524,142,142",李俨撰文，欧阳通楷书,欧阳通（楷书）；李儇（撰文）,唐,龙朔三年十月十日刻立（663）,663,楷书,17A331,《翰墨瑰宝：上海图书馆藏珍本碑帖丛刊》第二辑,iiif_annotation_target_xywh,iiif_xywh
001_道因法师碑_p0009_c026,均,001_道因法师碑,道因法师碑,9,九,640,691,142,142,"[640, 691, 142, 142]",635,685,151,148,"[635, 685, 151, 148]",614,665,194,194,"[614, 665, 194, 194]",617,656,187,210,"[617, 656, 187, 210]",617,656,187,210,"[617, 656, 187, 210]",offline_local_binary_ring_bottom_guard,assets/page_images/001_道因法师碑/p0009.jpg,3,1,1,http://data.library.sh.cn/bt/resource/work/v1e0qbx3r5wp1uw4,http://iiif.library.sh.cn/api/viewer/17A331,https://iiif.library.sh.cn/p/3/02c55611-7427-4cd0-a2cd-a15b5ccbaa9c,https://iiif.library.sh.cn/c/3/233ab5ae-8b00-4025-8b72-0b366267f8cf,1436,2225,https://iiif.library.sh.cn/c/3/233ab5ae-8b00-4025-8b72-0b366267f8cf/ap/s,https://iiif.library.sh.cn/c/3/233ab5ae-8b00-4025-8b72-0b366267f8cf/ap/c/a/a943b73f-1a27-4d5f-9661-ec5f189c789d,26,26,supplementing,"[640, 691, 782, 833]","https://iiif.library.sh.cn/c/3/233ab5ae-8b00-4025-8b72-0b366267f8cf#xywh=640,691,142,142",李俨撰文，欧阳通楷书,欧阳通（楷书）；李儇（撰文）,唐,龙朔三年十月十日刻立（663）,663,楷书,17A331,《翰墨瑰宝：上海图书馆藏珍本碑帖丛刊》第二辑,iiif_annotation_target_xywh,iiif_xywh
001_道因法师碑_p0009_c027,转,001_道因法师碑,道因法师碑,9,九,640,846,142,142,"[640, 846, 142, 142]",635,847,151,162,"[635, 847, 151, 162]",614,820,194,194,"[614, 820, 194, 194]",617,817,187,228,"[617, 817, 187, 228]",617,817,187,228,"[617, 817, 187, 228]",offline_local_binary_ring_bottom_guard,assets/page_images/001_道因法师碑/p0009.jpg,3,2,1,http://data.library.sh.cn/bt/resource/work/v1e0qbx3r5wp1uw4,http://iiif.library.sh.cn/api/viewer/17A331,https://iiif.library.sh.cn/p/3/02c55611-7427-4cd0-a2cd-a15b5ccbaa9c,https://iiif.library.sh.cn/c/3/233ab5ae-8b00-4025-8b72-0b366267f8cf,1436,2225,https://iiif.library.sh.cn/c/3/233ab5ae-8b00-4025-8b72-0b366267f8cf/ap/s,https://iiif.library.sh.cn/c/3/233ab5ae-8b00-4025-8b72-0b366267f8cf/ap/c/a/dfd45a90-dd2a-42ef-9d15-8a68232caca6,27,27,supplementing,"[640, 846, 782, 988]","https://iiif.library.sh.cn/c/3/233ab5ae-8b00-4025-8b72-0b366267f8cf#xywh=640,846,142,142",李俨撰文，欧阳通楷书,欧阳通（楷书）；李儇（撰文）,唐,龙朔三年十月十日刻立（663）,663,楷书,17A331,《翰墨瑰宝：上海图书馆藏珍本碑帖丛刊》第二辑,iiif_annotation_target_xywh,iiif_xywh
001_道因法师碑_p0009_c028,缕,001_道因法师碑,道因法师碑,9,九,640,1045,142,142,"[640, 1045, 142, 142]",635,1025,151,186,"[635, 1025, 151, 186]",614,1019,194,194,"[614, 1019, 194, 194]",617,996,187,256,"[617, 996, 187, 256]",617,996,187,256,"[617, 996, 187, 256]",offline_local_binary_ring_bottom_guard,assets/page_images/001_道因法师碑/p0009.jpg,3,3,1,http://data.library.sh.cn/bt/resource/work/v1e0qbx3r5wp1uw4,http://iiif.library.sh.cn/api/viewer/17A331,https://iiif.library.sh.cn/p/3/02c55611-7427-4cd0-a2cd-a15b5ccbaa9c,https://iiif.library.sh.cn/c/3/233ab5ae-8b00-4025-8b72-0b366267f8cf,1436,2225,https://iiif.library.sh.cn/c/3/233ab5ae-8b00-4025-8b72-0b366267f8cf/ap/s,https://iiif.library.sh.cn/c/3/233ab5ae-8b00-4025-8b72-0b366267f8cf/ap/c/a/53557e01-1778-4346-884a-0b0b84654d8d,28,28,supplementing,"[640, 1045, 782, 1187]","https://iiif.library.sh.cn/c/3/233ab5ae-8b00-4025-8b72-0b366267f8cf#xywh=640,1045,142,142",李俨撰文，欧阳通楷书,欧阳通（楷书）；李儇（撰文）,唐,龙朔三年十月十日刻立（663）,663,楷书,17A331,《翰墨瑰宝：上海图书馆藏珍本碑帖丛刊》第二辑,iiif_annotation_target_xywh,iiif_xywh
001_道因法师碑_p0009_c029,空,001_道因法师碑,道因法师碑,9,九,640,1251,142,142,"[640, 1251, 142, 142]",635,1226,151,167,"[635, 1226, 151, 167]",614,1225,194,194,"[614, 1225, 194, 194]",617,1197,187,233,"[617, 1197, 187, 233]",617,1197,187,233,"[617, 1197, 187, 233]",offline_local_binary_ring_bottom_guard,assets/page_images/001_道因法师碑/p0009.jpg,3,4,1,http://data.library.sh.cn/bt/resource/work/v1e0qbx3r5wp1uw4,http://iiif.library.sh.cn/api/viewer/17A331,https://iiif.library.sh.cn/p/3/02c55611-7427-4cd0-a2cd-a15b5ccbaa9c,https://iiif.library.sh.cn/c/3/233ab5ae-8b00-4025-8b72-0b366267f8cf,1436,2225,https://iiif.library.sh.cn/c/3/233ab5ae-8b00-4025-8b72-0b366267f8cf/ap/s,https://iiif.library.sh.cn/c/3/233ab5ae-8b00-4025-8b72-0b366267f8cf/ap/c/a/ea196277-b0da-4928-8c2d-d4b0ff55f133,29,29,supplementing,"[640, 1251, 782, 1393]","https://iiif.library.sh.cn/c/3/233ab5ae-8b00-4025-8b72-0b366267f8cf#xywh=640,1251,142,142",李俨撰文，欧阳通楷书,欧阳通（楷书）；李儇（撰文）,唐,龙朔三年十月十日刻立（663）,663,楷书,17A331,《翰墨瑰宝：上海图书馆藏珍本碑帖丛刊》第二辑,iiif_annotation_target_xywh,iiif_xywh
001_道因法师碑_p0009_c030,溺,001_道因法师碑,道因法师碑,9,九,640,1407,142,142,"[640, 1407, 142, 142]",635,1406,151,148,"[635, 1406, 151, 148]",614,1381,194,194,"[614, 1381, 194, 194]",617,1377,187,210,"[617, 1377, 187, 210]",617,1377,187,210,"[617, 1377, 187, 210]",offline_local_binary_ring_bottom_guard,assets/page_images/001_道因法师碑/p0009.jpg,3,5,1,http://data.library.sh.cn/bt/resource/work/v1e0qbx3r5wp1uw4,http://iiif.library.sh.cn/api/viewer/17A331,https://iiif.library.sh.cn/p/3/02c55611-7427-4cd0-a2cd-a15b5ccbaa9c,https://iiif.library.sh.cn/c/3/233ab5ae-8b00-4025-8b72-0b366267f8cf,1436,2225,https://iiif.library.sh.cn/c/3/233ab5ae-8b00-4025-8b72-0b366267f8cf/ap/s,https://iiif.library.sh.cn/c/3/233ab5ae-8b00-4025-8b72-0b366267f8cf/ap/c/a/77613514-7e12-4ffd-a0c8-5533fcc4720b,30,30,supplementing,"[640, 1407, 782, 1549]","https://iiif.library.sh.cn/c/3/233ab5ae-8b00-4025-8b72-0b366267f8cf#xywh=640,1407,142,142",李俨撰文，欧阳通楷书,欧阳通（楷书）；李儇（撰文）,唐,龙朔三年十月十日刻立（663）,663,楷书,17A331,《翰墨瑰宝：上海图书馆藏珍本碑帖丛刊》第二辑,iiif_annotation_target_xywh,iiif_xywh
001_道因法师碑_p0009_c031,志,001_道因法师碑,道因法师碑,9,九,640,1572,142,142,"[640, 1572, 142, 142]",635,1567,151,161,"[635, 1567, 151, 161]",614,1546,194,194,"[614, 1546, 194, 194]",617,1538,187,225,"[617, 1538, 187, 225]",617,1538,187,225,"[617, 1538, 187, 225]",offline_local_binary_ring_bottom_guard,assets/page_images/001_道因法师碑/p0009.jpg,3,6,1,http://data.library.sh.cn/bt/resource/work/v1e0qbx3r5wp1uw4,http://iiif.library.sh.cn/api/viewer/17A331,https://iiif.library.sh.cn/p/3/02c55611-7427-4cd0-a2cd-a15b5ccbaa9c,https://iiif.library.sh.cn/c/3/233ab5ae-8b00-4025-8b72-0b366267f8cf,1436,2225,https://iiif.library.sh.cn/c/3/233ab5ae-8b00-4025-8b72-0b366267f8cf/ap/s,https://iiif.library.sh.cn/c/3/233ab5ae-8b00-4025-8b72-0b366267f8cf/ap/c/a/72d95854-adac-420a-ad38-9b33935be490,31,31,supplementing,"[640, 1572, 782, 1714]","https://iiif.library.sh.cn/c/3/233ab5ae-8b00-4025-8b72-0b366267f8cf#xywh=640,1572,142,142",李俨撰文，欧阳通楷书,欧阳通（楷书）；李儇（撰文）,唐,龙朔三年十月十日刻立（663）,663,楷书,17A331,《翰墨瑰宝：上海图书馆藏珍本碑帖丛刊》第二辑,iiif_annotation_target_xywh,iiif_xywh
001_道因法师碑_p0009_c032,于,001_道因法师碑,道因法师碑,9,九,640,1755,142,142,"[640, 1755, 142, 142]",635,1742,151,168,"[635, 1742, 151, 168]",614,1729,194,194,"[614, 1729, 194, 194]",617,1713,187,234,"[617, 1713, 187, 234]",617,1713,187,234,"[617, 1713, 187, 234]",offline_local_binary_ring_bottom_guard,assets/page_images/001_道因法师碑/p0009.jpg,3,7,1,http://data.library.sh.cn/bt/resource/work/v1e0qbx3r5wp1uw4,http://iiif.library.sh.cn/api/viewer/17A331,https://iiif.library.sh.cn/p/3/02c55611-7427-4cd0-a2cd-a15b5ccbaa9c,https://iiif.library.sh.cn/c/3/233ab5ae-8b00-4025-8b72-0b366267f8cf,1436,2225,https://iiif.library.sh.cn/c/3/233ab5ae-8b00-4025-8b72-0b366267f8cf/ap/s,https://iiif.library.sh.cn/c/3/233ab5ae-8b00-4025-8b72-0b366267f8cf/ap/c/a/90557d78-92fb-4ca5-98c2-8b5e485d733b,32,32,supplementing,"[640, 1755, 782, 1897]","https://iiif.library.sh.cn/c/3/233ab5ae-8b00-4025-8b72-0b366267f8cf#xywh=640,1755,142,142",李俨撰文，欧阳通楷书,欧阳通（楷书）；李儇（撰文）,唐,龙朔三年十月十日刻立（663）,663,楷书,17A331,《翰墨瑰宝：上海图书馆藏珍本碑帖丛刊》第二辑,iiif_annotation_target_xywh,iiif_xywh
001_道因法师碑_p0009_c033,邪,001_道因法师碑,道因法师碑,9,九,479,513,134,134,"[479, 513, 134, 134]",470,494,152,172,"[470, 494, 152, 172]",455,489,182,182,"[455, 489, 182, 182]",452,467,188,237,"[452, 467, 188, 237]",452,467,188,237,"[452, 467, 188, 237]",offline_local_binary_ring_bottom_guard,assets/page_images/001_道因法师碑/p0009.jpg,4,0,1,http://data.library.sh.cn/bt/resource/work/v1e0qbx3r5wp1uw4,http://iiif.library.sh.cn/api/viewer/17A331,https://iiif.library.sh.cn/p/3/02c55611-7427-4cd0-a2cd-a15b5ccbaa9c,https://iiif.library.sh.cn/c/3/233ab5ae-8b00-4025-8b72-0b366267f8cf,1436,2225,https://iiif.library.sh.cn/c/3/233ab5ae-8b00-4025-8b72-0b366267f8cf/ap/s,https://iiif.library.sh.cn/c/3/233ab5ae-8b00-4025-8b72-0b366267f8cf/ap/c/a/7fd585a3-3f3e-453e-b067-f5e6119ce397,33,33,supplementing,"[479, 513, 613, 647]","https://iiif.library.sh.cn/c/3/233ab5ae-8b00-4025-8b72-0b366267f8cf#xywh=479,513,134,134",李俨撰文，欧阳通楷书,欧阳通（楷书）；李儇（撰文）,唐,龙朔三年十月十日刻立（663）,663,楷书,17A331,《翰墨瑰宝：上海图书馆藏珍本碑帖丛刊》第二辑,iiif_annotation_target_xywh,iiif_xywh
001_道因法师碑_p0009_c034,山,001_道因法师碑,道因法师碑,9,九,479,701,134,134,"[479, 701, 134, 134]",470,680,152,148,"[470, 680, 152, 148]",455,677,182,182,"[455, 677, 182, 182]",452,653,188,208,"[452, 653, 188, 208]",452,653,188,208,"[452, 653, 188, 208]",offline_local_binary_ring_bottom_guard,assets/page_images/001_道因法师碑/p0009.jpg,4,1,1,http://data.library.sh.cn/bt/resource/work/v1e0qbx3r5wp1uw4,http://iiif.library.sh.cn/api/viewer/17A331,https://iiif.library.sh.cn/p/3/02c55611-7427-4cd0-a2cd-a15b5ccbaa9c,https://iiif.library.sh.cn/c/3/233ab5ae-8b00-4025-8b72-0b366267f8cf,1436,2225,https://iiif.library.sh.cn/c/3/233ab5ae-8b00-4025-8b72-0b366267f8cf/ap/s,https://iiif.library.sh.cn/c/3/233ab5ae-8b00-4025-8b72-0b366267f8cf/ap/c/a/222a83d8-9786-465a-a294-5a602d655752,34,34,supplementing,"[479, 701, 613, 835]","https://iiif.library.sh.cn/c/3/233ab5ae-8b00-4025-8b72-0b366267f8cf#xywh=479,701,134,134",李俨撰文，欧阳通楷书,欧阳通（楷书）；李儇（撰文）,唐,龙朔三年十月十日刻立（663）,663,楷书,17A331,《翰墨瑰宝：上海图书馆藏珍本碑帖丛刊》第二辑,iiif_annotation_target_xywh,iiif_xywh
001_道因法师碑_p0009_c035,事,001_道因法师碑,道因法师碑,9,九,479,834,134,134,"[479, 834, 134, 134]",470,841,152,147,"[470, 841, 152, 147]",455,810,182,182,"[455, 810, 182, 182]",452,809,188,211,"[452, 809, 188, 211]",452,809,188,211,"[452, 809, 188, 211]",offline_local_binary_ring_bottom_guard,assets/page_images/001_道因法师碑/p0009.jpg,4,2,1,http://data.library.sh.cn/bt/resource/work/v1e0qbx3r5wp1uw4,http://iiif.library.sh.cn/api/viewer/17A331,https://iiif.library.sh.cn/p/3/02c55611-7427-4cd0-a2cd-a15b5ccbaa9c,https://iiif.library.sh.cn/c/3/233ab5ae-8b00-4025-8b72-0b366267f8cf,1436,2225,https://iiif.library.sh.cn/c/3/233ab5ae-8b00-4025-8b72-0b366267f8cf/ap/s,https://iiif.library.sh.cn/c/3/233ab5ae-8b00-4025-8b72-0b366267f8cf/ap/c/a/fb2ffed3-3832-48a2-9f15-6c22c6c94b96,35,35,supplementing,"[479, 834, 613, 968]","https://iiif.library.sh.cn/c/3/233ab5ae-8b00-4025-8b72-0b366267f8cf#xywh=479,834,134,134",李俨撰文，欧阳通楷书,欧阳通（楷书）；李儇（撰文）,唐,龙朔三年十月十日刻立（663）,663,楷书,17A331,《翰墨瑰宝：上海图书馆藏珍本碑帖丛刊》第二辑,iiif_annotation_target_xywh,iiif_xywh
001_道因法师碑_p0009_c036,比,001_道因法师碑,道因法师碑,9,九,479,1021,134,134,"[479, 1021, 134, 134]",470,1001,152,160,"[470, 1001, 152, 160]",455,997,182,182,"[455, 997, 182, 182]",452,974,188,222,"[452, 974, 188, 222]",452,974,188,222,"[452, 974, 188, 222]",offline_local_binary_ring_bottom_guard,assets/page_images/001_道因法师碑/p0009.jpg,4,3,1,http://data.library.sh.cn/bt/resource/work/v1e0qbx3r5wp1uw4,http://iiif.library.sh.cn/api/viewer/17A331,https://iiif.library.sh.cn/p/3/02c55611-7427-4cd0-a2cd-a15b5ccbaa9c,https://iiif.library.sh.cn/c/3/233ab5ae-8b00-4025-8b72-0b366267f8cf,1436,2225,https://iiif.library.sh.cn/c/3/233ab5ae-8b00-4025-8b72-0b366267f8cf/ap/s,https://iiif.library.sh.cn/c/3/233ab5ae-8b00-4025-8b72-0b366267f8cf/ap/c/a/e5dc672e-eba3-46b3-9989-96d27ed9fd2d,36,36,supplementing,"[479, 1021, 613, 1155]","https://iiif.library.sh.cn/c/3/233ab5ae-8b00-4025-8b72-0b366267f8cf#xywh=479,1021,134,134",李俨撰文，欧阳通楷书,欧阳通（楷书）；李儇（撰文）,唐,龙朔三年十月十日刻立（663）,663,楷书,17A331,《翰墨瑰宝：上海图书馆藏珍本碑帖丛刊》第二辑,iiif_annotation_target_xywh,iiif_xywh
001_道因法师碑_p0009_c037,系,001_道因法师碑,道因法师碑,9,九,479,1180,134,134,"[479, 1180, 134, 134]",470,1175,152,170,"[470, 1175, 152, 170]",455,1156,182,182,"[455, 1156, 182, 182]",452,1148,188,234,"[452, 1148, 188, 234]",452,1148,188,234,"[452, 1148, 188, 234]",offline_local_binary_ring_bottom_guard,assets/page_images/001_道因法师碑/p0009.jpg,4,4,1,http://data.library.sh.cn/bt/resource/work/v1e0qbx3r5wp1uw4,http://iiif.library.sh.cn/api/viewer/17A331,https://iiif.library.sh.cn/p/3/02c55611-7427-4cd0-a2cd-a15b5ccbaa9c,https://iiif.library.sh.cn/c/3/233ab5ae-8b00-4025-8b72-0b366267f8cf,1436,2225,https://iiif.library.sh.cn/c/3/233ab5ae-8b00-4025-8b72-0b366267f8cf/ap/s,https://iiif.library.sh.cn/c/3/233ab5ae-8b00-4025-8b72-0b366267f8cf/ap/c/a/beca9c6c-6cc5-4464-8cf7-db096c7061f1,37,37,supplementing,"[479, 1180, 613, 1314]","https://iiif.library.sh.cn/c/3/233ab5ae-8b00-4025-8b72-0b366267f8cf#xywh=479,1180,134,134",李俨撰文，欧阳通楷书,欧阳通（楷书）；李儇（撰文）,唐,龙朔三年十月十日刻立（663）,663,楷书,17A331,《翰墨瑰宝：上海图书馆藏珍本碑帖丛刊》第二辑,iiif_annotation_target_xywh,iiif_xywh
001_道因法师碑_p0009_c038,绳,001_道因法师碑,道因法师碑,9,九,479,1391,134,134,"[479, 1391, 134, 134]",470,1360,152,175,"[470, 1360, 152, 175]",455,1367,182,182,"[455, 1367, 182, 182]",452,1333,188,241,"[452, 1333, 188, 241]",452,1333,188,241,"[452, 1333, 188, 241]",offline_local_binary_ring_bottom_guard,assets/page_images/001_道因法师碑/p0009.jpg,4,5,1,http://data.library.sh.cn/bt/resource/work/v1e0qbx3r5wp1uw4,http://iiif.library.sh.cn/api/viewer/17A331,https://iiif.library.sh.cn/p/3/02c55611-7427-4cd0-a2cd-a15b5ccbaa9c,https://iiif.library.sh.cn/c/3/233ab5ae-8b00-4025-8b72-0b366267f8cf,1436,2225,https://iiif.library.sh.cn/c/3/233ab5ae-8b00-4025-8b72-0b366267f8cf/ap/s,https://iiif.library.sh.cn/c/3/233ab5ae-8b00-4025-8b72-0b366267f8cf/ap/c/a/c1464184-e46e-4962-a0b5-53ad0a084236,38,38,supplementing,"[479, 1391, 613, 1525]","https://iiif.library.sh.cn/c/3/233ab5ae-8b00-4025-8b72-0b366267f8cf#xywh=479,1391,134,134",李俨撰文，欧阳通楷书,欧阳通（楷书）；李儇（撰文）,唐,龙朔三年十月十日刻立（663）,663,楷书,17A331,《翰墨瑰宝：上海图书馆藏珍本碑帖丛刊》第二辑,iiif_annotation_target_xywh,iiif_xywh
001_道因法师碑_p0009_c039,讵,001_道因法师碑,道因法师碑,9,九,479,1560,134,134,"[479, 1560, 134, 134]",470,1549,152,158,"[470, 1549, 152, 158]",455,1536,182,182,"[455, 1536, 182, 182]",452,1522,188,220,"[452, 1522, 188, 220]",452,1522,188,220,"[452, 1522, 188, 220]",offline_local_binary_ring_bottom_guard,assets/page_images/001_道因法师碑/p0009.jpg,4,6,1,http://data.library.sh.cn/bt/resource/work/v1e0qbx3r5wp1uw4,http://iiif.library.sh.cn/api/viewer/17A331,https://iiif.library.sh.cn/p/3/02c55611-7427-4cd0-a2cd-a15b5ccbaa9c,https://iiif.library.sh.cn/c/3/233ab5ae-8b00-4025-8b72-0b366267f8cf,1436,2225,https://iiif.library.sh.cn/c/3/233ab5ae-8b00-4025-8b72-0b366267f8cf/ap/s,https://iiif.library.sh.cn/c/3/233ab5ae-8b00-4025-8b72-0b366267f8cf/ap/c/a/e4b1d5b4-2d33-4686-8351-dd9ac60f3056,39,39,supplementing,"[479, 1560, 613, 1694]","https://iiif.library.sh.cn/c/3/233ab5ae-8b00-4025-8b72-0b366267f8cf#xywh=479,1560,134,134",李俨撰文，欧阳通楷书,欧阳通（楷书）；李儇（撰文）,唐,龙朔三年十月十日刻立（663）,663,楷书,17A331,《翰墨瑰宝：上海图书馆藏珍本碑帖丛刊》第二辑,iiif_annotation_target_xywh,iiif_xywh
001_道因法师碑_p0009_c040,知,001_道因法师碑,道因法师碑,9,九,479,1733,134,134,"[479, 1733, 134, 134]",470,1720,152,160,"[470, 1720, 152, 160]",455,1709,182,182,"[455, 1709, 182, 182]",452,1693,188,222,"[452, 1693, 188, 222]",452,1693,188,222,"[452, 1693, 188, 222]",offline_local_binary_ring_bottom_guard,assets/page_images/001_道因法师碑/p0009.jpg,4,7,1,http://data.library.sh.cn/bt/resource/work/v1e0qbx3r5wp1uw4,http://iiif.library.sh.cn/api/viewer/17A331,https://iiif.library.sh.cn/p/3/02c55611-7427-4cd0-a2cd-a15b5ccbaa9c,https://iiif.library.sh.cn/c/3/233ab5ae-8b00-4025-8b72-0b366267f8cf,1436,2225,https://iiif.library.sh.cn/c/3/233ab5ae-8b00-4025-8b72-0b366267f8cf/ap/s,https://iiif.library.sh.cn/c/3/233ab5ae-8b00-4025-8b72-0b366267f8cf/ap/c/a/de02098b-e190-4889-9875-4fe4162a29a3,40,40,supplementing,"[479, 1733, 613, 1867]","https://iiif.library.sh.cn/c/3/233ab5ae-8b00-4025-8b72-0b366267f8cf#xywh=479,1733,134,134",李俨撰文，欧阳通楷书,欧阳通（楷书）；李儇（撰文）,唐,龙朔三年十月十日刻立（663）,663,楷书,17A331,《翰墨瑰宝：上海图书馆藏珍本碑帖丛刊》第二辑,iiif_annotation_target_xywh,iiif_xywh
001_道因法师碑_p0010_c001,方,001_道因法师碑,道因法师碑,10,十,861,510,155,155,"[861, 510, 155, 155]",861,509,155,157,"[861, 509, 155, 157]",833,482,211,211,"[833, 482, 211, 211]",842,477,193,224,"[842, 477, 193, 224]",842,477,193,224,"[842, 477, 193, 224]",offline_local_binary_ring_bottom_guard,assets/page_images/001_道因法师碑/p0010.jpg,0,0,1,http://data.library.sh.cn/bt/resource/work/v1e0qbx3r5wp1uw4,http://iiif.library.sh.cn/api/viewer/17A331,https://iiif.library.sh.cn/p/3/02c55611-7427-4cd0-a2cd-a15b5ccbaa9c,https://iiif.library.sh.cn/c/3/67a64ea9-d545-4cc3-b358-78b8112f50f4,1452,2231,https://iiif.library.sh.cn/c/3/67a64ea9-d545-4cc3-b358-78b8112f50f4/ap/s,https://iiif.library.sh.cn/c/3/67a64ea9-d545-4cc3-b358-78b8112f50f4/ap/c/a/a9d4912d-b5bd-4ece-9abb-529e2b52fd9c,1,1,supplementing,"[861, 510, 1016, 665]","https://iiif.library.sh.cn/c/3/67a64ea9-d545-4cc3-b358-78b8112f50f4#xywh=861,510,155,155",李俨撰文，欧阳通楷书,欧阳通（楷书）；李儇（撰文）,唐,龙朔三年十月十日刻立（663）,663,楷书,17A331,《翰墨瑰宝：上海图书馆藏珍本碑帖丛刊》第二辑,iiif_annotation_target_xywh,iiif_xywh
001_道因法师碑_p0010_c002,于,001_道因法师碑,道因法师碑,10,十,861,680,155,155,"[861, 680, 155, 155]",861,679,155,158,"[861, 679, 155, 158]",833,652,211,211,"[833, 652, 211, 211]",842,647,193,225,"[842, 647, 193, 225]",842,647,193,225,"[842, 647, 193, 225]",offline_local_binary_ring_bottom_guard,assets/page_images/001_道因法师碑/p0010.jpg,0,1,1,http://data.library.sh.cn/bt/resource/work/v1e0qbx3r5wp1uw4,http://iiif.library.sh.cn/api/viewer/17A331,https://iiif.library.sh.cn/p/3/02c55611-7427-4cd0-a2cd-a15b5ccbaa9c,https://iiif.library.sh.cn/c/3/67a64ea9-d545-4cc3-b358-78b8112f50f4,1452,2231,https://iiif.library.sh.cn/c/3/67a64ea9-d545-4cc3-b358-78b8112f50f4/ap/s,https://iiif.library.sh.cn/c/3/67a64ea9-d545-4cc3-b358-78b8112f50f4/ap/c/a/5d062c34-a397-49ff-ac28-0894e04d0b1d,2,2,supplementing,"[861, 680, 1016, 835]","https://iiif.library.sh.cn/c/3/67a64ea9-d545-4cc3-b358-78b8112f50f4#xywh=861,680,155,155",李俨撰文，欧阳通楷书,欧阳通（楷书）；李儇（撰文）,唐,龙朔三年十月十日刻立（663）,663,楷书,17A331,《翰墨瑰宝：上海图书馆藏珍本碑帖丛刊》第二辑,iiif_annotation_target_xywh,iiif_xywh
001_道因法师碑_p0010_c003,觉,001_道因法师碑,道因法师碑,10,十,861,853,155,155,"[861, 853, 155, 155]",861,852,155,176,"[861, 852, 155, 176]",833,825,211,211,"[833, 825, 211, 211]",842,820,193,247,"[842, 820, 193, 247]",842,820,193,247,"[842, 820, 193, 247]",offline_local_binary_ring_bottom_guard,assets/page_images/001_道因法师碑/p0010.jpg,0,2,1,http://data.library.sh.cn/bt/resource/work/v1e0qbx3r5wp1uw4,http://iiif.library.sh.cn/api/viewer/17A331,https://iiif.library.sh.cn/p/3/02c55611-7427-4cd0-a2cd-a15b5ccbaa9c,https://iiif.library.sh.cn/c/3/67a64ea9-d545-4cc3-b358-78b8112f50f4,1452,2231,https://iiif.library.sh.cn/c/3/67a64ea9-d545-4cc3-b358-78b8112f50f4/ap/s,https://iiif.library.sh.cn/c/3/67a64ea9-d545-4cc3-b358-78b8112f50f4/ap/c/a/e93ff9ff-67c2-4bb8-9bf0-4361fe423096,3,3,supplementing,"[861, 853, 1016, 1008]","https://iiif.library.sh.cn/c/3/67a64ea9-d545-4cc3-b358-78b8112f50f4#xywh=861,853,155,155",李俨撰文，欧阳通楷书,欧阳通（楷书）；李儇（撰文）,唐,龙朔三年十月十日刻立（663）,663,楷书,17A331,《翰墨瑰宝：上海图书馆藏珍本碑帖丛刊》第二辑,iiif_annotation_target_xywh,iiif_xywh
001_道因法师碑_p0010_c004,路,001_道因法师碑,道因法师碑,10,十,861,1064,155,155,"[861, 1064, 155, 155]",861,1043,155,170,"[861, 1043, 155, 170]",833,1036,211,211,"[833, 1036, 211, 211]",842,1011,193,239,"[842, 1011, 193, 239]",842,1011,193,239,"[842, 1011, 193, 239]",offline_local_binary_ring_bottom_guard,assets/page_images/001_道因法师碑/p0010.jpg,0,3,1,http://data.library.sh.cn/bt/resource/work/v1e0qbx3r5wp1uw4,http://iiif.library.sh.cn/api/viewer/17A331,https://iiif.library.sh.cn/p/3/02c55611-7427-4cd0-a2cd-a15b5ccbaa9c,https://iiif.library.sh.cn/c/3/67a64ea9-d545-4cc3-b358-78b8112f50f4,1452,2231,https://iiif.library.sh.cn/c/3/67a64ea9-d545-4cc3-b358-78b8112f50f4/ap/s,https://iiif.library.sh.cn/c/3/67a64ea9-d545-4cc3-b358-78b8112f50f4/ap/c/a/6df36de3-e0af-4218-b5c4-3782a2490067,4,4,supplementing,"[861, 1064, 1016, 1219]","https://iiif.library.sh.cn/c/3/67a64ea9-d545-4cc3-b358-78b8112f50f4#xywh=861,1064,155,155",李俨撰文，欧阳通楷书,欧阳通（楷书）；李儇（撰文）,唐,龙朔三年十月十日刻立（663）,663,楷书,17A331,《翰墨瑰宝：上海图书馆藏珍本碑帖丛刊》第二辑,iiif_annotation_target_xywh,iiif_xywh
001_道因法师碑_p0010_c005,孰,001_道因法师碑,道因法师碑,10,十,861,1221,155,155,"[861, 1221, 155, 155]",861,1227,155,159,"[861, 1227, 155, 159]",833,1193,211,211,"[833, 1193, 211, 211]",842,1192,193,229,"[842, 1192, 193, 229]",842,1192,193,229,"[842, 1192, 193, 229]",offline_local_binary_ring_bottom_guard,assets/page_images/001_道因法师碑/p0010.jpg,0,4,1,http://data.library.sh.cn/bt/resource/work/v1e0qbx3r5wp1uw4,http://iiif.library.sh.cn/api/viewer/17A331,https://iiif.library.sh.cn/p/3/02c55611-7427-4cd0-a2cd-a15b5ccbaa9c,https://iiif.library.sh.cn/c/3/67a64ea9-d545-4cc3-b358-78b8112f50f4,1452,2231,https://iiif.library.sh.cn/c/3/67a64ea9-d545-4cc3-b358-78b8112f50f4/ap/s,https://iiif.library.sh.cn/c/3/67a64ea9-d545-4cc3-b358-78b8112f50f4/ap/c/a/1ef12681-8481-400e-9987-49f09bb685db,5,5,supplementing,"[861, 1221, 1016, 1376]","https://iiif.library.sh.cn/c/3/67a64ea9-d545-4cc3-b358-78b8112f50f4#xywh=861,1221,155,155",李俨撰文，欧阳通楷书,欧阳通（楷书）；李儇（撰文）,唐,龙朔三年十月十日刻立（663）,663,楷书,17A331,《翰墨瑰宝：上海图书馆藏珍本碑帖丛刊》第二辑,iiif_annotation_target_xywh,iiif_xywh
001_道因法师碑_p0010_c006,若,001_道因法师碑,道因法师碑,10,十,861,1410,155,155,"[861, 1410, 155, 155]",861,1401,155,173,"[861, 1401, 155, 173]",833,1382,211,211,"[833, 1382, 211, 211]",842,1369,193,243,"[842, 1369, 193, 243]",842,1369,193,243,"[842, 1369, 193, 243]",offline_local_binary_ring_bottom_guard,assets/page_images/001_道因法师碑/p0010.jpg,0,5,1,http://data.library.sh.cn/bt/resource/work/v1e0qbx3r5wp1uw4,http://iiif.library.sh.cn/api/viewer/17A331,https://iiif.library.sh.cn/p/3/02c55611-7427-4cd0-a2cd-a15b5ccbaa9c,https://iiif.library.sh.cn/c/3/67a64ea9-d545-4cc3-b358-78b8112f50f4,1452,2231,https://iiif.library.sh.cn/c/3/67a64ea9-d545-4cc3-b358-78b8112f50f4/ap/s,https://iiif.library.sh.cn/c/3/67a64ea9-d545-4cc3-b358-78b8112f50f4/ap/c/a/4c5e2ed0-af67-4d07-a4c6-b990f112aa6e,6,6,supplementing,"[861, 1410, 1016, 1565]","https://iiif.library.sh.cn/c/3/67a64ea9-d545-4cc3-b358-78b8112f50f4#xywh=861,1410,155,155",李俨撰文，欧阳通楷书,欧阳通（楷书）；李儇（撰文）,唐,龙朔三年十月十日刻立（663）,663,楷书,17A331,《翰墨瑰宝：上海图书馆藏珍本碑帖丛刊》第二辑,iiif_annotation_target_xywh,iiif_xywh
001_道因法师碑_p0010_c007,训,001_道因法师碑,道因法师碑,10,十,861,1599,155,155,"[861, 1599, 155, 155]",861,1589,155,153,"[861, 1589, 155, 153]",833,1571,211,211,"[833, 1571, 211, 211]",842,1557,193,219,"[842, 1557, 193, 219]",842,1557,193,219,"[842, 1557, 193, 219]",offline_local_binary_ring_bottom_guard,assets/page_images/001_道因法师碑/p0010.jpg,0,6,1,http://data.library.sh.cn/bt/resource/work/v1e0qbx3r5wp1uw4,http://iiif.library.sh.cn/api/viewer/17A331,https://iiif.library.sh.cn/p/3/02c55611-7427-4cd0-a2cd-a15b5ccbaa9c,https://iiif.library.sh.cn/c/3/67a64ea9-d545-4cc3-b358-78b8112f50f4,1452,2231,https://iiif.library.sh.cn/c/3/67a64ea9-d545-4cc3-b358-78b8112f50f4/ap/s,https://iiif.library.sh.cn/c/3/67a64ea9-d545-4cc3-b358-78b8112f50f4/ap/c/a/d2655a88-d78c-458f-bf7d-32caf64787ba,7,7,supplementing,"[861, 1599, 1016, 1754]","https://iiif.library.sh.cn/c/3/67a64ea9-d545-4cc3-b358-78b8112f50f4#xywh=861,1599,155,155",李俨撰文，欧阳通楷书,欧阳通（楷书）；李儇（撰文）,唐,龙朔三年十月十日刻立（663）,663,楷书,17A331,《翰墨瑰宝：上海图书馆藏珍本碑帖丛刊》第二辑,iiif_annotation_target_xywh,iiif_xywh
001_道因法师碑_p0010_c008,昭,001_道因法师碑,道因法师碑,10,十,861,1744,155,155,"[861, 1744, 155, 155]",861,1755,155,133,"[861, 1755, 155, 133]",833,1716,211,211,"[833, 1716, 211, 211]",842,1726,193,191,"[842, 1726, 193, 191]",842,1726,193,191,"[842, 1726, 193, 191]",offline_local_binary_ring_bottom_guard,assets/page_images/001_道因法师碑/p0010.jpg,0,7,1,http://data.library.sh.cn/bt/resource/work/v1e0qbx3r5wp1uw4,http://iiif.library.sh.cn/api/viewer/17A331,https://iiif.library.sh.cn/p/3/02c55611-7427-4cd0-a2cd-a15b5ccbaa9c,https://iiif.library.sh.cn/c/3/67a64ea9-d545-4cc3-b358-78b8112f50f4,1452,2231,https://iiif.library.sh.cn/c/3/67a64ea9-d545-4cc3-b358-78b8112f50f4/ap/s,https://iiif.library.sh.cn/c/3/67a64ea9-d545-4cc3-b358-78b8112f50f4/ap/c/a/6684f087-8d09-44a6-9e84-ad795e29a0e3,8,8,supplementing,"[861, 1744, 1016, 1899]","https://iiif.library.sh.cn/c/3/67a64ea9-d545-4cc3-b358-78b8112f50f4#xywh=861,1744,155,155",李俨撰文，欧阳通楷书,欧阳通（楷书）；李儇（撰文）,唐,龙朔三年十月十日刻立（663）,663,楷书,17A331,《翰墨瑰宝：上海图书馆藏珍本碑帖丛刊》第二辑,iiif_annotation_target_xywh,iiif_xywh
001_道因法师碑_p0010_c009,金,001_道因法师碑,道因法师碑,10,十,700,514,140,140,"[700, 514, 140, 140]",693,509,155,150,"[693, 509, 155, 150]",675,489,190,190,"[675, 489, 190, 190]",674,480,193,212,"[674, 480, 193, 212]",674,480,193,212,"[674, 480, 193, 212]",offline_local_binary_ring_bottom_guard,assets/page_images/001_道因法师碑/p0010.jpg,1,0,1,http://data.library.sh.cn/bt/resource/work/v1e0qbx3r5wp1uw4,http://iiif.library.sh.cn/api/viewer/17A331,https://iiif.library.sh.cn/p/3/02c55611-7427-4cd0-a2cd-a15b5ccbaa9c,https://iiif.library.sh.cn/c/3/67a64ea9-d545-4cc3-b358-78b8112f50f4,1452,2231,https://iiif.library.sh.cn/c/3/67a64ea9-d545-4cc3-b358-78b8112f50f4/ap/s,https://iiif.library.sh.cn/c/3/67a64ea9-d545-4cc3-b358-78b8112f50f4/ap/c/a/297cce5f-fb76-49c1-a020-abda449f195c,9,9,supplementing,"[700, 514, 840, 654]","https://iiif.library.sh.cn/c/3/67a64ea9-d545-4cc3-b358-78b8112f50f4#xywh=700,514,140,140",李俨撰文，欧阳通楷书,欧阳通（楷书）；李儇（撰文）,唐,龙朔三年十月十日刻立（663）,663,楷书,17A331,《翰墨瑰宝：上海图书馆藏珍本碑帖丛刊》第二辑,iiif_annotation_target_xywh,iiif_xywh
001_道因法师碑_p0010_c010,口,001_道因法师碑,道因法师碑,10,十,700,676,140,140,"[700, 676, 140, 140]",693,672,155,149,"[693, 672, 155, 149]",675,651,190,190,"[675, 651, 190, 190]",674,643,193,211,"[674, 643, 193, 211]",674,643,193,211,"[674, 643, 193, 211]",offline_local_binary_ring_bottom_guard,assets/page_images/001_道因法师碑/p0010.jpg,1,1,1,http://data.library.sh.cn/bt/resource/work/v1e0qbx3r5wp1uw4,http://iiif.library.sh.cn/api/viewer/17A331,https://iiif.library.sh.cn/p/3/02c55611-7427-4cd0-a2cd-a15b5ccbaa9c,https://iiif.library.sh.cn/c/3/67a64ea9-d545-4cc3-b358-78b8112f50f4,1452,2231,https://iiif.library.sh.cn/c/3/67a64ea9-d545-4cc3-b358-78b8112f50f4/ap/s,https://iiif.library.sh.cn/c/3/67a64ea9-d545-4cc3-b358-78b8112f50f4/ap/c/a/65e9f3c3-b43c-42ae-8581-945e3ec58c61,10,10,supplementing,"[700, 676, 840, 816]","https://iiif.library.sh.cn/c/3/67a64ea9-d545-4cc3-b358-78b8112f50f4#xywh=700,676,140,140",李俨撰文，欧阳通楷书,欧阳通（楷书）；李儇（撰文）,唐,龙朔三年十月十日刻立（663）,663,楷书,17A331,《翰墨瑰宝：上海图书馆藏珍本碑帖丛刊》第二辑,iiif_annotation_target_xywh,iiif_xywh
001_道因法师碑_p0010_c011,道,001_道因法师碑,道因法师碑,10,十,700,839,140,140,"[700, 839, 140, 140]",693,835,155,181,"[693, 835, 155, 181]",675,814,190,190,"[675, 814, 190, 190]",674,806,193,250,"[674, 806, 193, 250]",674,806,193,250,"[674, 806, 193, 250]",offline_local_binary_ring_bottom_guard,assets/page_images/001_道因法师碑/p0010.jpg,1,2,1,http://data.library.sh.cn/bt/resource/work/v1e0qbx3r5wp1uw4,http://iiif.library.sh.cn/api/viewer/17A331,https://iiif.library.sh.cn/p/3/02c55611-7427-4cd0-a2cd-a15b5ccbaa9c,https://iiif.library.sh.cn/c/3/67a64ea9-d545-4cc3-b358-78b8112f50f4,1452,2231,https://iiif.library.sh.cn/c/3/67a64ea9-d545-4cc3-b358-78b8112f50f4/ap/s,https://iiif.library.sh.cn/c/3/67a64ea9-d545-4cc3-b358-78b8112f50f4/ap/c/a/c13f404a-0f26-4990-b70d-97694d4512a8,11,11,supplementing,"[700, 839, 840, 979]","https://iiif.library.sh.cn/c/3/67a64ea9-d545-4cc3-b358-78b8112f50f4#xywh=700,839,140,140",李俨撰文，欧阳通楷书,欧阳通（楷书）；李儇（撰文）,唐,龙朔三年十月十日刻立（663）,663,楷书,17A331,《翰墨瑰宝：上海图书馆藏珍本碑帖丛刊》第二辑,iiif_annotation_target_xywh,iiif_xywh
001_道因法师碑_p0010_c012,秘,001_道因法师碑,道因法师碑,10,十,700,1069,140,140,"[700, 1069, 140, 140]",693,1031,155,166,"[693, 1031, 155, 166]",675,1044,190,190,"[675, 1044, 190, 190]",674,1002,193,232,"[674, 1002, 193, 232]",674,1002,193,232,"[674, 1002, 193, 232]",offline_local_binary_ring_bottom_guard,assets/page_images/001_道因法师碑/p0010.jpg,1,3,1,http://data.library.sh.cn/bt/resource/work/v1e0qbx3r5wp1uw4,http://iiif.library.sh.cn/api/viewer/17A331,https://iiif.library.sh.cn/p/3/02c55611-7427-4cd0-a2cd-a15b5ccbaa9c,https://iiif.library.sh.cn/c/3/67a64ea9-d545-4cc3-b358-78b8112f50f4,1452,2231,https://iiif.library.sh.cn/c/3/67a64ea9-d545-4cc3-b358-78b8112f50f4/ap/s,https://iiif.library.sh.cn/c/3/67a64ea9-d545-4cc3-b358-78b8112f50f4/ap/c/a/7c2e1287-bc9c-493c-95ed-14c230de99b1,12,12,supplementing,"[700, 1069, 840, 1209]","https://iiif.library.sh.cn/c/3/67a64ea9-d545-4cc3-b358-78b8112f50f4#xywh=700,1069,140,140",李俨撰文，欧阳通楷书,欧阳通（楷书）；李儇（撰文）,唐,龙朔三年十月十日刻立（663）,663,楷书,17A331,《翰墨瑰宝：上海图书馆藏珍本碑帖丛刊》第二辑,iiif_annotation_target_xywh,iiif_xywh
001_道因法师碑_p0010_c013,琼,001_道因法师碑,道因法师碑,10,十,700,1199,140,140,"[700, 1199, 140, 140]",693,1211,155,162,"[693, 1211, 155, 162]",675,1174,190,190,"[675, 1174, 190, 190]",674,1175,193,234,"[674, 1175, 193, 234]",674,1175,193,234,"[674, 1175, 193, 234]",offline_local_binary_ring_bottom_guard,assets/page_images/001_道因法师碑/p0010.jpg,1,4,1,http://data.library.sh.cn/bt/resource/work/v1e0qbx3r5wp1uw4,http://iiif.library.sh.cn/api/viewer/17A331,https://iiif.library.sh.cn/p/3/02c55611-7427-4cd0-a2cd-a15b5ccbaa9c,https://iiif.library.sh.cn/c/3/67a64ea9-d545-4cc3-b358-78b8112f50f4,1452,2231,https://iiif.library.sh.cn/c/3/67a64ea9-d545-4cc3-b358-78b8112f50f4/ap/s,https://iiif.library.sh.cn/c/3/67a64ea9-d545-4cc3-b358-78b8112f50f4/ap/c/a/6fcfb6b6-3b56-46b2-938d-f62ab29756f1,13,13,supplementing,"[700, 1199, 840, 1339]","https://iiif.library.sh.cn/c/3/67a64ea9-d545-4cc3-b358-78b8112f50f4#xywh=700,1199,140,140",李俨撰文，欧阳通楷书,欧阳通（楷书）；李儇（撰文）,唐,龙朔三年十月十日刻立（663）,663,楷书,17A331,《翰墨瑰宝：上海图书馆藏珍本碑帖丛刊》第二辑,iiif_annotation_target_xywh,iiif_xywh
001_道因法师碑_p0010_c014,箱,001_道因法师碑,道因法师碑,10,十,700,1422,140,140,"[700, 1422, 140, 140]",693,1389,155,185,"[693, 1389, 155, 185]",675,1397,190,190,"[675, 1397, 190, 190]",674,1360,193,255,"[674, 1360, 193, 255]",674,1360,193,255,"[674, 1360, 193, 255]",offline_local_binary_ring_bottom_guard,assets/page_images/001_道因法师碑/p0010.jpg,1,5,1,http://data.library.sh.cn/bt/resource/work/v1e0qbx3r5wp1uw4,http://iiif.library.sh.cn/api/viewer/17A331,https://iiif.library.sh.cn/p/3/02c55611-7427-4cd0-a2cd-a15b5ccbaa9c,https://iiif.library.sh.cn/c/3/67a64ea9-d545-4cc3-b358-78b8112f50f4,1452,2231,https://iiif.library.sh.cn/c/3/67a64ea9-d545-4cc3-b358-78b8112f50f4/ap/s,https://iiif.library.sh.cn/c/3/67a64ea9-d545-4cc3-b358-78b8112f50f4/ap/c/a/6328c232-0572-4bcb-8daa-aa7110f6fd54,14,14,supplementing,"[700, 1422, 840, 1562]","https://iiif.library.sh.cn/c/3/67a64ea9-d545-4cc3-b358-78b8112f50f4#xywh=700,1422,140,140",李俨撰文，欧阳通楷书,欧阳通（楷书）；李儇（撰文）,唐,龙朔三年十月十日刻立（663）,663,楷书,17A331,《翰墨瑰宝：上海图书馆藏珍本碑帖丛刊》第二辑,iiif_annotation_target_xywh,iiif_xywh
001_道因法师碑_p0010_c015,静,001_道因法师碑,道因法师碑,10,十,700,1602,140,140,"[700, 1602, 140, 140]",693,1589,155,154,"[693, 1589, 155, 154]",675,1577,190,190,"[675, 1577, 190, 190]",674,1560,193,217,"[674, 1560, 193, 217]",674,1560,193,217,"[674, 1560, 193, 217]",offline_local_binary_ring_bottom_guard,assets/page_images/001_道因法师碑/p0010.jpg,1,6,1,http://data.library.sh.cn/bt/resource/work/v1e0qbx3r5wp1uw4,http://iiif.library.sh.cn/api/viewer/17A331,https://iiif.library.sh.cn/p/3/02c55611-7427-4cd0-a2cd-a15b5ccbaa9c,https://iiif.library.sh.cn/c/3/67a64ea9-d545-4cc3-b358-78b8112f50f4,1452,2231,https://iiif.library.sh.cn/c/3/67a64ea9-d545-4cc3-b358-78b8112f50f4/ap/s,https://iiif.library.sh.cn/c/3/67a64ea9-d545-4cc3-b358-78b8112f50f4/ap/c/a/ae4f0555-d2bd-48a2-87cd-6acff69818be,15,15,supplementing,"[700, 1602, 840, 1742]","https://iiif.library.sh.cn/c/3/67a64ea9-d545-4cc3-b358-78b8112f50f4#xywh=700,1602,140,140",李俨撰文，欧阳通楷书,欧阳通（楷书）；李儇（撰文）,唐,龙朔三年十月十日刻立（663）,663,楷书,17A331,《翰墨瑰宝：上海图书馆藏珍本碑帖丛刊》第二辑,iiif_annotation_target_xywh,iiif_xywh
001_道因法师碑_p0010_c016,痛,001_道因法师碑,道因法师碑,10,十,700,1758,140,140,"[700, 1758, 140, 140]",693,1756,155,144,"[693, 1756, 155, 144]",675,1733,190,190,"[675, 1733, 190, 190]",674,1727,193,205,"[674, 1727, 193, 205]",674,1727,193,205,"[674, 1727, 193, 205]",offline_local_binary_ring_bottom_guard,assets/page_images/001_道因法师碑/p0010.jpg,1,7,1,http://data.library.sh.cn/bt/resource/work/v1e0qbx3r5wp1uw4,http://iiif.library.sh.cn/api/viewer/17A331,https://iiif.library.sh.cn/p/3/02c55611-7427-4cd0-a2cd-a15b5ccbaa9c,https://iiif.library.sh.cn/c/3/67a64ea9-d545-4cc3-b358-78b8112f50f4,1452,2231,https://iiif.library.sh.cn/c/3/67a64ea9-d545-4cc3-b358-78b8112f50f4/ap/s,https://iiif.library.sh.cn/c/3/67a64ea9-d545-4cc3-b358-78b8112f50f4/ap/c/a/4e770971-5eb8-4c2e-9ca2-f261c07e4af8,16,16,supplementing,"[700, 1758, 840, 1898]","https://iiif.library.sh.cn/c/3/67a64ea9-d545-4cc3-b358-78b8112f50f4#xywh=700,1758,140,140",李俨撰文，欧阳通楷书,欧阳通（楷书）；李儇（撰文）,唐,龙朔三年十月十日刻立（663）,663,楷书,17A331,《翰墨瑰宝：上海图书馆藏珍本碑帖丛刊》第二辑,iiif_annotation_target_xywh,iiif_xywh
001_道因法师碑_p0010_c017,毒,001_道因法师碑,道因法师碑,10,十,525,524,155,155,"[525, 524, 155, 155]",519,515,160,173,"[519, 515, 160, 173]",497,496,211,211,"[497, 496, 211, 211]",500,483,198,243,"[500, 483, 198, 243]",500,483,198,243,"[500, 483, 198, 243]",offline_local_binary_ring_bottom_guard,assets/page_images/001_道因法师碑/p0010.jpg,2,0,1,http://data.library.sh.cn/bt/resource/work/v1e0qbx3r5wp1uw4,http://iiif.library.sh.cn/api/viewer/17A331,https://iiif.library.sh.cn/p/3/02c55611-7427-4cd0-a2cd-a15b5ccbaa9c,https://iiif.library.sh.cn/c/3/67a64ea9-d545-4cc3-b358-78b8112f50f4,1452,2231,https://iiif.library.sh.cn/c/3/67a64ea9-d545-4cc3-b358-78b8112f50f4/ap/s,https://iiif.library.sh.cn/c/3/67a64ea9-d545-4cc3-b358-78b8112f50f4/ap/c/a/fafff18d-e2ca-4291-a838-c082ae9e0a2b,17,17,supplementing,"[525, 524, 680, 679]","https://iiif.library.sh.cn/c/3/67a64ea9-d545-4cc3-b358-78b8112f50f4#xywh=525,524,155,155",李俨撰文，欧阳通楷书,欧阳通（楷书）；李儇（撰文）,唐,龙朔三年十月十日刻立（663）,663,楷书,17A331,《翰墨瑰宝：上海图书馆藏珍本碑帖丛刊》第二辑,iiif_annotation_target_xywh,iiif_xywh
001_道因法师碑_p0010_c018,于,001_道因法师碑,道因法师碑,10,十,523,712,157,157,"[523, 712, 157, 157]",519,703,160,167,"[519, 703, 160, 167]",495,684,213,213,"[495, 684, 213, 213]",500,671,198,236,"[500, 671, 198, 236]",500,671,198,236,"[500, 671, 198, 236]",offline_local_binary_ring_bottom_guard,assets/page_images/001_道因法师碑/p0010.jpg,2,1,1,http://data.library.sh.cn/bt/resource/work/v1e0qbx3r5wp1uw4,http://iiif.library.sh.cn/api/viewer/17A331,https://iiif.library.sh.cn/p/3/02c55611-7427-4cd0-a2cd-a15b5ccbaa9c,https://iiif.library.sh.cn/c/3/67a64ea9-d545-4cc3-b358-78b8112f50f4,1452,2231,https://iiif.library.sh.cn/c/3/67a64ea9-d545-4cc3-b358-78b8112f50f4/ap/s,https://iiif.library.sh.cn/c/3/67a64ea9-d545-4cc3-b358-78b8112f50f4/ap/c/a/02612323-af94-4a7e-9dc5-ab1a471f9964,18,18,supplementing,"[523, 712, 680, 869]","https://iiif.library.sh.cn/c/3/67a64ea9-d545-4cc3-b358-78b8112f50f4#xywh=523,712,157,157",李俨撰文，欧阳通楷书,欧阳通（楷书）；李儇（撰文）,唐,龙朔三年十月十日刻立（663）,663,楷书,17A331,《翰墨瑰宝：上海图书馆藏珍本碑帖丛刊》第二辑,iiif_annotation_target_xywh,iiif_xywh
001_道因法师碑_p0010_c019,三,001_道因法师碑,道因法师碑,10,十,523,886,157,157,"[523, 886, 157, 157]",519,885,160,163,"[519, 885, 160, 163]",495,858,213,213,"[495, 858, 213, 213]",500,853,198,231,"[500, 853, 198, 231]",500,853,198,231,"[500, 853, 198, 231]",offline_local_binary_ring_bottom_guard,assets/page_images/001_道因法师碑/p0010.jpg,2,2,1,http://data.library.sh.cn/bt/resource/work/v1e0qbx3r5wp1uw4,http://iiif.library.sh.cn/api/viewer/17A331,https://iiif.library.sh.cn/p/3/02c55611-7427-4cd0-a2cd-a15b5ccbaa9c,https://iiif.library.sh.cn/c/3/67a64ea9-d545-4cc3-b358-78b8112f50f4,1452,2231,https://iiif.library.sh.cn/c/3/67a64ea9-d545-4cc3-b358-78b8112f50f4/ap/s,https://iiif.library.sh.cn/c/3/67a64ea9-d545-4cc3-b358-78b8112f50f4/ap/c/a/70ba8d86-4b93-4f76-a250-b6f9a4bde99a,19,19,supplementing,"[523, 886, 680, 1043]","https://iiif.library.sh.cn/c/3/67a64ea9-d545-4cc3-b358-78b8112f50f4#xywh=523,886,157,157",李俨撰文，欧阳通楷书,欧阳通（楷书）；李儇（撰文）,唐,龙朔三年十月十日刻立（663）,663,楷书,17A331,《翰墨瑰宝：上海图书馆藏珍本碑帖丛刊》第二辑,iiif_annotation_target_xywh,iiif_xywh
001_道因法师碑_p0010_c020,漏,001_道因法师碑,道因法师碑,10,十,523,1067,157,157,"[523, 1067, 157, 157]",519,1062,160,167,"[519, 1062, 160, 167]",495,1039,213,213,"[495, 1039, 213, 213]",500,1030,198,236,"[500, 1030, 198, 236]",500,1030,198,236,"[500, 1030, 198, 236]",offline_local_binary_ring_bottom_guard,assets/page_images/001_道因法师碑/p0010.jpg,2,3,1,http://data.library.sh.cn/bt/resource/work/v1e0qbx3r5wp1uw4,http://iiif.library.sh.cn/api/viewer/17A331,https://iiif.library.sh.cn/p/3/02c55611-7427-4cd0-a2cd-a15b5ccbaa9c,https://iiif.library.sh.cn/c/3/67a64ea9-d545-4cc3-b358-78b8112f50f4,1452,2231,https://iiif.library.sh.cn/c/3/67a64ea9-d545-4cc3-b358-78b8112f50f4/ap/s,https://iiif.library.sh.cn/c/3/67a64ea9-d545-4cc3-b358-78b8112f50f4/ap/c/a/a017efe4-8ea6-4318-b917-c11d0c8b6454,20,20,supplementing,"[523, 1067, 680, 1224]","https://iiif.library.sh.cn/c/3/67a64ea9-d545-4cc3-b358-78b8112f50f4#xywh=523,1067,157,157",李俨撰文，欧阳通楷书,欧阳通（楷书）；李儇（撰文）,唐,龙朔三年十月十日刻立（663）,663,楷书,17A331,《翰墨瑰宝：上海图书馆藏珍本碑帖丛刊》第二辑,iiif_annotation_target_xywh,iiif_xywh
001_道因法师碑_p0010_c021,拯,001_道因法师碑,道因法师碑,10,十,523,1248,157,157,"[523, 1248, 157, 157]",519,1243,160,163,"[519, 1243, 160, 163]",495,1220,213,213,"[495, 1220, 213, 213]",500,1211,198,231,"[500, 1211, 198, 231]",500,1211,198,231,"[500, 1211, 198, 231]",offline_local_binary_ring_bottom_guard,assets/page_images/001_道因法师碑/p0010.jpg,2,4,1,http://data.library.sh.cn/bt/resource/work/v1e0qbx3r5wp1uw4,http://iiif.library.sh.cn/api/viewer/17A331,https://iiif.library.sh.cn/p/3/02c55611-7427-4cd0-a2cd-a15b5ccbaa9c,https://iiif.library.sh.cn/c/3/67a64ea9-d545-4cc3-b358-78b8112f50f4,1452,2231,https://iiif.library.sh.cn/c/3/67a64ea9-d545-4cc3-b358-78b8112f50f4/ap/s,https://iiif.library.sh.cn/c/3/67a64ea9-d545-4cc3-b358-78b8112f50f4/ap/c/a/9e3168c2-9752-45f2-870a-107e1bcc673e,21,21,supplementing,"[523, 1248, 680, 1405]","https://iiif.library.sh.cn/c/3/67a64ea9-d545-4cc3-b358-78b8112f50f4#xywh=523,1248,157,157",李俨撰文，欧阳通楷书,欧阳通（楷书）；李儇（撰文）,唐,龙朔三年十月十日刻立（663）,663,楷书,17A331,《翰墨瑰宝：上海图书馆藏珍本碑帖丛刊》第二辑,iiif_annotation_target_xywh,iiif_xywh
001_道因法师碑_p0010_c022,横,001_道因法师碑,道因法师碑,10,十,523,1422,157,157,"[523, 1422, 157, 157]",519,1421,160,163,"[519, 1421, 160, 163]",495,1394,213,213,"[495, 1394, 213, 213]",500,1389,198,231,"[500, 1389, 198, 231]",500,1389,198,231,"[500, 1389, 198, 231]",offline_local_binary_ring_bottom_guard,assets/page_images/001_道因法师碑/p0010.jpg,2,5,1,http://data.library.sh.cn/bt/resource/work/v1e0qbx3r5wp1uw4,http://iiif.library.sh.cn/api/viewer/17A331,https://iiif.library.sh.cn/p/3/02c55611-7427-4cd0-a2cd-a15b5ccbaa9c,https://iiif.library.sh.cn/c/3/67a64ea9-d545-4cc3-b358-78b8112f50f4,1452,2231,https://iiif.library.sh.cn/c/3/67a64ea9-d545-4cc3-b358-78b8112f50f4/ap/s,https://iiif.library.sh.cn/c/3/67a64ea9-d545-4cc3-b358-78b8112f50f4/ap/c/a/d8a5d053-790e-409f-bc26-31c18726b6de,22,22,supplementing,"[523, 1422, 680, 1579]","https://iiif.library.sh.cn/c/3/67a64ea9-d545-4cc3-b358-78b8112f50f4#xywh=523,1422,157,157",李俨撰文，欧阳通楷书,欧阳通（楷书）；李儇（撰文）,唐,龙朔三年十月十日刻立（663）,663,楷书,17A331,《翰墨瑰宝：上海图书馆藏珍本碑帖丛刊》第二辑,iiif_annotation_target_xywh,iiif_xywh
001_道因法师碑_p0010_c023,流,001_道因法师碑,道因法师碑,10,十,523,1604,157,157,"[523, 1604, 157, 157]",519,1599,160,162,"[519, 1599, 160, 162]",495,1576,213,213,"[495, 1576, 213, 213]",500,1567,198,230,"[500, 1567, 198, 230]",500,1567,198,230,"[500, 1567, 198, 230]",offline_local_binary_ring_bottom_guard,assets/page_images/001_道因法师碑/p0010.jpg,2,6,1,http://data.library.sh.cn/bt/resource/work/v1e0qbx3r5wp1uw4,http://iiif.library.sh.cn/api/viewer/17A331,https://iiif.library.sh.cn/p/3/02c55611-7427-4cd0-a2cd-a15b5ccbaa9c,https://iiif.library.sh.cn/c/3/67a64ea9-d545-4cc3-b358-78b8112f50f4,1452,2231,https://iiif.library.sh.cn/c/3/67a64ea9-d545-4cc3-b358-78b8112f50f4/ap/s,https://iiif.library.sh.cn/c/3/67a64ea9-d545-4cc3-b358-78b8112f50f4/ap/c/a/eac4d682-5657-4455-a61d-488c836ca324,23,23,supplementing,"[523, 1604, 680, 1761]","https://iiif.library.sh.cn/c/3/67a64ea9-d545-4cc3-b358-78b8112f50f4#xywh=523,1604,157,157",李俨撰文，欧阳通楷书,欧阳通（楷书）；李儇（撰文）,唐,龙朔三年十月十日刻立（663）,663,楷书,17A331,《翰墨瑰宝：上海图书馆藏珍本碑帖丛刊》第二辑,iiif_annotation_target_xywh,iiif_xywh
001_道因法师碑_p0010_c024,于,001_道因法师碑,道因法师碑,10,十,523,1776,157,157,"[523, 1776, 157, 157]",519,1775,160,159,"[519, 1775, 160, 159]",495,1748,213,213,"[495, 1748, 213, 213]",500,1743,198,226,"[500, 1743, 198, 226]",500,1743,198,226,"[500, 1743, 198, 226]",offline_local_binary_ring_bottom_guard,assets/page_images/001_道因法师碑/p0010.jpg,2,7,1,http://data.library.sh.cn/bt/resource/work/v1e0qbx3r5wp1uw4,http://iiif.library.sh.cn/api/viewer/17A331,https://iiif.library.sh.cn/p/3/02c55611-7427-4cd0-a2cd-a15b5ccbaa9c,https://iiif.library.sh.cn/c/3/67a64ea9-d545-4cc3-b358-78b8112f50f4,1452,2231,https://iiif.library.sh.cn/c/3/67a64ea9-d545-4cc3-b358-78b8112f50f4/ap/s,https://iiif.library.sh.cn/c/3/67a64ea9-d545-4cc3-b358-78b8112f50f4/ap/c/a/674d66b5-a4d8-4b6d-8c54-ca23ed1c1783,24,24,supplementing,"[523, 1776, 680, 1933]","https://iiif.library.sh.cn/c/3/67a64ea9-d545-4cc3-b358-78b8112f50f4#xywh=523,1776,157,157",李俨撰文，欧阳通楷书,欧阳通（楷书）；李儇（撰文）,唐,龙朔三年十月十日刻立（663）,663,楷书,17A331,《翰墨瑰宝：上海图书馆藏珍本碑帖丛刊》第二辑,iiif_annotation_target_xywh,iiif_xywh
001_道因法师碑_p0010_c025,五,001_道因法师碑,道因法师碑,10,十,348,524,151,151,"[348, 524, 151, 151]",345,550,161,99,"[345, 550, 161, 99]",321,497,205,205,"[321, 497, 205, 205]",326,528,199,143,"[326, 528, 199, 143]",326,528,199,143,"[326, 528, 199, 143]",offline_local_binary_ring_bottom_guard,assets/page_images/001_道因法师碑/p0010.jpg,3,0,1,http://data.library.sh.cn/bt/resource/work/v1e0qbx3r5wp1uw4,http://iiif.library.sh.cn/api/viewer/17A331,https://iiif.library.sh.cn/p/3/02c55611-7427-4cd0-a2cd-a15b5ccbaa9c,https://iiif.library.sh.cn/c/3/67a64ea9-d545-4cc3-b358-78b8112f50f4,1452,2231,https://iiif.library.sh.cn/c/3/67a64ea9-d545-4cc3-b358-78b8112f50f4/ap/s,https://iiif.library.sh.cn/c/3/67a64ea9-d545-4cc3-b358-78b8112f50f4/ap/c/a/ee58b5c7-e682-4d62-8998-e745241446d0,25,25,supplementing,"[348, 524, 499, 675]","https://iiif.library.sh.cn/c/3/67a64ea9-d545-4cc3-b358-78b8112f50f4#xywh=348,524,151,151",李俨撰文，欧阳通楷书,欧阳通（楷书）；李儇（撰文）,唐,龙朔三年十月十日刻立（663）,663,楷书,17A331,《翰墨瑰宝：上海图书馆藏珍本碑帖丛刊》第二辑,iiif_annotation_target_xywh,iiif_xywh
001_道因法师碑_p0010_c026,浊,001_道因法师碑,道因法师碑,10,十,348,631,151,151,"[348, 631, 151, 151]",345,659,161,149,"[345, 659, 161, 149]",321,604,205,205,"[321, 604, 205, 205]",326,626,199,215,"[326, 626, 199, 215]",326,626,199,215,"[326, 626, 199, 215]",offline_local_binary_ring_bottom_guard,assets/page_images/001_道因法师碑/p0010.jpg,3,1,1,http://data.library.sh.cn/bt/resource/work/v1e0qbx3r5wp1uw4,http://iiif.library.sh.cn/api/viewer/17A331,https://iiif.library.sh.cn/p/3/02c55611-7427-4cd0-a2cd-a15b5ccbaa9c,https://iiif.library.sh.cn/c/3/67a64ea9-d545-4cc3-b358-78b8112f50f4,1452,2231,https://iiif.library.sh.cn/c/3/67a64ea9-d545-4cc3-b358-78b8112f50f4/ap/s,https://iiif.library.sh.cn/c/3/67a64ea9-d545-4cc3-b358-78b8112f50f4/ap/c/a/92fcc861-3b2f-4a42-a3cb-0dfbd8d5d687,26,26,supplementing,"[348, 631, 499, 782]","https://iiif.library.sh.cn/c/3/67a64ea9-d545-4cc3-b358-78b8112f50f4#xywh=348,631,151,151",李俨撰文，欧阳通楷书,欧阳通（楷书）；李儇（撰文）,唐,龙朔三年十月十日刻立（663）,663,楷书,17A331,《翰墨瑰宝：上海图书馆藏珍本碑帖丛刊》第二辑,iiif_annotation_target_xywh,iiif_xywh
001_道因法师碑_p0010_c027,是,001_道因法师碑,道因法师碑,10,十,348,847,151,151,"[348, 847, 151, 151]",345,823,161,188,"[345, 823, 161, 188]",321,820,205,205,"[321, 820, 205, 205]",326,792,199,260,"[326, 792, 199, 260]",326,792,199,260,"[326, 792, 199, 260]",offline_local_binary_ring_bottom_guard,assets/page_images/001_道因法师碑/p0010.jpg,3,2,1,http://data.library.sh.cn/bt/resource/work/v1e0qbx3r5wp1uw4,http://iiif.library.sh.cn/api/viewer/17A331,https://iiif.library.sh.cn/p/3/02c55611-7427-4cd0-a2cd-a15b5ccbaa9c,https://iiif.library.sh.cn/c/3/67a64ea9-d545-4cc3-b358-78b8112f50f4,1452,2231,https://iiif.library.sh.cn/c/3/67a64ea9-d545-4cc3-b358-78b8112f50f4/ap/s,https://iiif.library.sh.cn/c/3/67a64ea9-d545-4cc3-b358-78b8112f50f4/ap/c/a/ef66e59c-a908-4ad3-a05f-886e1205ebb7,27,27,supplementing,"[348, 847, 499, 998]","https://iiif.library.sh.cn/c/3/67a64ea9-d545-4cc3-b358-78b8112f50f4#xywh=348,847,151,151",李俨撰文，欧阳通楷书,欧阳通（楷书）；李儇（撰文）,唐,龙朔三年十月十日刻立（663）,663,楷书,17A331,《翰墨瑰宝：上海图书馆藏珍本碑帖丛刊》第二辑,iiif_annotation_target_xywh,iiif_xywh
001_道因法师碑_p0010_c028,生,001_道因法师碑,道因法师碑,10,十,348,1040,151,151,"[348, 1040, 151, 151]",345,1026,161,159,"[345, 1026, 161, 159]",321,1013,205,205,"[321, 1013, 205, 205]",326,995,199,225,"[326, 995, 199, 225]",326,995,199,225,"[326, 995, 199, 225]",offline_local_binary_ring_bottom_guard,assets/page_images/001_道因法师碑/p0010.jpg,3,3,1,http://data.library.sh.cn/bt/resource/work/v1e0qbx3r5wp1uw4,http://iiif.library.sh.cn/api/viewer/17A331,https://iiif.library.sh.cn/p/3/02c55611-7427-4cd0-a2cd-a15b5ccbaa9c,https://iiif.library.sh.cn/c/3/67a64ea9-d545-4cc3-b358-78b8112f50f4,1452,2231,https://iiif.library.sh.cn/c/3/67a64ea9-d545-4cc3-b358-78b8112f50f4/ap/s,https://iiif.library.sh.cn/c/3/67a64ea9-d545-4cc3-b358-78b8112f50f4/ap/c/a/f9c7e0d0-d8c0-4958-9105-dc20ce904776,28,28,supplementing,"[348, 1040, 499, 1191]","https://iiif.library.sh.cn/c/3/67a64ea9-d545-4cc3-b358-78b8112f50f4#xywh=348,1040,151,151",李俨撰文，欧阳通楷书,欧阳通（楷书）；李儇（撰文）,唐,龙朔三年十月十日刻立（663）,663,楷书,17A331,《翰墨瑰宝：上海图书馆藏珍本碑帖丛刊》第二辑,iiif_annotation_target_xywh,iiif_xywh
001_道因法师碑_p0010_c029,是,001_道因法师碑,道因法师碑,10,十,348,1193,151,151,"[348, 1193, 151, 151]",345,1198,161,145,"[345, 1198, 161, 145]",321,1166,205,205,"[321, 1166, 205, 205]",326,1166,199,209,"[326, 1166, 199, 209]",326,1166,199,209,"[326, 1166, 199, 209]",offline_local_binary_ring_bottom_guard,assets/page_images/001_道因法师碑/p0010.jpg,3,4,1,http://data.library.sh.cn/bt/resource/work/v1e0qbx3r5wp1uw4,http://iiif.library.sh.cn/api/viewer/17A331,https://iiif.library.sh.cn/p/3/02c55611-7427-4cd0-a2cd-a15b5ccbaa9c,https://iiif.library.sh.cn/c/3/67a64ea9-d545-4cc3-b358-78b8112f50f4,1452,2231,https://iiif.library.sh.cn/c/3/67a64ea9-d545-4cc3-b358-78b8112f50f4/ap/s,https://iiif.library.sh.cn/c/3/67a64ea9-d545-4cc3-b358-78b8112f50f4/ap/c/a/57868893-23da-4d1e-8a44-fccc5fc710b9,29,29,supplementing,"[348, 1193, 499, 1344]","https://iiif.library.sh.cn/c/3/67a64ea9-d545-4cc3-b358-78b8112f50f4#xywh=348,1193,151,151",李俨撰文，欧阳通楷书,欧阳通（楷书）；李儇（撰文）,唐,龙朔三年十月十日刻立（663）,663,楷书,17A331,《翰墨瑰宝：上海图书馆藏珍本碑帖丛刊》第二辑,iiif_annotation_target_xywh,iiif_xywh
001_道因法师碑_p0010_c030,灭,001_道因法师碑,道因法师碑,10,十,348,1355,151,151,"[348, 1355, 151, 151]",345,1357,161,172,"[345, 1357, 161, 172]",321,1328,205,205,"[321, 1328, 205, 205]",326,1324,199,243,"[326, 1324, 199, 243]",326,1324,199,243,"[326, 1324, 199, 243]",offline_local_binary_ring_bottom_guard,assets/page_images/001_道因法师碑/p0010.jpg,3,5,1,http://data.library.sh.cn/bt/resource/work/v1e0qbx3r5wp1uw4,http://iiif.library.sh.cn/api/viewer/17A331,https://iiif.library.sh.cn/p/3/02c55611-7427-4cd0-a2cd-a15b5ccbaa9c,https://iiif.library.sh.cn/c/3/67a64ea9-d545-4cc3-b358-78b8112f50f4,1452,2231,https://iiif.library.sh.cn/c/3/67a64ea9-d545-4cc3-b358-78b8112f50f4/ap/s,https://iiif.library.sh.cn/c/3/67a64ea9-d545-4cc3-b358-78b8112f50f4/ap/c/a/2e86f65c-936e-4599-a70c-767034775030,30,30,supplementing,"[348, 1355, 499, 1506]","https://iiif.library.sh.cn/c/3/67a64ea9-d545-4cc3-b358-78b8112f50f4#xywh=348,1355,151,151",李俨撰文，欧阳通楷书,欧阳通（楷书）；李儇（撰文）,唐,龙朔三年十月十日刻立（663）,663,楷书,17A331,《翰墨瑰宝：上海图书馆藏珍本碑帖丛刊》第二辑,iiif_annotation_target_xywh,iiif_xywh
001_道因法师碑_p0010_c031,发,001_道因法师碑,道因法师碑,10,十,348,1567,151,151,"[348, 1567, 151, 151]",345,1544,161,172,"[345, 1544, 161, 172]",321,1540,205,205,"[321, 1540, 205, 205]",326,1513,199,241,"[326, 1513, 199, 241]",326,1513,199,241,"[326, 1513, 199, 241]",offline_local_binary_ring_bottom_guard,assets/page_images/001_道因法师碑/p0010.jpg,3,6,1,http://data.library.sh.cn/bt/resource/work/v1e0qbx3r5wp1uw4,http://iiif.library.sh.cn/api/viewer/17A331,https://iiif.library.sh.cn/p/3/02c55611-7427-4cd0-a2cd-a15b5ccbaa9c,https://iiif.library.sh.cn/c/3/67a64ea9-d545-4cc3-b358-78b8112f50f4,1452,2231,https://iiif.library.sh.cn/c/3/67a64ea9-d545-4cc3-b358-78b8112f50f4/ap/s,https://iiif.library.sh.cn/c/3/67a64ea9-d545-4cc3-b358-78b8112f50f4/ap/c/a/f8aa5b46-3901-40c3-92b9-6a7e2886f540,31,31,supplementing,"[348, 1567, 499, 1718]","https://iiif.library.sh.cn/c/3/67a64ea9-d545-4cc3-b358-78b8112f50f4#xywh=348,1567,151,151",李俨撰文，欧阳通楷书,欧阳通（楷书）；李儇（撰文）,唐,龙朔三年十月十日刻立（663）,663,楷书,17A331,《翰墨瑰宝：上海图书馆藏珍本碑帖丛刊》第二辑,iiif_annotation_target_xywh,iiif_xywh
001_道因法师碑_p0010_c032,莲,001_道因法师碑,道因法师碑,10,十,348,1728,151,151,"[348, 1728, 151, 151]",345,1729,161,149,"[345, 1729, 161, 149]",321,1701,205,205,"[321, 1701, 205, 205]",326,1697,199,214,"[326, 1697, 199, 214]",326,1697,199,214,"[326, 1697, 199, 214]",offline_local_binary_ring_bottom_guard,assets/page_images/001_道因法师碑/p0010.jpg,3,7,1,http://data.library.sh.cn/bt/resource/work/v1e0qbx3r5wp1uw4,http://iiif.library.sh.cn/api/viewer/17A331,https://iiif.library.sh.cn/p/3/02c55611-7427-4cd0-a2cd-a15b5ccbaa9c,https://iiif.library.sh.cn/c/3/67a64ea9-d545-4cc3-b358-78b8112f50f4,1452,2231,https://iiif.library.sh.cn/c/3/67a64ea9-d545-4cc3-b358-78b8112f50f4/ap/s,https://iiif.library.sh.cn/c/3/67a64ea9-d545-4cc3-b358-78b8112f50f4/ap/c/a/cf5cc773-d67f-457c-b4a5-920e17748294,32,32,supplementing,"[348, 1728, 499, 1879]","https://iiif.library.sh.cn/c/3/67a64ea9-d545-4cc3-b358-78b8112f50f4#xywh=348,1728,151,151",李俨撰文，欧阳通楷书,欧阳通（楷书）；李儇（撰文）,唐,龙朔三年十月十日刻立（663）,663,楷书,17A331,《翰墨瑰宝：上海图书馆藏珍本碑帖丛刊》第二辑,iiif_annotation_target_xywh,iiif_xywh
001_道因法师碑_p0010_c033,花,001_道因法师碑,道因法师碑,10,十,190,524,133,133,"[190, 524, 133, 133]",173,515,158,151,"[173, 515, 158, 151]",166,500,181,181,"[166, 500, 181, 181]",154,488,196,211,"[154, 488, 196, 211]",154,488,196,211,"[154, 488, 196, 211]",offline_local_binary_ring_bottom_guard,assets/page_images/001_道因法师碑/p0010.jpg,4,0,1,http://data.library.sh.cn/bt/resource/work/v1e0qbx3r5wp1uw4,http://iiif.library.sh.cn/api/viewer/17A331,https://iiif.library.sh.cn/p/3/02c55611-7427-4cd0-a2cd-a15b5ccbaa9c,https://iiif.library.sh.cn/c/3/67a64ea9-d545-4cc3-b358-78b8112f50f4,1452,2231,https://iiif.library.sh.cn/c/3/67a64ea9-d545-4cc3-b358-78b8112f50f4/ap/s,https://iiif.library.sh.cn/c/3/67a64ea9-d545-4cc3-b358-78b8112f50f4/ap/c/a/c704b602-6132-4781-be6f-9eb2cd842732,33,33,supplementing,"[190, 524, 323, 657]","https://iiif.library.sh.cn/c/3/67a64ea9-d545-4cc3-b358-78b8112f50f4#xywh=190,524,133,133",李俨撰文，欧阳通楷书,欧阳通（楷书）；李儇（撰文）,唐,龙朔三年十月十日刻立（663）,663,楷书,17A331,《翰墨瑰宝：上海图书馆藏珍本碑帖丛刊》第二辑,iiif_annotation_target_xywh,iiif_xywh
001_道因法师碑_p0010_c034,之,001_道因法师碑,道因法师碑,10,十,179,683,145,145,"[179, 683, 145, 145]",173,680,158,149,"[173, 680, 158, 149]",153,657,197,197,"[153, 657, 197, 197]",154,650,196,212,"[154, 650, 196, 212]",154,650,196,212,"[154, 650, 196, 212]",offline_local_binary_ring_bottom_guard,assets/page_images/001_道因法师碑/p0010.jpg,4,1,1,http://data.library.sh.cn/bt/resource/work/v1e0qbx3r5wp1uw4,http://iiif.library.sh.cn/api/viewer/17A331,https://iiif.library.sh.cn/p/3/02c55611-7427-4cd0-a2cd-a15b5ccbaa9c,https://iiif.library.sh.cn/c/3/67a64ea9-d545-4cc3-b358-78b8112f50f4,1452,2231,https://iiif.library.sh.cn/c/3/67a64ea9-d545-4cc3-b358-78b8112f50f4/ap/s,https://iiif.library.sh.cn/c/3/67a64ea9-d545-4cc3-b358-78b8112f50f4/ap/c/a/0df0b508-b235-4f98-bfaa-fd86e103ba83,34,34,supplementing,"[179, 683, 324, 828]","https://iiif.library.sh.cn/c/3/67a64ea9-d545-4cc3-b358-78b8112f50f4#xywh=179,683,145,145",李俨撰文，欧阳通楷书,欧阳通（楷书）；李儇（撰文）,唐,龙朔三年十月十日刻立（663）,663,楷书,17A331,《翰墨瑰宝：上海图书馆藏珍本碑帖丛刊》第二辑,iiif_annotation_target_xywh,iiif_xywh
001_道因法师碑_p0010_c035,音,001_道因法师碑,道因法师碑,10,十,179,843,145,145,"[179, 843, 145, 145]",173,843,158,172,"[173, 843, 158, 172]",153,817,197,197,"[153, 817, 197, 197]",154,813,196,240,"[154, 813, 196, 240]",154,813,196,240,"[154, 813, 196, 240]",offline_local_binary_ring_bottom_guard,assets/page_images/001_道因法师碑/p0010.jpg,4,2,1,http://data.library.sh.cn/bt/resource/work/v1e0qbx3r5wp1uw4,http://iiif.library.sh.cn/api/viewer/17A331,https://iiif.library.sh.cn/p/3/02c55611-7427-4cd0-a2cd-a15b5ccbaa9c,https://iiif.library.sh.cn/c/3/67a64ea9-d545-4cc3-b358-78b8112f50f4,1452,2231,https://iiif.library.sh.cn/c/3/67a64ea9-d545-4cc3-b358-78b8112f50f4/ap/s,https://iiif.library.sh.cn/c/3/67a64ea9-d545-4cc3-b358-78b8112f50f4/ap/c/a/54adb9bf-06be-4465-a9a3-9d813124f6b9,35,35,supplementing,"[179, 843, 324, 988]","https://iiif.library.sh.cn/c/3/67a64ea9-d545-4cc3-b358-78b8112f50f4#xywh=179,843,145,145",李俨撰文，欧阳通楷书,欧阳通（楷书）；李儇（撰文）,唐,龙朔三年十月十日刻立（663）,663,楷书,17A331,《翰墨瑰宝：上海图书馆藏珍本碑帖丛刊》第二辑,iiif_annotation_target_xywh,iiif_xywh
001_道因法师碑_p0010_c036,非,001_道因法师碑,道因法师碑,10,十,179,1056,145,145,"[179, 1056, 145, 145]",173,1030,158,182,"[173, 1030, 158, 182]",153,1030,197,197,"[153, 1030, 197, 197]",154,1000,196,252,"[154, 1000, 196, 252]",154,1000,196,252,"[154, 1000, 196, 252]",offline_local_binary_ring_bottom_guard,assets/page_images/001_道因法师碑/p0010.jpg,4,3,1,http://data.library.sh.cn/bt/resource/work/v1e0qbx3r5wp1uw4,http://iiif.library.sh.cn/api/viewer/17A331,https://iiif.library.sh.cn/p/3/02c55611-7427-4cd0-a2cd-a15b5ccbaa9c,https://iiif.library.sh.cn/c/3/67a64ea9-d545-4cc3-b358-78b8112f50f4,1452,2231,https://iiif.library.sh.cn/c/3/67a64ea9-d545-4cc3-b358-78b8112f50f4/ap/s,https://iiif.library.sh.cn/c/3/67a64ea9-d545-4cc3-b358-78b8112f50f4/ap/c/a/a2bf4f77-391c-4fee-8f79-9f5bff962ce5,36,36,supplementing,"[179, 1056, 324, 1201]","https://iiif.library.sh.cn/c/3/67a64ea9-d545-4cc3-b358-78b8112f50f4#xywh=179,1056,145,145",李俨撰文，欧阳通楷书,欧阳通（楷书）；李儇（撰文）,唐,龙朔三年十月十日刻立（663）,663,楷书,17A331,《翰墨瑰宝：上海图书馆藏珍本碑帖丛刊》第二辑,iiif_annotation_target_xywh,iiif_xywh
001_道因法师碑_p0010_c037,色,001_道因法师碑,道因法师碑,10,十,179,1239,145,145,"[179, 1239, 145, 145]",173,1227,158,167,"[173, 1227, 158, 167]",153,1213,197,197,"[153, 1213, 197, 197]",154,1197,196,234,"[154, 1197, 196, 234]",154,1197,196,234,"[154, 1197, 196, 234]",offline_local_binary_ring_bottom_guard,assets/page_images/001_道因法师碑/p0010.jpg,4,4,1,http://data.library.sh.cn/bt/resource/work/v1e0qbx3r5wp1uw4,http://iiif.library.sh.cn/api/viewer/17A331,https://iiif.library.sh.cn/p/3/02c55611-7427-4cd0-a2cd-a15b5ccbaa9c,https://iiif.library.sh.cn/c/3/67a64ea9-d545-4cc3-b358-78b8112f50f4,1452,2231,https://iiif.library.sh.cn/c/3/67a64ea9-d545-4cc3-b358-78b8112f50f4/ap/s,https://iiif.library.sh.cn/c/3/67a64ea9-d545-4cc3-b358-78b8112f50f4/ap/c/a/b9e0bd8e-9918-4b69-a0d9-5eabb7173e83,37,37,supplementing,"[179, 1239, 324, 1384]","https://iiif.library.sh.cn/c/3/67a64ea9-d545-4cc3-b358-78b8112f50f4#xywh=179,1239,145,145",李俨撰文，欧阳通楷书,欧阳通（楷书）；李儇（撰文）,唐,龙朔三年十月十日刻立（663）,663,楷书,17A331,《翰墨瑰宝：上海图书馆藏珍本碑帖丛刊》第二辑,iiif_annotation_target_xywh,iiif_xywh
001_道因法师碑_p0010_c038,非,001_道因法师碑,道因法师碑,10,十,179,1418,145,145,"[179, 1418, 145, 145]",173,1408,158,154,"[173, 1408, 158, 154]",153,1392,197,197,"[153, 1392, 197, 197]",154,1378,196,218,"[154, 1378, 196, 218]",154,1378,196,218,"[154, 1378, 196, 218]",offline_local_binary_ring_bottom_guard,assets/page_images/001_道因法师碑/p0010.jpg,4,5,1,http://data.library.sh.cn/bt/resource/work/v1e0qbx3r5wp1uw4,http://iiif.library.sh.cn/api/viewer/17A331,https://iiif.library.sh.cn/p/3/02c55611-7427-4cd0-a2cd-a15b5ccbaa9c,https://iiif.library.sh.cn/c/3/67a64ea9-d545-4cc3-b358-78b8112f50f4,1452,2231,https://iiif.library.sh.cn/c/3/67a64ea9-d545-4cc3-b358-78b8112f50f4/ap/s,https://iiif.library.sh.cn/c/3/67a64ea9-d545-4cc3-b358-78b8112f50f4/ap/c/a/63929dfd-fd62-4221-b053-e7e6c62a2ed5,38,38,supplementing,"[179, 1418, 324, 1563]","https://iiif.library.sh.cn/c/3/67a64ea9-d545-4cc3-b358-78b8112f50f4#xywh=179,1418,145,145",李俨撰文，欧阳通楷书,欧阳通（楷书）；李儇（撰文）,唐,龙朔三年十月十日刻立（663）,663,楷书,17A331,《翰墨瑰宝：上海图书馆藏珍本碑帖丛刊》第二辑,iiif_annotation_target_xywh,iiif_xywh
001_道因法师碑_p0010_c039,空,001_道因法师碑,道因法师碑,10,十,179,1575,145,145,"[179, 1575, 145, 145]",173,1576,158,153,"[173, 1576, 158, 153]",153,1549,197,197,"[153, 1549, 197, 197]",154,1545,196,218,"[154, 1545, 196, 218]",154,1545,196,218,"[154, 1545, 196, 218]",offline_local_binary_ring_bottom_guard,assets/page_images/001_道因法师碑/p0010.jpg,4,6,1,http://data.library.sh.cn/bt/resource/work/v1e0qbx3r5wp1uw4,http://iiif.library.sh.cn/api/viewer/17A331,https://iiif.library.sh.cn/p/3/02c55611-7427-4cd0-a2cd-a15b5ccbaa9c,https://iiif.library.sh.cn/c/3/67a64ea9-d545-4cc3-b358-78b8112f50f4,1452,2231,https://iiif.library.sh.cn/c/3/67a64ea9-d545-4cc3-b358-78b8112f50f4/ap/s,https://iiif.library.sh.cn/c/3/67a64ea9-d545-4cc3-b358-78b8112f50f4/ap/c/a/ee62acaf-2dd1-4b18-b967-92b62fa628a3,39,39,supplementing,"[179, 1575, 324, 1720]","https://iiif.library.sh.cn/c/3/67a64ea9-d545-4cc3-b358-78b8112f50f4#xywh=179,1575,145,145",李俨撰文，欧阳通楷书,欧阳通（楷书）；李儇（撰文）,唐,龙朔三年十月十日刻立（663）,663,楷书,17A331,《翰墨瑰宝：上海图书馆藏珍本碑帖丛刊》第二辑,iiif_annotation_target_xywh,iiif_xywh
001_道因法师碑_p0010_c040,被,001_道因法师碑,道因法师碑,10,十,179,1752,145,145,"[179, 1752, 145, 145]",173,1743,158,163,"[173, 1743, 158, 163]",153,1726,197,197,"[153, 1726, 197, 197]",154,1713,196,229,"[154, 1713, 196, 229]",154,1713,196,229,"[154, 1713, 196, 229]",offline_local_binary_ring_bottom_guard,assets/page_images/001_道因法师碑/p0010.jpg,4,7,1,http://data.library.sh.cn/bt/resource/work/v1e0qbx3r5wp1uw4,http://iiif.library.sh.cn/api/viewer/17A331,https://iiif.library.sh.cn/p/3/02c55611-7427-4cd0-a2cd-a15b5ccbaa9c,https://iiif.library.sh.cn/c/3/67a64ea9-d545-4cc3-b358-78b8112f50f4,1452,2231,https://iiif.library.sh.cn/c/3/67a64ea9-d545-4cc3-b358-78b8112f50f4/ap/s,https://iiif.library.sh.cn/c/3/67a64ea9-d545-4cc3-b358-78b8112f50f4/ap/c/a/bf73e9f2-7260-4d09-9819-46970c197719,40,40,supplementing,"[179, 1752, 324, 1897]","https://iiif.library.sh.cn/c/3/67a64ea9-d545-4cc3-b358-78b8112f50f4#xywh=179,1752,145,145",李俨撰文，欧阳通楷书,欧阳通（楷书）；李儇（撰文）,唐,龙朔三年十月十日刻立（663）,663,楷书,17A331,《翰墨瑰宝：上海图书馆藏珍本碑帖丛刊》第二辑,iiif_annotation_target_xywh,iiif_xywh
001_道因法师碑_p0011_c001,栴,001_道因法师碑,道因法师碑,11,十一,1118,529,163,163,"[1118, 529, 163, 163]",1115,537,169,147,"[1115, 537, 169, 147]",1089,500,221,221,"[1089, 500, 221, 221]",1095,505,209,211,"[1095, 505, 209, 211]",1095,505,209,211,"[1095, 505, 209, 211]",offline_local_binary_ring_bottom_guard,assets/page_images/001_道因法师碑/p0011.jpg,0,0,1,http://data.library.sh.cn/bt/resource/work/v1e0qbx3r5wp1uw4,http://iiif.library.sh.cn/api/viewer/17A331,https://iiif.library.sh.cn/p/3/02c55611-7427-4cd0-a2cd-a15b5ccbaa9c,https://iiif.library.sh.cn/c/3/251cbfcf-5c9f-4443-a4c0-6d093e876ca9,1447,2228,https://iiif.library.sh.cn/c/3/251cbfcf-5c9f-4443-a4c0-6d093e876ca9/ap/s,https://iiif.library.sh.cn/c/3/251cbfcf-5c9f-4443-a4c0-6d093e876ca9/ap/c/a/c545a584-6496-4eb2-8a6a-5f089104e535,1,1,supplementing,"[1118, 529, 1281, 692]","https://iiif.library.sh.cn/c/3/251cbfcf-5c9f-4443-a4c0-6d093e876ca9#xywh=1118,529,163,163",李俨撰文，欧阳通楷书,欧阳通（楷书）；李儇（撰文）,唐,龙朔三年十月十日刻立（663）,663,楷书,17A331,《翰墨瑰宝：上海图书馆藏珍本碑帖丛刊》第二辑,iiif_annotation_target_xywh,iiif_xywh
001_道因法师碑_p0011_c002,檀,001_道因法师碑,道因法师碑,11,十一,1118,689,163,163,"[1118, 689, 163, 163]",1115,697,169,152,"[1115, 697, 169, 152]",1089,660,221,221,"[1089, 660, 221, 221]",1095,664,209,218,"[1095, 664, 209, 218]",1095,664,209,218,"[1095, 664, 209, 218]",offline_local_binary_ring_bottom_guard,assets/page_images/001_道因法师碑/p0011.jpg,0,1,1,http://data.library.sh.cn/bt/resource/work/v1e0qbx3r5wp1uw4,http://iiif.library.sh.cn/api/viewer/17A331,https://iiif.library.sh.cn/p/3/02c55611-7427-4cd0-a2cd-a15b5ccbaa9c,https://iiif.library.sh.cn/c/3/251cbfcf-5c9f-4443-a4c0-6d093e876ca9,1447,2228,https://iiif.library.sh.cn/c/3/251cbfcf-5c9f-4443-a4c0-6d093e876ca9/ap/s,https://iiif.library.sh.cn/c/3/251cbfcf-5c9f-4443-a4c0-6d093e876ca9/ap/c/a/5e812f63-424f-4a25-b3d2-77dafdd023cb,2,2,supplementing,"[1118, 689, 1281, 852]","https://iiif.library.sh.cn/c/3/251cbfcf-5c9f-4443-a4c0-6d093e876ca9#xywh=1118,689,163,163",李俨撰文，欧阳通楷书,欧阳通（楷书）；李儇（撰文）,唐,龙朔三年十月十日刻立（663）,663,楷书,17A331,《翰墨瑰宝：上海图书馆藏珍本碑帖丛刊》第二辑,iiif_annotation_target_xywh,iiif_xywh
001_道因法师碑_p0011_c003,之,001_道因法师碑,道因法师碑,11,十一,1118,860,163,163,"[1118, 860, 163, 163]",1115,863,169,163,"[1115, 863, 169, 163]",1089,831,221,221,"[1089, 831, 221, 221]",1095,827,209,235,"[1095, 827, 209, 235]",1095,827,209,235,"[1095, 827, 209, 235]",offline_local_binary_ring_bottom_guard,assets/page_images/001_道因法师碑/p0011.jpg,0,2,1,http://data.library.sh.cn/bt/resource/work/v1e0qbx3r5wp1uw4,http://iiif.library.sh.cn/api/viewer/17A331,https://iiif.library.sh.cn/p/3/02c55611-7427-4cd0-a2cd-a15b5ccbaa9c,https://iiif.library.sh.cn/c/3/251cbfcf-5c9f-4443-a4c0-6d093e876ca9,1447,2228,https://iiif.library.sh.cn/c/3/251cbfcf-5c9f-4443-a4c0-6d093e876ca9/ap/s,https://iiif.library.sh.cn/c/3/251cbfcf-5c9f-4443-a4c0-6d093e876ca9/ap/c/a/118c2689-ea2b-464e-9286-110519b267db,3,3,supplementing,"[1118, 860, 1281, 1023]","https://iiif.library.sh.cn/c/3/251cbfcf-5c9f-4443-a4c0-6d093e876ca9#xywh=1118,860,163,163",李俨撰文，欧阳通楷书,欧阳通（楷书）；李儇（撰文）,唐,龙朔三年十月十日刻立（663）,663,楷书,17A331,《翰墨瑰宝：上海图书馆藏珍本碑帖丛刊》第二辑,iiif_annotation_target_xywh,iiif_xywh
001_道因法师碑_p0011_c004,简,001_道因法师碑,道因法师碑,11,十一,1118,1043,163,163,"[1118, 1043, 163, 163]",1115,1041,169,176,"[1115, 1041, 169, 176]",1089,1014,221,221,"[1089, 1014, 221, 221]",1095,1008,209,248,"[1095, 1008, 209, 248]",1095,1008,209,248,"[1095, 1008, 209, 248]",offline_local_binary_ring_bottom_guard,assets/page_images/001_道因法师碑/p0011.jpg,0,3,1,http://data.library.sh.cn/bt/resource/work/v1e0qbx3r5wp1uw4,http://iiif.library.sh.cn/api/viewer/17A331,https://iiif.library.sh.cn/p/3/02c55611-7427-4cd0-a2cd-a15b5ccbaa9c,https://iiif.library.sh.cn/c/3/251cbfcf-5c9f-4443-a4c0-6d093e876ca9,1447,2228,https://iiif.library.sh.cn/c/3/251cbfcf-5c9f-4443-a4c0-6d093e876ca9/ap/s,https://iiif.library.sh.cn/c/3/251cbfcf-5c9f-4443-a4c0-6d093e876ca9/ap/c/a/0b2fb843-734a-4216-8dcf-336d2f6fa2a6,4,4,supplementing,"[1118, 1043, 1281, 1206]","https://iiif.library.sh.cn/c/3/251cbfcf-5c9f-4443-a4c0-6d093e876ca9#xywh=1118,1043,163,163",李俨撰文，欧阳通楷书,欧阳通（楷书）；李儇（撰文）,唐,龙朔三年十月十日刻立（663）,663,楷书,17A331,《翰墨瑰宝：上海图书馆藏珍本碑帖丛刊》第二辑,iiif_annotation_target_xywh,iiif_xywh
001_道因法师碑_p0011_c005,暨,001_道因法师碑,道因法师碑,11,十一,1118,1244,163,163,"[1118, 1244, 163, 163]",1115,1232,169,171,"[1115, 1232, 169, 171]",1089,1215,221,221,"[1089, 1215, 221, 221]",1095,1199,209,242,"[1095, 1199, 209, 242]",1095,1199,209,242,"[1095, 1199, 209, 242]",offline_local_binary_ring_bottom_guard,assets/page_images/001_道因法师碑/p0011.jpg,0,4,1,http://data.library.sh.cn/bt/resource/work/v1e0qbx3r5wp1uw4,http://iiif.library.sh.cn/api/viewer/17A331,https://iiif.library.sh.cn/p/3/02c55611-7427-4cd0-a2cd-a15b5ccbaa9c,https://iiif.library.sh.cn/c/3/251cbfcf-5c9f-4443-a4c0-6d093e876ca9,1447,2228,https://iiif.library.sh.cn/c/3/251cbfcf-5c9f-4443-a4c0-6d093e876ca9/ap/s,https://iiif.library.sh.cn/c/3/251cbfcf-5c9f-4443-a4c0-6d093e876ca9/ap/c/a/e94fe792-181e-48c7-8a21-392addfdc36d,5,5,supplementing,"[1118, 1244, 1281, 1407]","https://iiif.library.sh.cn/c/3/251cbfcf-5c9f-4443-a4c0-6d093e876ca9#xywh=1118,1244,163,163",李俨撰文，欧阳通楷书,欧阳通（楷书）；李儇（撰文）,唐,龙朔三年十月十日刻立（663）,663,楷书,17A331,《翰墨瑰宝：上海图书馆藏珍本碑帖丛刊》第二辑,iiif_annotation_target_xywh,iiif_xywh
001_道因法师碑_p0011_c006,乎,001_道因法师碑,道因法师碑,11,十一,1118,1413,163,163,"[1118, 1413, 163, 163]",1115,1417,169,156,"[1115, 1417, 169, 156]",1089,1384,221,221,"[1089, 1384, 221, 221]",1095,1383,209,224,"[1095, 1383, 209, 224]",1095,1383,209,224,"[1095, 1383, 209, 224]",offline_local_binary_ring_bottom_guard,assets/page_images/001_道因法师碑/p0011.jpg,0,5,1,http://data.library.sh.cn/bt/resource/work/v1e0qbx3r5wp1uw4,http://iiif.library.sh.cn/api/viewer/17A331,https://iiif.library.sh.cn/p/3/02c55611-7427-4cd0-a2cd-a15b5ccbaa9c,https://iiif.library.sh.cn/c/3/251cbfcf-5c9f-4443-a4c0-6d093e876ca9,1447,2228,https://iiif.library.sh.cn/c/3/251cbfcf-5c9f-4443-a4c0-6d093e876ca9/ap/s,https://iiif.library.sh.cn/c/3/251cbfcf-5c9f-4443-a4c0-6d093e876ca9/ap/c/a/31e83d75-1cd2-4b77-be43-19625d9dd9f4,6,6,supplementing,"[1118, 1413, 1281, 1576]","https://iiif.library.sh.cn/c/3/251cbfcf-5c9f-4443-a4c0-6d093e876ca9#xywh=1118,1413,163,163",李俨撰文，欧阳通楷书,欧阳通（楷书）；李儇（撰文）,唐,龙朔三年十月十日刻立（663）,663,楷书,17A331,《翰墨瑰宝：上海图书馆藏珍本碑帖丛刊》第二辑,iiif_annotation_target_xywh,iiif_xywh
001_道因法师碑_p0011_c007,鹤,001_道因法师碑,道因法师碑,11,十一,1118,1584,163,163,"[1118, 1584, 163, 163]",1115,1587,169,153,"[1115, 1587, 169, 153]",1089,1555,221,221,"[1089, 1555, 221, 221]",1095,1553,209,221,"[1095, 1553, 209, 221]",1095,1553,209,221,"[1095, 1553, 209, 221]",offline_local_binary_ring_bottom_guard,assets/page_images/001_道因法师碑/p0011.jpg,0,6,1,http://data.library.sh.cn/bt/resource/work/v1e0qbx3r5wp1uw4,http://iiif.library.sh.cn/api/viewer/17A331,https://iiif.library.sh.cn/p/3/02c55611-7427-4cd0-a2cd-a15b5ccbaa9c,https://iiif.library.sh.cn/c/3/251cbfcf-5c9f-4443-a4c0-6d093e876ca9,1447,2228,https://iiif.library.sh.cn/c/3/251cbfcf-5c9f-4443-a4c0-6d093e876ca9/ap/s,https://iiif.library.sh.cn/c/3/251cbfcf-5c9f-4443-a4c0-6d093e876ca9/ap/c/a/b7d3de64-e1f6-4f95-a901-68b8c208fca9,7,7,supplementing,"[1118, 1584, 1281, 1747]","https://iiif.library.sh.cn/c/3/251cbfcf-5c9f-4443-a4c0-6d093e876ca9#xywh=1118,1584,163,163",李俨撰文，欧阳通楷书,欧阳通（楷书）；李儇（撰文）,唐,龙朔三年十月十日刻立（663）,663,楷书,17A331,《翰墨瑰宝：上海图书馆藏珍本碑帖丛刊》第二辑,iiif_annotation_target_xywh,iiif_xywh
001_道因法师碑_p0011_c008,林,001_道因法师碑,道因法师碑,11,十一,1118,1747,163,163,"[1118, 1747, 163, 163]",1115,1754,169,149,"[1115, 1754, 169, 149]",1089,1718,221,221,"[1089, 1718, 221, 221]",1095,1721,209,215,"[1095, 1721, 209, 215]",1095,1721,209,215,"[1095, 1721, 209, 215]",offline_local_binary_ring_bottom_guard,assets/page_images/001_道因法师碑/p0011.jpg,0,7,1,http://data.library.sh.cn/bt/resource/work/v1e0qbx3r5wp1uw4,http://iiif.library.sh.cn/api/viewer/17A331,https://iiif.library.sh.cn/p/3/02c55611-7427-4cd0-a2cd-a15b5ccbaa9c,https://iiif.library.sh.cn/c/3/251cbfcf-5c9f-4443-a4c0-6d093e876ca9,1447,2228,https://iiif.library.sh.cn/c/3/251cbfcf-5c9f-4443-a4c0-6d093e876ca9/ap/s,https://iiif.library.sh.cn/c/3/251cbfcf-5c9f-4443-a4c0-6d093e876ca9/ap/c/a/eadc92a7-3a0c-42f9-aa97-516b36fe3777,8,8,supplementing,"[1118, 1747, 1281, 1910]","https://iiif.library.sh.cn/c/3/251cbfcf-5c9f-4443-a4c0-6d093e876ca9#xywh=1118,1747,163,163",李俨撰文，欧阳通楷书,欧阳通（楷书）；李儇（撰文）,唐,龙朔三年十月十日刻立（663）,663,楷书,17A331,《翰墨瑰宝：上海图书馆藏珍本碑帖丛刊》第二辑,iiif_annotation_target_xywh,iiif_xywh
001_道因法师碑_p0011_c009,税,001_道因法师碑,道因法师碑,11,十一,939,533,153,153,"[939, 533, 153, 153]",937,552,163,115,"[937, 552, 163, 115]",911,505,209,209,"[911, 505, 209, 209]",917,527,203,165,"[917, 527, 203, 165]",917,527,203,165,"[917, 527, 203, 165]",offline_local_binary_ring_bottom_guard,assets/page_images/001_道因法师碑/p0011.jpg,1,0,1,http://data.library.sh.cn/bt/resource/work/v1e0qbx3r5wp1uw4,http://iiif.library.sh.cn/api/viewer/17A331,https://iiif.library.sh.cn/p/3/02c55611-7427-4cd0-a2cd-a15b5ccbaa9c,https://iiif.library.sh.cn/c/3/251cbfcf-5c9f-4443-a4c0-6d093e876ca9,1447,2228,https://iiif.library.sh.cn/c/3/251cbfcf-5c9f-4443-a4c0-6d093e876ca9/ap/s,https://iiif.library.sh.cn/c/3/251cbfcf-5c9f-4443-a4c0-6d093e876ca9/ap/c/a/e7e61f04-6c10-47bf-b441-3687ad2aaec9,9,9,supplementing,"[939, 533, 1092, 686]","https://iiif.library.sh.cn/c/3/251cbfcf-5c9f-4443-a4c0-6d093e876ca9#xywh=939,533,153,153",李俨撰文，欧阳通楷书,欧阳通（楷书）；李儇（撰文）,唐,龙朔三年十月十日刻立（663）,663,楷书,17A331,《翰墨瑰宝：上海图书馆藏珍本碑帖丛刊》第二辑,iiif_annotation_target_xywh,iiif_xywh
001_道因法师碑_p0011_c010,轸,001_道因法师碑,道因法师碑,11,十一,939,658,153,153,"[939, 658, 153, 153]",937,678,163,140,"[937, 678, 163, 140]",911,630,209,209,"[911, 630, 209, 209]",917,647,203,202,"[917, 647, 203, 202]",917,647,203,202,"[917, 647, 203, 202]",offline_local_binary_ring_bottom_guard,assets/page_images/001_道因法师碑/p0011.jpg,1,1,1,http://data.library.sh.cn/bt/resource/work/v1e0qbx3r5wp1uw4,http://iiif.library.sh.cn/api/viewer/17A331,https://iiif.library.sh.cn/p/3/02c55611-7427-4cd0-a2cd-a15b5ccbaa9c,https://iiif.library.sh.cn/c/3/251cbfcf-5c9f-4443-a4c0-6d093e876ca9,1447,2228,https://iiif.library.sh.cn/c/3/251cbfcf-5c9f-4443-a4c0-6d093e876ca9/ap/s,https://iiif.library.sh.cn/c/3/251cbfcf-5c9f-4443-a4c0-6d093e876ca9/ap/c/a/8e055608-cffa-4cb5-9ce5-70058c105a4d,10,10,supplementing,"[939, 658, 1092, 811]","https://iiif.library.sh.cn/c/3/251cbfcf-5c9f-4443-a4c0-6d093e876ca9#xywh=939,658,153,153",李俨撰文，欧阳通楷书,欧阳通（楷书）；李儇（撰文）,唐,龙朔三年十月十日刻立（663）,663,楷书,17A331,《翰墨瑰宝：上海图书馆藏珍本碑帖丛刊》第二辑,iiif_annotation_target_xywh,iiif_xywh
001_道因法师碑_p0011_c011,涅,001_道因法师碑,道因法师碑,11,十一,939,837,153,153,"[939, 837, 153, 153]",937,831,163,160,"[937, 831, 163, 160]",911,809,209,209,"[911, 809, 209, 209]",917,800,203,226,"[917, 800, 203, 226]",917,800,203,226,"[917, 800, 203, 226]",offline_local_binary_ring_bottom_guard,assets/page_images/001_道因法师碑/p0011.jpg,1,2,1,http://data.library.sh.cn/bt/resource/work/v1e0qbx3r5wp1uw4,http://iiif.library.sh.cn/api/viewer/17A331,https://iiif.library.sh.cn/p/3/02c55611-7427-4cd0-a2cd-a15b5ccbaa9c,https://iiif.library.sh.cn/c/3/251cbfcf-5c9f-4443-a4c0-6d093e876ca9,1447,2228,https://iiif.library.sh.cn/c/3/251cbfcf-5c9f-4443-a4c0-6d093e876ca9/ap/s,https://iiif.library.sh.cn/c/3/251cbfcf-5c9f-4443-a4c0-6d093e876ca9/ap/c/a/0ab3c7c5-559d-494e-b0ab-fe3cbb551479,11,11,supplementing,"[939, 837, 1092, 990]","https://iiif.library.sh.cn/c/3/251cbfcf-5c9f-4443-a4c0-6d093e876ca9#xywh=939,837,153,153",李俨撰文，欧阳通楷书,欧阳通（楷书）；李儇（撰文）,唐,龙朔三年十月十日刻立（663）,663,楷书,17A331,《翰墨瑰宝：上海图书馆藏珍本碑帖丛刊》第二辑,iiif_annotation_target_xywh,iiif_xywh
001_道因法师碑_p0011_c012,槃,001_道因法师碑,道因法师碑,11,十一,939,1006,153,153,"[939, 1006, 153, 153]",937,1005,163,172,"[937, 1005, 163, 172]",911,978,209,209,"[911, 978, 209, 209]",917,974,203,241,"[917, 974, 203, 241]",917,974,203,241,"[917, 974, 203, 241]",offline_local_binary_ring_bottom_guard,assets/page_images/001_道因法师碑/p0011.jpg,1,3,1,http://data.library.sh.cn/bt/resource/work/v1e0qbx3r5wp1uw4,http://iiif.library.sh.cn/api/viewer/17A331,https://iiif.library.sh.cn/p/3/02c55611-7427-4cd0-a2cd-a15b5ccbaa9c,https://iiif.library.sh.cn/c/3/251cbfcf-5c9f-4443-a4c0-6d093e876ca9,1447,2228,https://iiif.library.sh.cn/c/3/251cbfcf-5c9f-4443-a4c0-6d093e876ca9/ap/s,https://iiif.library.sh.cn/c/3/251cbfcf-5c9f-4443-a4c0-6d093e876ca9/ap/c/a/209d2519-ce55-41b0-a764-04b8a6e87032,12,12,supplementing,"[939, 1006, 1092, 1159]","https://iiif.library.sh.cn/c/3/251cbfcf-5c9f-4443-a4c0-6d093e876ca9#xywh=939,1006,153,153",李俨撰文，欧阳通楷书,欧阳通（楷书）；李儇（撰文）,唐,龙朔三年十月十日刻立（663）,663,楷书,17A331,《翰墨瑰宝：上海图书馆藏珍本碑帖丛刊》第二辑,iiif_annotation_target_xywh,iiif_xywh
001_道因法师碑_p0011_c013,之,001_道因法师碑,道因法师碑,11,十一,939,1210,153,153,"[939, 1210, 153, 153]",937,1192,163,173,"[937, 1192, 163, 173]",911,1182,209,209,"[911, 1182, 209, 209]",917,1161,203,242,"[917, 1161, 203, 242]",917,1161,203,242,"[917, 1161, 203, 242]",offline_local_binary_ring_bottom_guard,assets/page_images/001_道因法师碑/p0011.jpg,1,4,1,http://data.library.sh.cn/bt/resource/work/v1e0qbx3r5wp1uw4,http://iiif.library.sh.cn/api/viewer/17A331,https://iiif.library.sh.cn/p/3/02c55611-7427-4cd0-a2cd-a15b5ccbaa9c,https://iiif.library.sh.cn/c/3/251cbfcf-5c9f-4443-a4c0-6d093e876ca9,1447,2228,https://iiif.library.sh.cn/c/3/251cbfcf-5c9f-4443-a4c0-6d093e876ca9/ap/s,https://iiif.library.sh.cn/c/3/251cbfcf-5c9f-4443-a4c0-6d093e876ca9/ap/c/a/9dced714-9ed7-4aae-b221-9b5ff69d54b7,13,13,supplementing,"[939, 1210, 1092, 1363]","https://iiif.library.sh.cn/c/3/251cbfcf-5c9f-4443-a4c0-6d093e876ca9#xywh=939,1210,153,153",李俨撰文，欧阳通楷书,欧阳通（楷书）；李儇（撰文）,唐,龙朔三年十月十日刻立（663）,663,楷书,17A331,《翰墨瑰宝：上海图书馆藏珍本碑帖丛刊》第二辑,iiif_annotation_target_xywh,iiif_xywh
001_道因法师碑_p0011_c014,岸,001_道因法师碑,道因法师碑,11,十一,939,1382,153,153,"[939, 1382, 153, 153]",937,1380,163,176,"[937, 1380, 163, 176]",911,1354,209,209,"[911, 1354, 209, 209]",917,1349,203,246,"[917, 1349, 203, 246]",917,1349,203,246,"[917, 1349, 203, 246]",offline_local_binary_ring_bottom_guard,assets/page_images/001_道因法师碑/p0011.jpg,1,5,1,http://data.library.sh.cn/bt/resource/work/v1e0qbx3r5wp1uw4,http://iiif.library.sh.cn/api/viewer/17A331,https://iiif.library.sh.cn/p/3/02c55611-7427-4cd0-a2cd-a15b5ccbaa9c,https://iiif.library.sh.cn/c/3/251cbfcf-5c9f-4443-a4c0-6d093e876ca9,1447,2228,https://iiif.library.sh.cn/c/3/251cbfcf-5c9f-4443-a4c0-6d093e876ca9/ap/s,https://iiif.library.sh.cn/c/3/251cbfcf-5c9f-4443-a4c0-6d093e876ca9/ap/c/a/87ee19bd-6568-49f3-9482-496fa467c91d,14,14,supplementing,"[939, 1382, 1092, 1535]","https://iiif.library.sh.cn/c/3/251cbfcf-5c9f-4443-a4c0-6d093e876ca9#xywh=939,1382,153,153",李俨撰文，欧阳通楷书,欧阳通（楷书）；李儇（撰文）,唐,龙朔三年十月十日刻立（663）,663,楷书,17A331,《翰墨瑰宝：上海图书馆藏珍本碑帖丛刊》第二辑,iiif_annotation_target_xywh,iiif_xywh
001_道因法师碑_p0011_c015,先,001_道因法师碑,道因法师碑,11,十一,939,1592,153,153,"[939, 1592, 153, 153]",937,1571,163,161,"[937, 1571, 163, 161]",911,1564,209,209,"[911, 1564, 209, 209]",917,1540,203,227,"[917, 1540, 203, 227]",917,1540,203,227,"[917, 1540, 203, 227]",offline_local_binary_ring_bottom_guard,assets/page_images/001_道因法师碑/p0011.jpg,1,6,1,http://data.library.sh.cn/bt/resource/work/v1e0qbx3r5wp1uw4,http://iiif.library.sh.cn/api/viewer/17A331,https://iiif.library.sh.cn/p/3/02c55611-7427-4cd0-a2cd-a15b5ccbaa9c,https://iiif.library.sh.cn/c/3/251cbfcf-5c9f-4443-a4c0-6d093e876ca9,1447,2228,https://iiif.library.sh.cn/c/3/251cbfcf-5c9f-4443-a4c0-6d093e876ca9/ap/s,https://iiif.library.sh.cn/c/3/251cbfcf-5c9f-4443-a4c0-6d093e876ca9/ap/c/a/cbe24134-e3ec-48bd-a140-9be62a35d7d8,15,15,supplementing,"[939, 1592, 1092, 1745]","https://iiif.library.sh.cn/c/3/251cbfcf-5c9f-4443-a4c0-6d093e876ca9#xywh=939,1592,153,153",李俨撰文，欧阳通楷书,欧阳通（楷书）；李儇（撰文）,唐,龙朔三年十月十日刻立（663）,663,楷书,17A331,《翰墨瑰宝：上海图书馆藏珍本碑帖丛刊》第二辑,iiif_annotation_target_xywh,iiif_xywh
001_道因法师碑_p0011_c016,登,001_道因法师碑,道因法师碑,11,十一,939,1734,153,153,"[939, 1734, 153, 153]",937,1745,163,131,"[937, 1745, 163, 131]",911,1706,209,209,"[911, 1706, 209, 209]",917,1716,203,189,"[917, 1716, 203, 189]",917,1716,203,189,"[917, 1716, 203, 189]",offline_local_binary_ring_bottom_guard,assets/page_images/001_道因法师碑/p0011.jpg,1,7,1,http://data.library.sh.cn/bt/resource/work/v1e0qbx3r5wp1uw4,http://iiif.library.sh.cn/api/viewer/17A331,https://iiif.library.sh.cn/p/3/02c55611-7427-4cd0-a2cd-a15b5ccbaa9c,https://iiif.library.sh.cn/c/3/251cbfcf-5c9f-4443-a4c0-6d093e876ca9,1447,2228,https://iiif.library.sh.cn/c/3/251cbfcf-5c9f-4443-a4c0-6d093e876ca9/ap/s,https://iiif.library.sh.cn/c/3/251cbfcf-5c9f-4443-a4c0-6d093e876ca9/ap/c/a/ae6931e7-0cfb-4092-895b-d3c4bab70e9a,16,16,supplementing,"[939, 1734, 1092, 1887]","https://iiif.library.sh.cn/c/3/251cbfcf-5c9f-4443-a4c0-6d093e876ca9#xywh=939,1734,153,153",李俨撰文，欧阳通楷书,欧阳通（楷书）；李儇（撰文）,唐,龙朔三年十月十日刻立（663）,663,楷书,17A331,《翰墨瑰宝：上海图书馆藏珍本碑帖丛刊》第二辑,iiif_annotation_target_xywh,iiif_xywh
001_道因法师碑_p0011_c017,鸟,001_道因法师碑,道因法师碑,11,十一,768,533,151,151,"[768, 533, 151, 151]",769,543,154,131,"[769, 543, 154, 131]",741,506,205,205,"[741, 506, 205, 205]",751,514,190,189,"[751, 514, 190, 189]",751,514,190,189,"[751, 514, 190, 189]",offline_local_binary_ring_bottom_guard,assets/page_images/001_道因法师碑/p0011.jpg,2,0,1,http://data.library.sh.cn/bt/resource/work/v1e0qbx3r5wp1uw4,http://iiif.library.sh.cn/api/viewer/17A331,https://iiif.library.sh.cn/p/3/02c55611-7427-4cd0-a2cd-a15b5ccbaa9c,https://iiif.library.sh.cn/c/3/251cbfcf-5c9f-4443-a4c0-6d093e876ca9,1447,2228,https://iiif.library.sh.cn/c/3/251cbfcf-5c9f-4443-a4c0-6d093e876ca9/ap/s,https://iiif.library.sh.cn/c/3/251cbfcf-5c9f-4443-a4c0-6d093e876ca9/ap/c/a/e71faeaa-b3e6-4a87-b943-4989da2d28e9,17,17,supplementing,"[768, 533, 919, 684]","https://iiif.library.sh.cn/c/3/251cbfcf-5c9f-4443-a4c0-6d093e876ca9#xywh=768,533,151,151",李俨撰文，欧阳通楷书,欧阳通（楷书）；李儇（撰文）,唐,龙朔三年十月十日刻立（663）,663,楷书,17A331,《翰墨瑰宝：上海图书馆藏珍本碑帖丛刊》第二辑,iiif_annotation_target_xywh,iiif_xywh
001_道因法师碑_p0011_c018,笔,001_道因法师碑,道因法师碑,11,十一,768,675,151,151,"[768, 675, 151, 151]",769,686,154,150,"[769, 686, 154, 150]",741,648,205,205,"[741, 648, 205, 205]",751,653,190,216,"[751, 653, 190, 216]",751,653,190,216,"[751, 653, 190, 216]",offline_local_binary_ring_bottom_guard,assets/page_images/001_道因法师碑/p0011.jpg,2,1,1,http://data.library.sh.cn/bt/resource/work/v1e0qbx3r5wp1uw4,http://iiif.library.sh.cn/api/viewer/17A331,https://iiif.library.sh.cn/p/3/02c55611-7427-4cd0-a2cd-a15b5ccbaa9c,https://iiif.library.sh.cn/c/3/251cbfcf-5c9f-4443-a4c0-6d093e876ca9,1447,2228,https://iiif.library.sh.cn/c/3/251cbfcf-5c9f-4443-a4c0-6d093e876ca9/ap/s,https://iiif.library.sh.cn/c/3/251cbfcf-5c9f-4443-a4c0-6d093e876ca9/ap/c/a/2dced5e1-5dd4-4ea2-9f4d-54cf5dc387b9,18,18,supplementing,"[768, 675, 919, 826]","https://iiif.library.sh.cn/c/3/251cbfcf-5c9f-4443-a4c0-6d093e876ca9#xywh=768,675,151,151",李俨撰文，欧阳通楷书,欧阳通（楷书）；李儇（撰文）,唐,龙朔三年十月十日刻立（663）,663,楷书,17A331,《翰墨瑰宝：上海图书馆藏珍本碑帖丛刊》第二辑,iiif_annotation_target_xywh,iiif_xywh
001_道因法师碑_p0011_c019,记,001_道因法师碑,道因法师碑,11,十一,768,858,151,151,"[768, 858, 151, 151]",769,849,154,161,"[769, 849, 154, 161]",741,831,205,205,"[741, 831, 205, 205]",751,818,190,227,"[751, 818, 190, 227]",751,818,190,227,"[751, 818, 190, 227]",offline_local_binary_ring_bottom_guard,assets/page_images/001_道因法师碑/p0011.jpg,2,2,1,http://data.library.sh.cn/bt/resource/work/v1e0qbx3r5wp1uw4,http://iiif.library.sh.cn/api/viewer/17A331,https://iiif.library.sh.cn/p/3/02c55611-7427-4cd0-a2cd-a15b5ccbaa9c,https://iiif.library.sh.cn/c/3/251cbfcf-5c9f-4443-a4c0-6d093e876ca9,1447,2228,https://iiif.library.sh.cn/c/3/251cbfcf-5c9f-4443-a4c0-6d093e876ca9/ap/s,https://iiif.library.sh.cn/c/3/251cbfcf-5c9f-4443-a4c0-6d093e876ca9/ap/c/a/718ec93b-9ac8-4784-8cc2-9e43834e4ff7,19,19,supplementing,"[768, 858, 919, 1009]","https://iiif.library.sh.cn/c/3/251cbfcf-5c9f-4443-a4c0-6d093e876ca9#xywh=768,858,151,151",李俨撰文，欧阳通楷书,欧阳通（楷书）；李儇（撰文）,唐,龙朔三年十月十日刻立（663）,663,楷书,17A331,《翰墨瑰宝：上海图书馆藏珍本碑帖丛刊》第二辑,iiif_annotation_target_xywh,iiif_xywh
001_道因法师碑_p0011_c020,言,001_道因法师碑,道因法师碑,11,十一,768,1025,151,151,"[768, 1025, 151, 151]",769,1024,154,162,"[769, 1024, 154, 162]",741,998,205,205,"[741, 998, 205, 205]",751,993,190,229,"[751, 993, 190, 229]",751,993,190,229,"[751, 993, 190, 229]",offline_local_binary_ring_bottom_guard,assets/page_images/001_道因法师碑/p0011.jpg,2,3,1,http://data.library.sh.cn/bt/resource/work/v1e0qbx3r5wp1uw4,http://iiif.library.sh.cn/api/viewer/17A331,https://iiif.library.sh.cn/p/3/02c55611-7427-4cd0-a2cd-a15b5ccbaa9c,https://iiif.library.sh.cn/c/3/251cbfcf-5c9f-4443-a4c0-6d093e876ca9,1447,2228,https://iiif.library.sh.cn/c/3/251cbfcf-5c9f-4443-a4c0-6d093e876ca9/ap/s,https://iiif.library.sh.cn/c/3/251cbfcf-5c9f-4443-a4c0-6d093e876ca9/ap/c/a/4342e725-1cb8-4585-ae35-2dced0d20992,20,20,supplementing,"[768, 1025, 919, 1176]","https://iiif.library.sh.cn/c/3/251cbfcf-5c9f-4443-a4c0-6d093e876ca9#xywh=768,1025,151,151",李俨撰文，欧阳通楷书,欧阳通（楷书）；李儇（撰文）,唐,龙朔三年十月十日刻立（663）,663,楷书,17A331,《翰墨瑰宝：上海图书馆藏珍本碑帖丛刊》第二辑,iiif_annotation_target_xywh,iiif_xywh
001_道因法师碑_p0011_c021,总,001_道因法师碑,道因法师碑,11,十一,768,1210,151,151,"[768, 1210, 151, 151]",769,1200,154,157,"[769, 1200, 154, 157]",741,1183,205,205,"[741, 1183, 205, 205]",751,1169,190,223,"[751, 1169, 190, 223]",751,1169,190,223,"[751, 1169, 190, 223]",offline_local_binary_ring_bottom_guard,assets/page_images/001_道因法师碑/p0011.jpg,2,4,1,http://data.library.sh.cn/bt/resource/work/v1e0qbx3r5wp1uw4,http://iiif.library.sh.cn/api/viewer/17A331,https://iiif.library.sh.cn/p/3/02c55611-7427-4cd0-a2cd-a15b5ccbaa9c,https://iiif.library.sh.cn/c/3/251cbfcf-5c9f-4443-a4c0-6d093e876ca9,1447,2228,https://iiif.library.sh.cn/c/3/251cbfcf-5c9f-4443-a4c0-6d093e876ca9/ap/s,https://iiif.library.sh.cn/c/3/251cbfcf-5c9f-4443-a4c0-6d093e876ca9/ap/c/a/d4734e23-133d-47ee-99ca-b9540123c73d,21,21,supplementing,"[768, 1210, 919, 1361]","https://iiif.library.sh.cn/c/3/251cbfcf-5c9f-4443-a4c0-6d093e876ca9#xywh=768,1210,151,151",李俨撰文，欧阳通楷书,欧阳通（楷书）；李儇（撰文）,唐,龙朔三年十月十日刻立（663）,663,楷书,17A331,《翰墨瑰宝：上海图书馆藏珍本碑帖丛刊》第二辑,iiif_annotation_target_xywh,iiif_xywh
001_道因法师碑_p0011_c022,持,001_道因法师碑,道因法师碑,11,十一,768,1366,151,151,"[768, 1366, 151, 151]",769,1371,154,170,"[769, 1371, 154, 170]",741,1339,205,205,"[741, 1339, 205, 205]",751,1335,190,243,"[751, 1335, 190, 243]",751,1335,190,243,"[751, 1335, 190, 243]",offline_local_binary_ring_bottom_guard,assets/page_images/001_道因法师碑/p0011.jpg,2,5,1,http://data.library.sh.cn/bt/resource/work/v1e0qbx3r5wp1uw4,http://iiif.library.sh.cn/api/viewer/17A331,https://iiif.library.sh.cn/p/3/02c55611-7427-4cd0-a2cd-a15b5ccbaa9c,https://iiif.library.sh.cn/c/3/251cbfcf-5c9f-4443-a4c0-6d093e876ca9,1447,2228,https://iiif.library.sh.cn/c/3/251cbfcf-5c9f-4443-a4c0-6d093e876ca9/ap/s,https://iiif.library.sh.cn/c/3/251cbfcf-5c9f-4443-a4c0-6d093e876ca9/ap/c/a/8df5f9a2-7ede-47e0-954a-f953440032ee,22,22,supplementing,"[768, 1366, 919, 1517]","https://iiif.library.sh.cn/c/3/251cbfcf-5c9f-4443-a4c0-6d093e876ca9#xywh=768,1366,151,151",李俨撰文，欧阳通楷书,欧阳通（楷书）；李儇（撰文）,唐,龙朔三年十月十日刻立（663）,663,楷书,17A331,《翰墨瑰宝：上海图书馆藏珍本碑帖丛刊》第二辑,iiif_annotation_target_xywh,iiif_xywh
001_道因法师碑_p0011_c023,之,001_道因法师碑,道因法师碑,11,十一,768,1580,151,151,"[768, 1580, 151, 151]",769,1557,154,188,"[769, 1557, 154, 188]",741,1553,205,205,"[741, 1553, 205, 205]",751,1526,190,260,"[751, 1526, 190, 260]",751,1526,190,260,"[751, 1526, 190, 260]",offline_local_binary_ring_bottom_guard,assets/page_images/001_道因法师碑/p0011.jpg,2,6,1,http://data.library.sh.cn/bt/resource/work/v1e0qbx3r5wp1uw4,http://iiif.library.sh.cn/api/viewer/17A331,https://iiif.library.sh.cn/p/3/02c55611-7427-4cd0-a2cd-a15b5ccbaa9c,https://iiif.library.sh.cn/c/3/251cbfcf-5c9f-4443-a4c0-6d093e876ca9,1447,2228,https://iiif.library.sh.cn/c/3/251cbfcf-5c9f-4443-a4c0-6d093e876ca9/ap/s,https://iiif.library.sh.cn/c/3/251cbfcf-5c9f-4443-a4c0-6d093e876ca9/ap/c/a/9e430f49-a9ed-4d80-b250-6799bbb1d928,23,23,supplementing,"[768, 1580, 919, 1731]","https://iiif.library.sh.cn/c/3/251cbfcf-5c9f-4443-a4c0-6d093e876ca9#xywh=768,1580,151,151",李俨撰文，欧阳通楷书,欧阳通（楷书）；李儇（撰文）,唐,龙朔三年十月十日刻立（663）,663,楷书,17A331,《翰墨瑰宝：上海图书馆藏珍本碑帖丛刊》第二辑,iiif_annotation_target_xywh,iiif_xywh
001_道因法师碑_p0011_c024,菀,001_道因法师碑,道因法师碑,11,十一,768,1775,151,151,"[768, 1775, 151, 151]",769,1761,154,179,"[769, 1761, 154, 179]",741,1748,205,205,"[741, 1748, 205, 205]",751,1731,190,248,"[751, 1731, 190, 248]",751,1731,190,248,"[751, 1731, 190, 248]",offline_local_binary_ring_bottom_guard,assets/page_images/001_道因法师碑/p0011.jpg,2,7,1,http://data.library.sh.cn/bt/resource/work/v1e0qbx3r5wp1uw4,http://iiif.library.sh.cn/api/viewer/17A331,https://iiif.library.sh.cn/p/3/02c55611-7427-4cd0-a2cd-a15b5ccbaa9c,https://iiif.library.sh.cn/c/3/251cbfcf-5c9f-4443-a4c0-6d093e876ca9,1447,2228,https://iiif.library.sh.cn/c/3/251cbfcf-5c9f-4443-a4c0-6d093e876ca9/ap/s,https://iiif.library.sh.cn/c/3/251cbfcf-5c9f-4443-a4c0-6d093e876ca9/ap/c/a/e4dc3500-ed64-4a99-b394-c0c203db6c96,24,24,supplementing,"[768, 1775, 919, 1926]","https://iiif.library.sh.cn/c/3/251cbfcf-5c9f-4443-a4c0-6d093e876ca9#xywh=768,1775,151,151",李俨撰文，欧阳通楷书,欧阳通（楷书）；李儇（撰文）,唐,龙朔三年十月十日刻立（663）,663,楷书,17A331,《翰墨瑰宝：上海图书馆藏珍本碑帖丛刊》第二辑,iiif_annotation_target_xywh,iiif_xywh
001_道因法师碑_p0011_c025,斯,001_道因法师碑,道因法师碑,11,十一,602,539,158,158,"[602, 539, 158, 158]",608,551,148,134,"[608, 551, 148, 134]",574,511,214,214,"[574, 511, 214, 214]",590,522,184,192,"[590, 522, 184, 192]",590,522,184,192,"[590, 522, 184, 192]",offline_local_binary_ring_bottom_guard,assets/page_images/001_道因法师碑/p0011.jpg,3,0,1,http://data.library.sh.cn/bt/resource/work/v1e0qbx3r5wp1uw4,http://iiif.library.sh.cn/api/viewer/17A331,https://iiif.library.sh.cn/p/3/02c55611-7427-4cd0-a2cd-a15b5ccbaa9c,https://iiif.library.sh.cn/c/3/251cbfcf-5c9f-4443-a4c0-6d093e876ca9,1447,2228,https://iiif.library.sh.cn/c/3/251cbfcf-5c9f-4443-a4c0-6d093e876ca9/ap/s,https://iiif.library.sh.cn/c/3/251cbfcf-5c9f-4443-a4c0-6d093e876ca9/ap/c/a/d30b82dc-6434-4831-9934-e2747777738f,25,25,supplementing,"[602, 539, 760, 697]","https://iiif.library.sh.cn/c/3/251cbfcf-5c9f-4443-a4c0-6d093e876ca9#xywh=602,539,158,158",李俨撰文，欧阳通楷书,欧阳通（楷书）；李儇（撰文）,唐,龙朔三年十月十日刻立（663）,663,楷书,17A331,《翰墨瑰宝：上海图书馆藏珍本碑帖丛刊》第二辑,iiif_annotation_target_xywh,iiif_xywh
001_道因法师碑_p0011_c026,辟,001_道因法师碑,道因法师碑,11,十一,602,685,158,158,"[602, 685, 158, 158]",608,697,148,149,"[608, 697, 148, 149]",574,657,214,214,"[574, 657, 214, 214]",590,664,184,215,"[590, 664, 184, 215]",590,664,184,215,"[590, 664, 184, 215]",offline_local_binary_ring_bottom_guard,assets/page_images/001_道因法师碑/p0011.jpg,3,1,1,http://data.library.sh.cn/bt/resource/work/v1e0qbx3r5wp1uw4,http://iiif.library.sh.cn/api/viewer/17A331,https://iiif.library.sh.cn/p/3/02c55611-7427-4cd0-a2cd-a15b5ccbaa9c,https://iiif.library.sh.cn/c/3/251cbfcf-5c9f-4443-a4c0-6d093e876ca9,1447,2228,https://iiif.library.sh.cn/c/3/251cbfcf-5c9f-4443-a4c0-6d093e876ca9/ap/s,https://iiif.library.sh.cn/c/3/251cbfcf-5c9f-4443-a4c0-6d093e876ca9/ap/c/a/92425310-9e2f-44cd-b241-ca2cd2006ecb,26,26,supplementing,"[602, 685, 760, 843]","https://iiif.library.sh.cn/c/3/251cbfcf-5c9f-4443-a4c0-6d093e876ca9#xywh=602,685,158,158",李俨撰文，欧阳通楷书,欧阳通（楷书）；李儇（撰文）,唐,龙朔三年十月十日刻立（663）,663,楷书,17A331,《翰墨瑰宝：上海图书馆藏珍本碑帖丛刊》第二辑,iiif_annotation_target_xywh,iiif_xywh
001_道因法师碑_p0011_c027,结,001_道因法师碑,道因法师碑,11,十一,602,862,158,158,"[602, 862, 158, 158]",608,859,148,160,"[608, 859, 148, 160]",574,834,214,214,"[574, 834, 214, 214]",590,827,184,227,"[590, 827, 184, 227]",590,827,184,227,"[590, 827, 184, 227]",offline_local_binary_ring_bottom_guard,assets/page_images/001_道因法师碑/p0011.jpg,3,2,1,http://data.library.sh.cn/bt/resource/work/v1e0qbx3r5wp1uw4,http://iiif.library.sh.cn/api/viewer/17A331,https://iiif.library.sh.cn/p/3/02c55611-7427-4cd0-a2cd-a15b5ccbaa9c,https://iiif.library.sh.cn/c/3/251cbfcf-5c9f-4443-a4c0-6d093e876ca9,1447,2228,https://iiif.library.sh.cn/c/3/251cbfcf-5c9f-4443-a4c0-6d093e876ca9/ap/s,https://iiif.library.sh.cn/c/3/251cbfcf-5c9f-4443-a4c0-6d093e876ca9/ap/c/a/4d8b67ef-2369-4b08-b3d4-236cf6619bd1,27,27,supplementing,"[602, 862, 760, 1020]","https://iiif.library.sh.cn/c/3/251cbfcf-5c9f-4443-a4c0-6d093e876ca9#xywh=602,862,158,158",李俨撰文，欧阳通楷书,欧阳通（楷书）；李儇（撰文）,唐,龙朔三年十月十日刻立（663）,663,楷书,17A331,《翰墨瑰宝：上海图书馆藏珍本碑帖丛刊》第二辑,iiif_annotation_target_xywh,iiif_xywh
001_道因法师碑_p0011_c028,集,001_道因法师碑,道因法师碑,11,十一,602,1031,158,158,"[602, 1031, 158, 158]",608,1033,148,166,"[608, 1033, 148, 166]",574,1003,214,214,"[574, 1003, 214, 214]",590,999,184,237,"[590, 999, 184, 237]",590,999,184,237,"[590, 999, 184, 237]",offline_local_binary_ring_bottom_guard,assets/page_images/001_道因法师碑/p0011.jpg,3,3,1,http://data.library.sh.cn/bt/resource/work/v1e0qbx3r5wp1uw4,http://iiif.library.sh.cn/api/viewer/17A331,https://iiif.library.sh.cn/p/3/02c55611-7427-4cd0-a2cd-a15b5ccbaa9c,https://iiif.library.sh.cn/c/3/251cbfcf-5c9f-4443-a4c0-6d093e876ca9,1447,2228,https://iiif.library.sh.cn/c/3/251cbfcf-5c9f-4443-a4c0-6d093e876ca9/ap/s,https://iiif.library.sh.cn/c/3/251cbfcf-5c9f-4443-a4c0-6d093e876ca9/ap/c/a/22315169-566a-4700-be39-cb89fc310c1c,28,28,supplementing,"[602, 1031, 760, 1189]","https://iiif.library.sh.cn/c/3/251cbfcf-5c9f-4443-a4c0-6d093e876ca9#xywh=602,1031,158,158",李俨撰文，欧阳通楷书,欧阳通（楷书）；李儇（撰文）,唐,龙朔三年十月十日刻立（663）,663,楷书,17A331,《翰墨瑰宝：上海图书馆藏珍本碑帖丛刊》第二辑,iiif_annotation_target_xywh,iiif_xywh
001_道因法师碑_p0011_c029,之,001_道因法师碑,道因法师碑,11,十一,602,1224,158,158,"[602, 1224, 158, 158]",608,1213,148,158,"[608, 1213, 148, 158]",574,1196,214,214,"[574, 1196, 214, 214]",590,1181,184,225,"[590, 1181, 184, 225]",590,1181,184,225,"[590, 1181, 184, 225]",offline_local_binary_ring_bottom_guard,assets/page_images/001_道因法师碑/p0011.jpg,3,4,1,http://data.library.sh.cn/bt/resource/work/v1e0qbx3r5wp1uw4,http://iiif.library.sh.cn/api/viewer/17A331,https://iiif.library.sh.cn/p/3/02c55611-7427-4cd0-a2cd-a15b5ccbaa9c,https://iiif.library.sh.cn/c/3/251cbfcf-5c9f-4443-a4c0-6d093e876ca9,1447,2228,https://iiif.library.sh.cn/c/3/251cbfcf-5c9f-4443-a4c0-6d093e876ca9/ap/s,https://iiif.library.sh.cn/c/3/251cbfcf-5c9f-4443-a4c0-6d093e876ca9/ap/c/a/488bf0ec-d5b5-4f79-8cbc-28883480719b,29,29,supplementing,"[602, 1224, 760, 1382]","https://iiif.library.sh.cn/c/3/251cbfcf-5c9f-4443-a4c0-6d093e876ca9#xywh=602,1224,158,158",李俨撰文，欧阳通楷书,欧阳通（楷书）；李儇（撰文）,唐,龙朔三年十月十日刻立（663）,663,楷书,17A331,《翰墨瑰宝：上海图书馆藏珍本碑帖丛刊》第二辑,iiif_annotation_target_xywh,iiif_xywh
001_道因法师碑_p0011_c030,侣,001_道因法师碑,道因法师碑,11,十一,602,1374,158,158,"[602, 1374, 158, 158]",608,1384,148,150,"[608, 1384, 148, 150]",574,1346,214,214,"[574, 1346, 214, 214]",590,1351,184,216,"[590, 1351, 184, 216]",590,1351,184,216,"[590, 1351, 184, 216]",offline_local_binary_ring_bottom_guard,assets/page_images/001_道因法师碑/p0011.jpg,3,5,1,http://data.library.sh.cn/bt/resource/work/v1e0qbx3r5wp1uw4,http://iiif.library.sh.cn/api/viewer/17A331,https://iiif.library.sh.cn/p/3/02c55611-7427-4cd0-a2cd-a15b5ccbaa9c,https://iiif.library.sh.cn/c/3/251cbfcf-5c9f-4443-a4c0-6d093e876ca9,1447,2228,https://iiif.library.sh.cn/c/3/251cbfcf-5c9f-4443-a4c0-6d093e876ca9/ap/s,https://iiif.library.sh.cn/c/3/251cbfcf-5c9f-4443-a4c0-6d093e876ca9/ap/c/a/48d6982d-8777-4108-8095-415729911011,30,30,supplementing,"[602, 1374, 760, 1532]","https://iiif.library.sh.cn/c/3/251cbfcf-5c9f-4443-a4c0-6d093e876ca9#xywh=602,1374,158,158",李俨撰文，欧阳通楷书,欧阳通（楷书）；李儇（撰文）,唐,龙朔三年十月十日刻立（663）,663,楷书,17A331,《翰墨瑰宝：上海图书馆藏珍本碑帖丛刊》第二辑,iiif_annotation_target_xywh,iiif_xywh
001_道因法师碑_p0011_c031,扬,001_道因法师碑,道因法师碑,11,十一,602,1548,158,158,"[602, 1548, 158, 158]",608,1548,148,178,"[608, 1548, 148, 178]",574,1520,214,214,"[574, 1520, 214, 214]",590,1516,184,249,"[590, 1516, 184, 249]",590,1516,184,249,"[590, 1516, 184, 249]",offline_local_binary_ring_bottom_guard,assets/page_images/001_道因法师碑/p0011.jpg,3,6,1,http://data.library.sh.cn/bt/resource/work/v1e0qbx3r5wp1uw4,http://iiif.library.sh.cn/api/viewer/17A331,https://iiif.library.sh.cn/p/3/02c55611-7427-4cd0-a2cd-a15b5ccbaa9c,https://iiif.library.sh.cn/c/3/251cbfcf-5c9f-4443-a4c0-6d093e876ca9,1447,2228,https://iiif.library.sh.cn/c/3/251cbfcf-5c9f-4443-a4c0-6d093e876ca9/ap/s,https://iiif.library.sh.cn/c/3/251cbfcf-5c9f-4443-a4c0-6d093e876ca9/ap/c/a/39e869e7-a011-4fb8-a440-47716c0d498c,31,31,supplementing,"[602, 1548, 760, 1706]","https://iiif.library.sh.cn/c/3/251cbfcf-5c9f-4443-a4c0-6d093e876ca9#xywh=602,1548,158,158",李俨撰文，欧阳通楷书,欧阳通（楷书）；李儇（撰文）,唐,龙朔三年十月十日刻立（663）,663,楷书,17A331,《翰墨瑰宝：上海图书馆藏珍本碑帖丛刊》第二辑,iiif_annotation_target_xywh,iiif_xywh
001_道因法师碑_p0011_c032,其,001_道因法师碑,道因法师碑,11,十一,602,1761,158,158,"[602, 1761, 158, 158]",608,1742,148,196,"[608, 1742, 148, 196]",574,1733,214,214,"[574, 1733, 214, 214]",590,1710,184,271,"[590, 1710, 184, 271]",590,1710,184,271,"[590, 1710, 184, 271]",offline_local_binary_ring_bottom_guard,assets/page_images/001_道因法师碑/p0011.jpg,3,7,1,http://data.library.sh.cn/bt/resource/work/v1e0qbx3r5wp1uw4,http://iiif.library.sh.cn/api/viewer/17A331,https://iiif.library.sh.cn/p/3/02c55611-7427-4cd0-a2cd-a15b5ccbaa9c,https://iiif.library.sh.cn/c/3/251cbfcf-5c9f-4443-a4c0-6d093e876ca9,1447,2228,https://iiif.library.sh.cn/c/3/251cbfcf-5c9f-4443-a4c0-6d093e876ca9/ap/s,https://iiif.library.sh.cn/c/3/251cbfcf-5c9f-4443-a4c0-6d093e876ca9/ap/c/a/b373b70a-3d71-4088-92e0-5160efb9c630,32,32,supplementing,"[602, 1761, 760, 1919]","https://iiif.library.sh.cn/c/3/251cbfcf-5c9f-4443-a4c0-6d093e876ca9#xywh=602,1761,158,158",李俨撰文，欧阳通楷书,欧阳通（楷书）；李儇（撰文）,唐,龙朔三年十月十日刻立（663）,663,楷书,17A331,《翰墨瑰宝：上海图书馆藏珍本碑帖丛刊》第二辑,iiif_annotation_target_xywh,iiif_xywh
001_道因法师碑_p0011_c033,实,001_道因法师碑,道因法师碑,11,十一,457,533,129,129,"[457, 533, 129, 129]",448,513,147,169,"[448, 513, 147, 169]",434,510,175,175,"[434, 510, 175, 175]",430,487,183,232,"[430, 487, 183, 232]",430,487,183,232,"[430, 487, 183, 232]",offline_local_binary_ring_bottom_guard,assets/page_images/001_道因法师碑/p0011.jpg,4,0,1,http://data.library.sh.cn/bt/resource/work/v1e0qbx3r5wp1uw4,http://iiif.library.sh.cn/api/viewer/17A331,https://iiif.library.sh.cn/p/3/02c55611-7427-4cd0-a2cd-a15b5ccbaa9c,https://iiif.library.sh.cn/c/3/251cbfcf-5c9f-4443-a4c0-6d093e876ca9,1447,2228,https://iiif.library.sh.cn/c/3/251cbfcf-5c9f-4443-a4c0-6d093e876ca9/ap/s,https://iiif.library.sh.cn/c/3/251cbfcf-5c9f-4443-a4c0-6d093e876ca9/ap/c/a/c037d6c4-3d77-4e9f-b4cc-a0b24fbf6144,33,33,supplementing,"[457, 533, 586, 662]","https://iiif.library.sh.cn/c/3/251cbfcf-5c9f-4443-a4c0-6d093e876ca9#xywh=457,533,129,129",李俨撰文，欧阳通楷书,欧阳通（楷书）；李儇（撰文）,唐,龙朔三年十月十日刻立（663）,663,楷书,17A331,《翰墨瑰宝：上海图书馆藏珍本碑帖丛刊》第二辑,iiif_annotation_target_xywh,iiif_xywh
001_道因法师碑_p0011_c034,谛,001_道因法师碑,道因法师碑,11,十一,457,717,129,129,"[457, 717, 129, 129]",448,696,147,146,"[448, 696, 147, 146]",434,694,175,175,"[434, 694, 175, 175]",430,670,183,204,"[430, 670, 183, 204]",430,670,183,204,"[430, 670, 183, 204]",offline_local_binary_ring_bottom_guard,assets/page_images/001_道因法师碑/p0011.jpg,4,1,1,http://data.library.sh.cn/bt/resource/work/v1e0qbx3r5wp1uw4,http://iiif.library.sh.cn/api/viewer/17A331,https://iiif.library.sh.cn/p/3/02c55611-7427-4cd0-a2cd-a15b5ccbaa9c,https://iiif.library.sh.cn/c/3/251cbfcf-5c9f-4443-a4c0-6d093e876ca9,1447,2228,https://iiif.library.sh.cn/c/3/251cbfcf-5c9f-4443-a4c0-6d093e876ca9/ap/s,https://iiif.library.sh.cn/c/3/251cbfcf-5c9f-4443-a4c0-6d093e876ca9/ap/c/a/97e13395-a366-499f-abef-9d5090522445,34,34,supplementing,"[457, 717, 586, 846]","https://iiif.library.sh.cn/c/3/251cbfcf-5c9f-4443-a4c0-6d093e876ca9#xywh=457,717,129,129",李俨撰文，欧阳通楷书,欧阳通（楷书）；李儇（撰文）,唐,龙朔三年十月十日刻立（663）,663,楷书,17A331,《翰墨瑰宝：上海图书馆藏珍本碑帖丛刊》第二辑,iiif_annotation_target_xywh,iiif_xywh
001_道因法师碑_p0011_c035,传,001_道因法师碑,道因法师碑,11,十一,457,850,129,129,"[457, 850, 129, 129]",448,855,147,157,"[448, 855, 147, 157]",434,827,175,175,"[434, 827, 175, 175]",430,824,183,223,"[430, 824, 183, 223]",430,824,183,223,"[430, 824, 183, 223]",offline_local_binary_ring_bottom_guard,assets/page_images/001_道因法师碑/p0011.jpg,4,2,1,http://data.library.sh.cn/bt/resource/work/v1e0qbx3r5wp1uw4,http://iiif.library.sh.cn/api/viewer/17A331,https://iiif.library.sh.cn/p/3/02c55611-7427-4cd0-a2cd-a15b5ccbaa9c,https://iiif.library.sh.cn/c/3/251cbfcf-5c9f-4443-a4c0-6d093e876ca9,1447,2228,https://iiif.library.sh.cn/c/3/251cbfcf-5c9f-4443-a4c0-6d093e876ca9/ap/s,https://iiif.library.sh.cn/c/3/251cbfcf-5c9f-4443-a4c0-6d093e876ca9/ap/c/a/4c316e6a-af1b-4338-beff-d128a9396f7b,35,35,supplementing,"[457, 850, 586, 979]","https://iiif.library.sh.cn/c/3/251cbfcf-5c9f-4443-a4c0-6d093e876ca9#xywh=457,850,129,129",李俨撰文，欧阳通楷书,欧阳通（楷书）；李儇（撰文）,唐,龙朔三年十月十日刻立（663）,663,楷书,17A331,《翰墨瑰宝：上海图书馆藏珍本碑帖丛刊》第二辑,iiif_annotation_target_xywh,iiif_xywh
001_道因法师碑_p0011_c036,授,001_道因法师碑,道因法师碑,11,十一,457,1059,129,129,"[457, 1059, 129, 129]",448,1027,147,175,"[448, 1027, 147, 175]",434,1036,175,175,"[434, 1036, 175, 175]",430,1001,183,239,"[430, 1001, 183, 239]",430,1001,183,239,"[430, 1001, 183, 239]",offline_local_binary_ring_bottom_guard,assets/page_images/001_道因法师碑/p0011.jpg,4,3,1,http://data.library.sh.cn/bt/resource/work/v1e0qbx3r5wp1uw4,http://iiif.library.sh.cn/api/viewer/17A331,https://iiif.library.sh.cn/p/3/02c55611-7427-4cd0-a2cd-a15b5ccbaa9c,https://iiif.library.sh.cn/c/3/251cbfcf-5c9f-4443-a4c0-6d093e876ca9,1447,2228,https://iiif.library.sh.cn/c/3/251cbfcf-5c9f-4443-a4c0-6d093e876ca9/ap/s,https://iiif.library.sh.cn/c/3/251cbfcf-5c9f-4443-a4c0-6d093e876ca9/ap/c/a/226d751c-b70e-4b32-9122-ca4555b480b0,36,36,supplementing,"[457, 1059, 586, 1188]","https://iiif.library.sh.cn/c/3/251cbfcf-5c9f-4443-a4c0-6d093e876ca9#xywh=457,1059,129,129",李俨撰文，欧阳通楷书,欧阳通（楷书）；李儇（撰文）,唐,龙朔三年十月十日刻立（663）,663,楷书,17A331,《翰墨瑰宝：上海图书馆藏珍本碑帖丛刊》第二辑,iiif_annotation_target_xywh,iiif_xywh
001_道因法师碑_p0011_c037,之,001_道因法师碑,道因法师碑,11,十一,457,1232,129,129,"[457, 1232, 129, 129]",448,1217,147,158,"[448, 1217, 147, 158]",434,1209,175,175,"[434, 1209, 175, 175]",430,1191,183,219,"[430, 1191, 183, 219]",430,1191,183,219,"[430, 1191, 183, 219]",offline_local_binary_ring_bottom_guard,assets/page_images/001_道因法师碑/p0011.jpg,4,4,1,http://data.library.sh.cn/bt/resource/work/v1e0qbx3r5wp1uw4,http://iiif.library.sh.cn/api/viewer/17A331,https://iiif.library.sh.cn/p/3/02c55611-7427-4cd0-a2cd-a15b5ccbaa9c,https://iiif.library.sh.cn/c/3/251cbfcf-5c9f-4443-a4c0-6d093e876ca9,1447,2228,https://iiif.library.sh.cn/c/3/251cbfcf-5c9f-4443-a4c0-6d093e876ca9/ap/s,https://iiif.library.sh.cn/c/3/251cbfcf-5c9f-4443-a4c0-6d093e876ca9/ap/c/a/fd948537-a6fc-4880-8d3c-859a1ca81bd1,37,37,supplementing,"[457, 1232, 586, 1361]","https://iiif.library.sh.cn/c/3/251cbfcf-5c9f-4443-a4c0-6d093e876ca9#xywh=457,1232,129,129",李俨撰文，欧阳通楷书,欧阳通（楷书）；李儇（撰文）,唐,龙朔三年十月十日刻立（663）,663,楷书,17A331,《翰墨瑰宝：上海图书馆藏珍本碑帖丛刊》第二辑,iiif_annotation_target_xywh,iiif_xywh
001_道因法师碑_p0011_c038,宾,001_道因法师碑,道因法师碑,11,十一,457,1403,129,129,"[457, 1403, 129, 129]",448,1389,147,156,"[448, 1389, 147, 156]",434,1380,175,175,"[434, 1380, 175, 175]",430,1363,183,216,"[430, 1363, 183, 216]",430,1363,183,216,"[430, 1363, 183, 216]",offline_local_binary_ring_bottom_guard,assets/page_images/001_道因法师碑/p0011.jpg,4,5,1,http://data.library.sh.cn/bt/resource/work/v1e0qbx3r5wp1uw4,http://iiif.library.sh.cn/api/viewer/17A331,https://iiif.library.sh.cn/p/3/02c55611-7427-4cd0-a2cd-a15b5ccbaa9c,https://iiif.library.sh.cn/c/3/251cbfcf-5c9f-4443-a4c0-6d093e876ca9,1447,2228,https://iiif.library.sh.cn/c/3/251cbfcf-5c9f-4443-a4c0-6d093e876ca9/ap/s,https://iiif.library.sh.cn/c/3/251cbfcf-5c9f-4443-a4c0-6d093e876ca9/ap/c/a/8402c45a-659e-4380-89da-1962cb62d7f6,38,38,supplementing,"[457, 1403, 586, 1532]","https://iiif.library.sh.cn/c/3/251cbfcf-5c9f-4443-a4c0-6d093e876ca9#xywh=457,1403,129,129",李俨撰文，欧阳通楷书,欧阳通（楷书）；李儇（撰文）,唐,龙朔三年十月十日刻立（663）,663,楷书,17A331,《翰墨瑰宝：上海图书馆藏珍本碑帖丛刊》第二辑,iiif_annotation_target_xywh,iiif_xywh
001_道因法师碑_p0011_c039,弘,001_道因法师碑,道因法师碑,11,十一,457,1572,129,129,"[457, 1572, 129, 129]",448,1559,147,157,"[448, 1559, 147, 157]",434,1549,175,175,"[434, 1549, 175, 175]",430,1533,183,218,"[430, 1533, 183, 218]",430,1533,183,218,"[430, 1533, 183, 218]",offline_local_binary_ring_bottom_guard,assets/page_images/001_道因法师碑/p0011.jpg,4,6,1,http://data.library.sh.cn/bt/resource/work/v1e0qbx3r5wp1uw4,http://iiif.library.sh.cn/api/viewer/17A331,https://iiif.library.sh.cn/p/3/02c55611-7427-4cd0-a2cd-a15b5ccbaa9c,https://iiif.library.sh.cn/c/3/251cbfcf-5c9f-4443-a4c0-6d093e876ca9,1447,2228,https://iiif.library.sh.cn/c/3/251cbfcf-5c9f-4443-a4c0-6d093e876ca9/ap/s,https://iiif.library.sh.cn/c/3/251cbfcf-5c9f-4443-a4c0-6d093e876ca9/ap/c/a/216082b9-0292-4b1a-b84d-d4a6b8e1bdea,39,39,supplementing,"[457, 1572, 586, 1701]","https://iiif.library.sh.cn/c/3/251cbfcf-5c9f-4443-a4c0-6d093e876ca9#xywh=457,1572,129,129",李俨撰文，欧阳通楷书,欧阳通（楷书）；李儇（撰文）,唐,龙朔三年十月十日刻立（663）,663,楷书,17A331,《翰墨瑰宝：上海图书馆藏珍本碑帖丛刊》第二辑,iiif_annotation_target_xywh,iiif_xywh
001_道因法师碑_p0011_c040,其,001_道因法师碑,道因法师碑,11,十一,457,1745,129,129,"[457, 1745, 129, 129]",448,1730,147,159,"[448, 1730, 147, 159]",434,1722,175,175,"[434, 1722, 175, 175]",430,1704,183,220,"[430, 1704, 183, 220]",430,1704,183,220,"[430, 1704, 183, 220]",offline_local_binary_ring_bottom_guard,assets/page_images/001_道因法师碑/p0011.jpg,4,7,1,http://data.library.sh.cn/bt/resource/work/v1e0qbx3r5wp1uw4,http://iiif.library.sh.cn/api/viewer/17A331,https://iiif.library.sh.cn/p/3/02c55611-7427-4cd0-a2cd-a15b5ccbaa9c,https://iiif.library.sh.cn/c/3/251cbfcf-5c9f-4443-a4c0-6d093e876ca9,1447,2228,https://iiif.library.sh.cn/c/3/251cbfcf-5c9f-4443-a4c0-6d093e876ca9/ap/s,https://iiif.library.sh.cn/c/3/251cbfcf-5c9f-4443-a4c0-6d093e876ca9/ap/c/a/9b5f2634-2585-426d-aabd-7586b6c09355,40,40,supplementing,"[457, 1745, 586, 1874]","https://iiif.library.sh.cn/c/3/251cbfcf-5c9f-4443-a4c0-6d093e876ca9#xywh=457,1745,129,129",李俨撰文，欧阳通楷书,欧阳通（楷书）；李儇（撰文）,唐,龙朔三年十月十日刻立（663）,663,楷书,17A331,《翰墨瑰宝：上海图书馆藏珍本碑帖丛刊》第二辑,iiif_annotation_target_xywh,iiif_xywh
001_道因法师碑_p0012_c001,妙,001_道因法师碑,道因法师碑,12,十二,891,510,155,155,"[891, 510, 155, 155]",889,499,159,177,"[889, 499, 159, 177]",863,482,211,211,"[863, 482, 211, 211]",870,467,197,248,"[870, 467, 197, 248]",870,467,197,248,"[870, 467, 197, 248]",offline_local_binary_ring_bottom_guard,assets/page_images/001_道因法师碑/p0012.jpg,0,0,1,http://data.library.sh.cn/bt/resource/work/v1e0qbx3r5wp1uw4,http://iiif.library.sh.cn/api/viewer/17A331,https://iiif.library.sh.cn/p/3/02c55611-7427-4cd0-a2cd-a15b5ccbaa9c,https://iiif.library.sh.cn/c/3/a2a0559b-d52c-40c8-a7dc-37082b552694,1465,2233,https://iiif.library.sh.cn/c/3/a2a0559b-d52c-40c8-a7dc-37082b552694/ap/s,https://iiif.library.sh.cn/c/3/a2a0559b-d52c-40c8-a7dc-37082b552694/ap/c/a/b9bbb500-775f-45c4-906a-a7205dc0caf0,1,1,supplementing,"[891, 510, 1046, 665]","https://iiif.library.sh.cn/c/3/a2a0559b-d52c-40c8-a7dc-37082b552694#xywh=891,510,155,155",李俨撰文，欧阳通楷书,欧阳通（楷书）；李儇（撰文）,唐,龙朔三年十月十日刻立（663）,663,楷书,17A331,《翰墨瑰宝：上海图书馆藏珍本碑帖丛刊》第二辑,iiif_annotation_target_xywh,iiif_xywh
001_道因法师碑_p0012_c002,理,001_道因法师碑,道因法师碑,12,十二,891,702,155,155,"[891, 702, 155, 155]",889,690,159,152,"[889, 690, 159, 152]",863,674,211,211,"[863, 674, 211, 211]",870,658,197,217,"[870, 658, 197, 217]",870,658,197,217,"[870, 658, 197, 217]",offline_local_binary_ring_bottom_guard,assets/page_images/001_道因法师碑/p0012.jpg,0,1,1,http://data.library.sh.cn/bt/resource/work/v1e0qbx3r5wp1uw4,http://iiif.library.sh.cn/api/viewer/17A331,https://iiif.library.sh.cn/p/3/02c55611-7427-4cd0-a2cd-a15b5ccbaa9c,https://iiif.library.sh.cn/c/3/a2a0559b-d52c-40c8-a7dc-37082b552694,1465,2233,https://iiif.library.sh.cn/c/3/a2a0559b-d52c-40c8-a7dc-37082b552694/ap/s,https://iiif.library.sh.cn/c/3/a2a0559b-d52c-40c8-a7dc-37082b552694/ap/c/a/ec79caac-7dd9-4702-a938-72c289e11bb8,2,2,supplementing,"[891, 702, 1046, 857]","https://iiif.library.sh.cn/c/3/a2a0559b-d52c-40c8-a7dc-37082b552694#xywh=891,702,155,155",李俨撰文，欧阳通楷书,欧阳通（楷书）；李儇（撰文）,唐,龙朔三年十月十日刻立（663）,663,楷书,17A331,《翰墨瑰宝：上海图书馆藏珍本碑帖丛刊》第二辑,iiif_annotation_target_xywh,iiif_xywh
001_道因法师碑_p0012_c003,然,001_道因法师碑,道因法师碑,12,十二,891,841,155,155,"[891, 841, 155, 155]",889,856,159,150,"[889, 856, 159, 150]",863,813,211,211,"[863, 813, 211, 211]",870,823,197,216,"[870, 823, 197, 216]",870,823,197,216,"[870, 823, 197, 216]",offline_local_binary_ring_bottom_guard,assets/page_images/001_道因法师碑/p0012.jpg,0,2,1,http://data.library.sh.cn/bt/resource/work/v1e0qbx3r5wp1uw4,http://iiif.library.sh.cn/api/viewer/17A331,https://iiif.library.sh.cn/p/3/02c55611-7427-4cd0-a2cd-a15b5ccbaa9c,https://iiif.library.sh.cn/c/3/a2a0559b-d52c-40c8-a7dc-37082b552694,1465,2233,https://iiif.library.sh.cn/c/3/a2a0559b-d52c-40c8-a7dc-37082b552694/ap/s,https://iiif.library.sh.cn/c/3/a2a0559b-d52c-40c8-a7dc-37082b552694/ap/c/a/0b008664-788e-46c7-8f17-913fc5c65464,3,3,supplementing,"[891, 841, 1046, 996]","https://iiif.library.sh.cn/c/3/a2a0559b-d52c-40c8-a7dc-37082b552694#xywh=891,841,155,155",李俨撰文，欧阳通楷书,欧阳通（楷书）；李儇（撰文）,唐,龙朔三年十月十日刻立（663）,663,楷书,17A331,《翰墨瑰宝：上海图书馆藏珍本碑帖丛刊》第二辑,iiif_annotation_target_xywh,iiif_xywh
001_道因法师碑_p0012_c004,则,001_道因法师碑,道因法师碑,12,十二,891,1030,155,155,"[891, 1030, 155, 155]",889,1020,159,171,"[889, 1020, 159, 171]",863,1002,211,211,"[863, 1002, 211, 211]",870,988,197,241,"[870, 988, 197, 241]",870,988,197,241,"[870, 988, 197, 241]",offline_local_binary_ring_bottom_guard,assets/page_images/001_道因法师碑/p0012.jpg,0,3,1,http://data.library.sh.cn/bt/resource/work/v1e0qbx3r5wp1uw4,http://iiif.library.sh.cn/api/viewer/17A331,https://iiif.library.sh.cn/p/3/02c55611-7427-4cd0-a2cd-a15b5ccbaa9c,https://iiif.library.sh.cn/c/3/a2a0559b-d52c-40c8-a7dc-37082b552694,1465,2233,https://iiif.library.sh.cn/c/3/a2a0559b-d52c-40c8-a7dc-37082b552694/ap/s,https://iiif.library.sh.cn/c/3/a2a0559b-d52c-40c8-a7dc-37082b552694/ap/c/a/7f44320a-cd8d-4267-9974-9dc2eb65bb58,4,4,supplementing,"[891, 1030, 1046, 1185]","https://iiif.library.sh.cn/c/3/a2a0559b-d52c-40c8-a7dc-37082b552694#xywh=891,1030,155,155",李俨撰文，欧阳通楷书,欧阳通（楷书）；李儇（撰文）,唐,龙朔三年十月十日刻立（663）,663,楷书,17A331,《翰墨瑰宝：上海图书馆藏珍本碑帖丛刊》第二辑,iiif_annotation_target_xywh,iiif_xywh
001_道因法师碑_p0012_c005,绍,001_道因法师碑,道因法师碑,12,十二,891,1211,155,155,"[891, 1211, 155, 155]",889,1206,159,179,"[889, 1206, 159, 179]",863,1183,211,211,"[863, 1183, 211, 211]",870,1174,197,250,"[870, 1174, 197, 250]",870,1174,197,250,"[870, 1174, 197, 250]",offline_local_binary_ring_bottom_guard,assets/page_images/001_道因法师碑/p0012.jpg,0,4,1,http://data.library.sh.cn/bt/resource/work/v1e0qbx3r5wp1uw4,http://iiif.library.sh.cn/api/viewer/17A331,https://iiif.library.sh.cn/p/3/02c55611-7427-4cd0-a2cd-a15b5ccbaa9c,https://iiif.library.sh.cn/c/3/a2a0559b-d52c-40c8-a7dc-37082b552694,1465,2233,https://iiif.library.sh.cn/c/3/a2a0559b-d52c-40c8-a7dc-37082b552694/ap/s,https://iiif.library.sh.cn/c/3/a2a0559b-d52c-40c8-a7dc-37082b552694/ap/c/a/e0e65d50-aff0-46ce-9a41-1649e85b9e50,5,5,supplementing,"[891, 1211, 1046, 1366]","https://iiif.library.sh.cn/c/3/a2a0559b-d52c-40c8-a7dc-37082b552694#xywh=891,1211,155,155",李俨撰文，欧阳通楷书,欧阳通（楷书）；李儇（撰文）,唐,龙朔三年十月十日刻立（663）,663,楷书,17A331,《翰墨瑰宝：上海图书馆藏珍本碑帖丛刊》第二辑,iiif_annotation_target_xywh,iiif_xywh
001_道因法师碑_p0012_c006,宣,001_道因法师碑,道因法师碑,12,十二,891,1420,155,155,"[891, 1420, 155, 155]",889,1400,159,169,"[889, 1400, 159, 169]",863,1392,211,211,"[863, 1392, 211, 211]",870,1368,197,238,"[870, 1368, 197, 238]",870,1368,197,238,"[870, 1368, 197, 238]",offline_local_binary_ring_bottom_guard,assets/page_images/001_道因法师碑/p0012.jpg,0,5,1,http://data.library.sh.cn/bt/resource/work/v1e0qbx3r5wp1uw4,http://iiif.library.sh.cn/api/viewer/17A331,https://iiif.library.sh.cn/p/3/02c55611-7427-4cd0-a2cd-a15b5ccbaa9c,https://iiif.library.sh.cn/c/3/a2a0559b-d52c-40c8-a7dc-37082b552694,1465,2233,https://iiif.library.sh.cn/c/3/a2a0559b-d52c-40c8-a7dc-37082b552694/ap/s,https://iiif.library.sh.cn/c/3/a2a0559b-d52c-40c8-a7dc-37082b552694/ap/c/a/ba577207-0917-4729-9b87-b228786fa691,6,6,supplementing,"[891, 1420, 1046, 1575]","https://iiif.library.sh.cn/c/3/a2a0559b-d52c-40c8-a7dc-37082b552694#xywh=891,1420,155,155",李俨撰文，欧阳通楷书,欧阳通（楷书）；李儇（撰文）,唐,龙朔三年十月十日刻立（663）,663,楷书,17A331,《翰墨瑰宝：上海图书馆藏珍本碑帖丛刊》第二辑,iiif_annotation_target_xywh,iiif_xywh
001_道因法师碑_p0012_c007,神,001_道因法师碑,道因法师碑,12,十二,891,1577,155,155,"[891, 1577, 155, 155]",889,1583,159,166,"[889, 1583, 159, 166]",863,1549,211,211,"[863, 1549, 211, 211]",870,1546,197,240,"[870, 1546, 197, 240]",870,1546,197,240,"[870, 1546, 197, 240]",offline_local_binary_ring_bottom_guard,assets/page_images/001_道因法师碑/p0012.jpg,0,6,1,http://data.library.sh.cn/bt/resource/work/v1e0qbx3r5wp1uw4,http://iiif.library.sh.cn/api/viewer/17A331,https://iiif.library.sh.cn/p/3/02c55611-7427-4cd0-a2cd-a15b5ccbaa9c,https://iiif.library.sh.cn/c/3/a2a0559b-d52c-40c8-a7dc-37082b552694,1465,2233,https://iiif.library.sh.cn/c/3/a2a0559b-d52c-40c8-a7dc-37082b552694/ap/s,https://iiif.library.sh.cn/c/3/a2a0559b-d52c-40c8-a7dc-37082b552694/ap/c/a/62ae6230-faaa-4c05-ad08-46646172ee2f,7,7,supplementing,"[891, 1577, 1046, 1732]","https://iiif.library.sh.cn/c/3/a2a0559b-d52c-40c8-a7dc-37082b552694#xywh=891,1577,155,155",李俨撰文，欧阳通楷书,欧阳通（楷书）；李儇（撰文）,唐,龙朔三年十月十日刻立（663）,663,楷书,17A331,《翰墨瑰宝：上海图书馆藏珍本碑帖丛刊》第二辑,iiif_annotation_target_xywh,iiif_xywh
001_道因法师碑_p0012_c008,典,001_道因法师碑,道因法师碑,12,十二,891,1780,155,155,"[891, 1780, 155, 155]",889,1764,159,187,"[889, 1764, 159, 187]",863,1752,211,211,"[863, 1752, 211, 211]",870,1732,197,260,"[870, 1732, 197, 260]",870,1732,197,260,"[870, 1732, 197, 260]",offline_local_binary_ring_bottom_guard,assets/page_images/001_道因法师碑/p0012.jpg,0,7,1,http://data.library.sh.cn/bt/resource/work/v1e0qbx3r5wp1uw4,http://iiif.library.sh.cn/api/viewer/17A331,https://iiif.library.sh.cn/p/3/02c55611-7427-4cd0-a2cd-a15b5ccbaa9c,https://iiif.library.sh.cn/c/3/a2a0559b-d52c-40c8-a7dc-37082b552694,1465,2233,https://iiif.library.sh.cn/c/3/a2a0559b-d52c-40c8-a7dc-37082b552694/ap/s,https://iiif.library.sh.cn/c/3/a2a0559b-d52c-40c8-a7dc-37082b552694/ap/c/a/e5fe9708-90b3-41a7-ae30-6389ebd76c6a,8,8,supplementing,"[891, 1780, 1046, 1935]","https://iiif.library.sh.cn/c/3/a2a0559b-d52c-40c8-a7dc-37082b552694#xywh=891,1780,155,155",李俨撰文，欧阳通楷书,欧阳通（楷书）；李儇（撰文）,唐,龙朔三年十月十日刻立（663）,663,楷书,17A331,《翰墨瑰宝：上海图书馆藏珍本碑帖丛刊》第二辑,iiif_annotation_target_xywh,iiif_xywh
001_道因法师碑_p0012_c009,幽,001_道因法师碑,道因法师碑,12,十二,720,529,150,150,"[720, 529, 150, 150]",713,548,162,112,"[713, 548, 162, 112]",693,502,204,204,"[693, 502, 204, 204]",694,523,200,162,"[694, 523, 200, 162]",694,523,200,162,"[694, 523, 200, 162]",offline_local_binary_ring_bottom_guard,assets/page_images/001_道因法师碑/p0012.jpg,1,0,1,http://data.library.sh.cn/bt/resource/work/v1e0qbx3r5wp1uw4,http://iiif.library.sh.cn/api/viewer/17A331,https://iiif.library.sh.cn/p/3/02c55611-7427-4cd0-a2cd-a15b5ccbaa9c,https://iiif.library.sh.cn/c/3/a2a0559b-d52c-40c8-a7dc-37082b552694,1465,2233,https://iiif.library.sh.cn/c/3/a2a0559b-d52c-40c8-a7dc-37082b552694/ap/s,https://iiif.library.sh.cn/c/3/a2a0559b-d52c-40c8-a7dc-37082b552694/ap/c/a/08fc2269-09bb-4a91-a8f3-50f81c159eb0,9,9,supplementing,"[720, 529, 870, 679]","https://iiif.library.sh.cn/c/3/a2a0559b-d52c-40c8-a7dc-37082b552694#xywh=720,529,150,150",李俨撰文，欧阳通楷书,欧阳通（楷书）；李儇（撰文）,唐,龙朔三年十月十日刻立（663）,663,楷书,17A331,《翰墨瑰宝：上海图书馆藏珍本碑帖丛刊》第二辑,iiif_annotation_target_xywh,iiif_xywh
001_道因法师碑_p0012_c010,赞,001_道因法师碑,道因法师碑,12,十二,720,650,150,150,"[720, 650, 150, 150]",713,672,162,164,"[713, 672, 162, 164]",693,623,204,204,"[693, 623, 204, 204]",694,636,200,236,"[694, 636, 200, 236]",694,636,200,236,"[694, 636, 200, 236]",offline_local_binary_ring_bottom_guard,assets/page_images/001_道因法师碑/p0012.jpg,1,1,1,http://data.library.sh.cn/bt/resource/work/v1e0qbx3r5wp1uw4,http://iiif.library.sh.cn/api/viewer/17A331,https://iiif.library.sh.cn/p/3/02c55611-7427-4cd0-a2cd-a15b5ccbaa9c,https://iiif.library.sh.cn/c/3/a2a0559b-d52c-40c8-a7dc-37082b552694,1465,2233,https://iiif.library.sh.cn/c/3/a2a0559b-d52c-40c8-a7dc-37082b552694/ap/s,https://iiif.library.sh.cn/c/3/a2a0559b-d52c-40c8-a7dc-37082b552694/ap/c/a/89f374a2-9c06-4cc9-aca2-aa533760cb6d,10,10,supplementing,"[720, 650, 870, 800]","https://iiif.library.sh.cn/c/3/a2a0559b-d52c-40c8-a7dc-37082b552694#xywh=720,650,150,150",李俨撰文，欧阳通楷书,欧阳通（楷书）；李儇（撰文）,唐,龙朔三年十月十日刻立（663）,663,楷书,17A331,《翰墨瑰宝：上海图书馆藏珍本碑帖丛刊》第二辑,iiif_annotation_target_xywh,iiif_xywh
001_道因法师碑_p0012_c011,玄,001_道因法师碑,道因法师碑,12,十二,720,886,150,150,"[720, 886, 150, 150]",713,851,162,185,"[713, 851, 162, 185]",693,859,204,204,"[693, 859, 204, 204]",694,820,200,257,"[694, 820, 200, 257]",694,820,200,257,"[694, 820, 200, 257]",offline_local_binary_ring_bottom_guard,assets/page_images/001_道因法师碑/p0012.jpg,1,2,1,http://data.library.sh.cn/bt/resource/work/v1e0qbx3r5wp1uw4,http://iiif.library.sh.cn/api/viewer/17A331,https://iiif.library.sh.cn/p/3/02c55611-7427-4cd0-a2cd-a15b5ccbaa9c,https://iiif.library.sh.cn/c/3/a2a0559b-d52c-40c8-a7dc-37082b552694,1465,2233,https://iiif.library.sh.cn/c/3/a2a0559b-d52c-40c8-a7dc-37082b552694/ap/s,https://iiif.library.sh.cn/c/3/a2a0559b-d52c-40c8-a7dc-37082b552694/ap/c/a/e9004fae-7489-489a-8854-ab41819950e6,11,11,supplementing,"[720, 886, 870, 1036]","https://iiif.library.sh.cn/c/3/a2a0559b-d52c-40c8-a7dc-37082b552694#xywh=720,886,150,150",李俨撰文，欧阳通楷书,欧阳通（楷书）；李儇（撰文）,唐,龙朔三年十月十日刻立（663）,663,楷书,17A331,《翰墨瑰宝：上海图书馆藏珍本碑帖丛刊》第二辑,iiif_annotation_target_xywh,iiif_xywh
001_道因法师碑_p0012_c012,宗,001_道因法师碑,道因法师碑,12,十二,720,1052,150,150,"[720, 1052, 150, 150]",713,1051,162,150,"[713, 1051, 162, 150]",693,1025,204,204,"[693, 1025, 204, 204]",694,1020,200,214,"[694, 1020, 200, 214]",694,1020,200,214,"[694, 1020, 200, 214]",offline_local_binary_ring_bottom_guard,assets/page_images/001_道因法师碑/p0012.jpg,1,3,1,http://data.library.sh.cn/bt/resource/work/v1e0qbx3r5wp1uw4,http://iiif.library.sh.cn/api/viewer/17A331,https://iiif.library.sh.cn/p/3/02c55611-7427-4cd0-a2cd-a15b5ccbaa9c,https://iiif.library.sh.cn/c/3/a2a0559b-d52c-40c8-a7dc-37082b552694,1465,2233,https://iiif.library.sh.cn/c/3/a2a0559b-d52c-40c8-a7dc-37082b552694/ap/s,https://iiif.library.sh.cn/c/3/a2a0559b-d52c-40c8-a7dc-37082b552694/ap/c/a/1cde22ea-7fd9-4e29-8160-287fa1304c10,12,12,supplementing,"[720, 1052, 870, 1202]","https://iiif.library.sh.cn/c/3/a2a0559b-d52c-40c8-a7dc-37082b552694#xywh=720,1052,150,150",李俨撰文，欧阳通楷书,欧阳通（楷书）；李儇（撰文）,唐,龙朔三年十月十日刻立（663）,663,楷书,17A331,《翰墨瑰宝：上海图书馆藏珍本碑帖丛刊》第二辑,iiif_annotation_target_xywh,iiif_xywh
001_道因法师碑_p0012_c013,跨,001_道因法师碑,道因法师碑,12,十二,720,1213,150,150,"[720, 1213, 150, 150]",713,1215,162,165,"[713, 1215, 162, 165]",693,1186,204,204,"[693, 1186, 204, 204]",694,1182,200,234,"[694, 1182, 200, 234]",694,1182,200,234,"[694, 1182, 200, 234]",offline_local_binary_ring_bottom_guard,assets/page_images/001_道因法师碑/p0012.jpg,1,4,1,http://data.library.sh.cn/bt/resource/work/v1e0qbx3r5wp1uw4,http://iiif.library.sh.cn/api/viewer/17A331,https://iiif.library.sh.cn/p/3/02c55611-7427-4cd0-a2cd-a15b5ccbaa9c,https://iiif.library.sh.cn/c/3/a2a0559b-d52c-40c8-a7dc-37082b552694,1465,2233,https://iiif.library.sh.cn/c/3/a2a0559b-d52c-40c8-a7dc-37082b552694/ap/s,https://iiif.library.sh.cn/c/3/a2a0559b-d52c-40c8-a7dc-37082b552694/ap/c/a/2bdc50f7-d170-4e20-8353-01a6f2d95b61,13,13,supplementing,"[720, 1213, 870, 1363]","https://iiif.library.sh.cn/c/3/a2a0559b-d52c-40c8-a7dc-37082b552694#xywh=720,1213,150,150",李俨撰文，欧阳通楷书,欧阳通（楷书）；李儇（撰文）,唐,龙朔三年十月十日刻立（663）,663,楷书,17A331,《翰墨瑰宝：上海图书馆藏珍本碑帖丛刊》第二辑,iiif_annotation_target_xywh,iiif_xywh
001_道因法师碑_p0012_c014,生,001_道因法师碑,道因法师碑,12,十二,720,1412,150,150,"[720, 1412, 150, 150]",713,1395,162,164,"[713, 1395, 162, 164]",693,1385,204,204,"[693, 1385, 204, 204]",694,1364,200,231,"[694, 1364, 200, 231]",694,1364,200,231,"[694, 1364, 200, 231]",offline_local_binary_ring_bottom_guard,assets/page_images/001_道因法师碑/p0012.jpg,1,5,1,http://data.library.sh.cn/bt/resource/work/v1e0qbx3r5wp1uw4,http://iiif.library.sh.cn/api/viewer/17A331,https://iiif.library.sh.cn/p/3/02c55611-7427-4cd0-a2cd-a15b5ccbaa9c,https://iiif.library.sh.cn/c/3/a2a0559b-d52c-40c8-a7dc-37082b552694,1465,2233,https://iiif.library.sh.cn/c/3/a2a0559b-d52c-40c8-a7dc-37082b552694/ap/s,https://iiif.library.sh.cn/c/3/a2a0559b-d52c-40c8-a7dc-37082b552694/ap/c/a/3ecc4013-41f8-4dfc-afa8-4915a9a217b5,14,14,supplementing,"[720, 1412, 870, 1562]","https://iiif.library.sh.cn/c/3/a2a0559b-d52c-40c8-a7dc-37082b552694#xywh=720,1412,150,150",李俨撰文，欧阳通楷书,欧阳通（楷书）；李儇（撰文）,唐,龙朔三年十月十日刻立（663）,663,楷书,17A331,《翰墨瑰宝：上海图书馆藏珍本碑帖丛刊》第二辑,iiif_annotation_target_xywh,iiif_xywh
001_道因法师碑_p0012_c015,肇,001_道因法师碑,道因法师碑,12,十二,720,1571,150,150,"[720, 1571, 150, 150]",713,1573,162,159,"[713, 1573, 162, 159]",693,1544,204,204,"[693, 1544, 204, 204]",694,1540,200,227,"[694, 1540, 200, 227]",694,1540,200,227,"[694, 1540, 200, 227]",offline_local_binary_ring_bottom_guard,assets/page_images/001_道因法师碑/p0012.jpg,1,6,1,http://data.library.sh.cn/bt/resource/work/v1e0qbx3r5wp1uw4,http://iiif.library.sh.cn/api/viewer/17A331,https://iiif.library.sh.cn/p/3/02c55611-7427-4cd0-a2cd-a15b5ccbaa9c,https://iiif.library.sh.cn/c/3/a2a0559b-d52c-40c8-a7dc-37082b552694,1465,2233,https://iiif.library.sh.cn/c/3/a2a0559b-d52c-40c8-a7dc-37082b552694/ap/s,https://iiif.library.sh.cn/c/3/a2a0559b-d52c-40c8-a7dc-37082b552694/ap/c/a/e844d3ad-1378-4729-b399-9d44c4b09dfc,15,15,supplementing,"[720, 1571, 870, 1721]","https://iiif.library.sh.cn/c/3/a2a0559b-d52c-40c8-a7dc-37082b552694#xywh=720,1571,150,150",李俨撰文，欧阳通楷书,欧阳通（楷书）；李儇（撰文）,唐,龙朔三年十月十日刻立（663）,663,楷书,17A331,《翰墨瑰宝：上海图书馆藏珍本碑帖丛刊》第二辑,iiif_annotation_target_xywh,iiif_xywh
001_道因法师碑_p0012_c016,以,001_道因法师碑,道因法师碑,12,十二,720,1756,150,150,"[720, 1756, 150, 150]",713,1746,162,170,"[713, 1746, 162, 170]",693,1729,204,204,"[693, 1729, 204, 204]",694,1715,200,238,"[694, 1715, 200, 238]",694,1715,200,238,"[694, 1715, 200, 238]",offline_local_binary_ring_bottom_guard,assets/page_images/001_道因法师碑/p0012.jpg,1,7,1,http://data.library.sh.cn/bt/resource/work/v1e0qbx3r5wp1uw4,http://iiif.library.sh.cn/api/viewer/17A331,https://iiif.library.sh.cn/p/3/02c55611-7427-4cd0-a2cd-a15b5ccbaa9c,https://iiif.library.sh.cn/c/3/a2a0559b-d52c-40c8-a7dc-37082b552694,1465,2233,https://iiif.library.sh.cn/c/3/a2a0559b-d52c-40c8-a7dc-37082b552694/ap/s,https://iiif.library.sh.cn/c/3/a2a0559b-d52c-40c8-a7dc-37082b552694/ap/c/a/540fffed-0613-4b7f-b82c-40620b5de9fe,16,16,supplementing,"[720, 1756, 870, 1906]","https://iiif.library.sh.cn/c/3/a2a0559b-d52c-40c8-a7dc-37082b552694#xywh=720,1756,150,150",李俨撰文，欧阳通楷书,欧阳通（楷书）；李儇（撰文）,唐,龙朔三年十月十日刻立（663）,663,楷书,17A331,《翰墨瑰宝：上海图书馆藏珍本碑帖丛刊》第二辑,iiif_annotation_target_xywh,iiif_xywh
001_道因法师碑_p0012_c017,遐,001_道因法师碑,道因法师碑,12,十二,541,516,136,136,"[541, 516, 136, 136]",540,508,159,152,"[540, 508, 159, 152]",517,492,184,184,"[517, 492, 184, 184]",521,480,197,213,"[521, 480, 197, 213]",521,480,197,213,"[521, 480, 197, 213]",offline_local_binary_ring_bottom_guard,assets/page_images/001_道因法师碑/p0012.jpg,2,0,1,http://data.library.sh.cn/bt/resource/work/v1e0qbx3r5wp1uw4,http://iiif.library.sh.cn/api/viewer/17A331,https://iiif.library.sh.cn/p/3/02c55611-7427-4cd0-a2cd-a15b5ccbaa9c,https://iiif.library.sh.cn/c/3/a2a0559b-d52c-40c8-a7dc-37082b552694,1465,2233,https://iiif.library.sh.cn/c/3/a2a0559b-d52c-40c8-a7dc-37082b552694/ap/s,https://iiif.library.sh.cn/c/3/a2a0559b-d52c-40c8-a7dc-37082b552694/ap/c/a/20e60641-67d6-4c90-be2f-cfc99eb0dcad,17,17,supplementing,"[541, 516, 677, 652]","https://iiif.library.sh.cn/c/3/a2a0559b-d52c-40c8-a7dc-37082b552694#xywh=541,516,136,136",李俨撰文，欧阳通楷书,欧阳通（楷书）；李儇（撰文）,唐,龙朔三年十月十日刻立（663）,663,楷书,17A331,《翰墨瑰宝：上海图书馆藏珍本碑帖丛刊》第二辑,iiif_annotation_target_xywh,iiif_xywh
001_道因法师碑_p0012_c018,骞,001_道因法师碑,道因法师碑,12,十二,541,673,153,153,"[541, 673, 153, 153]",540,674,159,177,"[540, 674, 159, 177]",513,645,209,209,"[513, 645, 209, 209]",521,642,197,248,"[521, 642, 197, 248]",521,642,197,248,"[521, 642, 197, 248]",offline_local_binary_ring_bottom_guard,assets/page_images/001_道因法师碑/p0012.jpg,2,1,1,http://data.library.sh.cn/bt/resource/work/v1e0qbx3r5wp1uw4,http://iiif.library.sh.cn/api/viewer/17A331,https://iiif.library.sh.cn/p/3/02c55611-7427-4cd0-a2cd-a15b5ccbaa9c,https://iiif.library.sh.cn/c/3/a2a0559b-d52c-40c8-a7dc-37082b552694,1465,2233,https://iiif.library.sh.cn/c/3/a2a0559b-d52c-40c8-a7dc-37082b552694/ap/s,https://iiif.library.sh.cn/c/3/a2a0559b-d52c-40c8-a7dc-37082b552694/ap/c/a/b7cd8f42-862c-4272-96c9-96caa9d288f4,18,18,supplementing,"[541, 673, 694, 826]","https://iiif.library.sh.cn/c/3/a2a0559b-d52c-40c8-a7dc-37082b552694#xywh=541,673,153,153",李俨撰文，欧阳通楷书,欧阳通（楷书）；李儇（撰文）,唐,龙朔三年十月十日刻立（663）,663,楷书,17A331,《翰墨瑰宝：上海图书馆藏珍本碑帖丛刊》第二辑,iiif_annotation_target_xywh,iiif_xywh
001_道因法师碑_p0012_c019,追,001_道因法师碑,道因法师碑,12,十二,541,892,153,153,"[541, 892, 153, 153]",540,867,159,177,"[540, 867, 159, 177]",513,864,209,209,"[513, 864, 209, 209]",521,836,197,247,"[521, 836, 197, 247]",521,836,197,247,"[521, 836, 197, 247]",offline_local_binary_ring_bottom_guard,assets/page_images/001_道因法师碑/p0012.jpg,2,2,1,http://data.library.sh.cn/bt/resource/work/v1e0qbx3r5wp1uw4,http://iiif.library.sh.cn/api/viewer/17A331,https://iiif.library.sh.cn/p/3/02c55611-7427-4cd0-a2cd-a15b5ccbaa9c,https://iiif.library.sh.cn/c/3/a2a0559b-d52c-40c8-a7dc-37082b552694,1465,2233,https://iiif.library.sh.cn/c/3/a2a0559b-d52c-40c8-a7dc-37082b552694/ap/s,https://iiif.library.sh.cn/c/3/a2a0559b-d52c-40c8-a7dc-37082b552694/ap/c/a/043318b4-4b65-4e94-8dd7-bc1076b85c4a,19,19,supplementing,"[541, 892, 694, 1045]","https://iiif.library.sh.cn/c/3/a2a0559b-d52c-40c8-a7dc-37082b552694#xywh=541,892,153,153",李俨撰文，欧阳通楷书,欧阳通（楷书）；李儇（撰文）,唐,龙朔三年十月十日刻立（663）,663,楷书,17A331,《翰墨瑰宝：上海图书馆藏珍本碑帖丛刊》第二辑,iiif_annotation_target_xywh,iiif_xywh
001_道因法师碑_p0012_c020,安,001_道因法师碑,道因法师碑,12,十二,541,1058,153,153,"[541, 1058, 153, 153]",540,1058,159,149,"[540, 1058, 159, 149]",513,1030,209,209,"[513, 1030, 209, 209]",521,1027,197,213,"[521, 1027, 197, 213]",521,1027,197,213,"[521, 1027, 197, 213]",offline_local_binary_ring_bottom_guard,assets/page_images/001_道因法师碑/p0012.jpg,2,3,1,http://data.library.sh.cn/bt/resource/work/v1e0qbx3r5wp1uw4,http://iiif.library.sh.cn/api/viewer/17A331,https://iiif.library.sh.cn/p/3/02c55611-7427-4cd0-a2cd-a15b5ccbaa9c,https://iiif.library.sh.cn/c/3/a2a0559b-d52c-40c8-a7dc-37082b552694,1465,2233,https://iiif.library.sh.cn/c/3/a2a0559b-d52c-40c8-a7dc-37082b552694/ap/s,https://iiif.library.sh.cn/c/3/a2a0559b-d52c-40c8-a7dc-37082b552694/ap/c/a/07ae42c7-253c-4e7b-bd87-f889ba50d260,20,20,supplementing,"[541, 1058, 694, 1211]","https://iiif.library.sh.cn/c/3/a2a0559b-d52c-40c8-a7dc-37082b552694#xywh=541,1058,153,153",李俨撰文，欧阳通楷书,欧阳通（楷书）；李儇（撰文）,唐,龙朔三年十月十日刻立（663）,663,楷书,17A331,《翰墨瑰宝：上海图书馆藏珍本碑帖丛刊》第二辑,iiif_annotation_target_xywh,iiif_xywh
001_道因法师碑_p0012_c021,什,001_道因法师碑,道因法师碑,12,十二,541,1215,153,153,"[541, 1215, 153, 153]",540,1220,159,157,"[540, 1220, 159, 157]",513,1187,209,209,"[513, 1187, 209, 209]",521,1185,197,227,"[521, 1185, 197, 227]",521,1185,197,227,"[521, 1185, 197, 227]",offline_local_binary_ring_bottom_guard,assets/page_images/001_道因法师碑/p0012.jpg,2,4,1,http://data.library.sh.cn/bt/resource/work/v1e0qbx3r5wp1uw4,http://iiif.library.sh.cn/api/viewer/17A331,https://iiif.library.sh.cn/p/3/02c55611-7427-4cd0-a2cd-a15b5ccbaa9c,https://iiif.library.sh.cn/c/3/a2a0559b-d52c-40c8-a7dc-37082b552694,1465,2233,https://iiif.library.sh.cn/c/3/a2a0559b-d52c-40c8-a7dc-37082b552694/ap/s,https://iiif.library.sh.cn/c/3/a2a0559b-d52c-40c8-a7dc-37082b552694/ap/c/a/0c8e55e7-152e-4160-a51d-455000b2430a,21,21,supplementing,"[541, 1215, 694, 1368]","https://iiif.library.sh.cn/c/3/a2a0559b-d52c-40c8-a7dc-37082b552694#xywh=541,1215,153,153",李俨撰文，欧阳通楷书,欧阳通（楷书）；李儇（撰文）,唐,龙朔三年十月十日刻立（663）,663,楷书,17A331,《翰墨瑰宝：上海图书馆藏珍本碑帖丛刊》第二辑,iiif_annotation_target_xywh,iiif_xywh
001_道因法师碑_p0012_c022,而,001_道因法师碑,道因法师碑,12,十二,541,1400,153,153,"[541, 1400, 153, 153]",540,1391,159,163,"[540, 1391, 159, 163]",513,1372,209,209,"[513, 1372, 209, 209]",521,1360,197,230,"[521, 1360, 197, 230]",521,1360,197,230,"[521, 1360, 197, 230]",offline_local_binary_ring_bottom_guard,assets/page_images/001_道因法师碑/p0012.jpg,2,5,1,http://data.library.sh.cn/bt/resource/work/v1e0qbx3r5wp1uw4,http://iiif.library.sh.cn/api/viewer/17A331,https://iiif.library.sh.cn/p/3/02c55611-7427-4cd0-a2cd-a15b5ccbaa9c,https://iiif.library.sh.cn/c/3/a2a0559b-d52c-40c8-a7dc-37082b552694,1465,2233,https://iiif.library.sh.cn/c/3/a2a0559b-d52c-40c8-a7dc-37082b552694/ap/s,https://iiif.library.sh.cn/c/3/a2a0559b-d52c-40c8-a7dc-37082b552694/ap/c/a/ea42af42-b479-4432-8278-3069e96bfdf8,22,22,supplementing,"[541, 1400, 694, 1553]","https://iiif.library.sh.cn/c/3/a2a0559b-d52c-40c8-a7dc-37082b552694#xywh=541,1400,153,153",李俨撰文，欧阳通楷书,欧阳通（楷书）；李儇（撰文）,唐,龙朔三年十月十日刻立（663）,663,楷书,17A331,《翰墨瑰宝：上海图书馆藏珍本碑帖丛刊》第二辑,iiif_annotation_target_xywh,iiif_xywh
001_道因法师碑_p0012_c023,曾,001_道因法师碑,道因法师碑,12,十二,541,1569,153,153,"[541, 1569, 153, 153]",540,1568,159,167,"[540, 1568, 159, 167]",513,1541,209,209,"[513, 1541, 209, 209]",521,1537,197,235,"[521, 1537, 197, 235]",521,1537,197,235,"[521, 1537, 197, 235]",offline_local_binary_ring_bottom_guard,assets/page_images/001_道因法师碑/p0012.jpg,2,6,1,http://data.library.sh.cn/bt/resource/work/v1e0qbx3r5wp1uw4,http://iiif.library.sh.cn/api/viewer/17A331,https://iiif.library.sh.cn/p/3/02c55611-7427-4cd0-a2cd-a15b5ccbaa9c,https://iiif.library.sh.cn/c/3/a2a0559b-d52c-40c8-a7dc-37082b552694,1465,2233,https://iiif.library.sh.cn/c/3/a2a0559b-d52c-40c8-a7dc-37082b552694/ap/s,https://iiif.library.sh.cn/c/3/a2a0559b-d52c-40c8-a7dc-37082b552694/ap/c/a/372d1eea-9996-4569-9c06-e714de56db3d,23,23,supplementing,"[541, 1569, 694, 1722]","https://iiif.library.sh.cn/c/3/a2a0559b-d52c-40c8-a7dc-37082b552694#xywh=541,1569,153,153",李俨撰文，欧阳通楷书,欧阳通（楷书）；李儇（撰文）,唐,龙朔三年十月十日刻立（663）,663,楷书,17A331,《翰墨瑰宝：上海图书馆藏珍本碑帖丛刊》第二辑,iiif_annotation_target_xywh,iiif_xywh
001_道因法师碑_p0012_c024,骛,001_道因法师碑,道因法师碑,12,十二,541,1763,153,153,"[541, 1763, 153, 153]",540,1750,159,179,"[540, 1750, 159, 179]",513,1735,209,209,"[513, 1735, 209, 209]",521,1719,197,249,"[521, 1719, 197, 249]",521,1719,197,249,"[521, 1719, 197, 249]",offline_local_binary_ring_bottom_guard,assets/page_images/001_道因法师碑/p0012.jpg,2,7,1,http://data.library.sh.cn/bt/resource/work/v1e0qbx3r5wp1uw4,http://iiif.library.sh.cn/api/viewer/17A331,https://iiif.library.sh.cn/p/3/02c55611-7427-4cd0-a2cd-a15b5ccbaa9c,https://iiif.library.sh.cn/c/3/a2a0559b-d52c-40c8-a7dc-37082b552694,1465,2233,https://iiif.library.sh.cn/c/3/a2a0559b-d52c-40c8-a7dc-37082b552694/ap/s,https://iiif.library.sh.cn/c/3/a2a0559b-d52c-40c8-a7dc-37082b552694/ap/c/a/526ef209-be8d-4427-b211-4692c8494748,24,24,supplementing,"[541, 1763, 694, 1916]","https://iiif.library.sh.cn/c/3/a2a0559b-d52c-40c8-a7dc-37082b552694#xywh=541,1763,153,153",李俨撰文，欧阳通楷书,欧阳通（楷书）；李儇（撰文）,唐,龙朔三年十月十日刻立（663）,663,楷书,17A331,《翰墨瑰宝：上海图书馆藏珍本碑帖丛刊》第二辑,iiif_annotation_target_xywh,iiif_xywh
001_道因法师碑_p0012_c025,可,001_道因法师碑,道因法师碑,12,十二,370,524,159,159,"[370, 524, 159, 159]",368,536,158,135,"[368, 536, 158, 135]",341,495,217,217,"[341, 495, 217, 217]",349,506,196,195,"[349, 506, 196, 195]",349,506,196,195,"[349, 506, 196, 195]",offline_local_binary_ring_bottom_guard,assets/page_images/001_道因法师碑/p0012.jpg,3,0,1,http://data.library.sh.cn/bt/resource/work/v1e0qbx3r5wp1uw4,http://iiif.library.sh.cn/api/viewer/17A331,https://iiif.library.sh.cn/p/3/02c55611-7427-4cd0-a2cd-a15b5ccbaa9c,https://iiif.library.sh.cn/c/3/a2a0559b-d52c-40c8-a7dc-37082b552694,1465,2233,https://iiif.library.sh.cn/c/3/a2a0559b-d52c-40c8-a7dc-37082b552694/ap/s,https://iiif.library.sh.cn/c/3/a2a0559b-d52c-40c8-a7dc-37082b552694/ap/c/a/b82cb08b-b3da-42ac-90ba-abe726c00543,25,25,supplementing,"[370, 524, 529, 683]","https://iiif.library.sh.cn/c/3/a2a0559b-d52c-40c8-a7dc-37082b552694#xywh=370,524,159,159",李俨撰文，欧阳通楷书,欧阳通（楷书）；李儇（撰文）,唐,龙朔三年十月十日刻立（663）,663,楷书,17A331,《翰墨瑰宝：上海图书馆藏珍本碑帖丛刊》第二辑,iiif_annotation_target_xywh,iiif_xywh
001_道因法师碑_p0012_c026,以,001_道因法师碑,道因法师碑,12,十二,370,670,159,159,"[370, 670, 159, 159]",368,683,158,140,"[368, 683, 158, 140]",341,641,217,217,"[341, 641, 217, 217]",349,652,196,202,"[349, 652, 196, 202]",349,652,196,202,"[349, 652, 196, 202]",offline_local_binary_ring_bottom_guard,assets/page_images/001_道因法师碑/p0012.jpg,3,1,1,http://data.library.sh.cn/bt/resource/work/v1e0qbx3r5wp1uw4,http://iiif.library.sh.cn/api/viewer/17A331,https://iiif.library.sh.cn/p/3/02c55611-7427-4cd0-a2cd-a15b5ccbaa9c,https://iiif.library.sh.cn/c/3/a2a0559b-d52c-40c8-a7dc-37082b552694,1465,2233,https://iiif.library.sh.cn/c/3/a2a0559b-d52c-40c8-a7dc-37082b552694/ap/s,https://iiif.library.sh.cn/c/3/a2a0559b-d52c-40c8-a7dc-37082b552694/ap/c/a/d46bcf4f-3a74-4e06-8292-dba794815f62,26,26,supplementing,"[370, 670, 529, 829]","https://iiif.library.sh.cn/c/3/a2a0559b-d52c-40c8-a7dc-37082b552694#xywh=370,670,159,159",李俨撰文，欧阳通楷书,欧阳通（楷书）；李儇（撰文）,唐,龙朔三年十月十日刻立（663）,663,楷书,17A331,《翰墨瑰宝：上海图书馆藏珍本碑帖丛刊》第二辑,iiif_annotation_target_xywh,iiif_xywh
001_道因法师碑_p0012_c027,声,001_道因法师碑,道因法师碑,12,十二,370,829,159,159,"[370, 829, 159, 159]",368,837,158,172,"[368, 837, 158, 172]",341,800,217,217,"[341, 800, 217, 217]",349,799,196,248,"[349, 799, 196, 248]",349,799,196,248,"[349, 799, 196, 248]",offline_local_binary_ring_bottom_guard,assets/page_images/001_道因法师碑/p0012.jpg,3,2,1,http://data.library.sh.cn/bt/resource/work/v1e0qbx3r5wp1uw4,http://iiif.library.sh.cn/api/viewer/17A331,https://iiif.library.sh.cn/p/3/02c55611-7427-4cd0-a2cd-a15b5ccbaa9c,https://iiif.library.sh.cn/c/3/a2a0559b-d52c-40c8-a7dc-37082b552694,1465,2233,https://iiif.library.sh.cn/c/3/a2a0559b-d52c-40c8-a7dc-37082b552694/ap/s,https://iiif.library.sh.cn/c/3/a2a0559b-d52c-40c8-a7dc-37082b552694/ap/c/a/fb7b08b6-44a5-4eb0-9921-82a5a6c3824d,27,27,supplementing,"[370, 829, 529, 988]","https://iiif.library.sh.cn/c/3/a2a0559b-d52c-40c8-a7dc-37082b552694#xywh=370,829,159,159",李俨撰文，欧阳通楷书,欧阳通（楷书）；李儇（撰文）,唐,龙朔三年十月十日刻立（663）,663,楷书,17A331,《翰墨瑰宝：上海图书馆藏珍本碑帖丛刊》第二辑,iiif_annotation_target_xywh,iiif_xywh
001_道因法师碑_p0012_c028,融,001_道因法师碑,道因法师碑,12,十二,370,1046,159,159,"[370, 1046, 159, 159]",368,1025,158,186,"[368, 1025, 158, 186]",341,1017,217,217,"[341, 1017, 217, 217]",349,992,196,260,"[349, 992, 196, 260]",349,992,196,260,"[349, 992, 196, 260]",offline_local_binary_ring_bottom_guard,assets/page_images/001_道因法师碑/p0012.jpg,3,3,1,http://data.library.sh.cn/bt/resource/work/v1e0qbx3r5wp1uw4,http://iiif.library.sh.cn/api/viewer/17A331,https://iiif.library.sh.cn/p/3/02c55611-7427-4cd0-a2cd-a15b5ccbaa9c,https://iiif.library.sh.cn/c/3/a2a0559b-d52c-40c8-a7dc-37082b552694,1465,2233,https://iiif.library.sh.cn/c/3/a2a0559b-d52c-40c8-a7dc-37082b552694/ap/s,https://iiif.library.sh.cn/c/3/a2a0559b-d52c-40c8-a7dc-37082b552694/ap/c/a/f1a957a3-f185-4a39-9068-53ac9312cb3a,28,28,supplementing,"[370, 1046, 529, 1205]","https://iiif.library.sh.cn/c/3/a2a0559b-d52c-40c8-a7dc-37082b552694#xywh=370,1046,159,159",李俨撰文，欧阳通楷书,欧阳通（楷书）；李儇（撰文）,唐,龙朔三年十月十日刻立（663）,663,楷书,17A331,《翰墨瑰宝：上海图书馆藏珍本碑帖丛刊》第二辑,iiif_annotation_target_xywh,iiif_xywh
001_道因法师碑_p0012_c029,绣,001_道因法师碑,道因法师碑,12,十二,370,1233,159,159,"[370, 1233, 159, 159]",368,1226,158,155,"[368, 1226, 158, 155]",341,1204,217,217,"[341, 1204, 217, 217]",349,1200,196,215,"[349, 1200, 196, 215]",349,1200,196,215,"[349, 1200, 196, 215]",offline_local_binary_ring_bottom_guard,assets/page_images/001_道因法师碑/p0012.jpg,3,4,1,http://data.library.sh.cn/bt/resource/work/v1e0qbx3r5wp1uw4,http://iiif.library.sh.cn/api/viewer/17A331,https://iiif.library.sh.cn/p/3/02c55611-7427-4cd0-a2cd-a15b5ccbaa9c,https://iiif.library.sh.cn/c/3/a2a0559b-d52c-40c8-a7dc-37082b552694,1465,2233,https://iiif.library.sh.cn/c/3/a2a0559b-d52c-40c8-a7dc-37082b552694/ap/s,https://iiif.library.sh.cn/c/3/a2a0559b-d52c-40c8-a7dc-37082b552694/ap/c/a/0f8d4eda-c2e6-4b8c-9cab-125ec7908c8b,29,29,supplementing,"[370, 1233, 529, 1392]","https://iiif.library.sh.cn/c/3/a2a0559b-d52c-40c8-a7dc-37082b552694#xywh=370,1233,159,159",李俨撰文，欧阳通楷书,欧阳通（楷书）；李儇（撰文）,唐,龙朔三年十月十日刻立（663）,663,楷书,17A331,《翰墨瑰宝：上海图书馆藏珍本碑帖丛刊》第二辑,iiif_annotation_target_xywh,iiif_xywh
001_道因法师碑_p0012_c030,石,001_道因法师碑,道因法师碑,12,十二,370,1384,159,159,"[370, 1384, 159, 159]",368,1395,158,155,"[368, 1395, 158, 155]",341,1355,217,217,"[341, 1355, 217, 217]",349,1361,196,223,"[349, 1361, 196, 223]",349,1361,196,223,"[349, 1361, 196, 223]",offline_local_binary_ring_bottom_guard,assets/page_images/001_道因法师碑/p0012.jpg,3,5,1,http://data.library.sh.cn/bt/resource/work/v1e0qbx3r5wp1uw4,http://iiif.library.sh.cn/api/viewer/17A331,https://iiif.library.sh.cn/p/3/02c55611-7427-4cd0-a2cd-a15b5ccbaa9c,https://iiif.library.sh.cn/c/3/a2a0559b-d52c-40c8-a7dc-37082b552694,1465,2233,https://iiif.library.sh.cn/c/3/a2a0559b-d52c-40c8-a7dc-37082b552694/ap/s,https://iiif.library.sh.cn/c/3/a2a0559b-d52c-40c8-a7dc-37082b552694/ap/c/a/dd12dfb4-36ef-408a-841c-95ab46dd8fc8,30,30,supplementing,"[370, 1384, 529, 1543]","https://iiif.library.sh.cn/c/3/a2a0559b-d52c-40c8-a7dc-37082b552694#xywh=370,1384,159,159",李俨撰文，欧阳通楷书,欧阳通（楷书）；李儇（撰文）,唐,龙朔三年十月十日刻立（663）,663,楷书,17A331,《翰墨瑰宝：上海图书馆藏珍本碑帖丛刊》第二辑,iiif_annotation_target_xywh,iiif_xywh
001_道因法师碑_p0012_c031,采,001_道因法师碑,道因法师碑,12,十二,370,1571,159,159,"[370, 1571, 159, 159]",368,1564,158,165,"[368, 1564, 158, 165]",341,1542,217,217,"[341, 1542, 217, 217]",349,1531,196,234,"[349, 1531, 196, 234]",349,1531,196,234,"[349, 1531, 196, 234]",offline_local_binary_ring_bottom_guard,assets/page_images/001_道因法师碑/p0012.jpg,3,6,1,http://data.library.sh.cn/bt/resource/work/v1e0qbx3r5wp1uw4,http://iiif.library.sh.cn/api/viewer/17A331,https://iiif.library.sh.cn/p/3/02c55611-7427-4cd0-a2cd-a15b5ccbaa9c,https://iiif.library.sh.cn/c/3/a2a0559b-d52c-40c8-a7dc-37082b552694,1465,2233,https://iiif.library.sh.cn/c/3/a2a0559b-d52c-40c8-a7dc-37082b552694/ap/s,https://iiif.library.sh.cn/c/3/a2a0559b-d52c-40c8-a7dc-37082b552694/ap/c/a/c5b97270-3308-4c5d-8f09-72f04099055a,31,31,supplementing,"[370, 1571, 529, 1730]","https://iiif.library.sh.cn/c/3/a2a0559b-d52c-40c8-a7dc-37082b552694#xywh=370,1571,159,159",李俨撰文，欧阳通楷书,欧阳通（楷书）；李儇（撰文）,唐,龙朔三年十月十日刻立（663）,663,楷书,17A331,《翰墨瑰宝：上海图书馆藏珍本碑帖丛刊》第二辑,iiif_annotation_target_xywh,iiif_xywh
001_道因法师碑_p0012_c032,绚,001_道因法师碑,道因法师碑,12,十二,370,1742,159,159,"[370, 1742, 159, 159]",368,1743,158,157,"[368, 1743, 158, 157]",341,1713,217,217,"[341, 1713, 217, 217]",349,1709,196,226,"[349, 1709, 196, 226]",349,1709,196,226,"[349, 1709, 196, 226]",offline_local_binary_ring_bottom_guard,assets/page_images/001_道因法师碑/p0012.jpg,3,7,1,http://data.library.sh.cn/bt/resource/work/v1e0qbx3r5wp1uw4,http://iiif.library.sh.cn/api/viewer/17A331,https://iiif.library.sh.cn/p/3/02c55611-7427-4cd0-a2cd-a15b5ccbaa9c,https://iiif.library.sh.cn/c/3/a2a0559b-d52c-40c8-a7dc-37082b552694,1465,2233,https://iiif.library.sh.cn/c/3/a2a0559b-d52c-40c8-a7dc-37082b552694/ap/s,https://iiif.library.sh.cn/c/3/a2a0559b-d52c-40c8-a7dc-37082b552694/ap/c/a/cb20d0ed-60d4-4e01-89ae-603fef0c679c,32,32,supplementing,"[370, 1742, 529, 1901]","https://iiif.library.sh.cn/c/3/a2a0559b-d52c-40c8-a7dc-37082b552694#xywh=370,1742,159,159",李俨撰文，欧阳通楷书,欧阳通（楷书）；李儇（撰文）,唐,龙朔三年十月十日刻立（663）,663,楷书,17A331,《翰墨瑰宝：上海图书馆藏珍本碑帖丛刊》第二辑,iiif_annotation_target_xywh,iiif_xywh
001_道因法师碑_p0012_c033,雕,001_道因法师碑,道因法师碑,12,十二,201,533,145,145,"[201, 533, 145, 145]",193,527,161,157,"[193, 527, 161, 157]",175,507,197,197,"[175, 507, 197, 197]",174,497,199,222,"[174, 497, 199, 222]",174,497,199,222,"[174, 497, 199, 222]",offline_local_binary_ring_bottom_guard,assets/page_images/001_道因法师碑/p0012.jpg,4,0,1,http://data.library.sh.cn/bt/resource/work/v1e0qbx3r5wp1uw4,http://iiif.library.sh.cn/api/viewer/17A331,https://iiif.library.sh.cn/p/3/02c55611-7427-4cd0-a2cd-a15b5ccbaa9c,https://iiif.library.sh.cn/c/3/a2a0559b-d52c-40c8-a7dc-37082b552694,1465,2233,https://iiif.library.sh.cn/c/3/a2a0559b-d52c-40c8-a7dc-37082b552694/ap/s,https://iiif.library.sh.cn/c/3/a2a0559b-d52c-40c8-a7dc-37082b552694/ap/c/a/d23f29b4-3bfb-453a-87fb-c1af8ff90dc6,33,33,supplementing,"[201, 533, 346, 678]","https://iiif.library.sh.cn/c/3/a2a0559b-d52c-40c8-a7dc-37082b552694#xywh=201,533,145,145",李俨撰文，欧阳通楷书,欧阳通（楷书）；李儇（撰文）,唐,龙朔三年十月十日刻立（663）,663,楷书,17A331,《翰墨瑰宝：上海图书馆藏珍本碑帖丛刊》第二辑,iiif_annotation_target_xywh,iiif_xywh
001_道因法师碑_p0012_c034,图,001_道因法师碑,道因法师碑,12,十二,201,704,145,145,"[201, 704, 145, 145]",193,698,161,162,"[193, 698, 161, 162]",175,678,197,197,"[175, 678, 197, 197]",174,668,199,228,"[174, 668, 199, 228]",174,668,199,228,"[174, 668, 199, 228]",offline_local_binary_ring_bottom_guard,assets/page_images/001_道因法师碑/p0012.jpg,4,1,1,http://data.library.sh.cn/bt/resource/work/v1e0qbx3r5wp1uw4,http://iiif.library.sh.cn/api/viewer/17A331,https://iiif.library.sh.cn/p/3/02c55611-7427-4cd0-a2cd-a15b5ccbaa9c,https://iiif.library.sh.cn/c/3/a2a0559b-d52c-40c8-a7dc-37082b552694,1465,2233,https://iiif.library.sh.cn/c/3/a2a0559b-d52c-40c8-a7dc-37082b552694/ap/s,https://iiif.library.sh.cn/c/3/a2a0559b-d52c-40c8-a7dc-37082b552694/ap/c/a/554feaf4-a05d-451c-80cf-bc707275a950,34,34,supplementing,"[201, 704, 346, 849]","https://iiif.library.sh.cn/c/3/a2a0559b-d52c-40c8-a7dc-37082b552694#xywh=201,704,145,145",李俨撰文，欧阳通楷书,欧阳通（楷书）；李儇（撰文）,唐,龙朔三年十月十日刻立（663）,663,楷书,17A331,《翰墨瑰宝：上海图书馆藏珍本碑帖丛刊》第二辑,iiif_annotation_target_xywh,iiif_xywh
001_道因法师碑_p0012_c035,则,001_道因法师碑,道因法师碑,12,十二,201,885,145,145,"[201, 885, 145, 145]",193,874,161,158,"[193, 874, 161, 158]",175,859,197,197,"[175, 859, 197, 197]",174,844,199,223,"[174, 844, 199, 223]",174,844,199,223,"[174, 844, 199, 223]",offline_local_binary_ring_bottom_guard,assets/page_images/001_道因法师碑/p0012.jpg,4,2,1,http://data.library.sh.cn/bt/resource/work/v1e0qbx3r5wp1uw4,http://iiif.library.sh.cn/api/viewer/17A331,https://iiif.library.sh.cn/p/3/02c55611-7427-4cd0-a2cd-a15b5ccbaa9c,https://iiif.library.sh.cn/c/3/a2a0559b-d52c-40c8-a7dc-37082b552694,1465,2233,https://iiif.library.sh.cn/c/3/a2a0559b-d52c-40c8-a7dc-37082b552694/ap/s,https://iiif.library.sh.cn/c/3/a2a0559b-d52c-40c8-a7dc-37082b552694/ap/c/a/d5fbabaf-148f-409c-9b41-dd7c75c84a2d,35,35,supplementing,"[201, 885, 346, 1030]","https://iiif.library.sh.cn/c/3/a2a0559b-d52c-40c8-a7dc-37082b552694#xywh=201,885,145,145",李俨撰文，欧阳通楷书,欧阳通（楷书）；李儇（撰文）,唐,龙朔三年十月十日刻立（663）,663,楷书,17A331,《翰墨瑰宝：上海图书馆藏珍本碑帖丛刊》第二辑,iiif_annotation_target_xywh,iiif_xywh
001_道因法师碑_p0012_c036,于,001_道因法师碑,道因法师碑,12,十二,201,1048,145,145,"[201, 1048, 145, 145]",193,1046,161,161,"[193, 1046, 161, 161]",175,1022,197,197,"[175, 1022, 197, 197]",174,1016,199,226,"[174, 1016, 199, 226]",174,1016,199,226,"[174, 1016, 199, 226]",offline_local_binary_ring_bottom_guard,assets/page_images/001_道因法师碑/p0012.jpg,4,3,1,http://data.library.sh.cn/bt/resource/work/v1e0qbx3r5wp1uw4,http://iiif.library.sh.cn/api/viewer/17A331,https://iiif.library.sh.cn/p/3/02c55611-7427-4cd0-a2cd-a15b5ccbaa9c,https://iiif.library.sh.cn/c/3/a2a0559b-d52c-40c8-a7dc-37082b552694,1465,2233,https://iiif.library.sh.cn/c/3/a2a0559b-d52c-40c8-a7dc-37082b552694/ap/s,https://iiif.library.sh.cn/c/3/a2a0559b-d52c-40c8-a7dc-37082b552694/ap/c/a/624c4d7f-b3a6-47c8-ac66-7a7d6d7a0ea0,36,36,supplementing,"[201, 1048, 346, 1193]","https://iiif.library.sh.cn/c/3/a2a0559b-d52c-40c8-a7dc-37082b552694#xywh=201,1048,145,145",李俨撰文，欧阳通楷书,欧阳通（楷书）；李儇（撰文）,唐,龙朔三年十月十日刻立（663）,663,楷书,17A331,《翰墨瑰宝：上海图书馆藏珍本碑帖丛刊》第二辑,iiif_annotation_target_xywh,iiif_xywh
001_道因法师碑_p0012_c037,我,001_道因法师碑,道因法师碑,12,十二,201,1235,145,145,"[201, 1235, 145, 145]",193,1221,161,168,"[193, 1221, 161, 168]",175,1209,197,197,"[175, 1209, 197, 197]",174,1191,199,235,"[174, 1191, 199, 235]",174,1191,199,235,"[174, 1191, 199, 235]",offline_local_binary_ring_bottom_guard,assets/page_images/001_道因法师碑/p0012.jpg,4,4,1,http://data.library.sh.cn/bt/resource/work/v1e0qbx3r5wp1uw4,http://iiif.library.sh.cn/api/viewer/17A331,https://iiif.library.sh.cn/p/3/02c55611-7427-4cd0-a2cd-a15b5ccbaa9c,https://iiif.library.sh.cn/c/3/a2a0559b-d52c-40c8-a7dc-37082b552694,1465,2233,https://iiif.library.sh.cn/c/3/a2a0559b-d52c-40c8-a7dc-37082b552694/ap/s,https://iiif.library.sh.cn/c/3/a2a0559b-d52c-40c8-a7dc-37082b552694/ap/c/a/270a8776-8e43-4d58-bdf3-ac6c138c91be,37,37,supplementing,"[201, 1235, 346, 1380]","https://iiif.library.sh.cn/c/3/a2a0559b-d52c-40c8-a7dc-37082b552694#xywh=201,1235,145,145",李俨撰文，欧阳通楷书,欧阳通（楷书）；李儇（撰文）,唐,龙朔三年十月十日刻立（663）,663,楷书,17A331,《翰墨瑰宝：上海图书馆藏珍本碑帖丛刊》第二辑,iiif_annotation_target_xywh,iiif_xywh
001_道因法师碑_p0012_c038,法,001_道因法师碑,道因法师碑,12,十二,201,1412,145,145,"[201, 1412, 145, 145]",193,1403,161,161,"[193, 1403, 161, 161]",175,1386,197,197,"[175, 1386, 197, 197]",174,1373,199,226,"[174, 1373, 199, 226]",174,1373,199,226,"[174, 1373, 199, 226]",offline_local_binary_ring_bottom_guard,assets/page_images/001_道因法师碑/p0012.jpg,4,5,1,http://data.library.sh.cn/bt/resource/work/v1e0qbx3r5wp1uw4,http://iiif.library.sh.cn/api/viewer/17A331,https://iiif.library.sh.cn/p/3/02c55611-7427-4cd0-a2cd-a15b5ccbaa9c,https://iiif.library.sh.cn/c/3/a2a0559b-d52c-40c8-a7dc-37082b552694,1465,2233,https://iiif.library.sh.cn/c/3/a2a0559b-d52c-40c8-a7dc-37082b552694/ap/s,https://iiif.library.sh.cn/c/3/a2a0559b-d52c-40c8-a7dc-37082b552694/ap/c/a/8336fea2-dd1e-4ff7-b34b-647200271b60,38,38,supplementing,"[201, 1412, 346, 1557]","https://iiif.library.sh.cn/c/3/a2a0559b-d52c-40c8-a7dc-37082b552694#xywh=201,1412,145,145",李俨撰文，欧阳通楷书,欧阳通（楷书）；李儇（撰文）,唐,龙朔三年十月十日刻立（663）,663,楷书,17A331,《翰墨瑰宝：上海图书馆藏珍本碑帖丛刊》第二辑,iiif_annotation_target_xywh,iiif_xywh
001_道因法师碑_p0012_c039,师,001_道因法师碑,道因法师碑,12,十二,201,1585,145,145,"[201, 1585, 145, 145]",193,1578,161,173,"[193, 1578, 161, 173]",175,1559,197,197,"[175, 1559, 197, 197]",174,1548,199,241,"[174, 1548, 199, 241]",174,1548,199,241,"[174, 1548, 199, 241]",offline_local_binary_ring_bottom_guard,assets/page_images/001_道因法师碑/p0012.jpg,4,6,1,http://data.library.sh.cn/bt/resource/work/v1e0qbx3r5wp1uw4,http://iiif.library.sh.cn/api/viewer/17A331,https://iiif.library.sh.cn/p/3/02c55611-7427-4cd0-a2cd-a15b5ccbaa9c,https://iiif.library.sh.cn/c/3/a2a0559b-d52c-40c8-a7dc-37082b552694,1465,2233,https://iiif.library.sh.cn/c/3/a2a0559b-d52c-40c8-a7dc-37082b552694/ap/s,https://iiif.library.sh.cn/c/3/a2a0559b-d52c-40c8-a7dc-37082b552694/ap/c/a/cd52a091-206c-40ba-9261-e15b4ed8defd,39,39,supplementing,"[201, 1585, 346, 1730]","https://iiif.library.sh.cn/c/3/a2a0559b-d52c-40c8-a7dc-37082b552694#xywh=201,1585,145,145",李俨撰文，欧阳通楷书,欧阳通（楷书）；李儇（撰文）,唐,龙朔三年十月十日刻立（663）,663,楷书,17A331,《翰墨瑰宝：上海图书馆藏珍本碑帖丛刊》第二辑,iiif_annotation_target_xywh,iiif_xywh
001_道因法师碑_p0012_c040,而,001_道因法师碑,道因法师碑,12,十二,201,1787,145,145,"[201, 1787, 145, 145]",193,1767,161,185,"[193, 1767, 161, 185]",175,1761,197,197,"[175, 1761, 197, 197]",174,1737,199,256,"[174, 1737, 199, 256]",174,1737,199,256,"[174, 1737, 199, 256]",offline_local_binary_ring_bottom_guard,assets/page_images/001_道因法师碑/p0012.jpg,4,7,1,http://data.library.sh.cn/bt/resource/work/v1e0qbx3r5wp1uw4,http://iiif.library.sh.cn/api/viewer/17A331,https://iiif.library.sh.cn/p/3/02c55611-7427-4cd0-a2cd-a15b5ccbaa9c,https://iiif.library.sh.cn/c/3/a2a0559b-d52c-40c8-a7dc-37082b552694,1465,2233,https://iiif.library.sh.cn/c/3/a2a0559b-d52c-40c8-a7dc-37082b552694/ap/s,https://iiif.library.sh.cn/c/3/a2a0559b-d52c-40c8-a7dc-37082b552694/ap/c/a/2acd07a8-2935-47c0-928a-a82fbac360b5,40,40,supplementing,"[201, 1787, 346, 1932]","https://iiif.library.sh.cn/c/3/a2a0559b-d52c-40c8-a7dc-37082b552694#xywh=201,1787,145,145",李俨撰文，欧阳通楷书,欧阳通（楷书）；李儇（撰文）,唐,龙朔三年十月十日刻立（663）,663,楷书,17A331,《翰墨瑰宝：上海图书馆藏珍本碑帖丛刊》第二辑,iiif_annotation_target_xywh,iiif_xywh
001_道因法师碑_p0013_c001,见,001_道因法师碑,道因法师碑,13,十三,1120,510,161,161,"[1120, 510, 161, 161]",1118,504,165,173,"[1118, 504, 165, 173]",1091,481,219,219,"[1091, 481, 219, 219]",1098,471,205,244,"[1098, 471, 205, 244]",1098,471,205,244,"[1098, 471, 205, 244]",offline_local_binary_ring_bottom_guard,assets/page_images/001_道因法师碑/p0013.jpg,0,0,1,http://data.library.sh.cn/bt/resource/work/v1e0qbx3r5wp1uw4,http://iiif.library.sh.cn/api/viewer/17A331,https://iiif.library.sh.cn/p/3/02c55611-7427-4cd0-a2cd-a15b5ccbaa9c,https://iiif.library.sh.cn/c/3/43b71d2e-9946-4d9f-afe5-2980e5e50ee6,1447,2228,https://iiif.library.sh.cn/c/3/43b71d2e-9946-4d9f-afe5-2980e5e50ee6/ap/s,https://iiif.library.sh.cn/c/3/43b71d2e-9946-4d9f-afe5-2980e5e50ee6/ap/c/a/be68aa35-937e-4a87-8aef-269eaa23eac3,1,1,supplementing,"[1120, 510, 1281, 671]","https://iiif.library.sh.cn/c/3/43b71d2e-9946-4d9f-afe5-2980e5e50ee6#xywh=1120,510,161,161",李俨撰文，欧阳通楷书,欧阳通（楷书）；李儇（撰文）,唐,龙朔三年十月十日刻立（663）,663,楷书,17A331,《翰墨瑰宝：上海图书馆藏珍本碑帖丛刊》第二辑,iiif_annotation_target_xywh,iiif_xywh
001_道因法师碑_p0013_c002,之,001_道因法师碑,道因法师碑,13,十三,1120,698,161,161,"[1120, 698, 161, 161]",1118,691,165,152,"[1118, 691, 165, 152]",1091,669,219,219,"[1091, 669, 219, 219]",1098,658,205,218,"[1098, 658, 205, 218]",1098,658,205,218,"[1098, 658, 205, 218]",offline_local_binary_ring_bottom_guard,assets/page_images/001_道因法师碑/p0013.jpg,0,1,1,http://data.library.sh.cn/bt/resource/work/v1e0qbx3r5wp1uw4,http://iiif.library.sh.cn/api/viewer/17A331,https://iiif.library.sh.cn/p/3/02c55611-7427-4cd0-a2cd-a15b5ccbaa9c,https://iiif.library.sh.cn/c/3/43b71d2e-9946-4d9f-afe5-2980e5e50ee6,1447,2228,https://iiif.library.sh.cn/c/3/43b71d2e-9946-4d9f-afe5-2980e5e50ee6/ap/s,https://iiif.library.sh.cn/c/3/43b71d2e-9946-4d9f-afe5-2980e5e50ee6/ap/c/a/8296fa29-19ae-41d9-8b9c-691fe19da343,2,2,supplementing,"[1120, 698, 1281, 859]","https://iiif.library.sh.cn/c/3/43b71d2e-9946-4d9f-afe5-2980e5e50ee6#xywh=1120,698,161,161",李俨撰文，欧阳通楷书,欧阳通（楷书）；李儇（撰文）,唐,龙朔三年十月十日刻立（663）,663,楷书,17A331,《翰墨瑰宝：上海图书馆藏珍本碑帖丛刊》第二辑,iiif_annotation_target_xywh,iiif_xywh
001_道因法师碑_p0013_c003,矣,001_道因法师碑,道因法师碑,13,十三,1120,841,161,161,"[1120, 841, 161, 161]",1118,856,165,145,"[1118, 856, 165, 145]",1091,812,219,219,"[1091, 812, 219, 219]",1098,824,205,209,"[1098, 824, 205, 209]",1098,824,205,209,"[1098, 824, 205, 209]",offline_local_binary_ring_bottom_guard,assets/page_images/001_道因法师碑/p0013.jpg,0,2,1,http://data.library.sh.cn/bt/resource/work/v1e0qbx3r5wp1uw4,http://iiif.library.sh.cn/api/viewer/17A331,https://iiif.library.sh.cn/p/3/02c55611-7427-4cd0-a2cd-a15b5ccbaa9c,https://iiif.library.sh.cn/c/3/43b71d2e-9946-4d9f-afe5-2980e5e50ee6,1447,2228,https://iiif.library.sh.cn/c/3/43b71d2e-9946-4d9f-afe5-2980e5e50ee6/ap/s,https://iiif.library.sh.cn/c/3/43b71d2e-9946-4d9f-afe5-2980e5e50ee6/ap/c/a/0cb5e5de-ee4c-473c-a462-e1be199f726c,3,3,supplementing,"[1120, 841, 1281, 1002]","https://iiif.library.sh.cn/c/3/43b71d2e-9946-4d9f-afe5-2980e5e50ee6#xywh=1120,841,161,161",李俨撰文，欧阳通楷书,欧阳通（楷书）；李儇（撰文）,唐,龙朔三年十月十日刻立（663）,663,楷书,17A331,《翰墨瑰宝：上海图书馆藏珍本碑帖丛刊》第二辑,iiif_annotation_target_xywh,iiif_xywh
001_道因法师碑_p0013_c004,法,001_道因法师碑,道因法师碑,13,十三,1120,1012,161,161,"[1120, 1012, 161, 161]",1118,1015,165,173,"[1118, 1015, 165, 173]",1091,983,219,219,"[1091, 983, 219, 219]",1098,979,205,247,"[1098, 979, 205, 247]",1098,979,205,247,"[1098, 979, 205, 247]",offline_local_binary_ring_bottom_guard,assets/page_images/001_道因法师碑/p0013.jpg,0,3,1,http://data.library.sh.cn/bt/resource/work/v1e0qbx3r5wp1uw4,http://iiif.library.sh.cn/api/viewer/17A331,https://iiif.library.sh.cn/p/3/02c55611-7427-4cd0-a2cd-a15b5ccbaa9c,https://iiif.library.sh.cn/c/3/43b71d2e-9946-4d9f-afe5-2980e5e50ee6,1447,2228,https://iiif.library.sh.cn/c/3/43b71d2e-9946-4d9f-afe5-2980e5e50ee6/ap/s,https://iiif.library.sh.cn/c/3/43b71d2e-9946-4d9f-afe5-2980e5e50ee6/ap/c/a/d2851bba-2eb9-47ad-b7af-ab0efab13e90,4,4,supplementing,"[1120, 1012, 1281, 1173]","https://iiif.library.sh.cn/c/3/43b71d2e-9946-4d9f-afe5-2980e5e50ee6#xywh=1120,1012,161,161",李俨撰文，欧阳通楷书,欧阳通（楷书）；李儇（撰文）,唐,龙朔三年十月十日刻立（663）,663,楷书,17A331,《翰墨瑰宝：上海图书馆藏珍本碑帖丛刊》第二辑,iiif_annotation_target_xywh,iiif_xywh
001_道因法师碑_p0013_c005,师,001_道因法师碑,道因法师碑,13,十三,1120,1219,161,161,"[1120, 1219, 161, 161]",1118,1203,165,171,"[1118, 1203, 165, 171]",1091,1190,219,219,"[1091, 1190, 219, 219]",1098,1170,205,242,"[1098, 1170, 205, 242]",1098,1170,205,242,"[1098, 1170, 205, 242]",offline_local_binary_ring_bottom_guard,assets/page_images/001_道因法师碑/p0013.jpg,0,4,1,http://data.library.sh.cn/bt/resource/work/v1e0qbx3r5wp1uw4,http://iiif.library.sh.cn/api/viewer/17A331,https://iiif.library.sh.cn/p/3/02c55611-7427-4cd0-a2cd-a15b5ccbaa9c,https://iiif.library.sh.cn/c/3/43b71d2e-9946-4d9f-afe5-2980e5e50ee6,1447,2228,https://iiif.library.sh.cn/c/3/43b71d2e-9946-4d9f-afe5-2980e5e50ee6/ap/s,https://iiif.library.sh.cn/c/3/43b71d2e-9946-4d9f-afe5-2980e5e50ee6/ap/c/a/86b97c3b-8f9f-46e7-9328-8a8db3f4f944,5,5,supplementing,"[1120, 1219, 1281, 1380]","https://iiif.library.sh.cn/c/3/43b71d2e-9946-4d9f-afe5-2980e5e50ee6#xywh=1120,1219,161,161",李俨撰文，欧阳通楷书,欧阳通（楷书）；李儇（撰文）,唐,龙朔三年十月十日刻立（663）,663,楷书,17A331,《翰墨瑰宝：上海图书馆藏珍本碑帖丛刊》第二辑,iiif_annotation_target_xywh,iiif_xywh
001_道因法师碑_p0013_c006,讳,001_道因法师碑,道因法师碑,13,十三,1120,1382,161,161,"[1120, 1382, 161, 161]",1118,1388,165,166,"[1118, 1388, 165, 166]",1091,1353,219,219,"[1091, 1353, 219, 219]",1098,1351,205,240,"[1098, 1351, 205, 240]",1098,1351,205,240,"[1098, 1351, 205, 240]",offline_local_binary_ring_bottom_guard,assets/page_images/001_道因法师碑/p0013.jpg,0,5,1,http://data.library.sh.cn/bt/resource/work/v1e0qbx3r5wp1uw4,http://iiif.library.sh.cn/api/viewer/17A331,https://iiif.library.sh.cn/p/3/02c55611-7427-4cd0-a2cd-a15b5ccbaa9c,https://iiif.library.sh.cn/c/3/43b71d2e-9946-4d9f-afe5-2980e5e50ee6,1447,2228,https://iiif.library.sh.cn/c/3/43b71d2e-9946-4d9f-afe5-2980e5e50ee6/ap/s,https://iiif.library.sh.cn/c/3/43b71d2e-9946-4d9f-afe5-2980e5e50ee6/ap/c/a/2bcea807-8c43-4738-8701-6c858554e6d9,6,6,supplementing,"[1120, 1382, 1281, 1543]","https://iiif.library.sh.cn/c/3/43b71d2e-9946-4d9f-afe5-2980e5e50ee6#xywh=1120,1382,161,161",李俨撰文，欧阳通楷书,欧阳通（楷书）；李儇（撰文）,唐,龙朔三年十月十日刻立（663）,663,楷书,17A331,《翰墨瑰宝：上海图书馆藏珍本碑帖丛刊》第二辑,iiif_annotation_target_xywh,iiif_xywh
001_道因法师碑_p0013_c007,道,001_道因法师碑,道因法师碑,13,十三,1120,1579,161,161,"[1120, 1579, 161, 161]",1118,1569,165,184,"[1118, 1569, 165, 184]",1091,1550,219,219,"[1091, 1550, 219, 219]",1098,1536,205,257,"[1098, 1536, 205, 257]",1098,1536,205,257,"[1098, 1536, 205, 257]",offline_local_binary_ring_bottom_guard,assets/page_images/001_道因法师碑/p0013.jpg,0,6,1,http://data.library.sh.cn/bt/resource/work/v1e0qbx3r5wp1uw4,http://iiif.library.sh.cn/api/viewer/17A331,https://iiif.library.sh.cn/p/3/02c55611-7427-4cd0-a2cd-a15b5ccbaa9c,https://iiif.library.sh.cn/c/3/43b71d2e-9946-4d9f-afe5-2980e5e50ee6,1447,2228,https://iiif.library.sh.cn/c/3/43b71d2e-9946-4d9f-afe5-2980e5e50ee6/ap/s,https://iiif.library.sh.cn/c/3/43b71d2e-9946-4d9f-afe5-2980e5e50ee6/ap/c/a/9b28394b-530a-4a1d-a4fa-0092eda922d3,7,7,supplementing,"[1120, 1579, 1281, 1740]","https://iiif.library.sh.cn/c/3/43b71d2e-9946-4d9f-afe5-2980e5e50ee6#xywh=1120,1579,161,161",李俨撰文，欧阳通楷书,欧阳通（楷书）；李儇（撰文）,唐,龙朔三年十月十日刻立（663）,663,楷书,17A331,《翰墨瑰宝：上海图书馆藏珍本碑帖丛刊》第二辑,iiif_annotation_target_xywh,iiif_xywh
001_道因法师碑_p0013_c008,因,001_道因法师碑,道因法师碑,13,十三,1120,1783,161,161,"[1120, 1783, 161, 161]",1118,1770,165,187,"[1118, 1770, 165, 187]",1091,1754,219,219,"[1091, 1754, 219, 219]",1098,1737,205,261,"[1098, 1737, 205, 261]",1098,1737,205,261,"[1098, 1737, 205, 261]",offline_local_binary_ring_bottom_guard,assets/page_images/001_道因法师碑/p0013.jpg,0,7,1,http://data.library.sh.cn/bt/resource/work/v1e0qbx3r5wp1uw4,http://iiif.library.sh.cn/api/viewer/17A331,https://iiif.library.sh.cn/p/3/02c55611-7427-4cd0-a2cd-a15b5ccbaa9c,https://iiif.library.sh.cn/c/3/43b71d2e-9946-4d9f-afe5-2980e5e50ee6,1447,2228,https://iiif.library.sh.cn/c/3/43b71d2e-9946-4d9f-afe5-2980e5e50ee6/ap/s,https://iiif.library.sh.cn/c/3/43b71d2e-9946-4d9f-afe5-2980e5e50ee6/ap/c/a/aff95557-a73b-4d2b-a6ba-faf414f1d35a,8,8,supplementing,"[1120, 1783, 1281, 1944]","https://iiif.library.sh.cn/c/3/43b71d2e-9946-4d9f-afe5-2980e5e50ee6#xywh=1120,1783,161,161",李俨撰文，欧阳通楷书,欧阳通（楷书）；李儇（撰文）,唐,龙朔三年十月十日刻立（663）,663,楷书,17A331,《翰墨瑰宝：上海图书馆藏珍本碑帖丛刊》第二辑,iiif_annotation_target_xywh,iiif_xywh
001_道因法师碑_p0013_c009,俗,001_道因法师碑,道因法师碑,13,十三,943,524,155,155,"[943, 524, 155, 155]",948,542,156,119,"[948, 542, 156, 119]",915,496,211,211,"[915, 496, 211, 211]",929,516,194,171,"[929, 516, 194, 171]",929,516,194,171,"[929, 516, 194, 171]",offline_local_binary_ring_bottom_guard,assets/page_images/001_道因法师碑/p0013.jpg,1,0,1,http://data.library.sh.cn/bt/resource/work/v1e0qbx3r5wp1uw4,http://iiif.library.sh.cn/api/viewer/17A331,https://iiif.library.sh.cn/p/3/02c55611-7427-4cd0-a2cd-a15b5ccbaa9c,https://iiif.library.sh.cn/c/3/43b71d2e-9946-4d9f-afe5-2980e5e50ee6,1447,2228,https://iiif.library.sh.cn/c/3/43b71d2e-9946-4d9f-afe5-2980e5e50ee6/ap/s,https://iiif.library.sh.cn/c/3/43b71d2e-9946-4d9f-afe5-2980e5e50ee6/ap/c/a/c4161a63-d667-4d84-af17-0faa62068ac8,9,9,supplementing,"[943, 524, 1098, 679]","https://iiif.library.sh.cn/c/3/43b71d2e-9946-4d9f-afe5-2980e5e50ee6#xywh=943,524,155,155",李俨撰文，欧阳通楷书,欧阳通（楷书）；李儇（撰文）,唐,龙朔三年十月十日刻立（663）,663,楷书,17A331,《翰墨瑰宝：上海图书馆藏珍本碑帖丛刊》第二辑,iiif_annotation_target_xywh,iiif_xywh
001_道因法师碑_p0013_c010,姓,001_道因法师碑,道因法师碑,13,十三,943,654,155,155,"[943, 654, 155, 155]",948,673,156,154,"[948, 673, 156, 154]",915,626,211,211,"[915, 626, 211, 211]",929,639,194,222,"[929, 639, 194, 222]",929,639,194,222,"[929, 639, 194, 222]",offline_local_binary_ring_bottom_guard,assets/page_images/001_道因法师碑/p0013.jpg,1,1,1,http://data.library.sh.cn/bt/resource/work/v1e0qbx3r5wp1uw4,http://iiif.library.sh.cn/api/viewer/17A331,https://iiif.library.sh.cn/p/3/02c55611-7427-4cd0-a2cd-a15b5ccbaa9c,https://iiif.library.sh.cn/c/3/43b71d2e-9946-4d9f-afe5-2980e5e50ee6,1447,2228,https://iiif.library.sh.cn/c/3/43b71d2e-9946-4d9f-afe5-2980e5e50ee6/ap/s,https://iiif.library.sh.cn/c/3/43b71d2e-9946-4d9f-afe5-2980e5e50ee6/ap/c/a/59095173-211f-407d-8a96-e3503fd66c2e,10,10,supplementing,"[943, 654, 1098, 809]","https://iiif.library.sh.cn/c/3/43b71d2e-9946-4d9f-afe5-2980e5e50ee6#xywh=943,654,155,155",李俨撰文，欧阳通楷书,欧阳通（楷书）；李儇（撰文）,唐,龙朔三年十月十日刻立（663）,663,楷书,17A331,《翰墨瑰宝：上海图书馆藏珍本碑帖丛刊》第二辑,iiif_annotation_target_xywh,iiif_xywh
001_道因法师碑_p0013_c011,侯,001_道因法师碑,道因法师碑,13,十三,943,859,155,155,"[943, 859, 155, 155]",948,841,156,171,"[948, 841, 156, 171]",915,831,211,211,"[915, 831, 211, 211]",929,809,194,241,"[929, 809, 194, 241]",929,809,194,241,"[929, 809, 194, 241]",offline_local_binary_ring_bottom_guard,assets/page_images/001_道因法师碑/p0013.jpg,1,2,1,http://data.library.sh.cn/bt/resource/work/v1e0qbx3r5wp1uw4,http://iiif.library.sh.cn/api/viewer/17A331,https://iiif.library.sh.cn/p/3/02c55611-7427-4cd0-a2cd-a15b5ccbaa9c,https://iiif.library.sh.cn/c/3/43b71d2e-9946-4d9f-afe5-2980e5e50ee6,1447,2228,https://iiif.library.sh.cn/c/3/43b71d2e-9946-4d9f-afe5-2980e5e50ee6/ap/s,https://iiif.library.sh.cn/c/3/43b71d2e-9946-4d9f-afe5-2980e5e50ee6/ap/c/a/4d261dc3-a829-472d-bdfa-3991ecd9da2c,11,11,supplementing,"[943, 859, 1098, 1014]","https://iiif.library.sh.cn/c/3/43b71d2e-9946-4d9f-afe5-2980e5e50ee6#xywh=943,859,155,155",李俨撰文，欧阳通楷书,欧阳通（楷书）；李儇（撰文）,唐,龙朔三年十月十日刻立（663）,663,楷书,17A331,《翰墨瑰宝：上海图书馆藏珍本碑帖丛刊》第二辑,iiif_annotation_target_xywh,iiif_xywh
001_道因法师碑_p0013_c012,氏,001_道因法师碑,道因法师碑,13,十三,943,1024,155,155,"[943, 1024, 155, 155]",948,1026,156,159,"[948, 1026, 156, 159]",915,996,211,211,"[915, 996, 211, 211]",929,992,194,228,"[929, 992, 194, 228]",929,992,194,228,"[929, 992, 194, 228]",offline_local_binary_ring_bottom_guard,assets/page_images/001_道因法师碑/p0013.jpg,1,3,1,http://data.library.sh.cn/bt/resource/work/v1e0qbx3r5wp1uw4,http://iiif.library.sh.cn/api/viewer/17A331,https://iiif.library.sh.cn/p/3/02c55611-7427-4cd0-a2cd-a15b5ccbaa9c,https://iiif.library.sh.cn/c/3/43b71d2e-9946-4d9f-afe5-2980e5e50ee6,1447,2228,https://iiif.library.sh.cn/c/3/43b71d2e-9946-4d9f-afe5-2980e5e50ee6/ap/s,https://iiif.library.sh.cn/c/3/43b71d2e-9946-4d9f-afe5-2980e5e50ee6/ap/c/a/4dd178e5-f6f1-4ee5-b645-e39f449d82c7,12,12,supplementing,"[943, 1024, 1098, 1179]","https://iiif.library.sh.cn/c/3/43b71d2e-9946-4d9f-afe5-2980e5e50ee6#xywh=943,1024,155,155",李俨撰文，欧阳通楷书,欧阳通（楷书）；李儇（撰文）,唐,龙朔三年十月十日刻立（663）,663,楷书,17A331,《翰墨瑰宝：上海图书馆藏珍本碑帖丛刊》第二辑,iiif_annotation_target_xywh,iiif_xywh
001_道因法师碑_p0013_c013,濮,001_道因法师碑,道因法师碑,13,十三,943,1205,155,155,"[943, 1205, 155, 155]",948,1199,156,173,"[948, 1199, 156, 173]",915,1177,211,211,"[915, 1177, 211, 211]",929,1167,194,243,"[929, 1167, 194, 243]",929,1167,194,243,"[929, 1167, 194, 243]",offline_local_binary_ring_bottom_guard,assets/page_images/001_道因法师碑/p0013.jpg,1,4,1,http://data.library.sh.cn/bt/resource/work/v1e0qbx3r5wp1uw4,http://iiif.library.sh.cn/api/viewer/17A331,https://iiif.library.sh.cn/p/3/02c55611-7427-4cd0-a2cd-a15b5ccbaa9c,https://iiif.library.sh.cn/c/3/43b71d2e-9946-4d9f-afe5-2980e5e50ee6,1447,2228,https://iiif.library.sh.cn/c/3/43b71d2e-9946-4d9f-afe5-2980e5e50ee6/ap/s,https://iiif.library.sh.cn/c/3/43b71d2e-9946-4d9f-afe5-2980e5e50ee6/ap/c/a/5748265b-d0b8-4dd2-8abc-06dc2ac1e7ed,13,13,supplementing,"[943, 1205, 1098, 1360]","https://iiif.library.sh.cn/c/3/43b71d2e-9946-4d9f-afe5-2980e5e50ee6#xywh=943,1205,155,155",李俨撰文，欧阳通楷书,欧阳通（楷书）；李儇（撰文）,唐,龙朔三年十月十日刻立（663）,663,楷书,17A331,《翰墨瑰宝：上海图书馆藏珍本碑帖丛刊》第二辑,iiif_annotation_target_xywh,iiif_xywh
001_道因法师碑_p0013_c014,阳,001_道因法师碑,道因法师碑,13,十三,943,1398,155,155,"[943, 1398, 155, 155]",948,1387,156,174,"[948, 1387, 156, 174]",915,1370,211,211,"[915, 1370, 211, 211]",929,1355,194,244,"[929, 1355, 194, 244]",929,1355,194,244,"[929, 1355, 194, 244]",offline_local_binary_ring_bottom_guard,assets/page_images/001_道因法师碑/p0013.jpg,1,5,1,http://data.library.sh.cn/bt/resource/work/v1e0qbx3r5wp1uw4,http://iiif.library.sh.cn/api/viewer/17A331,https://iiif.library.sh.cn/p/3/02c55611-7427-4cd0-a2cd-a15b5ccbaa9c,https://iiif.library.sh.cn/c/3/43b71d2e-9946-4d9f-afe5-2980e5e50ee6,1447,2228,https://iiif.library.sh.cn/c/3/43b71d2e-9946-4d9f-afe5-2980e5e50ee6/ap/s,https://iiif.library.sh.cn/c/3/43b71d2e-9946-4d9f-afe5-2980e5e50ee6/ap/c/a/71f558f4-992d-44a3-a1a2-48e45aacf894,14,14,supplementing,"[943, 1398, 1098, 1553]","https://iiif.library.sh.cn/c/3/43b71d2e-9946-4d9f-afe5-2980e5e50ee6#xywh=943,1398,155,155",李俨撰文，欧阳通楷书,欧阳通（楷书）；李儇（撰文）,唐,龙朔三年十月十日刻立（663）,663,楷书,17A331,《翰墨瑰宝：上海图书馆藏珍本碑帖丛刊》第二辑,iiif_annotation_target_xywh,iiif_xywh
001_道因法师碑_p0013_c015,人,001_道因法师碑,道因法师碑,13,十三,943,1585,155,155,"[943, 1585, 155, 155]",948,1576,156,159,"[948, 1576, 156, 159]",915,1557,211,211,"[915, 1557, 211, 211]",929,1544,194,226,"[929, 1544, 194, 226]",929,1544,194,226,"[929, 1544, 194, 226]",offline_local_binary_ring_bottom_guard,assets/page_images/001_道因法师碑/p0013.jpg,1,6,1,http://data.library.sh.cn/bt/resource/work/v1e0qbx3r5wp1uw4,http://iiif.library.sh.cn/api/viewer/17A331,https://iiif.library.sh.cn/p/3/02c55611-7427-4cd0-a2cd-a15b5ccbaa9c,https://iiif.library.sh.cn/c/3/43b71d2e-9946-4d9f-afe5-2980e5e50ee6,1447,2228,https://iiif.library.sh.cn/c/3/43b71d2e-9946-4d9f-afe5-2980e5e50ee6/ap/s,https://iiif.library.sh.cn/c/3/43b71d2e-9946-4d9f-afe5-2980e5e50ee6/ap/c/a/b9be7163-6827-41de-ac1e-3eb3ba26ca4f,15,15,supplementing,"[943, 1585, 1098, 1740]","https://iiif.library.sh.cn/c/3/43b71d2e-9946-4d9f-afe5-2980e5e50ee6#xywh=943,1585,155,155",李俨撰文，欧阳通楷书,欧阳通（楷书）；李儇（撰文）,唐,龙朔三年十月十日刻立（663）,663,楷书,17A331,《翰墨瑰宝：上海图书馆藏珍本碑帖丛刊》第二辑,iiif_annotation_target_xywh,iiif_xywh
001_道因法师碑_p0013_c016,也,001_道因法师碑,道因法师碑,13,十三,963,1754,136,136,"[963, 1754, 136, 136]",948,1749,156,146,"[948, 1749, 156, 146]",939,1730,184,184,"[939, 1730, 184, 184]",929,1721,194,206,"[929, 1721, 194, 206]",929,1721,194,206,"[929, 1721, 194, 206]",offline_local_binary_ring_bottom_guard,assets/page_images/001_道因法师碑/p0013.jpg,1,7,1,http://data.library.sh.cn/bt/resource/work/v1e0qbx3r5wp1uw4,http://iiif.library.sh.cn/api/viewer/17A331,https://iiif.library.sh.cn/p/3/02c55611-7427-4cd0-a2cd-a15b5ccbaa9c,https://iiif.library.sh.cn/c/3/43b71d2e-9946-4d9f-afe5-2980e5e50ee6,1447,2228,https://iiif.library.sh.cn/c/3/43b71d2e-9946-4d9f-afe5-2980e5e50ee6/ap/s,https://iiif.library.sh.cn/c/3/43b71d2e-9946-4d9f-afe5-2980e5e50ee6/ap/c/a/3e4bcdd7-c645-442c-ae9c-dff4ce245579,16,16,supplementing,"[963, 1754, 1099, 1890]","https://iiif.library.sh.cn/c/3/43b71d2e-9946-4d9f-afe5-2980e5e50ee6#xywh=963,1754,136,136",李俨撰文，欧阳通楷书,欧阳通（楷书）；李儇（撰文）,唐,龙朔三年十月十日刻立（663）,663,楷书,17A331,《翰墨瑰宝：上海图书馆藏珍本碑帖丛刊》第二辑,iiif_annotation_target_xywh,iiif_xywh
001_道因法师碑_p0013_c017,自,001_道因法师碑,道因法师碑,13,十三,786,528,150,150,"[786, 528, 150, 150]",786,545,149,116,"[786, 545, 149, 116]",759,501,204,204,"[759, 501, 204, 204]",768,519,185,168,"[768, 519, 185, 168]",768,519,185,168,"[768, 519, 185, 168]",offline_local_binary_ring_bottom_guard,assets/page_images/001_道因法师碑/p0013.jpg,2,0,1,http://data.library.sh.cn/bt/resource/work/v1e0qbx3r5wp1uw4,http://iiif.library.sh.cn/api/viewer/17A331,https://iiif.library.sh.cn/p/3/02c55611-7427-4cd0-a2cd-a15b5ccbaa9c,https://iiif.library.sh.cn/c/3/43b71d2e-9946-4d9f-afe5-2980e5e50ee6,1447,2228,https://iiif.library.sh.cn/c/3/43b71d2e-9946-4d9f-afe5-2980e5e50ee6/ap/s,https://iiif.library.sh.cn/c/3/43b71d2e-9946-4d9f-afe5-2980e5e50ee6/ap/c/a/84ea8ca1-6f1c-4664-b033-d99c025ea641,17,17,supplementing,"[786, 528, 936, 678]","https://iiif.library.sh.cn/c/3/43b71d2e-9946-4d9f-afe5-2980e5e50ee6#xywh=786,528,150,150",李俨撰文，欧阳通楷书,欧阳通（楷书）；李儇（撰文）,唐,龙朔三年十月十日刻立（663）,663,楷书,17A331,《翰墨瑰宝：上海图书馆藏珍本碑帖丛刊》第二辑,iiif_annotation_target_xywh,iiif_xywh
001_道因法师碑_p0013_c018,绕,001_道因法师碑,道因法师碑,13,十三,786,654,150,150,"[786, 654, 150, 150]",786,673,149,160,"[786, 673, 149, 160]",759,627,204,204,"[759, 627, 204, 204]",768,638,185,230,"[768, 638, 185, 230]",768,638,185,230,"[768, 638, 185, 230]",offline_local_binary_ring_bottom_guard,assets/page_images/001_道因法师碑/p0013.jpg,2,1,1,http://data.library.sh.cn/bt/resource/work/v1e0qbx3r5wp1uw4,http://iiif.library.sh.cn/api/viewer/17A331,https://iiif.library.sh.cn/p/3/02c55611-7427-4cd0-a2cd-a15b5ccbaa9c,https://iiif.library.sh.cn/c/3/43b71d2e-9946-4d9f-afe5-2980e5e50ee6,1447,2228,https://iiif.library.sh.cn/c/3/43b71d2e-9946-4d9f-afe5-2980e5e50ee6/ap/s,https://iiif.library.sh.cn/c/3/43b71d2e-9946-4d9f-afe5-2980e5e50ee6/ap/c/a/ae14883c-8318-40c2-b9cc-41a61859d372,18,18,supplementing,"[786, 654, 936, 804]","https://iiif.library.sh.cn/c/3/43b71d2e-9946-4d9f-afe5-2980e5e50ee6#xywh=786,654,150,150",李俨撰文，欧阳通楷书,欧阳通（楷书）；李儇（撰文）,唐,龙朔三年十月十日刻立（663）,663,楷书,17A331,《翰墨瑰宝：上海图书馆藏珍本碑帖丛刊》第二辑,iiif_annotation_target_xywh,iiif_xywh
001_道因法师碑_p0013_c019,枢,001_道因法师碑,道因法师碑,13,十三,786,875,150,150,"[786, 875, 150, 150]",786,848,149,184,"[786, 848, 149, 184]",759,848,204,204,"[759, 848, 204, 204]",768,817,185,255,"[768, 817, 185, 255]",768,817,185,255,"[768, 817, 185, 255]",offline_local_binary_ring_bottom_guard,assets/page_images/001_道因法师碑/p0013.jpg,2,2,1,http://data.library.sh.cn/bt/resource/work/v1e0qbx3r5wp1uw4,http://iiif.library.sh.cn/api/viewer/17A331,https://iiif.library.sh.cn/p/3/02c55611-7427-4cd0-a2cd-a15b5ccbaa9c,https://iiif.library.sh.cn/c/3/43b71d2e-9946-4d9f-afe5-2980e5e50ee6,1447,2228,https://iiif.library.sh.cn/c/3/43b71d2e-9946-4d9f-afe5-2980e5e50ee6/ap/s,https://iiif.library.sh.cn/c/3/43b71d2e-9946-4d9f-afe5-2980e5e50ee6/ap/c/a/e19cfd3f-cfde-4980-a08c-c169137313d5,19,19,supplementing,"[786, 875, 936, 1025]","https://iiif.library.sh.cn/c/3/43b71d2e-9946-4d9f-afe5-2980e5e50ee6#xywh=786,875,150,150",李俨撰文，欧阳通楷书,欧阳通（楷书）；李儇（撰文）,唐,龙朔三年十月十日刻立（663）,663,楷书,17A331,《翰墨瑰宝：上海图书馆藏珍本碑帖丛刊》第二辑,iiif_annotation_target_xywh,iiif_xywh
001_道因法师碑_p0013_c020,凝,001_道因法师碑,道因法师碑,13,十三,786,1054,150,150,"[786, 1054, 150, 150]",786,1047,149,162,"[786, 1047, 149, 162]",759,1027,204,204,"[759, 1027, 204, 204]",768,1016,185,229,"[768, 1016, 185, 229]",768,1016,185,229,"[768, 1016, 185, 229]",offline_local_binary_ring_bottom_guard,assets/page_images/001_道因法师碑/p0013.jpg,2,3,1,http://data.library.sh.cn/bt/resource/work/v1e0qbx3r5wp1uw4,http://iiif.library.sh.cn/api/viewer/17A331,https://iiif.library.sh.cn/p/3/02c55611-7427-4cd0-a2cd-a15b5ccbaa9c,https://iiif.library.sh.cn/c/3/43b71d2e-9946-4d9f-afe5-2980e5e50ee6,1447,2228,https://iiif.library.sh.cn/c/3/43b71d2e-9946-4d9f-afe5-2980e5e50ee6/ap/s,https://iiif.library.sh.cn/c/3/43b71d2e-9946-4d9f-afe5-2980e5e50ee6/ap/c/a/539dd9da-d479-4531-92ec-3d28571c3830,20,20,supplementing,"[786, 1054, 936, 1204]","https://iiif.library.sh.cn/c/3/43b71d2e-9946-4d9f-afe5-2980e5e50ee6#xywh=786,1054,150,150",李俨撰文，欧阳通楷书,欧阳通（楷书）；李儇（撰文）,唐,龙朔三年十月十日刻立（663）,663,楷书,17A331,《翰墨瑰宝：上海图书馆藏珍本碑帖丛刊》第二辑,iiif_annotation_target_xywh,iiif_xywh
001_道因法师碑_p0013_c021,祉,001_道因法师碑,道因法师碑,13,十三,786,1229,150,150,"[786, 1229, 150, 150]",786,1224,149,160,"[786, 1224, 149, 160]",759,1202,204,204,"[759, 1202, 204, 204]",768,1193,185,226,"[768, 1193, 185, 226]",768,1193,185,226,"[768, 1193, 185, 226]",offline_local_binary_ring_bottom_guard,assets/page_images/001_道因法师碑/p0013.jpg,2,4,1,http://data.library.sh.cn/bt/resource/work/v1e0qbx3r5wp1uw4,http://iiif.library.sh.cn/api/viewer/17A331,https://iiif.library.sh.cn/p/3/02c55611-7427-4cd0-a2cd-a15b5ccbaa9c,https://iiif.library.sh.cn/c/3/43b71d2e-9946-4d9f-afe5-2980e5e50ee6,1447,2228,https://iiif.library.sh.cn/c/3/43b71d2e-9946-4d9f-afe5-2980e5e50ee6/ap/s,https://iiif.library.sh.cn/c/3/43b71d2e-9946-4d9f-afe5-2980e5e50ee6/ap/c/a/b16fc44a-73aa-475c-9a81-b77c50043284,21,21,supplementing,"[786, 1229, 936, 1379]","https://iiif.library.sh.cn/c/3/43b71d2e-9946-4d9f-afe5-2980e5e50ee6#xywh=786,1229,150,150",李俨撰文，欧阳通楷书,欧阳通（楷书）；李儇（撰文）,唐,龙朔三年十月十日刻立（663）,663,楷书,17A331,《翰墨瑰宝：上海图书馆藏珍本碑帖丛刊》第二辑,iiif_annotation_target_xywh,iiif_xywh
001_道因法师碑_p0013_c022,纪,001_道因法师碑,道因法师碑,13,十三,786,1404,150,150,"[786, 1404, 150, 150]",786,1399,149,162,"[786, 1399, 149, 162]",759,1377,204,204,"[759, 1377, 204, 204]",768,1368,185,229,"[768, 1368, 185, 229]",768,1368,185,229,"[768, 1368, 185, 229]",offline_local_binary_ring_bottom_guard,assets/page_images/001_道因法师碑/p0013.jpg,2,5,1,http://data.library.sh.cn/bt/resource/work/v1e0qbx3r5wp1uw4,http://iiif.library.sh.cn/api/viewer/17A331,https://iiif.library.sh.cn/p/3/02c55611-7427-4cd0-a2cd-a15b5ccbaa9c,https://iiif.library.sh.cn/c/3/43b71d2e-9946-4d9f-afe5-2980e5e50ee6,1447,2228,https://iiif.library.sh.cn/c/3/43b71d2e-9946-4d9f-afe5-2980e5e50ee6/ap/s,https://iiif.library.sh.cn/c/3/43b71d2e-9946-4d9f-afe5-2980e5e50ee6/ap/c/a/7226633b-c720-482d-9284-7cef4eb0af98,22,22,supplementing,"[786, 1404, 936, 1554]","https://iiif.library.sh.cn/c/3/43b71d2e-9946-4d9f-afe5-2980e5e50ee6#xywh=786,1404,150,150",李俨撰文，欧阳通楷书,欧阳通（楷书）；李儇（撰文）,唐,龙朔三年十月十日刻立（663）,663,楷书,17A331,《翰墨瑰宝：上海图书馆藏珍本碑帖丛刊》第二辑,iiif_annotation_target_xywh,iiif_xywh
001_道因法师碑_p0013_c023,云,001_道因法师碑,道因法师碑,13,十三,786,1583,150,150,"[786, 1583, 150, 150]",786,1576,149,173,"[786, 1576, 149, 173]",759,1556,204,204,"[759, 1556, 204, 204]",768,1545,185,242,"[768, 1545, 185, 242]",768,1545,185,242,"[768, 1545, 185, 242]",offline_local_binary_ring_bottom_guard,assets/page_images/001_道因法师碑/p0013.jpg,2,6,1,http://data.library.sh.cn/bt/resource/work/v1e0qbx3r5wp1uw4,http://iiif.library.sh.cn/api/viewer/17A331,https://iiif.library.sh.cn/p/3/02c55611-7427-4cd0-a2cd-a15b5ccbaa9c,https://iiif.library.sh.cn/c/3/43b71d2e-9946-4d9f-afe5-2980e5e50ee6,1447,2228,https://iiif.library.sh.cn/c/3/43b71d2e-9946-4d9f-afe5-2980e5e50ee6/ap/s,https://iiif.library.sh.cn/c/3/43b71d2e-9946-4d9f-afe5-2980e5e50ee6/ap/c/a/be3077db-9afa-4c15-af62-482de4740ec2,23,23,supplementing,"[786, 1583, 936, 1733]","https://iiif.library.sh.cn/c/3/43b71d2e-9946-4d9f-afe5-2980e5e50ee6#xywh=786,1583,150,150",李俨撰文，欧阳通楷书,欧阳通（楷书）；李儇（撰文）,唐,龙朔三年十月十日刻立（663）,663,楷书,17A331,《翰墨瑰宝：上海图书馆藏珍本碑帖丛刊》第二辑,iiif_annotation_target_xywh,iiif_xywh
001_道因法师碑_p0013_c024,而,001_道因法师碑,道因法师碑,13,十三,786,1781,150,150,"[786, 1781, 150, 150]",786,1765,149,182,"[786, 1765, 149, 182]",759,1754,204,204,"[759, 1754, 204, 204]",768,1734,185,253,"[768, 1734, 185, 253]",768,1734,185,253,"[768, 1734, 185, 253]",offline_local_binary_ring_bottom_guard,assets/page_images/001_道因法师碑/p0013.jpg,2,7,1,http://data.library.sh.cn/bt/resource/work/v1e0qbx3r5wp1uw4,http://iiif.library.sh.cn/api/viewer/17A331,https://iiif.library.sh.cn/p/3/02c55611-7427-4cd0-a2cd-a15b5ccbaa9c,https://iiif.library.sh.cn/c/3/43b71d2e-9946-4d9f-afe5-2980e5e50ee6,1447,2228,https://iiif.library.sh.cn/c/3/43b71d2e-9946-4d9f-afe5-2980e5e50ee6/ap/s,https://iiif.library.sh.cn/c/3/43b71d2e-9946-4d9f-afe5-2980e5e50ee6/ap/c/a/c9995421-872d-42a9-895a-317ec98a0789,24,24,supplementing,"[786, 1781, 936, 1931]","https://iiif.library.sh.cn/c/3/43b71d2e-9946-4d9f-afe5-2980e5e50ee6#xywh=786,1781,150,150",李俨撰文，欧阳通楷书,欧阳通（楷书）；李儇（撰文）,唐,龙朔三年十月十日刻立（663）,663,楷书,17A331,《翰墨瑰宝：上海图书馆藏珍本碑帖丛刊》第二辑,iiif_annotation_target_xywh,iiif_xywh
001_道因法师碑_p0013_c025,锡,001_道因法师碑,道因法师碑,13,十三,630,522,138,138,"[630, 522, 138, 138]",626,516,147,150,"[626, 516, 147, 150]",605,497,188,188,"[605, 497, 188, 188]",608,488,183,211,"[608, 488, 183, 211]",608,488,183,211,"[608, 488, 183, 211]",offline_local_binary_ring_bottom_guard,assets/page_images/001_道因法师碑/p0013.jpg,3,0,1,http://data.library.sh.cn/bt/resource/work/v1e0qbx3r5wp1uw4,http://iiif.library.sh.cn/api/viewer/17A331,https://iiif.library.sh.cn/p/3/02c55611-7427-4cd0-a2cd-a15b5ccbaa9c,https://iiif.library.sh.cn/c/3/43b71d2e-9946-4d9f-afe5-2980e5e50ee6,1447,2228,https://iiif.library.sh.cn/c/3/43b71d2e-9946-4d9f-afe5-2980e5e50ee6/ap/s,https://iiif.library.sh.cn/c/3/43b71d2e-9946-4d9f-afe5-2980e5e50ee6/ap/c/a/8d8da2f9-16a4-48b7-9799-58270a7ec7c2,25,25,supplementing,"[630, 522, 768, 660]","https://iiif.library.sh.cn/c/3/43b71d2e-9946-4d9f-afe5-2980e5e50ee6#xywh=630,522,138,138",李俨撰文，欧阳通楷书,欧阳通（楷书）；李儇（撰文）,唐,龙朔三年十月十日刻立（663）,663,楷书,17A331,《翰墨瑰宝：上海图书馆藏珍本碑帖丛刊》第二辑,iiif_annotation_target_xywh,iiif_xywh
001_道因法师碑_p0013_c026,胤,001_道因法师碑,道因法师碑,13,十三,630,686,138,138,"[630, 686, 138, 138]",626,680,147,149,"[626, 680, 147, 149]",605,661,188,188,"[605, 661, 188, 188]",608,652,183,210,"[608, 652, 183, 210]",608,652,183,210,"[608, 652, 183, 210]",offline_local_binary_ring_bottom_guard,assets/page_images/001_道因法师碑/p0013.jpg,3,1,1,http://data.library.sh.cn/bt/resource/work/v1e0qbx3r5wp1uw4,http://iiif.library.sh.cn/api/viewer/17A331,https://iiif.library.sh.cn/p/3/02c55611-7427-4cd0-a2cd-a15b5ccbaa9c,https://iiif.library.sh.cn/c/3/43b71d2e-9946-4d9f-afe5-2980e5e50ee6,1447,2228,https://iiif.library.sh.cn/c/3/43b71d2e-9946-4d9f-afe5-2980e5e50ee6/ap/s,https://iiif.library.sh.cn/c/3/43b71d2e-9946-4d9f-afe5-2980e5e50ee6/ap/c/a/238fd4f5-6c24-499c-9cc2-718ff6aa5862,26,26,supplementing,"[630, 686, 768, 824]","https://iiif.library.sh.cn/c/3/43b71d2e-9946-4d9f-afe5-2980e5e50ee6#xywh=630,686,138,138",李俨撰文，欧阳通楷书,欧阳通（楷书）；李儇（撰文）,唐,龙朔三年十月十日刻立（663）,663,楷书,17A331,《翰墨瑰宝：上海图书馆藏珍本碑帖丛刊》第二辑,iiif_annotation_target_xywh,iiif_xywh
001_道因法师碑_p0013_c027,贯,001_道因法师碑,道因法师碑,13,十三,630,847,138,138,"[630, 847, 138, 138]",626,842,147,159,"[626, 842, 147, 159]",605,822,188,188,"[605, 822, 188, 188]",608,816,183,220,"[608, 816, 183, 220]",608,816,183,220,"[608, 816, 183, 220]",offline_local_binary_ring_bottom_guard,assets/page_images/001_道因法师碑/p0013.jpg,3,2,1,http://data.library.sh.cn/bt/resource/work/v1e0qbx3r5wp1uw4,http://iiif.library.sh.cn/api/viewer/17A331,https://iiif.library.sh.cn/p/3/02c55611-7427-4cd0-a2cd-a15b5ccbaa9c,https://iiif.library.sh.cn/c/3/43b71d2e-9946-4d9f-afe5-2980e5e50ee6,1447,2228,https://iiif.library.sh.cn/c/3/43b71d2e-9946-4d9f-afe5-2980e5e50ee6/ap/s,https://iiif.library.sh.cn/c/3/43b71d2e-9946-4d9f-afe5-2980e5e50ee6/ap/c/a/e05f1a87-a0cf-40bb-9068-c58bd657eb0f,27,27,supplementing,"[630, 847, 768, 985]","https://iiif.library.sh.cn/c/3/43b71d2e-9946-4d9f-afe5-2980e5e50ee6#xywh=630,847,138,138",李俨撰文，欧阳通楷书,欧阳通（楷书）；李儇（撰文）,唐,龙朔三年十月十日刻立（663）,663,楷书,17A331,《翰墨瑰宝：上海图书馆藏珍本碑帖丛刊》第二辑,iiif_annotation_target_xywh,iiif_xywh
001_道因法师碑_p0013_c028,昴,001_道因法师碑,道因法师碑,13,十三,630,1030,138,138,"[630, 1030, 138, 138]",626,1015,147,161,"[626, 1015, 147, 161]",605,1005,188,188,"[605, 1005, 188, 188]",608,987,183,224,"[608, 987, 183, 224]",608,987,183,224,"[608, 987, 183, 224]",offline_local_binary_ring_bottom_guard,assets/page_images/001_道因法师碑/p0013.jpg,3,3,1,http://data.library.sh.cn/bt/resource/work/v1e0qbx3r5wp1uw4,http://iiif.library.sh.cn/api/viewer/17A331,https://iiif.library.sh.cn/p/3/02c55611-7427-4cd0-a2cd-a15b5ccbaa9c,https://iiif.library.sh.cn/c/3/43b71d2e-9946-4d9f-afe5-2980e5e50ee6,1447,2228,https://iiif.library.sh.cn/c/3/43b71d2e-9946-4d9f-afe5-2980e5e50ee6/ap/s,https://iiif.library.sh.cn/c/3/43b71d2e-9946-4d9f-afe5-2980e5e50ee6/ap/c/a/47a04b80-a6ad-4cf4-a76f-568ae6ff9899,28,28,supplementing,"[630, 1030, 768, 1168]","https://iiif.library.sh.cn/c/3/43b71d2e-9946-4d9f-afe5-2980e5e50ee6#xywh=630,1030,138,138",李俨撰文，欧阳通楷书,欧阳通（楷书）；李儇（撰文）,唐,龙朔三年十月十日刻立（663）,663,楷书,17A331,《翰墨瑰宝：上海图书馆藏珍本碑帖丛刊》第二辑,iiif_annotation_target_xywh,iiif_xywh
001_道因法师碑_p0013_c029,摛,001_道因法师碑,道因法师碑,13,十三,630,1199,138,138,"[630, 1199, 138, 138]",626,1190,147,157,"[626, 1190, 147, 157]",605,1174,188,188,"[605, 1174, 188, 188]",608,1162,183,220,"[608, 1162, 183, 220]",608,1162,183,220,"[608, 1162, 183, 220]",offline_local_binary_ring_bottom_guard,assets/page_images/001_道因法师碑/p0013.jpg,3,4,1,http://data.library.sh.cn/bt/resource/work/v1e0qbx3r5wp1uw4,http://iiif.library.sh.cn/api/viewer/17A331,https://iiif.library.sh.cn/p/3/02c55611-7427-4cd0-a2cd-a15b5ccbaa9c,https://iiif.library.sh.cn/c/3/43b71d2e-9946-4d9f-afe5-2980e5e50ee6,1447,2228,https://iiif.library.sh.cn/c/3/43b71d2e-9946-4d9f-afe5-2980e5e50ee6/ap/s,https://iiif.library.sh.cn/c/3/43b71d2e-9946-4d9f-afe5-2980e5e50ee6/ap/c/a/5c32d3d5-4948-482f-9170-4ff388e45a71,29,29,supplementing,"[630, 1199, 768, 1337]","https://iiif.library.sh.cn/c/3/43b71d2e-9946-4d9f-afe5-2980e5e50ee6#xywh=630,1199,138,138",李俨撰文，欧阳通楷书,欧阳通（楷书）；李儇（撰文）,唐,龙朔三年十月十日刻立（663）,663,楷书,17A331,《翰墨瑰宝：上海图书馆藏珍本碑帖丛刊》第二辑,iiif_annotation_target_xywh,iiif_xywh
001_道因法师碑_p0013_c030,祥,001_道因法师碑,道因法师碑,13,十三,630,1370,138,138,"[630, 1370, 138, 138]",626,1361,147,167,"[626, 1361, 147, 167]",605,1345,188,188,"[605, 1345, 188, 188]",608,1336,183,229,"[608, 1336, 183, 229]",608,1336,183,229,"[608, 1336, 183, 229]",offline_local_binary_ring_bottom_guard,assets/page_images/001_道因法师碑/p0013.jpg,3,5,1,http://data.library.sh.cn/bt/resource/work/v1e0qbx3r5wp1uw4,http://iiif.library.sh.cn/api/viewer/17A331,https://iiif.library.sh.cn/p/3/02c55611-7427-4cd0-a2cd-a15b5ccbaa9c,https://iiif.library.sh.cn/c/3/43b71d2e-9946-4d9f-afe5-2980e5e50ee6,1447,2228,https://iiif.library.sh.cn/c/3/43b71d2e-9946-4d9f-afe5-2980e5e50ee6/ap/s,https://iiif.library.sh.cn/c/3/43b71d2e-9946-4d9f-afe5-2980e5e50ee6/ap/c/a/e16a1f67-0dc6-4073-865e-87f1f8bbbbe1,30,30,supplementing,"[630, 1370, 768, 1508]","https://iiif.library.sh.cn/c/3/43b71d2e-9946-4d9f-afe5-2980e5e50ee6#xywh=630,1370,138,138",李俨撰文，欧阳通楷书,欧阳通（楷书）；李儇（撰文）,唐,龙朔三年十月十日刻立（663）,663,楷书,17A331,《翰墨瑰宝：上海图书馆藏珍本碑帖丛刊》第二辑,iiif_annotation_target_xywh,iiif_xywh
001_道因法师碑_p0013_c031,奠,001_道因法师碑,道因法师碑,13,十三,630,1567,130,130,"[630, 1567, 130, 130]",626,1543,147,174,"[626, 1543, 147, 174]",607,1544,176,176,"[607, 1544, 176, 176]",608,1516,183,239,"[608, 1516, 183, 239]",608,1516,183,239,"[608, 1516, 183, 239]",offline_local_binary_ring_bottom_guard,assets/page_images/001_道因法师碑/p0013.jpg,3,6,1,http://data.library.sh.cn/bt/resource/work/v1e0qbx3r5wp1uw4,http://iiif.library.sh.cn/api/viewer/17A331,https://iiif.library.sh.cn/p/3/02c55611-7427-4cd0-a2cd-a15b5ccbaa9c,https://iiif.library.sh.cn/c/3/43b71d2e-9946-4d9f-afe5-2980e5e50ee6,1447,2228,https://iiif.library.sh.cn/c/3/43b71d2e-9946-4d9f-afe5-2980e5e50ee6/ap/s,https://iiif.library.sh.cn/c/3/43b71d2e-9946-4d9f-afe5-2980e5e50ee6/ap/c/a/a62c845a-d384-4ce7-8669-38d31eca085a,31,31,supplementing,"[630, 1567, 760, 1697]","https://iiif.library.sh.cn/c/3/43b71d2e-9946-4d9f-afe5-2980e5e50ee6#xywh=630,1567,130,130",李俨撰文，欧阳通楷书,欧阳通（楷书）；李儇（撰文）,唐,龙朔三年十月十日刻立（663）,663,楷书,17A331,《翰墨瑰宝：上海图书馆藏珍本碑帖丛刊》第二辑,iiif_annotation_target_xywh,iiif_xywh
001_道因法师碑_p0013_c032,川,001_道因法师碑,道因法师碑,13,十三,630,1752,130,130,"[630, 1752, 130, 130]",626,1732,147,170,"[626, 1732, 147, 170]",607,1729,176,176,"[607, 1729, 176, 176]",608,1705,183,234,"[608, 1705, 183, 234]",608,1705,183,234,"[608, 1705, 183, 234]",offline_local_binary_ring_bottom_guard,assets/page_images/001_道因法师碑/p0013.jpg,3,7,1,http://data.library.sh.cn/bt/resource/work/v1e0qbx3r5wp1uw4,http://iiif.library.sh.cn/api/viewer/17A331,https://iiif.library.sh.cn/p/3/02c55611-7427-4cd0-a2cd-a15b5ccbaa9c,https://iiif.library.sh.cn/c/3/43b71d2e-9946-4d9f-afe5-2980e5e50ee6,1447,2228,https://iiif.library.sh.cn/c/3/43b71d2e-9946-4d9f-afe5-2980e5e50ee6/ap/s,https://iiif.library.sh.cn/c/3/43b71d2e-9946-4d9f-afe5-2980e5e50ee6/ap/c/a/37300c9a-e86e-4fc3-96ce-497a7019d045,32,32,supplementing,"[630, 1752, 760, 1882]","https://iiif.library.sh.cn/c/3/43b71d2e-9946-4d9f-afe5-2980e5e50ee6#xywh=630,1752,130,130",李俨撰文，欧阳通楷书,欧阳通（楷书）；李儇（撰文）,唐,龙朔三年十月十日刻立（663）,663,楷书,17A331,《翰墨瑰宝：上海图书馆藏珍本碑帖丛刊》第二辑,iiif_annotation_target_xywh,iiif_xywh
001_道因法师碑_p0013_c033,而,001_道因法师碑,道因法师碑,13,十三,473,524,136,136,"[473, 524, 136, 136]",469,537,144,110,"[469, 537, 144, 110]",449,500,184,184,"[449, 500, 184, 184]",452,513,178,158,"[452, 513, 178, 158]",452,513,178,158,"[452, 513, 178, 158]",offline_local_binary_ring_bottom_guard,assets/page_images/001_道因法师碑/p0013.jpg,4,0,1,http://data.library.sh.cn/bt/resource/work/v1e0qbx3r5wp1uw4,http://iiif.library.sh.cn/api/viewer/17A331,https://iiif.library.sh.cn/p/3/02c55611-7427-4cd0-a2cd-a15b5ccbaa9c,https://iiif.library.sh.cn/c/3/43b71d2e-9946-4d9f-afe5-2980e5e50ee6,1447,2228,https://iiif.library.sh.cn/c/3/43b71d2e-9946-4d9f-afe5-2980e5e50ee6/ap/s,https://iiif.library.sh.cn/c/3/43b71d2e-9946-4d9f-afe5-2980e5e50ee6/ap/c/a/dc51f75a-6055-4382-baaf-76f0c1106e19,33,33,supplementing,"[473, 524, 609, 660]","https://iiif.library.sh.cn/c/3/43b71d2e-9946-4d9f-afe5-2980e5e50ee6#xywh=473,524,136,136",李俨撰文，欧阳通楷书,欧阳通（楷书）；李儇（撰文）,唐,龙朔三年十月十日刻立（663）,663,楷书,17A331,《翰墨瑰宝：上海图书馆藏珍本碑帖丛刊》第二辑,iiif_annotation_target_xywh,iiif_xywh
001_道因法师碑_p0013_c034,分,001_道因法师碑,道因法师碑,13,十三,473,643,136,136,"[473, 643, 136, 136]",469,658,144,138,"[469, 658, 144, 138]",449,619,184,184,"[449, 619, 184, 184]",452,628,178,198,"[452, 628, 178, 198]",452,628,178,198,"[452, 628, 178, 198]",offline_local_binary_ring_bottom_guard,assets/page_images/001_道因法师碑/p0013.jpg,4,1,1,http://data.library.sh.cn/bt/resource/work/v1e0qbx3r5wp1uw4,http://iiif.library.sh.cn/api/viewer/17A331,https://iiif.library.sh.cn/p/3/02c55611-7427-4cd0-a2cd-a15b5ccbaa9c,https://iiif.library.sh.cn/c/3/43b71d2e-9946-4d9f-afe5-2980e5e50ee6,1447,2228,https://iiif.library.sh.cn/c/3/43b71d2e-9946-4d9f-afe5-2980e5e50ee6/ap/s,https://iiif.library.sh.cn/c/3/43b71d2e-9946-4d9f-afe5-2980e5e50ee6/ap/c/a/fe037ed8-8f75-47e1-bd66-7478d62e6a50,34,34,supplementing,"[473, 643, 609, 779]","https://iiif.library.sh.cn/c/3/43b71d2e-9946-4d9f-afe5-2980e5e50ee6#xywh=473,643,136,136",李俨撰文，欧阳通楷书,欧阳通（楷书）；李儇（撰文）,唐,龙朔三年十月十日刻立（663）,663,楷书,17A331,《翰墨瑰宝：上海图书馆藏珍本碑帖丛刊》第二辑,iiif_annotation_target_xywh,iiif_xywh
001_道因法师碑_p0013_c035,绪,001_道因法师碑,道因法师碑,13,十三,473,824,136,136,"[473, 824, 136, 136]",469,809,144,183,"[469, 809, 144, 183]",449,800,184,184,"[449, 800, 184, 184]",452,781,178,251,"[452, 781, 178, 251]",452,781,178,251,"[452, 781, 178, 251]",offline_local_binary_ring_bottom_guard,assets/page_images/001_道因法师碑/p0013.jpg,4,2,1,http://data.library.sh.cn/bt/resource/work/v1e0qbx3r5wp1uw4,http://iiif.library.sh.cn/api/viewer/17A331,https://iiif.library.sh.cn/p/3/02c55611-7427-4cd0-a2cd-a15b5ccbaa9c,https://iiif.library.sh.cn/c/3/43b71d2e-9946-4d9f-afe5-2980e5e50ee6,1447,2228,https://iiif.library.sh.cn/c/3/43b71d2e-9946-4d9f-afe5-2980e5e50ee6/ap/s,https://iiif.library.sh.cn/c/3/43b71d2e-9946-4d9f-afe5-2980e5e50ee6/ap/c/a/c20bad6a-b3a9-4f8c-b7bc-43700c9d36ad,35,35,supplementing,"[473, 824, 609, 960]","https://iiif.library.sh.cn/c/3/43b71d2e-9946-4d9f-afe5-2980e5e50ee6#xywh=473,824,136,136",李俨撰文，欧阳通楷书,欧阳通（楷书）；李儇（撰文）,唐,龙朔三年十月十日刻立（663）,663,楷书,17A331,《翰墨瑰宝：上海图书馆藏珍本碑帖丛刊》第二辑,iiif_annotation_target_xywh,iiif_xywh
001_道因法师碑_p0013_c036,司,001_道因法师碑,道因法师碑,13,十三,473,1040,136,136,"[473, 1040, 136, 136]",469,1007,144,169,"[469, 1007, 144, 169]",449,1016,184,184,"[449, 1016, 184, 184]",452,979,178,234,"[452, 979, 178, 234]",452,979,178,234,"[452, 979, 178, 234]",offline_local_binary_ring_bottom_guard,assets/page_images/001_道因法师碑/p0013.jpg,4,3,1,http://data.library.sh.cn/bt/resource/work/v1e0qbx3r5wp1uw4,http://iiif.library.sh.cn/api/viewer/17A331,https://iiif.library.sh.cn/p/3/02c55611-7427-4cd0-a2cd-a15b5ccbaa9c,https://iiif.library.sh.cn/c/3/43b71d2e-9946-4d9f-afe5-2980e5e50ee6,1447,2228,https://iiif.library.sh.cn/c/3/43b71d2e-9946-4d9f-afe5-2980e5e50ee6/ap/s,https://iiif.library.sh.cn/c/3/43b71d2e-9946-4d9f-afe5-2980e5e50ee6/ap/c/a/caff36a8-b37b-4760-b835-20919da27197,36,36,supplementing,"[473, 1040, 609, 1176]","https://iiif.library.sh.cn/c/3/43b71d2e-9946-4d9f-afe5-2980e5e50ee6#xywh=473,1040,136,136",李俨撰文，欧阳通楷书,欧阳通（楷书）；李儇（撰文）,唐,龙朔三年十月十日刻立（663）,663,楷书,17A331,《翰墨瑰宝：上海图书馆藏珍本碑帖丛刊》第二辑,iiif_annotation_target_xywh,iiif_xywh
001_道因法师碑_p0013_c037,徒,001_道因法师碑,道因法师碑,13,十三,473,1191,136,136,"[473, 1191, 136, 136]",469,1191,144,168,"[469, 1191, 144, 168]",449,1167,184,184,"[449, 1167, 184, 184]",452,1163,178,233,"[452, 1163, 178, 233]",452,1163,178,233,"[452, 1163, 178, 233]",offline_local_binary_ring_bottom_guard,assets/page_images/001_道因法师碑/p0013.jpg,4,4,1,http://data.library.sh.cn/bt/resource/work/v1e0qbx3r5wp1uw4,http://iiif.library.sh.cn/api/viewer/17A331,https://iiif.library.sh.cn/p/3/02c55611-7427-4cd0-a2cd-a15b5ccbaa9c,https://iiif.library.sh.cn/c/3/43b71d2e-9946-4d9f-afe5-2980e5e50ee6,1447,2228,https://iiif.library.sh.cn/c/3/43b71d2e-9946-4d9f-afe5-2980e5e50ee6/ap/s,https://iiif.library.sh.cn/c/3/43b71d2e-9946-4d9f-afe5-2980e5e50ee6/ap/c/a/0b9ffdb9-c2d2-4b8a-ad7b-f0bb2d005b4f,37,37,supplementing,"[473, 1191, 609, 1327]","https://iiif.library.sh.cn/c/3/43b71d2e-9946-4d9f-afe5-2980e5e50ee6#xywh=473,1191,136,136",李俨撰文，欧阳通楷书,欧阳通（楷书）；李儇（撰文）,唐,龙朔三年十月十日刻立（663）,663,楷书,17A331,《翰墨瑰宝：上海图书馆藏珍本碑帖丛刊》第二辑,iiif_annotation_target_xywh,iiif_xywh
001_道因法师碑_p0013_c038,以,001_道因法师碑,道因法师碑,13,十三,473,1406,136,136,"[473, 1406, 136, 136]",469,1374,144,174,"[469, 1374, 144, 174]",449,1382,184,184,"[449, 1382, 184, 184]",452,1346,178,240,"[452, 1346, 178, 240]",452,1346,178,240,"[452, 1346, 178, 240]",offline_local_binary_ring_bottom_guard,assets/page_images/001_道因法师碑/p0013.jpg,4,5,1,http://data.library.sh.cn/bt/resource/work/v1e0qbx3r5wp1uw4,http://iiif.library.sh.cn/api/viewer/17A331,https://iiif.library.sh.cn/p/3/02c55611-7427-4cd0-a2cd-a15b5ccbaa9c,https://iiif.library.sh.cn/c/3/43b71d2e-9946-4d9f-afe5-2980e5e50ee6,1447,2228,https://iiif.library.sh.cn/c/3/43b71d2e-9946-4d9f-afe5-2980e5e50ee6/ap/s,https://iiif.library.sh.cn/c/3/43b71d2e-9946-4d9f-afe5-2980e5e50ee6/ap/c/a/218669a5-8d62-402f-8009-3482a87edfcc,38,38,supplementing,"[473, 1406, 609, 1542]","https://iiif.library.sh.cn/c/3/43b71d2e-9946-4d9f-afe5-2980e5e50ee6#xywh=473,1406,136,136",李俨撰文，欧阳通楷书,欧阳通（楷书）；李儇（撰文）,唐,龙朔三年十月十日刻立（663）,663,楷书,17A331,《翰墨瑰宝：上海图书馆藏珍本碑帖丛刊》第二辑,iiif_annotation_target_xywh,iiif_xywh
001_道因法师碑_p0013_c039,威,001_道因法师碑,道因法师碑,13,十三,473,1569,136,136,"[473, 1569, 136, 136]",469,1562,144,162,"[469, 1562, 144, 162]",449,1545,184,184,"[449, 1545, 184, 184]",452,1534,178,226,"[452, 1534, 178, 226]",452,1534,178,226,"[452, 1534, 178, 226]",offline_local_binary_ring_bottom_guard,assets/page_images/001_道因法师碑/p0013.jpg,4,6,1,http://data.library.sh.cn/bt/resource/work/v1e0qbx3r5wp1uw4,http://iiif.library.sh.cn/api/viewer/17A331,https://iiif.library.sh.cn/p/3/02c55611-7427-4cd0-a2cd-a15b5ccbaa9c,https://iiif.library.sh.cn/c/3/43b71d2e-9946-4d9f-afe5-2980e5e50ee6,1447,2228,https://iiif.library.sh.cn/c/3/43b71d2e-9946-4d9f-afe5-2980e5e50ee6/ap/s,https://iiif.library.sh.cn/c/3/43b71d2e-9946-4d9f-afe5-2980e5e50ee6/ap/c/a/7ee2c037-5425-4aaf-af79-b6af6733794c,39,39,supplementing,"[473, 1569, 609, 1705]","https://iiif.library.sh.cn/c/3/43b71d2e-9946-4d9f-afe5-2980e5e50ee6#xywh=473,1569,136,136",李俨撰文，欧阳通楷书,欧阳通（楷书）；李儇（撰文）,唐,龙朔三年十月十日刻立（663）,663,楷书,17A331,《翰墨瑰宝：上海图书馆藏珍本碑帖丛刊》第二辑,iiif_annotation_target_xywh,iiif_xywh
001_道因法师碑_p0013_c040,容,001_道因法师碑,道因法师碑,13,十三,473,1756,136,136,"[473, 1756, 136, 136]",469,1738,144,172,"[469, 1738, 144, 172]",449,1732,184,184,"[449, 1732, 184, 184]",452,1710,178,238,"[452, 1710, 178, 238]",452,1710,178,238,"[452, 1710, 178, 238]",offline_local_binary_ring_bottom_guard,assets/page_images/001_道因法师碑/p0013.jpg,4,7,1,http://data.library.sh.cn/bt/resource/work/v1e0qbx3r5wp1uw4,http://iiif.library.sh.cn/api/viewer/17A331,https://iiif.library.sh.cn/p/3/02c55611-7427-4cd0-a2cd-a15b5ccbaa9c,https://iiif.library.sh.cn/c/3/43b71d2e-9946-4d9f-afe5-2980e5e50ee6,1447,2228,https://iiif.library.sh.cn/c/3/43b71d2e-9946-4d9f-afe5-2980e5e50ee6/ap/s,https://iiif.library.sh.cn/c/3/43b71d2e-9946-4d9f-afe5-2980e5e50ee6/ap/c/a/722b64b9-beb5-4f6a-b3c0-27d652076478,40,40,supplementing,"[473, 1756, 609, 1892]","https://iiif.library.sh.cn/c/3/43b71d2e-9946-4d9f-afe5-2980e5e50ee6#xywh=473,1756,136,136",李俨撰文，欧阳通楷书,欧阳通（楷书）；李儇（撰文）,唐,龙朔三年十月十日刻立（663）,663,楷书,17A331,《翰墨瑰宝：上海图书馆藏珍本碑帖丛刊》第二辑,iiif_annotation_target_xywh,iiif_xywh
001_道因法师碑_p0014_c001,之,001_道因法师碑,道因法师碑,14,十四,859,537,144,144,"[859, 537, 144, 144]",847,553,157,112,"[847, 553, 157, 112]",833,511,196,196,"[833, 511, 196, 196]",828,528,195,162,"[828, 528, 195, 162]",828,528,195,162,"[828, 528, 195, 162]",offline_local_binary_ring_bottom_guard,assets/page_images/001_道因法师碑/p0014.jpg,0,0,1,http://data.library.sh.cn/bt/resource/work/v1e0qbx3r5wp1uw4,http://iiif.library.sh.cn/api/viewer/17A331,https://iiif.library.sh.cn/p/3/02c55611-7427-4cd0-a2cd-a15b5ccbaa9c,https://iiif.library.sh.cn/c/3/ab7539aa-16d2-4cdd-8c21-f65cb5e3562e,1444,2225,https://iiif.library.sh.cn/c/3/ab7539aa-16d2-4cdd-8c21-f65cb5e3562e/ap/s,https://iiif.library.sh.cn/c/3/ab7539aa-16d2-4cdd-8c21-f65cb5e3562e/ap/c/a/f0036181-ba09-4a7b-8dd8-9d7445722124,1,1,supplementing,"[859, 537, 1003, 681]","https://iiif.library.sh.cn/c/3/ab7539aa-16d2-4cdd-8c21-f65cb5e3562e#xywh=859,537,144,144",李俨撰文，欧阳通楷书,欧阳通（楷书）；李儇（撰文）,唐,龙朔三年十月十日刻立（663）,663,楷书,17A331,《翰墨瑰宝：上海图书馆藏珍本碑帖丛刊》第二辑,iiif_annotation_target_xywh,iiif_xywh
001_道因法师碑_p0014_c002,盛,001_道因法师碑,道因法师碑,14,十四,847,653,156,156,"[847, 653, 156, 156]",847,676,157,143,"[847, 676, 157, 143]",819,625,212,212,"[819, 625, 212, 212]",828,645,195,205,"[828, 645, 195, 205]",828,645,195,205,"[828, 645, 195, 205]",offline_local_binary_ring_bottom_guard,assets/page_images/001_道因法师碑/p0014.jpg,0,1,1,http://data.library.sh.cn/bt/resource/work/v1e0qbx3r5wp1uw4,http://iiif.library.sh.cn/api/viewer/17A331,https://iiif.library.sh.cn/p/3/02c55611-7427-4cd0-a2cd-a15b5ccbaa9c,https://iiif.library.sh.cn/c/3/ab7539aa-16d2-4cdd-8c21-f65cb5e3562e,1444,2225,https://iiif.library.sh.cn/c/3/ab7539aa-16d2-4cdd-8c21-f65cb5e3562e/ap/s,https://iiif.library.sh.cn/c/3/ab7539aa-16d2-4cdd-8c21-f65cb5e3562e/ap/c/a/d67ed4aa-7bba-4a5e-a738-835042673092,2,2,supplementing,"[847, 653, 1003, 809]","https://iiif.library.sh.cn/c/3/ab7539aa-16d2-4cdd-8c21-f65cb5e3562e#xywh=847,653,156,156",李俨撰文，欧阳通楷书,欧阳通（楷书）；李儇（撰文）,唐,龙朔三年十月十日刻立（663）,663,楷书,17A331,《翰墨瑰宝：上海图书馆藏珍本碑帖丛刊》第二辑,iiif_annotation_target_xywh,iiif_xywh
001_道因法师碑_p0014_c003,垂,001_道因法师碑,道因法师碑,14,十四,847,841,156,156,"[847, 841, 156, 156]",847,833,157,182,"[847, 833, 157, 182]",819,813,212,212,"[819, 813, 212, 212]",828,801,195,254,"[828, 801, 195, 254]",828,801,195,254,"[828, 801, 195, 254]",offline_local_binary_ring_bottom_guard,assets/page_images/001_道因法师碑/p0014.jpg,0,2,1,http://data.library.sh.cn/bt/resource/work/v1e0qbx3r5wp1uw4,http://iiif.library.sh.cn/api/viewer/17A331,https://iiif.library.sh.cn/p/3/02c55611-7427-4cd0-a2cd-a15b5ccbaa9c,https://iiif.library.sh.cn/c/3/ab7539aa-16d2-4cdd-8c21-f65cb5e3562e,1444,2225,https://iiif.library.sh.cn/c/3/ab7539aa-16d2-4cdd-8c21-f65cb5e3562e/ap/s,https://iiif.library.sh.cn/c/3/ab7539aa-16d2-4cdd-8c21-f65cb5e3562e/ap/c/a/fd3b49ad-755d-4268-9769-8edcdca3919a,3,3,supplementing,"[847, 841, 1003, 997]","https://iiif.library.sh.cn/c/3/ab7539aa-16d2-4cdd-8c21-f65cb5e3562e#xywh=847,841,156,156",李俨撰文，欧阳通楷书,欧阳通（楷书）；李儇（撰文）,唐,龙朔三年十月十日刻立（663）,663,楷书,17A331,《翰墨瑰宝：上海图书馆藏珍本碑帖丛刊》第二辑,iiif_annotation_target_xywh,iiif_xywh
001_道因法师碑_p0014_c004,范,001_道因法师碑,道因法师碑,14,十四,847,1049,156,156,"[847, 1049, 156, 156]",847,1030,157,160,"[847, 1030, 157, 160]",819,1021,212,212,"[819, 1021, 212, 212]",828,998,195,227,"[828, 998, 195, 227]",828,998,195,227,"[828, 998, 195, 227]",offline_local_binary_ring_bottom_guard,assets/page_images/001_道因法师碑/p0014.jpg,0,3,1,http://data.library.sh.cn/bt/resource/work/v1e0qbx3r5wp1uw4,http://iiif.library.sh.cn/api/viewer/17A331,https://iiif.library.sh.cn/p/3/02c55611-7427-4cd0-a2cd-a15b5ccbaa9c,https://iiif.library.sh.cn/c/3/ab7539aa-16d2-4cdd-8c21-f65cb5e3562e,1444,2225,https://iiif.library.sh.cn/c/3/ab7539aa-16d2-4cdd-8c21-f65cb5e3562e/ap/s,https://iiif.library.sh.cn/c/3/ab7539aa-16d2-4cdd-8c21-f65cb5e3562e/ap/c/a/2e485d4d-e2d9-40cc-947e-63e2eeded012,4,4,supplementing,"[847, 1049, 1003, 1205]","https://iiif.library.sh.cn/c/3/ab7539aa-16d2-4cdd-8c21-f65cb5e3562e#xywh=847,1049,156,156",李俨撰文，欧阳通楷书,欧阳通（楷书）；李儇（撰文）,唐,龙朔三年十月十日刻立（663）,663,楷书,17A331,《翰墨瑰宝：上海图书馆藏珍本碑帖丛刊》第二辑,iiif_annotation_target_xywh,iiif_xywh
001_道因法师碑_p0014_c005,汉,001_道因法师碑,道因法师碑,14,十四,847,1189,156,156,"[847, 1189, 156, 156]",847,1203,157,144,"[847, 1203, 157, 144]",819,1161,212,212,"[819, 1161, 212, 212]",828,1171,195,208,"[828, 1171, 195, 208]",828,1171,195,208,"[828, 1171, 195, 208]",offline_local_binary_ring_bottom_guard,assets/page_images/001_道因法师碑/p0014.jpg,0,4,1,http://data.library.sh.cn/bt/resource/work/v1e0qbx3r5wp1uw4,http://iiif.library.sh.cn/api/viewer/17A331,https://iiif.library.sh.cn/p/3/02c55611-7427-4cd0-a2cd-a15b5ccbaa9c,https://iiif.library.sh.cn/c/3/ab7539aa-16d2-4cdd-8c21-f65cb5e3562e,1444,2225,https://iiif.library.sh.cn/c/3/ab7539aa-16d2-4cdd-8c21-f65cb5e3562e/ap/s,https://iiif.library.sh.cn/c/3/ab7539aa-16d2-4cdd-8c21-f65cb5e3562e/ap/c/a/df800828-1937-4ffb-9305-8cd8c0d86b23,5,5,supplementing,"[847, 1189, 1003, 1345]","https://iiif.library.sh.cn/c/3/ab7539aa-16d2-4cdd-8c21-f65cb5e3562e#xywh=847,1189,156,156",李俨撰文，欧阳通楷书,欧阳通（楷书）；李儇（撰文）,唐,龙朔三年十月十日刻立（663）,663,楷书,17A331,《翰墨瑰宝：上海图书馆藏珍本碑帖丛刊》第二辑,iiif_annotation_target_xywh,iiif_xywh
001_道因法师碑_p0014_c006,朝,001_道因法师碑,道因法师碑,14,十四,847,1362,156,156,"[847, 1362, 156, 156]",847,1361,157,163,"[847, 1361, 157, 163]",819,1334,212,212,"[819, 1334, 212, 212]",828,1329,195,231,"[828, 1329, 195, 231]",828,1329,195,231,"[828, 1329, 195, 231]",offline_local_binary_ring_bottom_guard,assets/page_images/001_道因法师碑/p0014.jpg,0,5,1,http://data.library.sh.cn/bt/resource/work/v1e0qbx3r5wp1uw4,http://iiif.library.sh.cn/api/viewer/17A331,https://iiif.library.sh.cn/p/3/02c55611-7427-4cd0-a2cd-a15b5ccbaa9c,https://iiif.library.sh.cn/c/3/ab7539aa-16d2-4cdd-8c21-f65cb5e3562e,1444,2225,https://iiif.library.sh.cn/c/3/ab7539aa-16d2-4cdd-8c21-f65cb5e3562e/ap/s,https://iiif.library.sh.cn/c/3/ab7539aa-16d2-4cdd-8c21-f65cb5e3562e/ap/c/a/a43a1b3a-adef-41a5-aacc-ae7365ed3dde,6,6,supplementing,"[847, 1362, 1003, 1518]","https://iiif.library.sh.cn/c/3/ab7539aa-16d2-4cdd-8c21-f65cb5e3562e#xywh=847,1362,156,156",李俨撰文，欧阳通楷书,欧阳通（楷书）；李儇（撰文）,唐,龙朔三年十月十日刻立（663）,663,楷书,17A331,《翰墨瑰宝：上海图书馆藏珍本碑帖丛刊》第二辑,iiif_annotation_target_xywh,iiif_xywh
001_道因法师碑_p0014_c007,侍,001_道因法师碑,道因法师碑,14,十四,847,1545,156,156,"[847, 1545, 156, 156]",847,1539,157,178,"[847, 1539, 157, 178]",819,1517,212,212,"[819, 1517, 212, 212]",828,1507,195,249,"[828, 1507, 195, 249]",828,1507,195,249,"[828, 1507, 195, 249]",offline_local_binary_ring_bottom_guard,assets/page_images/001_道因法师碑/p0014.jpg,0,6,1,http://data.library.sh.cn/bt/resource/work/v1e0qbx3r5wp1uw4,http://iiif.library.sh.cn/api/viewer/17A331,https://iiif.library.sh.cn/p/3/02c55611-7427-4cd0-a2cd-a15b5ccbaa9c,https://iiif.library.sh.cn/c/3/ab7539aa-16d2-4cdd-8c21-f65cb5e3562e,1444,2225,https://iiif.library.sh.cn/c/3/ab7539aa-16d2-4cdd-8c21-f65cb5e3562e/ap/s,https://iiif.library.sh.cn/c/3/ab7539aa-16d2-4cdd-8c21-f65cb5e3562e/ap/c/a/213cd121-de10-4c86-ae32-d3b322615eac,7,7,supplementing,"[847, 1545, 1003, 1701]","https://iiif.library.sh.cn/c/3/ab7539aa-16d2-4cdd-8c21-f65cb5e3562e#xywh=847,1545,156,156",李俨撰文，欧阳通楷书,欧阳通（楷书）；李儇（撰文）,唐,龙朔三年十月十日刻立（663）,663,楷书,17A331,《翰墨瑰宝：上海图书馆藏珍本碑帖丛刊》第二辑,iiif_annotation_target_xywh,iiif_xywh
001_道因法师碑_p0014_c008,中,001_道因法师碑,道因法师碑,14,十四,847,1748,156,156,"[847, 1748, 156, 156]",847,1733,157,186,"[847, 1733, 157, 186]",819,1720,212,212,"[819, 1720, 212, 212]",828,1701,195,259,"[828, 1701, 195, 259]",828,1701,195,259,"[828, 1701, 195, 259]",offline_local_binary_ring_bottom_guard,assets/page_images/001_道因法师碑/p0014.jpg,0,7,1,http://data.library.sh.cn/bt/resource/work/v1e0qbx3r5wp1uw4,http://iiif.library.sh.cn/api/viewer/17A331,https://iiif.library.sh.cn/p/3/02c55611-7427-4cd0-a2cd-a15b5ccbaa9c,https://iiif.library.sh.cn/c/3/ab7539aa-16d2-4cdd-8c21-f65cb5e3562e,1444,2225,https://iiif.library.sh.cn/c/3/ab7539aa-16d2-4cdd-8c21-f65cb5e3562e/ap/s,https://iiif.library.sh.cn/c/3/ab7539aa-16d2-4cdd-8c21-f65cb5e3562e/ap/c/a/9470d1c7-d518-4900-a6ea-fd5ca162aad4,8,8,supplementing,"[847, 1748, 1003, 1904]","https://iiif.library.sh.cn/c/3/ab7539aa-16d2-4cdd-8c21-f65cb5e3562e#xywh=847,1748,156,156",李俨撰文，欧阳通楷书,欧阳通（楷书）；李儇（撰文）,唐,龙朔三年十月十日刻立（663）,663,楷书,17A331,《翰墨瑰宝：上海图书馆藏珍本碑帖丛刊》第二辑,iiif_annotation_target_xywh,iiif_xywh
001_道因法师碑_p0014_c009,以,001_道因法师碑,道因法师碑,14,十四,688,545,149,149,"[688, 545, 149, 149]",679,576,155,87,"[679, 576, 155, 87]",661,518,203,203,"[661, 518, 203, 203]",660,557,193,125,"[660, 557, 193, 125]",660,557,193,125,"[660, 557, 193, 125]",offline_local_binary_ring_bottom_guard,assets/page_images/001_道因法师碑/p0014.jpg,1,0,1,http://data.library.sh.cn/bt/resource/work/v1e0qbx3r5wp1uw4,http://iiif.library.sh.cn/api/viewer/17A331,https://iiif.library.sh.cn/p/3/02c55611-7427-4cd0-a2cd-a15b5ccbaa9c,https://iiif.library.sh.cn/c/3/ab7539aa-16d2-4cdd-8c21-f65cb5e3562e,1444,2225,https://iiif.library.sh.cn/c/3/ab7539aa-16d2-4cdd-8c21-f65cb5e3562e/ap/s,https://iiif.library.sh.cn/c/3/ab7539aa-16d2-4cdd-8c21-f65cb5e3562e/ap/c/a/06072011-d54c-480b-a941-2117beb8e5fd,9,9,supplementing,"[688, 545, 837, 694]","https://iiif.library.sh.cn/c/3/ab7539aa-16d2-4cdd-8c21-f65cb5e3562e#xywh=688,545,149,149",李俨撰文，欧阳通楷书,欧阳通（楷书）；李儇（撰文）,唐,龙朔三年十月十日刻立（663）,663,楷书,17A331,《翰墨瑰宝：上海图书馆藏珍本碑帖丛刊》第二辑,iiif_annotation_target_xywh,iiif_xywh
001_道因法师碑_p0014_c010,才,001_道因法师碑,道因法师碑,14,十四,688,640,149,149,"[688, 640, 149, 149]",679,673,155,142,"[679, 673, 155, 142]",661,613,203,203,"[661, 613, 203, 203]",660,642,193,204,"[660, 642, 193, 204]",660,642,193,204,"[660, 642, 193, 204]",offline_local_binary_ring_bottom_guard,assets/page_images/001_道因法师碑/p0014.jpg,1,1,1,http://data.library.sh.cn/bt/resource/work/v1e0qbx3r5wp1uw4,http://iiif.library.sh.cn/api/viewer/17A331,https://iiif.library.sh.cn/p/3/02c55611-7427-4cd0-a2cd-a15b5ccbaa9c,https://iiif.library.sh.cn/c/3/ab7539aa-16d2-4cdd-8c21-f65cb5e3562e,1444,2225,https://iiif.library.sh.cn/c/3/ab7539aa-16d2-4cdd-8c21-f65cb5e3562e/ap/s,https://iiif.library.sh.cn/c/3/ab7539aa-16d2-4cdd-8c21-f65cb5e3562e/ap/c/a/283da243-9f82-4348-ac40-84f803dfaa20,10,10,supplementing,"[688, 640, 837, 789]","https://iiif.library.sh.cn/c/3/ab7539aa-16d2-4cdd-8c21-f65cb5e3562e#xywh=688,640,149,149",李俨撰文，欧阳通楷书,欧阳通（楷书）；李儇（撰文）,唐,龙朔三年十月十日刻立（663）,663,楷书,17A331,《翰墨瑰宝：上海图书馆藏珍本碑帖丛刊》第二辑,iiif_annotation_target_xywh,iiif_xywh
001_道因法师碑_p0014_c011,晤,001_道因法师碑,道因法师碑,14,十四,688,853,149,149,"[688, 853, 149, 149]",679,829,155,176,"[679, 829, 155, 176]",661,826,203,203,"[661, 826, 203, 203]",660,798,193,246,"[660, 798, 193, 246]",660,798,193,246,"[660, 798, 193, 246]",offline_local_binary_ring_bottom_guard,assets/page_images/001_道因法师碑/p0014.jpg,1,2,1,http://data.library.sh.cn/bt/resource/work/v1e0qbx3r5wp1uw4,http://iiif.library.sh.cn/api/viewer/17A331,https://iiif.library.sh.cn/p/3/02c55611-7427-4cd0-a2cd-a15b5ccbaa9c,https://iiif.library.sh.cn/c/3/ab7539aa-16d2-4cdd-8c21-f65cb5e3562e,1444,2225,https://iiif.library.sh.cn/c/3/ab7539aa-16d2-4cdd-8c21-f65cb5e3562e/ap/s,https://iiif.library.sh.cn/c/3/ab7539aa-16d2-4cdd-8c21-f65cb5e3562e/ap/c/a/53419886-9edb-4301-8c67-803da5ce409d,11,11,supplementing,"[688, 853, 837, 1002]","https://iiif.library.sh.cn/c/3/ab7539aa-16d2-4cdd-8c21-f65cb5e3562e#xywh=688,853,149,149",李俨撰文，欧阳通楷书,欧阳通（楷书）；李儇（撰文）,唐,龙朔三年十月十日刻立（663）,663,楷书,17A331,《翰墨瑰宝：上海图书馆藏珍本碑帖丛刊》第二辑,iiif_annotation_target_xywh,iiif_xywh
001_道因法师碑_p0014_c012,之,001_道因法师碑,道因法师碑,14,十四,688,1035,127,127,"[688, 1035, 127, 127]",679,1020,155,158,"[679, 1020, 155, 158]",665,1012,173,173,"[665, 1012, 173, 173]",660,994,193,219,"[660, 994, 193, 219]",660,994,193,219,"[660, 994, 193, 219]",offline_local_binary_ring_bottom_guard,assets/page_images/001_道因法师碑/p0014.jpg,1,3,1,http://data.library.sh.cn/bt/resource/work/v1e0qbx3r5wp1uw4,http://iiif.library.sh.cn/api/viewer/17A331,https://iiif.library.sh.cn/p/3/02c55611-7427-4cd0-a2cd-a15b5ccbaa9c,https://iiif.library.sh.cn/c/3/ab7539aa-16d2-4cdd-8c21-f65cb5e3562e,1444,2225,https://iiif.library.sh.cn/c/3/ab7539aa-16d2-4cdd-8c21-f65cb5e3562e/ap/s,https://iiif.library.sh.cn/c/3/ab7539aa-16d2-4cdd-8c21-f65cb5e3562e/ap/c/a/edd78455-9b34-47f7-9788-dabfba66ff8c,12,12,supplementing,"[688, 1035, 815, 1162]","https://iiif.library.sh.cn/c/3/ab7539aa-16d2-4cdd-8c21-f65cb5e3562e#xywh=688,1035,127,127",李俨撰文，欧阳通楷书,欧阳通（楷书）；李儇（撰文）,唐,龙朔三年十月十日刻立（663）,663,楷书,17A331,《翰墨瑰宝：上海图书馆藏珍本碑帖丛刊》第二辑,iiif_annotation_target_xywh,iiif_xywh
001_道因法师碑_p0014_c013,奇,001_道因法师碑,道因法师碑,14,十四,688,1207,127,127,"[688, 1207, 127, 127]",679,1192,155,163,"[679, 1192, 155, 163]",665,1184,173,173,"[665, 1184, 173, 173]",660,1166,193,225,"[660, 1166, 193, 225]",660,1166,193,225,"[660, 1166, 193, 225]",offline_local_binary_ring_bottom_guard,assets/page_images/001_道因法师碑/p0014.jpg,1,4,1,http://data.library.sh.cn/bt/resource/work/v1e0qbx3r5wp1uw4,http://iiif.library.sh.cn/api/viewer/17A331,https://iiif.library.sh.cn/p/3/02c55611-7427-4cd0-a2cd-a15b5ccbaa9c,https://iiif.library.sh.cn/c/3/ab7539aa-16d2-4cdd-8c21-f65cb5e3562e,1444,2225,https://iiif.library.sh.cn/c/3/ab7539aa-16d2-4cdd-8c21-f65cb5e3562e/ap/s,https://iiif.library.sh.cn/c/3/ab7539aa-16d2-4cdd-8c21-f65cb5e3562e/ap/c/a/da410f5c-2782-4d32-b58f-996e7dafcb21,13,13,supplementing,"[688, 1207, 815, 1334]","https://iiif.library.sh.cn/c/3/ab7539aa-16d2-4cdd-8c21-f65cb5e3562e#xywh=688,1207,127,127",李俨撰文，欧阳通楷书,欧阳通（楷书）；李儇（撰文）,唐,龙朔三年十月十日刻立（663）,663,楷书,17A331,《翰墨瑰宝：上海图书馆藏珍本碑帖丛刊》第二辑,iiif_annotation_target_xywh,iiif_xywh
001_道因法师碑_p0014_c014,飞,001_道因法师碑,道因法师碑,14,十四,688,1391,127,127,"[688, 1391, 127, 127]",679,1370,155,160,"[679, 1370, 155, 160]",665,1368,173,173,"[665, 1368, 173, 173]",660,1344,193,221,"[660, 1344, 193, 221]",660,1344,193,221,"[660, 1344, 193, 221]",offline_local_binary_ring_bottom_guard,assets/page_images/001_道因法师碑/p0014.jpg,1,5,1,http://data.library.sh.cn/bt/resource/work/v1e0qbx3r5wp1uw4,http://iiif.library.sh.cn/api/viewer/17A331,https://iiif.library.sh.cn/p/3/02c55611-7427-4cd0-a2cd-a15b5ccbaa9c,https://iiif.library.sh.cn/c/3/ab7539aa-16d2-4cdd-8c21-f65cb5e3562e,1444,2225,https://iiif.library.sh.cn/c/3/ab7539aa-16d2-4cdd-8c21-f65cb5e3562e/ap/s,https://iiif.library.sh.cn/c/3/ab7539aa-16d2-4cdd-8c21-f65cb5e3562e/ap/c/a/20647cda-7877-4f53-ae50-c4edcb89a1f3,14,14,supplementing,"[688, 1391, 815, 1518]","https://iiif.library.sh.cn/c/3/ab7539aa-16d2-4cdd-8c21-f65cb5e3562e#xywh=688,1391,127,127",李俨撰文，欧阳通楷书,欧阳通（楷书）；李儇（撰文）,唐,龙朔三年十月十日刻立（663）,663,楷书,17A331,《翰墨瑰宝：上海图书馆藏珍本碑帖丛刊》第二辑,iiif_annotation_target_xywh,iiif_xywh
001_道因法师碑_p0014_c015,芳,001_道因法师碑,道因法师碑,14,十四,688,1557,127,127,"[688, 1557, 127, 127]",679,1544,155,156,"[679, 1544, 155, 156]",665,1534,173,173,"[665, 1534, 173, 173]",660,1518,193,216,"[660, 1518, 193, 216]",660,1518,193,216,"[660, 1518, 193, 216]",offline_local_binary_ring_bottom_guard,assets/page_images/001_道因法师碑/p0014.jpg,1,6,1,http://data.library.sh.cn/bt/resource/work/v1e0qbx3r5wp1uw4,http://iiif.library.sh.cn/api/viewer/17A331,https://iiif.library.sh.cn/p/3/02c55611-7427-4cd0-a2cd-a15b5ccbaa9c,https://iiif.library.sh.cn/c/3/ab7539aa-16d2-4cdd-8c21-f65cb5e3562e,1444,2225,https://iiif.library.sh.cn/c/3/ab7539aa-16d2-4cdd-8c21-f65cb5e3562e/ap/s,https://iiif.library.sh.cn/c/3/ab7539aa-16d2-4cdd-8c21-f65cb5e3562e/ap/c/a/a9a97860-ce17-48ca-ac60-e798f2cdbbb3,15,15,supplementing,"[688, 1557, 815, 1684]","https://iiif.library.sh.cn/c/3/ab7539aa-16d2-4cdd-8c21-f65cb5e3562e#xywh=688,1557,127,127",李俨撰文，欧阳通楷书,欧阳通（楷书）；李儇（撰文）,唐,龙朔三年十月十日刻立（663）,663,楷书,17A331,《翰墨瑰宝：上海图书馆藏珍本碑帖丛刊》第二辑,iiif_annotation_target_xywh,iiif_xywh
001_道因法师碑_p0014_c016,晋,001_道因法师碑,道因法师碑,14,十四,688,1730,127,127,"[688, 1730, 127, 127]",679,1714,155,159,"[679, 1714, 155, 159]",665,1707,173,173,"[665, 1707, 173, 173]",660,1688,193,220,"[660, 1688, 193, 220]",660,1688,193,220,"[660, 1688, 193, 220]",offline_local_binary_ring_bottom_guard,assets/page_images/001_道因法师碑/p0014.jpg,1,7,1,http://data.library.sh.cn/bt/resource/work/v1e0qbx3r5wp1uw4,http://iiif.library.sh.cn/api/viewer/17A331,https://iiif.library.sh.cn/p/3/02c55611-7427-4cd0-a2cd-a15b5ccbaa9c,https://iiif.library.sh.cn/c/3/ab7539aa-16d2-4cdd-8c21-f65cb5e3562e,1444,2225,https://iiif.library.sh.cn/c/3/ab7539aa-16d2-4cdd-8c21-f65cb5e3562e/ap/s,https://iiif.library.sh.cn/c/3/ab7539aa-16d2-4cdd-8c21-f65cb5e3562e/ap/c/a/42ec2a91-6057-4862-993b-835e925f4d35,16,16,supplementing,"[688, 1730, 815, 1857]","https://iiif.library.sh.cn/c/3/ab7539aa-16d2-4cdd-8c21-f65cb5e3562e#xywh=688,1730,127,127",李俨撰文，欧阳通楷书,欧阳通（楷书）；李儇（撰文）,唐,龙朔三年十月十日刻立（663）,663,楷书,17A331,《翰墨瑰宝：上海图书馆藏珍本碑帖丛刊》第二辑,iiif_annotation_target_xywh,iiif_xywh
001_道因法师碑_p0014_c017,牒,001_道因法师碑,道因法师碑,14,十四,511,541,144,144,"[511, 541, 144, 144]",506,550,159,126,"[506, 550, 159, 126]",485,515,196,196,"[485, 515, 196, 196]",487,522,197,182,"[487, 522, 197, 182]",487,522,197,182,"[487, 522, 197, 182]",offline_local_binary_ring_bottom_guard,assets/page_images/001_道因法师碑/p0014.jpg,2,0,1,http://data.library.sh.cn/bt/resource/work/v1e0qbx3r5wp1uw4,http://iiif.library.sh.cn/api/viewer/17A331,https://iiif.library.sh.cn/p/3/02c55611-7427-4cd0-a2cd-a15b5ccbaa9c,https://iiif.library.sh.cn/c/3/ab7539aa-16d2-4cdd-8c21-f65cb5e3562e,1444,2225,https://iiif.library.sh.cn/c/3/ab7539aa-16d2-4cdd-8c21-f65cb5e3562e/ap/s,https://iiif.library.sh.cn/c/3/ab7539aa-16d2-4cdd-8c21-f65cb5e3562e/ap/c/a/832b4ec8-2174-4eae-b3aa-113d3953d36b,17,17,supplementing,"[511, 541, 655, 685]","https://iiif.library.sh.cn/c/3/ab7539aa-16d2-4cdd-8c21-f65cb5e3562e#xywh=511,541,144,144",李俨撰文，欧阳通楷书,欧阳通（楷书）；李儇（撰文）,唐,龙朔三年十月十日刻立（663）,663,楷书,17A331,《翰墨瑰宝：上海图书馆藏珍本碑帖丛刊》第二辑,iiif_annotation_target_xywh,iiif_xywh
001_道因法师碑_p0014_c018,衣,001_道因法师碑,道因法师碑,14,十四,511,679,144,144,"[511, 679, 144, 144]",506,688,159,148,"[506, 688, 159, 148]",485,653,196,196,"[485, 653, 196, 196]",487,655,197,214,"[487, 655, 197, 214]",487,655,197,214,"[487, 655, 197, 214]",offline_local_binary_ring_bottom_guard,assets/page_images/001_道因法师碑/p0014.jpg,2,1,1,http://data.library.sh.cn/bt/resource/work/v1e0qbx3r5wp1uw4,http://iiif.library.sh.cn/api/viewer/17A331,https://iiif.library.sh.cn/p/3/02c55611-7427-4cd0-a2cd-a15b5ccbaa9c,https://iiif.library.sh.cn/c/3/ab7539aa-16d2-4cdd-8c21-f65cb5e3562e,1444,2225,https://iiif.library.sh.cn/c/3/ab7539aa-16d2-4cdd-8c21-f65cb5e3562e/ap/s,https://iiif.library.sh.cn/c/3/ab7539aa-16d2-4cdd-8c21-f65cb5e3562e/ap/c/a/4eef5a6f-a95b-4b9f-bea6-3d9dedc609ec,18,18,supplementing,"[511, 679, 655, 823]","https://iiif.library.sh.cn/c/3/ab7539aa-16d2-4cdd-8c21-f65cb5e3562e#xywh=511,679,144,144",李俨撰文，欧阳通楷书,欧阳通（楷书）；李儇（撰文）,唐,龙朔三年十月十日刻立（663）,663,楷书,17A331,《翰墨瑰宝：上海图书馆藏珍本碑帖丛刊》第二辑,iiif_annotation_target_xywh,iiif_xywh
001_道因法师碑_p0014_c019,冠,001_道因法师碑,道因法师碑,14,十四,511,855,157,157,"[511, 855, 157, 157]",506,850,159,184,"[506, 850, 159, 184]",483,827,213,213,"[483, 827, 213, 213]",487,818,197,256,"[487, 818, 197, 256]",487,818,197,256,"[487, 818, 197, 256]",offline_local_binary_ring_bottom_guard,assets/page_images/001_道因法师碑/p0014.jpg,2,2,1,http://data.library.sh.cn/bt/resource/work/v1e0qbx3r5wp1uw4,http://iiif.library.sh.cn/api/viewer/17A331,https://iiif.library.sh.cn/p/3/02c55611-7427-4cd0-a2cd-a15b5ccbaa9c,https://iiif.library.sh.cn/c/3/ab7539aa-16d2-4cdd-8c21-f65cb5e3562e,1444,2225,https://iiif.library.sh.cn/c/3/ab7539aa-16d2-4cdd-8c21-f65cb5e3562e/ap/s,https://iiif.library.sh.cn/c/3/ab7539aa-16d2-4cdd-8c21-f65cb5e3562e/ap/c/a/8b041b97-7c5f-4012-831e-a62f31c954eb,19,19,supplementing,"[511, 855, 668, 1012]","https://iiif.library.sh.cn/c/3/ab7539aa-16d2-4cdd-8c21-f65cb5e3562e#xywh=511,855,157,157",李俨撰文，欧阳通楷书,欧阳通（楷书）；李儇（撰文）,唐,龙朔三年十月十日刻立（663）,663,楷书,17A331,《翰墨瑰宝：上海图书馆藏珍本碑帖丛刊》第二辑,iiif_annotation_target_xywh,iiif_xywh
001_道因法师碑_p0014_c020,继,001_道因法师碑,道因法师碑,14,十四,511,1073,157,157,"[511, 1073, 157, 157]",506,1050,159,175,"[506, 1050, 159, 175]",483,1045,213,213,"[483, 1045, 213, 213]",487,1018,197,246,"[487, 1018, 197, 246]",487,1018,197,246,"[487, 1018, 197, 246]",offline_local_binary_ring_bottom_guard,assets/page_images/001_道因法师碑/p0014.jpg,2,3,1,http://data.library.sh.cn/bt/resource/work/v1e0qbx3r5wp1uw4,http://iiif.library.sh.cn/api/viewer/17A331,https://iiif.library.sh.cn/p/3/02c55611-7427-4cd0-a2cd-a15b5ccbaa9c,https://iiif.library.sh.cn/c/3/ab7539aa-16d2-4cdd-8c21-f65cb5e3562e,1444,2225,https://iiif.library.sh.cn/c/3/ab7539aa-16d2-4cdd-8c21-f65cb5e3562e/ap/s,https://iiif.library.sh.cn/c/3/ab7539aa-16d2-4cdd-8c21-f65cb5e3562e/ap/c/a/8fd4fd56-fc44-41be-b55b-afabea59ede7,20,20,supplementing,"[511, 1073, 668, 1230]","https://iiif.library.sh.cn/c/3/ab7539aa-16d2-4cdd-8c21-f65cb5e3562e#xywh=511,1073,157,157",李俨撰文，欧阳通楷书,欧阳通（楷书）；李儇（撰文）,唐,龙朔三年十月十日刻立（663）,663,楷书,17A331,《翰墨瑰宝：上海图书馆藏珍本碑帖丛刊》第二辑,iiif_annotation_target_xywh,iiif_xywh
001_道因法师碑_p0014_c021,及,001_道因法师碑,道因法师碑,14,十四,511,1236,157,157,"[511, 1236, 157, 157]",506,1240,159,155,"[506, 1240, 159, 155]",483,1208,213,213,"[483, 1208, 213, 213]",487,1206,197,223,"[487, 1206, 197, 223]",487,1206,197,223,"[487, 1206, 197, 223]",offline_local_binary_ring_bottom_guard,assets/page_images/001_道因法师碑/p0014.jpg,2,4,1,http://data.library.sh.cn/bt/resource/work/v1e0qbx3r5wp1uw4,http://iiif.library.sh.cn/api/viewer/17A331,https://iiif.library.sh.cn/p/3/02c55611-7427-4cd0-a2cd-a15b5ccbaa9c,https://iiif.library.sh.cn/c/3/ab7539aa-16d2-4cdd-8c21-f65cb5e3562e,1444,2225,https://iiif.library.sh.cn/c/3/ab7539aa-16d2-4cdd-8c21-f65cb5e3562e/ap/s,https://iiif.library.sh.cn/c/3/ab7539aa-16d2-4cdd-8c21-f65cb5e3562e/ap/c/a/6e9f8779-95f0-4954-8af1-9a1646348f1d,21,21,supplementing,"[511, 1236, 668, 1393]","https://iiif.library.sh.cn/c/3/ab7539aa-16d2-4cdd-8c21-f65cb5e3562e#xywh=511,1236,157,157",李俨撰文，欧阳通楷书,欧阳通（楷书）；李儇（撰文）,唐,龙朔三年十月十日刻立（663）,663,楷书,17A331,《翰墨瑰宝：上海图书馆藏珍本碑帖丛刊》第二辑,iiif_annotation_target_xywh,iiif_xywh
001_道因法师碑_p0014_c022,代,001_道因法师碑,道因法师碑,14,十四,511,1411,157,157,"[511, 1411, 157, 157]",506,1409,159,168,"[506, 1409, 159, 168]",483,1383,213,213,"[483, 1383, 213, 213]",487,1377,197,237,"[487, 1377, 197, 237]",487,1377,197,237,"[487, 1377, 197, 237]",offline_local_binary_ring_bottom_guard,assets/page_images/001_道因法师碑/p0014.jpg,2,5,1,http://data.library.sh.cn/bt/resource/work/v1e0qbx3r5wp1uw4,http://iiif.library.sh.cn/api/viewer/17A331,https://iiif.library.sh.cn/p/3/02c55611-7427-4cd0-a2cd-a15b5ccbaa9c,https://iiif.library.sh.cn/c/3/ab7539aa-16d2-4cdd-8c21-f65cb5e3562e,1444,2225,https://iiif.library.sh.cn/c/3/ab7539aa-16d2-4cdd-8c21-f65cb5e3562e/ap/s,https://iiif.library.sh.cn/c/3/ab7539aa-16d2-4cdd-8c21-f65cb5e3562e/ap/c/a/db5e0498-b054-4b7f-b154-d23fbeff0fd0,22,22,supplementing,"[511, 1411, 668, 1568]","https://iiif.library.sh.cn/c/3/ab7539aa-16d2-4cdd-8c21-f65cb5e3562e#xywh=511,1411,157,157",李俨撰文，欧阳通楷书,欧阳通（楷书）；李儇（撰文）,唐,龙朔三年十月十日刻立（663）,663,楷书,17A331,《翰墨瑰宝：上海图书馆藏珍本碑帖丛刊》第二辑,iiif_annotation_target_xywh,iiif_xywh
001_道因法师碑_p0014_c023,有,001_道因法师碑,道因法师碑,14,十四,511,1600,157,157,"[511, 1600, 157, 157]",506,1591,159,165,"[506, 1591, 159, 165]",483,1572,213,213,"[483, 1572, 213, 213]",487,1559,197,233,"[487, 1559, 197, 233]",487,1559,197,233,"[487, 1559, 197, 233]",offline_local_binary_ring_bottom_guard,assets/page_images/001_道因法师碑/p0014.jpg,2,6,1,http://data.library.sh.cn/bt/resource/work/v1e0qbx3r5wp1uw4,http://iiif.library.sh.cn/api/viewer/17A331,https://iiif.library.sh.cn/p/3/02c55611-7427-4cd0-a2cd-a15b5ccbaa9c,https://iiif.library.sh.cn/c/3/ab7539aa-16d2-4cdd-8c21-f65cb5e3562e,1444,2225,https://iiif.library.sh.cn/c/3/ab7539aa-16d2-4cdd-8c21-f65cb5e3562e/ap/s,https://iiif.library.sh.cn/c/3/ab7539aa-16d2-4cdd-8c21-f65cb5e3562e/ap/c/a/6d87a5df-003f-404f-b142-c45d2e2626c3,23,23,supplementing,"[511, 1600, 668, 1757]","https://iiif.library.sh.cn/c/3/ab7539aa-16d2-4cdd-8c21-f65cb5e3562e#xywh=511,1600,157,157",李俨撰文，欧阳通楷书,欧阳通（楷书）；李儇（撰文）,唐,龙朔三年十月十日刻立（663）,663,楷书,17A331,《翰墨瑰宝：上海图书馆藏珍本碑帖丛刊》第二辑,iiif_annotation_target_xywh,iiif_xywh
001_道因法师碑_p0014_c024,人,001_道因法师碑,道因法师碑,14,十四,511,1769,157,157,"[511, 1769, 157, 157]",506,1770,159,155,"[506, 1770, 159, 155]",483,1741,213,213,"[483, 1741, 213, 213]",487,1737,197,222,"[487, 1737, 197, 222]",487,1737,197,222,"[487, 1737, 197, 222]",offline_local_binary_ring_bottom_guard,assets/page_images/001_道因法师碑/p0014.jpg,2,7,1,http://data.library.sh.cn/bt/resource/work/v1e0qbx3r5wp1uw4,http://iiif.library.sh.cn/api/viewer/17A331,https://iiif.library.sh.cn/p/3/02c55611-7427-4cd0-a2cd-a15b5ccbaa9c,https://iiif.library.sh.cn/c/3/ab7539aa-16d2-4cdd-8c21-f65cb5e3562e,1444,2225,https://iiif.library.sh.cn/c/3/ab7539aa-16d2-4cdd-8c21-f65cb5e3562e/ap/s,https://iiif.library.sh.cn/c/3/ab7539aa-16d2-4cdd-8c21-f65cb5e3562e/ap/c/a/0441401b-6027-4e10-8169-ed53f1323360,24,24,supplementing,"[511, 1769, 668, 1926]","https://iiif.library.sh.cn/c/3/ab7539aa-16d2-4cdd-8c21-f65cb5e3562e#xywh=511,1769,157,157",李俨撰文，欧阳通楷书,欧阳通（楷书）；李儇（撰文）,唐,龙朔三年十月十日刻立（663）,663,楷书,17A331,《翰墨瑰宝：上海图书馆藏珍本碑帖丛刊》第二辑,iiif_annotation_target_xywh,iiif_xywh
001_道因法师碑_p0014_c025,焉,001_道因法师碑,道因法师碑,14,十四,334,549,153,153,"[334, 549, 153, 153]",340,564,153,123,"[340, 564, 153, 123]",306,521,209,209,"[306, 521, 209, 209]",322,537,189,177,"[322, 537, 189, 177]",322,537,189,177,"[322, 537, 189, 177]",offline_local_binary_ring_bottom_guard,assets/page_images/001_道因法师碑/p0014.jpg,3,0,1,http://data.library.sh.cn/bt/resource/work/v1e0qbx3r5wp1uw4,http://iiif.library.sh.cn/api/viewer/17A331,https://iiif.library.sh.cn/p/3/02c55611-7427-4cd0-a2cd-a15b5ccbaa9c,https://iiif.library.sh.cn/c/3/ab7539aa-16d2-4cdd-8c21-f65cb5e3562e,1444,2225,https://iiif.library.sh.cn/c/3/ab7539aa-16d2-4cdd-8c21-f65cb5e3562e/ap/s,https://iiif.library.sh.cn/c/3/ab7539aa-16d2-4cdd-8c21-f65cb5e3562e/ap/c/a/1cb2ead3-a5cc-4f12-983e-87b32de1576a,25,25,supplementing,"[334, 549, 487, 702]","https://iiif.library.sh.cn/c/3/ab7539aa-16d2-4cdd-8c21-f65cb5e3562e#xywh=334,549,153,153",李俨撰文，欧阳通楷书,欧阳通（楷书）；李儇（撰文）,唐,龙朔三年十月十日刻立（663）,663,楷书,17A331,《翰墨瑰宝：上海图书馆藏珍本碑帖丛刊》第二辑,iiif_annotation_target_xywh,iiif_xywh
001_道因法师碑_p0014_c026,祖,001_道因法师碑,道因法师碑,14,十四,334,683,153,153,"[334, 683, 153, 153]",340,699,153,142,"[340, 699, 153, 142]",306,655,209,209,"[306, 655, 209, 209]",322,668,189,204,"[322, 668, 189, 204]",322,668,189,204,"[322, 668, 189, 204]",offline_local_binary_ring_bottom_guard,assets/page_images/001_道因法师碑/p0014.jpg,3,1,1,http://data.library.sh.cn/bt/resource/work/v1e0qbx3r5wp1uw4,http://iiif.library.sh.cn/api/viewer/17A331,https://iiif.library.sh.cn/p/3/02c55611-7427-4cd0-a2cd-a15b5ccbaa9c,https://iiif.library.sh.cn/c/3/ab7539aa-16d2-4cdd-8c21-f65cb5e3562e,1444,2225,https://iiif.library.sh.cn/c/3/ab7539aa-16d2-4cdd-8c21-f65cb5e3562e/ap/s,https://iiif.library.sh.cn/c/3/ab7539aa-16d2-4cdd-8c21-f65cb5e3562e/ap/c/a/ae7ac276-a201-4985-b821-4e1a930b66f1,26,26,supplementing,"[334, 683, 487, 836]","https://iiif.library.sh.cn/c/3/ab7539aa-16d2-4cdd-8c21-f65cb5e3562e#xywh=334,683,153,153",李俨撰文，欧阳通楷书,欧阳通（楷书）；李儇（撰文）,唐,龙朔三年十月十日刻立（663）,663,楷书,17A331,《翰墨瑰宝：上海图书馆藏珍本碑帖丛刊》第二辑,iiif_annotation_target_xywh,iiif_xywh
001_道因法师碑_p0014_c027,阚,001_道因法师碑,道因法师碑,14,十四,334,858,153,153,"[334, 858, 153, 153]",340,854,153,167,"[340, 854, 153, 167]",306,830,209,209,"[306, 830, 209, 209]",322,823,189,235,"[322, 823, 189, 235]",322,823,189,235,"[322, 823, 189, 235]",offline_local_binary_ring_bottom_guard,assets/page_images/001_道因法师碑/p0014.jpg,3,2,1,http://data.library.sh.cn/bt/resource/work/v1e0qbx3r5wp1uw4,http://iiif.library.sh.cn/api/viewer/17A331,https://iiif.library.sh.cn/p/3/02c55611-7427-4cd0-a2cd-a15b5ccbaa9c,https://iiif.library.sh.cn/c/3/ab7539aa-16d2-4cdd-8c21-f65cb5e3562e,1444,2225,https://iiif.library.sh.cn/c/3/ab7539aa-16d2-4cdd-8c21-f65cb5e3562e/ap/s,https://iiif.library.sh.cn/c/3/ab7539aa-16d2-4cdd-8c21-f65cb5e3562e/ap/c/a/8c1b86be-6148-4525-91db-d9948bb82814,27,27,supplementing,"[334, 858, 487, 1011]","https://iiif.library.sh.cn/c/3/ab7539aa-16d2-4cdd-8c21-f65cb5e3562e#xywh=334,858,153,153",李俨撰文，欧阳通楷书,欧阳通（楷书）；李儇（撰文）,唐,龙朔三年十月十日刻立（663）,663,楷书,17A331,《翰墨瑰宝：上海图书馆藏珍本碑帖丛刊》第二辑,iiif_annotation_target_xywh,iiif_xywh
001_道因法师碑_p0014_c028,齐,001_道因法师碑,道因法师碑,14,十四,334,1045,153,153,"[334, 1045, 153, 153]",340,1035,153,169,"[340, 1035, 153, 169]",306,1017,209,209,"[306, 1017, 209, 209]",322,1004,189,237,"[322, 1004, 189, 237]",322,1004,189,237,"[322, 1004, 189, 237]",offline_local_binary_ring_bottom_guard,assets/page_images/001_道因法师碑/p0014.jpg,3,3,1,http://data.library.sh.cn/bt/resource/work/v1e0qbx3r5wp1uw4,http://iiif.library.sh.cn/api/viewer/17A331,https://iiif.library.sh.cn/p/3/02c55611-7427-4cd0-a2cd-a15b5ccbaa9c,https://iiif.library.sh.cn/c/3/ab7539aa-16d2-4cdd-8c21-f65cb5e3562e,1444,2225,https://iiif.library.sh.cn/c/3/ab7539aa-16d2-4cdd-8c21-f65cb5e3562e/ap/s,https://iiif.library.sh.cn/c/3/ab7539aa-16d2-4cdd-8c21-f65cb5e3562e/ap/c/a/fd0c1ee6-4841-4a52-96d3-60c5a501e7ba,28,28,supplementing,"[334, 1045, 487, 1198]","https://iiif.library.sh.cn/c/3/ab7539aa-16d2-4cdd-8c21-f65cb5e3562e#xywh=334,1045,153,153",李俨撰文，欧阳通楷书,欧阳通（楷书）；李儇（撰文）,唐,龙朔三年十月十日刻立（663）,663,楷书,17A331,《翰墨瑰宝：上海图书馆藏珍本碑帖丛刊》第二辑,iiif_annotation_target_xywh,iiif_xywh
001_道因法师碑_p0014_c029,冀,001_道因法师碑,道因法师碑,14,十四,334,1224,153,153,"[334, 1224, 153, 153]",340,1218,153,160,"[340, 1218, 153, 160]",306,1196,209,209,"[306, 1196, 209, 209]",322,1187,189,226,"[322, 1187, 189, 226]",322,1187,189,226,"[322, 1187, 189, 226]",offline_local_binary_ring_bottom_guard,assets/page_images/001_道因法师碑/p0014.jpg,3,4,1,http://data.library.sh.cn/bt/resource/work/v1e0qbx3r5wp1uw4,http://iiif.library.sh.cn/api/viewer/17A331,https://iiif.library.sh.cn/p/3/02c55611-7427-4cd0-a2cd-a15b5ccbaa9c,https://iiif.library.sh.cn/c/3/ab7539aa-16d2-4cdd-8c21-f65cb5e3562e,1444,2225,https://iiif.library.sh.cn/c/3/ab7539aa-16d2-4cdd-8c21-f65cb5e3562e/ap/s,https://iiif.library.sh.cn/c/3/ab7539aa-16d2-4cdd-8c21-f65cb5e3562e/ap/c/a/337a099d-f0fb-4627-a3cd-707b026bd376,29,29,supplementing,"[334, 1224, 487, 1377]","https://iiif.library.sh.cn/c/3/ab7539aa-16d2-4cdd-8c21-f65cb5e3562e#xywh=334,1224,153,153",李俨撰文，欧阳通楷书,欧阳通（楷书）；李儇（撰文）,唐,龙朔三年十月十日刻立（663）,663,楷书,17A331,《翰墨瑰宝：上海图书馆藏珍本碑帖丛刊》第二辑,iiif_annotation_target_xywh,iiif_xywh
001_道因法师碑_p0014_c030,州,001_道因法师碑,道因法师碑,14,十四,334,1393,153,153,"[334, 1393, 153, 153]",340,1392,153,157,"[340, 1392, 153, 157]",306,1365,209,209,"[306, 1365, 209, 209]",322,1361,189,223,"[322, 1361, 189, 223]",322,1361,189,223,"[322, 1361, 189, 223]",offline_local_binary_ring_bottom_guard,assets/page_images/001_道因法师碑/p0014.jpg,3,5,1,http://data.library.sh.cn/bt/resource/work/v1e0qbx3r5wp1uw4,http://iiif.library.sh.cn/api/viewer/17A331,https://iiif.library.sh.cn/p/3/02c55611-7427-4cd0-a2cd-a15b5ccbaa9c,https://iiif.library.sh.cn/c/3/ab7539aa-16d2-4cdd-8c21-f65cb5e3562e,1444,2225,https://iiif.library.sh.cn/c/3/ab7539aa-16d2-4cdd-8c21-f65cb5e3562e/ap/s,https://iiif.library.sh.cn/c/3/ab7539aa-16d2-4cdd-8c21-f65cb5e3562e/ap/c/a/b295d5d0-fc9b-4813-8f35-3de49f23789e,30,30,supplementing,"[334, 1393, 487, 1546]","https://iiif.library.sh.cn/c/3/ab7539aa-16d2-4cdd-8c21-f65cb5e3562e#xywh=334,1393,153,153",李俨撰文，欧阳通楷书,欧阳通（楷书）；李儇（撰文）,唐,龙朔三年十月十日刻立（663）,663,楷书,17A331,《翰墨瑰宝：上海图书馆藏珍本碑帖丛刊》第二辑,iiif_annotation_target_xywh,iiif_xywh
001_道因法师碑_p0014_c031,长,001_道因法师碑,道因法师碑,14,十四,334,1565,153,153,"[334, 1565, 153, 153]",340,1562,153,150,"[340, 1562, 153, 150]",306,1537,209,209,"[306, 1537, 209, 209]",322,1531,189,214,"[322, 1531, 189, 214]",322,1531,189,214,"[322, 1531, 189, 214]",offline_local_binary_ring_bottom_guard,assets/page_images/001_道因法师碑/p0014.jpg,3,6,1,http://data.library.sh.cn/bt/resource/work/v1e0qbx3r5wp1uw4,http://iiif.library.sh.cn/api/viewer/17A331,https://iiif.library.sh.cn/p/3/02c55611-7427-4cd0-a2cd-a15b5ccbaa9c,https://iiif.library.sh.cn/c/3/ab7539aa-16d2-4cdd-8c21-f65cb5e3562e,1444,2225,https://iiif.library.sh.cn/c/3/ab7539aa-16d2-4cdd-8c21-f65cb5e3562e/ap/s,https://iiif.library.sh.cn/c/3/ab7539aa-16d2-4cdd-8c21-f65cb5e3562e/ap/c/a/2f1e95f7-db01-4e8b-af58-e618e652dc6a,31,31,supplementing,"[334, 1565, 487, 1718]","https://iiif.library.sh.cn/c/3/ab7539aa-16d2-4cdd-8c21-f65cb5e3562e#xywh=334,1565,153,153",李俨撰文，欧阳通楷书,欧阳通（楷书）；李儇（撰文）,唐,龙朔三年十月十日刻立（663）,663,楷书,17A331,《翰墨瑰宝：上海图书馆藏珍本碑帖丛刊》第二辑,iiif_annotation_target_xywh,iiif_xywh
001_道因法师碑_p0014_c032,史,001_道因法师碑,道因法师碑,14,十四,334,1720,153,153,"[334, 1720, 153, 153]",340,1725,153,143,"[340, 1725, 153, 143]",306,1692,209,209,"[306, 1692, 209, 209]",322,1694,189,205,"[322, 1694, 189, 205]",322,1694,189,205,"[322, 1694, 189, 205]",offline_local_binary_ring_bottom_guard,assets/page_images/001_道因法师碑/p0014.jpg,3,7,1,http://data.library.sh.cn/bt/resource/work/v1e0qbx3r5wp1uw4,http://iiif.library.sh.cn/api/viewer/17A331,https://iiif.library.sh.cn/p/3/02c55611-7427-4cd0-a2cd-a15b5ccbaa9c,https://iiif.library.sh.cn/c/3/ab7539aa-16d2-4cdd-8c21-f65cb5e3562e,1444,2225,https://iiif.library.sh.cn/c/3/ab7539aa-16d2-4cdd-8c21-f65cb5e3562e/ap/s,https://iiif.library.sh.cn/c/3/ab7539aa-16d2-4cdd-8c21-f65cb5e3562e/ap/c/a/fdfda852-90c4-4498-9167-0a0346bedb80,32,32,supplementing,"[334, 1720, 487, 1873]","https://iiif.library.sh.cn/c/3/ab7539aa-16d2-4cdd-8c21-f65cb5e3562e#xywh=334,1720,153,153",李俨撰文，欧阳通楷书,欧阳通（楷书）；李儇（撰文）,唐,龙朔三年十月十日刻立（663）,663,楷书,17A331,《翰墨瑰宝：上海图书馆藏珍本碑帖丛刊》第二辑,iiif_annotation_target_xywh,iiif_xywh
001_道因法师碑_p0014_c033,父,001_道因法师碑,道因法师碑,14,十四,186,545,141,141,"[186, 545, 141, 141]",186,572,141,87,"[186, 572, 141, 87]",161,520,191,191,"[161, 520, 191, 191]",169,553,175,125,"[169, 553, 175, 125]",169,553,175,125,"[169, 553, 175, 125]",offline_local_binary_ring_bottom_guard,assets/page_images/001_道因法师碑/p0014.jpg,4,0,1,http://data.library.sh.cn/bt/resource/work/v1e0qbx3r5wp1uw4,http://iiif.library.sh.cn/api/viewer/17A331,https://iiif.library.sh.cn/p/3/02c55611-7427-4cd0-a2cd-a15b5ccbaa9c,https://iiif.library.sh.cn/c/3/ab7539aa-16d2-4cdd-8c21-f65cb5e3562e,1444,2225,https://iiif.library.sh.cn/c/3/ab7539aa-16d2-4cdd-8c21-f65cb5e3562e/ap/s,https://iiif.library.sh.cn/c/3/ab7539aa-16d2-4cdd-8c21-f65cb5e3562e/ap/c/a/2569c3eb-1747-496a-baef-e5a88e1fdca1,33,33,supplementing,"[186, 545, 327, 686]","https://iiif.library.sh.cn/c/3/ab7539aa-16d2-4cdd-8c21-f65cb5e3562e#xywh=186,545,141,141",李俨撰文，欧阳通楷书,欧阳通（楷书）；李儇（撰文）,唐,龙朔三年十月十日刻立（663）,663,楷书,17A331,《翰墨瑰宝：上海图书馆藏珍本碑帖丛刊》第二辑,iiif_annotation_target_xywh,iiif_xywh
001_道因法师碑_p0014_c034,瑒,001_道因法师碑,道因法师碑,14,十四,186,640,141,141,"[186, 640, 141, 141]",186,669,141,138,"[186, 669, 141, 138]",161,615,191,191,"[161, 615, 191, 191]",169,639,175,198,"[169, 639, 175, 198]",169,639,175,198,"[169, 639, 175, 198]",offline_local_binary_ring_bottom_guard,assets/page_images/001_道因法师碑/p0014.jpg,4,1,1,http://data.library.sh.cn/bt/resource/work/v1e0qbx3r5wp1uw4,http://iiif.library.sh.cn/api/viewer/17A331,https://iiif.library.sh.cn/p/3/02c55611-7427-4cd0-a2cd-a15b5ccbaa9c,https://iiif.library.sh.cn/c/3/ab7539aa-16d2-4cdd-8c21-f65cb5e3562e,1444,2225,https://iiif.library.sh.cn/c/3/ab7539aa-16d2-4cdd-8c21-f65cb5e3562e/ap/s,https://iiif.library.sh.cn/c/3/ab7539aa-16d2-4cdd-8c21-f65cb5e3562e/ap/c/a/b26f9b03-c14e-498e-ab02-18ae09d4580d,34,34,supplementing,"[186, 640, 327, 781]","https://iiif.library.sh.cn/c/3/ab7539aa-16d2-4cdd-8c21-f65cb5e3562e#xywh=186,640,141,141",李俨撰文，欧阳通楷书,欧阳通（楷书）；李儇（撰文）,唐,龙朔三年十月十日刻立（663）,663,楷书,17A331,《翰墨瑰宝：上海图书馆藏珍本碑帖丛刊》第二辑,iiif_annotation_target_xywh,iiif_xywh
001_道因法师碑_p0014_c035,随,001_道因法师碑,道因法师碑,14,十四,186,845,141,141,"[186, 845, 141, 141]",186,821,141,178,"[186, 821, 141, 178]",161,820,191,191,"[161, 820, 191, 191]",169,792,175,246,"[169, 792, 175, 246]",169,792,175,246,"[169, 792, 175, 246]",offline_local_binary_ring_bottom_guard,assets/page_images/001_道因法师碑/p0014.jpg,4,2,1,http://data.library.sh.cn/bt/resource/work/v1e0qbx3r5wp1uw4,http://iiif.library.sh.cn/api/viewer/17A331,https://iiif.library.sh.cn/p/3/02c55611-7427-4cd0-a2cd-a15b5ccbaa9c,https://iiif.library.sh.cn/c/3/ab7539aa-16d2-4cdd-8c21-f65cb5e3562e,1444,2225,https://iiif.library.sh.cn/c/3/ab7539aa-16d2-4cdd-8c21-f65cb5e3562e/ap/s,https://iiif.library.sh.cn/c/3/ab7539aa-16d2-4cdd-8c21-f65cb5e3562e/ap/c/a/6a5fe591-4998-466e-a654-a3afd849dccb,35,35,supplementing,"[186, 845, 327, 986]","https://iiif.library.sh.cn/c/3/ab7539aa-16d2-4cdd-8c21-f65cb5e3562e#xywh=186,845,141,141",李俨撰文，欧阳通楷书,欧阳通（楷书）；李儇（撰文）,唐,龙朔三年十月十日刻立（663）,663,楷书,17A331,《翰墨瑰宝：上海图书馆藏珍本碑帖丛刊》第二辑,iiif_annotation_target_xywh,iiif_xywh
001_道因法师碑_p0014_c036,柏,001_道因法师碑,道因法师碑,14,十四,186,1028,141,141,"[186, 1028, 141, 141]",186,1014,141,169,"[186, 1014, 141, 169]",161,1003,191,191,"[161, 1003, 191, 191]",169,985,175,235,"[169, 985, 175, 235]",169,985,175,235,"[169, 985, 175, 235]",offline_local_binary_ring_bottom_guard,assets/page_images/001_道因法师碑/p0014.jpg,4,3,1,http://data.library.sh.cn/bt/resource/work/v1e0qbx3r5wp1uw4,http://iiif.library.sh.cn/api/viewer/17A331,https://iiif.library.sh.cn/p/3/02c55611-7427-4cd0-a2cd-a15b5ccbaa9c,https://iiif.library.sh.cn/c/3/ab7539aa-16d2-4cdd-8c21-f65cb5e3562e,1444,2225,https://iiif.library.sh.cn/c/3/ab7539aa-16d2-4cdd-8c21-f65cb5e3562e/ap/s,https://iiif.library.sh.cn/c/3/ab7539aa-16d2-4cdd-8c21-f65cb5e3562e/ap/c/a/1058b5e0-9f1e-431d-9578-3fee11379474,36,36,supplementing,"[186, 1028, 327, 1169]","https://iiif.library.sh.cn/c/3/ab7539aa-16d2-4cdd-8c21-f65cb5e3562e#xywh=186,1028,141,141",李俨撰文，欧阳通楷书,欧阳通（楷书）；李儇（撰文）,唐,龙朔三年十月十日刻立（663）,663,楷书,17A331,《翰墨瑰宝：上海图书馆藏珍本碑帖丛刊》第二辑,iiif_annotation_target_xywh,iiif_xywh
001_道因法师碑_p0014_c037,仁,001_道因法师碑,道因法师碑,14,十四,186,1211,141,141,"[186, 1211, 141, 141]",186,1197,141,163,"[186, 1197, 141, 163]",161,1186,191,191,"[161, 1186, 191, 191]",169,1168,175,228,"[169, 1168, 175, 228]",169,1168,175,228,"[169, 1168, 175, 228]",offline_local_binary_ring_bottom_guard,assets/page_images/001_道因法师碑/p0014.jpg,4,4,1,http://data.library.sh.cn/bt/resource/work/v1e0qbx3r5wp1uw4,http://iiif.library.sh.cn/api/viewer/17A331,https://iiif.library.sh.cn/p/3/02c55611-7427-4cd0-a2cd-a15b5ccbaa9c,https://iiif.library.sh.cn/c/3/ab7539aa-16d2-4cdd-8c21-f65cb5e3562e,1444,2225,https://iiif.library.sh.cn/c/3/ab7539aa-16d2-4cdd-8c21-f65cb5e3562e/ap/s,https://iiif.library.sh.cn/c/3/ab7539aa-16d2-4cdd-8c21-f65cb5e3562e/ap/c/a/b9c2a23d-3db7-4ec8-b32e-1787e726c7e8,37,37,supplementing,"[186, 1211, 327, 1352]","https://iiif.library.sh.cn/c/3/ab7539aa-16d2-4cdd-8c21-f65cb5e3562e#xywh=186,1211,141,141",李俨撰文，欧阳通楷书,欧阳通（楷书）；李儇（撰文）,唐,龙朔三年十月十日刻立（663）,663,楷书,17A331,《翰墨瑰宝：上海图书馆藏珍本碑帖丛刊》第二辑,iiif_annotation_target_xywh,iiif_xywh
001_道因法师碑_p0014_c038,县,001_道因法师碑,道因法师碑,14,十四,186,1382,141,141,"[186, 1382, 141, 141]",186,1374,141,165,"[186, 1374, 141, 165]",161,1357,191,191,"[161, 1357, 191, 191]",169,1345,175,230,"[169, 1345, 175, 230]",169,1345,175,230,"[169, 1345, 175, 230]",offline_local_binary_ring_bottom_guard,assets/page_images/001_道因法师碑/p0014.jpg,4,5,1,http://data.library.sh.cn/bt/resource/work/v1e0qbx3r5wp1uw4,http://iiif.library.sh.cn/api/viewer/17A331,https://iiif.library.sh.cn/p/3/02c55611-7427-4cd0-a2cd-a15b5ccbaa9c,https://iiif.library.sh.cn/c/3/ab7539aa-16d2-4cdd-8c21-f65cb5e3562e,1444,2225,https://iiif.library.sh.cn/c/3/ab7539aa-16d2-4cdd-8c21-f65cb5e3562e/ap/s,https://iiif.library.sh.cn/c/3/ab7539aa-16d2-4cdd-8c21-f65cb5e3562e/ap/c/a/a2b23ad3-7d3d-4f50-82d9-20a288f6a70a,38,38,supplementing,"[186, 1382, 327, 1523]","https://iiif.library.sh.cn/c/3/ab7539aa-16d2-4cdd-8c21-f65cb5e3562e#xywh=186,1382,141,141",李俨撰文，欧阳通楷书,欧阳通（楷书）；李儇（撰文）,唐,龙朔三年十月十日刻立（663）,663,楷书,17A331,《翰墨瑰宝：上海图书馆藏珍本碑帖丛刊》第二辑,iiif_annotation_target_xywh,iiif_xywh
001_道因法师碑_p0014_c039,令,001_道因法师碑,道因法师碑,14,十四,186,1570,141,141,"[186, 1570, 141, 141]",186,1554,141,163,"[186, 1554, 141, 163]",161,1545,191,191,"[161, 1545, 191, 191]",169,1525,175,228,"[169, 1525, 175, 228]",169,1525,175,228,"[169, 1525, 175, 228]",offline_local_binary_ring_bottom_guard,assets/page_images/001_道因法师碑/p0014.jpg,4,6,1,http://data.library.sh.cn/bt/resource/work/v1e0qbx3r5wp1uw4,http://iiif.library.sh.cn/api/viewer/17A331,https://iiif.library.sh.cn/p/3/02c55611-7427-4cd0-a2cd-a15b5ccbaa9c,https://iiif.library.sh.cn/c/3/ab7539aa-16d2-4cdd-8c21-f65cb5e3562e,1444,2225,https://iiif.library.sh.cn/c/3/ab7539aa-16d2-4cdd-8c21-f65cb5e3562e/ap/s,https://iiif.library.sh.cn/c/3/ab7539aa-16d2-4cdd-8c21-f65cb5e3562e/ap/c/a/8857ea36-92b5-448c-a4ed-91b7c49257f9,39,39,supplementing,"[186, 1570, 327, 1711]","https://iiif.library.sh.cn/c/3/ab7539aa-16d2-4cdd-8c21-f65cb5e3562e#xywh=186,1570,141,141",李俨撰文，欧阳通楷书,欧阳通（楷书）；李儇（撰文）,唐,龙朔三年十月十日刻立（663）,663,楷书,17A331,《翰墨瑰宝：上海图书馆藏珍本碑帖丛刊》第二辑,iiif_annotation_target_xywh,iiif_xywh
001_道因法师碑_p0014_c040,并,001_道因法师碑,道因法师碑,14,十四,186,1738,141,141,"[186, 1738, 141, 141]",186,1731,141,155,"[186, 1731, 141, 155]",161,1713,191,191,"[161, 1713, 191, 191]",169,1702,175,218,"[169, 1702, 175, 218]",169,1702,175,218,"[169, 1702, 175, 218]",offline_local_binary_ring_bottom_guard,assets/page_images/001_道因法师碑/p0014.jpg,4,7,1,http://data.library.sh.cn/bt/resource/work/v1e0qbx3r5wp1uw4,http://iiif.library.sh.cn/api/viewer/17A331,https://iiif.library.sh.cn/p/3/02c55611-7427-4cd0-a2cd-a15b5ccbaa9c,https://iiif.library.sh.cn/c/3/ab7539aa-16d2-4cdd-8c21-f65cb5e3562e,1444,2225,https://iiif.library.sh.cn/c/3/ab7539aa-16d2-4cdd-8c21-f65cb5e3562e/ap/s,https://iiif.library.sh.cn/c/3/ab7539aa-16d2-4cdd-8c21-f65cb5e3562e/ap/c/a/466741c3-c0a3-459f-8608-161625593165,40,40,supplementing,"[186, 1738, 327, 1879]","https://iiif.library.sh.cn/c/3/ab7539aa-16d2-4cdd-8c21-f65cb5e3562e#xywh=186,1738,141,141",李俨撰文，欧阳通楷书,欧阳通（楷书）；李儇（撰文）,唐,龙朔三年十月十日刻立（663）,663,楷书,17A331,《翰墨瑰宝：上海图书馆藏珍本碑帖丛刊》第二辑,iiif_annotation_target_xywh,iiif_xywh
001_道因法师碑_p0015_c001,琢,001_道因法师碑,道因法师碑,15,十五,1136,516,136,136,"[1136, 516, 136, 136]",1126,512,149,144,"[1126, 512, 149, 144]",1112,492,184,184,"[1112, 492, 184, 184]",1108,484,185,204,"[1108, 484, 185, 204]",1108,484,185,204,"[1108, 484, 185, 204]",offline_local_binary_ring_bottom_guard,assets/page_images/001_道因法师碑/p0015.jpg,0,0,1,http://data.library.sh.cn/bt/resource/work/v1e0qbx3r5wp1uw4,http://iiif.library.sh.cn/api/viewer/17A331,https://iiif.library.sh.cn/p/3/02c55611-7427-4cd0-a2cd-a15b5ccbaa9c,https://iiif.library.sh.cn/c/3/4d4628e5-3907-4783-8b8d-8a135eee9fd9,1460,2231,https://iiif.library.sh.cn/c/3/4d4628e5-3907-4783-8b8d-8a135eee9fd9/ap/s,https://iiif.library.sh.cn/c/3/4d4628e5-3907-4783-8b8d-8a135eee9fd9/ap/c/a/5b0322c3-0e1a-4f73-8dcc-ac1af2c1381f,1,1,supplementing,"[1136, 516, 1272, 652]","https://iiif.library.sh.cn/c/3/4d4628e5-3907-4783-8b8d-8a135eee9fd9#xywh=1136,516,136,136",李俨撰文，欧阳通楷书,欧阳通（楷书）；李儇（撰文）,唐,龙朔三年十月十日刻立（663）,663,楷书,17A331,《翰墨瑰宝：上海图书馆藏珍本碑帖丛刊》第二辑,iiif_annotation_target_xywh,iiif_xywh
001_道因法师碑_p0015_c002,磨,001_道因法师碑,道因法师碑,15,十五,1128,669,144,144,"[1128, 669, 144, 144]",1126,670,149,167,"[1126, 670, 149, 167]",1102,643,196,196,"[1102, 643, 196, 196]",1108,639,185,235,"[1108, 639, 185, 235]",1108,639,185,235,"[1108, 639, 185, 235]",offline_local_binary_ring_bottom_guard,assets/page_images/001_道因法师碑/p0015.jpg,0,1,1,http://data.library.sh.cn/bt/resource/work/v1e0qbx3r5wp1uw4,http://iiif.library.sh.cn/api/viewer/17A331,https://iiif.library.sh.cn/p/3/02c55611-7427-4cd0-a2cd-a15b5ccbaa9c,https://iiif.library.sh.cn/c/3/4d4628e5-3907-4783-8b8d-8a135eee9fd9,1460,2231,https://iiif.library.sh.cn/c/3/4d4628e5-3907-4783-8b8d-8a135eee9fd9/ap/s,https://iiif.library.sh.cn/c/3/4d4628e5-3907-4783-8b8d-8a135eee9fd9/ap/c/a/d817ab83-150c-476e-aad4-9c2121b0966d,2,2,supplementing,"[1128, 669, 1272, 813]","https://iiif.library.sh.cn/c/3/4d4628e5-3907-4783-8b8d-8a135eee9fd9#xywh=1128,669,144,144",李俨撰文，欧阳通楷书,欧阳通（楷书）；李儇（撰文）,唐,龙朔三年十月十日刻立（663）,663,楷书,17A331,《翰墨瑰宝：上海图书馆藏珍本碑帖丛刊》第二辑,iiif_annotation_target_xywh,iiif_xywh
001_道因法师碑_p0015_c003,道,001_道因法师碑,道因法师碑,15,十五,1128,875,144,144,"[1128, 875, 144, 144]",1126,852,149,177,"[1126, 852, 149, 177]",1102,849,196,196,"[1102, 849, 196, 196]",1108,822,185,246,"[1108, 822, 185, 246]",1108,822,185,246,"[1108, 822, 185, 246]",offline_local_binary_ring_bottom_guard,assets/page_images/001_道因法师碑/p0015.jpg,0,2,1,http://data.library.sh.cn/bt/resource/work/v1e0qbx3r5wp1uw4,http://iiif.library.sh.cn/api/viewer/17A331,https://iiif.library.sh.cn/p/3/02c55611-7427-4cd0-a2cd-a15b5ccbaa9c,https://iiif.library.sh.cn/c/3/4d4628e5-3907-4783-8b8d-8a135eee9fd9,1460,2231,https://iiif.library.sh.cn/c/3/4d4628e5-3907-4783-8b8d-8a135eee9fd9/ap/s,https://iiif.library.sh.cn/c/3/4d4628e5-3907-4783-8b8d-8a135eee9fd9/ap/c/a/6d516096-ab08-406d-9a37-5c59a05b5a71,3,3,supplementing,"[1128, 875, 1272, 1019]","https://iiif.library.sh.cn/c/3/4d4628e5-3907-4783-8b8d-8a135eee9fd9#xywh=1128,875,144,144",李俨撰文，欧阳通楷书,欧阳通（楷书）；李儇（撰文）,唐,龙朔三年十月十日刻立（663）,663,楷书,17A331,《翰墨瑰宝：上海图书馆藏珍本碑帖丛刊》第二辑,iiif_annotation_target_xywh,iiif_xywh
001_道因法师碑_p0015_c004,德,001_道因法师碑,道因法师碑,15,十五,1128,1054,144,144,"[1128, 1054, 144, 144]",1126,1044,149,162,"[1126, 1044, 149, 162]",1102,1028,196,196,"[1102, 1028, 196, 196]",1108,1014,185,228,"[1108, 1014, 185, 228]",1108,1014,185,228,"[1108, 1014, 185, 228]",offline_local_binary_ring_bottom_guard,assets/page_images/001_道因法师碑/p0015.jpg,0,3,1,http://data.library.sh.cn/bt/resource/work/v1e0qbx3r5wp1uw4,http://iiif.library.sh.cn/api/viewer/17A331,https://iiif.library.sh.cn/p/3/02c55611-7427-4cd0-a2cd-a15b5ccbaa9c,https://iiif.library.sh.cn/c/3/4d4628e5-3907-4783-8b8d-8a135eee9fd9,1460,2231,https://iiif.library.sh.cn/c/3/4d4628e5-3907-4783-8b8d-8a135eee9fd9/ap/s,https://iiif.library.sh.cn/c/3/4d4628e5-3907-4783-8b8d-8a135eee9fd9/ap/c/a/e788b285-c360-464b-bd88-8e2b21e6351c,4,4,supplementing,"[1128, 1054, 1272, 1198]","https://iiif.library.sh.cn/c/3/4d4628e5-3907-4783-8b8d-8a135eee9fd9#xywh=1128,1054,144,144",李俨撰文，欧阳通楷书,欧阳通（楷书）；李儇（撰文）,唐,龙朔三年十月十日刻立（663）,663,楷书,17A331,《翰墨瑰宝：上海图书馆藏珍本碑帖丛刊》第二辑,iiif_annotation_target_xywh,iiif_xywh
001_道因法师碑_p0015_c005,砥,001_道因法师碑,道因法师碑,15,十五,1128,1229,144,144,"[1128, 1229, 144, 144]",1126,1220,149,143,"[1126, 1220, 149, 143]",1102,1203,196,196,"[1102, 1203, 196, 196]",1108,1190,185,204,"[1108, 1190, 185, 204]",1108,1190,185,204,"[1108, 1190, 185, 204]",offline_local_binary_ring_bottom_guard,assets/page_images/001_道因法师碑/p0015.jpg,0,4,1,http://data.library.sh.cn/bt/resource/work/v1e0qbx3r5wp1uw4,http://iiif.library.sh.cn/api/viewer/17A331,https://iiif.library.sh.cn/p/3/02c55611-7427-4cd0-a2cd-a15b5ccbaa9c,https://iiif.library.sh.cn/c/3/4d4628e5-3907-4783-8b8d-8a135eee9fd9,1460,2231,https://iiif.library.sh.cn/c/3/4d4628e5-3907-4783-8b8d-8a135eee9fd9/ap/s,https://iiif.library.sh.cn/c/3/4d4628e5-3907-4783-8b8d-8a135eee9fd9/ap/c/a/db5e5222-1ceb-409c-89c9-1bcad7174f1f,5,5,supplementing,"[1128, 1229, 1272, 1373]","https://iiif.library.sh.cn/c/3/4d4628e5-3907-4783-8b8d-8a135eee9fd9#xywh=1128,1229,144,144",李俨撰文，欧阳通楷书,欧阳通（楷书）；李儇（撰文）,唐,龙朔三年十月十日刻立（663）,663,楷书,17A331,《翰墨瑰宝：上海图书馆藏珍本碑帖丛刊》第二辑,iiif_annotation_target_xywh,iiif_xywh
001_道因法师碑_p0015_c006,锡,001_道因法师碑,道因法师碑,15,十五,1128,1365,144,144,"[1128, 1365, 144, 144]",1126,1376,149,152,"[1126, 1376, 149, 152]",1102,1339,196,196,"[1102, 1339, 196, 196]",1108,1343,185,218,"[1108, 1343, 185, 218]",1108,1343,185,218,"[1108, 1343, 185, 218]",offline_local_binary_ring_bottom_guard,assets/page_images/001_道因法师碑/p0015.jpg,0,5,1,http://data.library.sh.cn/bt/resource/work/v1e0qbx3r5wp1uw4,http://iiif.library.sh.cn/api/viewer/17A331,https://iiif.library.sh.cn/p/3/02c55611-7427-4cd0-a2cd-a15b5ccbaa9c,https://iiif.library.sh.cn/c/3/4d4628e5-3907-4783-8b8d-8a135eee9fd9,1460,2231,https://iiif.library.sh.cn/c/3/4d4628e5-3907-4783-8b8d-8a135eee9fd9/ap/s,https://iiif.library.sh.cn/c/3/4d4628e5-3907-4783-8b8d-8a135eee9fd9/ap/c/a/e0d2beee-48f9-4da7-ae90-34a09b3945bb,6,6,supplementing,"[1128, 1365, 1272, 1509]","https://iiif.library.sh.cn/c/3/4d4628e5-3907-4783-8b8d-8a135eee9fd9#xywh=1128,1365,144,144",李俨撰文，欧阳通楷书,欧阳通（楷书）；李儇（撰文）,唐,龙朔三年十月十日刻立（663）,663,楷书,17A331,《翰墨瑰宝：上海图书馆藏珍本碑帖丛刊》第二辑,iiif_annotation_target_xywh,iiif_xywh
001_道因法师碑_p0015_c007,文,001_道因法师碑,道因法师碑,15,十五,1128,1561,144,144,"[1128, 1561, 144, 144]",1126,1543,149,180,"[1126, 1543, 149, 180]",1102,1535,196,196,"[1102, 1535, 196, 196]",1108,1513,185,250,"[1108, 1513, 185, 250]",1108,1513,185,250,"[1108, 1513, 185, 250]",offline_local_binary_ring_bottom_guard,assets/page_images/001_道因法师碑/p0015.jpg,0,6,1,http://data.library.sh.cn/bt/resource/work/v1e0qbx3r5wp1uw4,http://iiif.library.sh.cn/api/viewer/17A331,https://iiif.library.sh.cn/p/3/02c55611-7427-4cd0-a2cd-a15b5ccbaa9c,https://iiif.library.sh.cn/c/3/4d4628e5-3907-4783-8b8d-8a135eee9fd9,1460,2231,https://iiif.library.sh.cn/c/3/4d4628e5-3907-4783-8b8d-8a135eee9fd9/ap/s,https://iiif.library.sh.cn/c/3/4d4628e5-3907-4783-8b8d-8a135eee9fd9/ap/c/a/8fbf0ab7-1fe4-4853-babd-3602379245d0,7,7,supplementing,"[1128, 1561, 1272, 1705]","https://iiif.library.sh.cn/c/3/4d4628e5-3907-4783-8b8d-8a135eee9fd9#xywh=1128,1561,144,144",李俨撰文，欧阳通楷书,欧阳通（楷书）；李儇（撰文）,唐,龙朔三年十月十日刻立（663）,663,楷书,17A331,《翰墨瑰宝：上海图书馆藏珍本碑帖丛刊》第二辑,iiif_annotation_target_xywh,iiif_xywh
001_道因法师碑_p0015_c008,艺,001_道因法师碑,道因法师碑,15,十五,1128,1756,144,144,"[1128, 1756, 144, 144]",1126,1738,149,180,"[1126, 1738, 149, 180]",1102,1730,196,196,"[1102, 1730, 196, 196]",1108,1708,185,250,"[1108, 1708, 185, 250]",1108,1708,185,250,"[1108, 1708, 185, 250]",offline_local_binary_ring_bottom_guard,assets/page_images/001_道因法师碑/p0015.jpg,0,7,1,http://data.library.sh.cn/bt/resource/work/v1e0qbx3r5wp1uw4,http://iiif.library.sh.cn/api/viewer/17A331,https://iiif.library.sh.cn/p/3/02c55611-7427-4cd0-a2cd-a15b5ccbaa9c,https://iiif.library.sh.cn/c/3/4d4628e5-3907-4783-8b8d-8a135eee9fd9,1460,2231,https://iiif.library.sh.cn/c/3/4d4628e5-3907-4783-8b8d-8a135eee9fd9/ap/s,https://iiif.library.sh.cn/c/3/4d4628e5-3907-4783-8b8d-8a135eee9fd9/ap/c/a/da713570-9ccd-47b9-b9aa-1134541a36d8,8,8,supplementing,"[1128, 1756, 1272, 1900]","https://iiif.library.sh.cn/c/3/4d4628e5-3907-4783-8b8d-8a135eee9fd9#xywh=1128,1756,144,144",李俨撰文，欧阳通楷书,欧阳通（楷书）；李儇（撰文）,唐,龙朔三年十月十日刻立（663）,663,楷书,17A331,《翰墨瑰宝：上海图书馆藏珍本碑帖丛刊》第二辑,iiif_annotation_target_xywh,iiif_xywh
001_道因法师碑_p0015_c009,或,001_道因法师碑,道因法师碑,15,十五,957,526,164,164,"[957, 526, 164, 164]",956,544,157,128,"[956, 544, 157, 128]",927,496,224,224,"[927, 496, 224, 224]",937,516,195,184,"[937, 516, 195, 184]",937,516,195,184,"[937, 516, 195, 184]",offline_local_binary_ring_bottom_guard,assets/page_images/001_道因法师碑/p0015.jpg,1,0,1,http://data.library.sh.cn/bt/resource/work/v1e0qbx3r5wp1uw4,http://iiif.library.sh.cn/api/viewer/17A331,https://iiif.library.sh.cn/p/3/02c55611-7427-4cd0-a2cd-a15b5ccbaa9c,https://iiif.library.sh.cn/c/3/4d4628e5-3907-4783-8b8d-8a135eee9fd9,1460,2231,https://iiif.library.sh.cn/c/3/4d4628e5-3907-4783-8b8d-8a135eee9fd9/ap/s,https://iiif.library.sh.cn/c/3/4d4628e5-3907-4783-8b8d-8a135eee9fd9/ap/c/a/7de05cb3-9227-49c7-9442-5e6d794d3e2c,9,9,supplementing,"[957, 526, 1121, 690]","https://iiif.library.sh.cn/c/3/4d4628e5-3907-4783-8b8d-8a135eee9fd9#xywh=957,526,164,164",李俨撰文，欧阳通楷书,欧阳通（楷书）；李儇（撰文）,唐,龙朔三年十月十日刻立（663）,663,楷书,17A331,《翰墨瑰宝：上海图书馆藏珍本碑帖丛刊》第二辑,iiif_annotation_target_xywh,iiif_xywh
001_道因法师碑_p0015_c010,题,001_道因法师碑,道因法师碑,15,十五,957,666,164,164,"[957, 666, 164, 164]",956,685,157,162,"[956, 685, 157, 162]",927,636,224,224,"[927, 636, 224, 224]",937,649,195,234,"[937, 649, 195, 234]",937,649,195,234,"[937, 649, 195, 234]",offline_local_binary_ring_bottom_guard,assets/page_images/001_道因法师碑/p0015.jpg,1,1,1,http://data.library.sh.cn/bt/resource/work/v1e0qbx3r5wp1uw4,http://iiif.library.sh.cn/api/viewer/17A331,https://iiif.library.sh.cn/p/3/02c55611-7427-4cd0-a2cd-a15b5ccbaa9c,https://iiif.library.sh.cn/c/3/4d4628e5-3907-4783-8b8d-8a135eee9fd9,1460,2231,https://iiif.library.sh.cn/c/3/4d4628e5-3907-4783-8b8d-8a135eee9fd9/ap/s,https://iiif.library.sh.cn/c/3/4d4628e5-3907-4783-8b8d-8a135eee9fd9/ap/c/a/cd79c399-ce86-4743-aa7a-71399f579291,10,10,supplementing,"[957, 666, 1121, 830]","https://iiif.library.sh.cn/c/3/4d4628e5-3907-4783-8b8d-8a135eee9fd9#xywh=957,666,164,164",李俨撰文，欧阳通楷书,欧阳通（楷书）；李儇（撰文）,唐,龙朔三年十月十日刻立（663）,663,楷书,17A331,《翰墨瑰宝：上海图书馆藏珍本碑帖丛刊》第二辑,iiif_annotation_target_xywh,iiif_xywh
001_道因法师碑_p0015_c011,舆,001_道因法师碑,道因法师碑,15,十五,957,879,164,164,"[957, 879, 164, 164]",956,862,157,180,"[956, 862, 157, 180]",927,849,224,224,"[927, 849, 224, 224]",937,828,195,254,"[937, 828, 195, 254]",937,828,195,254,"[937, 828, 195, 254]",offline_local_binary_ring_bottom_guard,assets/page_images/001_道因法师碑/p0015.jpg,1,2,1,http://data.library.sh.cn/bt/resource/work/v1e0qbx3r5wp1uw4,http://iiif.library.sh.cn/api/viewer/17A331,https://iiif.library.sh.cn/p/3/02c55611-7427-4cd0-a2cd-a15b5ccbaa9c,https://iiif.library.sh.cn/c/3/4d4628e5-3907-4783-8b8d-8a135eee9fd9,1460,2231,https://iiif.library.sh.cn/c/3/4d4628e5-3907-4783-8b8d-8a135eee9fd9/ap/s,https://iiif.library.sh.cn/c/3/4d4628e5-3907-4783-8b8d-8a135eee9fd9/ap/c/a/60eacf1c-ba52-47eb-a0bb-f0895ca8b896,11,11,supplementing,"[957, 879, 1121, 1043]","https://iiif.library.sh.cn/c/3/4d4628e5-3907-4783-8b8d-8a135eee9fd9#xywh=957,879,164,164",李俨撰文，欧阳通楷书,欧阳通（楷书）；李儇（撰文）,唐,龙朔三年十月十日刻立（663）,663,楷书,17A331,《翰墨瑰宝：上海图书馆藏珍本碑帖丛刊》第二辑,iiif_annotation_target_xywh,iiif_xywh
001_道因法师碑_p0015_c012,展,001_道因法师碑,道因法师碑,15,十五,957,1056,164,164,"[957, 1056, 164, 164]",956,1057,157,162,"[956, 1057, 157, 162]",927,1026,224,224,"[927, 1026, 224, 224]",937,1022,195,233,"[937, 1022, 195, 233]",937,1022,195,233,"[937, 1022, 195, 233]",offline_local_binary_ring_bottom_guard,assets/page_images/001_道因法师碑/p0015.jpg,1,3,1,http://data.library.sh.cn/bt/resource/work/v1e0qbx3r5wp1uw4,http://iiif.library.sh.cn/api/viewer/17A331,https://iiif.library.sh.cn/p/3/02c55611-7427-4cd0-a2cd-a15b5ccbaa9c,https://iiif.library.sh.cn/c/3/4d4628e5-3907-4783-8b8d-8a135eee9fd9,1460,2231,https://iiif.library.sh.cn/c/3/4d4628e5-3907-4783-8b8d-8a135eee9fd9/ap/s,https://iiif.library.sh.cn/c/3/4d4628e5-3907-4783-8b8d-8a135eee9fd9/ap/c/a/04cddb2c-a5fc-4a20-9b76-821ea443b266,12,12,supplementing,"[957, 1056, 1121, 1220]","https://iiif.library.sh.cn/c/3/4d4628e5-3907-4783-8b8d-8a135eee9fd9#xywh=957,1056,164,164",李俨撰文，欧阳通楷书,欧阳通（楷书）；李儇（撰文）,唐,龙朔三年十月十日刻立（663）,663,楷书,17A331,《翰墨瑰宝：上海图书馆藏珍本碑帖丛刊》第二辑,iiif_annotation_target_xywh,iiif_xywh
001_道因法师碑_p0015_c013,骥,001_道因法师碑,道因法师碑,15,十五,957,1233,164,164,"[957, 1233, 164, 164]",956,1233,157,151,"[956, 1233, 157, 151]",927,1203,224,224,"[927, 1203, 224, 224]",937,1200,195,217,"[937, 1200, 195, 217]",937,1200,195,217,"[937, 1200, 195, 217]",offline_local_binary_ring_bottom_guard,assets/page_images/001_道因法师碑/p0015.jpg,1,4,1,http://data.library.sh.cn/bt/resource/work/v1e0qbx3r5wp1uw4,http://iiif.library.sh.cn/api/viewer/17A331,https://iiif.library.sh.cn/p/3/02c55611-7427-4cd0-a2cd-a15b5ccbaa9c,https://iiif.library.sh.cn/c/3/4d4628e5-3907-4783-8b8d-8a135eee9fd9,1460,2231,https://iiif.library.sh.cn/c/3/4d4628e5-3907-4783-8b8d-8a135eee9fd9/ap/s,https://iiif.library.sh.cn/c/3/4d4628e5-3907-4783-8b8d-8a135eee9fd9/ap/c/a/fb086211-f005-497d-a685-f496dfbeb459,13,13,supplementing,"[957, 1233, 1121, 1397]","https://iiif.library.sh.cn/c/3/4d4628e5-3907-4783-8b8d-8a135eee9fd9#xywh=957,1233,164,164",李俨撰文，欧阳通楷书,欧阳通（楷书）；李儇（撰文）,唐,龙朔三年十月十日刻立（663）,663,楷书,17A331,《翰墨瑰宝：上海图书馆藏珍本碑帖丛刊》第二辑,iiif_annotation_target_xywh,iiif_xywh
001_道因法师碑_p0015_c014,赞,001_道因法师碑,道因法师碑,15,十五,957,1384,164,164,"[957, 1384, 164, 164]",956,1398,157,163,"[956, 1398, 157, 163]",927,1354,224,224,"[927, 1354, 224, 224]",937,1362,195,235,"[937, 1362, 195, 235]",937,1362,195,235,"[937, 1362, 195, 235]",offline_local_binary_ring_bottom_guard,assets/page_images/001_道因法师碑/p0015.jpg,1,5,1,http://data.library.sh.cn/bt/resource/work/v1e0qbx3r5wp1uw4,http://iiif.library.sh.cn/api/viewer/17A331,https://iiif.library.sh.cn/p/3/02c55611-7427-4cd0-a2cd-a15b5ccbaa9c,https://iiif.library.sh.cn/c/3/4d4628e5-3907-4783-8b8d-8a135eee9fd9,1460,2231,https://iiif.library.sh.cn/c/3/4d4628e5-3907-4783-8b8d-8a135eee9fd9/ap/s,https://iiif.library.sh.cn/c/3/4d4628e5-3907-4783-8b8d-8a135eee9fd9/ap/c/a/34433396-98e8-4584-9781-38032e0268f9,14,14,supplementing,"[957, 1384, 1121, 1548]","https://iiif.library.sh.cn/c/3/4d4628e5-3907-4783-8b8d-8a135eee9fd9#xywh=957,1384,164,164",李俨撰文，欧阳通楷书,欧阳通（楷书）；李儇（撰文）,唐,龙朔三年十月十日刻立（663）,663,楷书,17A331,《翰墨瑰宝：上海图书馆藏珍本碑帖丛刊》第二辑,iiif_annotation_target_xywh,iiif_xywh
001_道因法师碑_p0015_c015,务,001_道因法师碑,道因法师碑,15,十五,957,1589,164,164,"[957, 1589, 164, 164]",956,1576,157,179,"[956, 1576, 157, 179]",927,1559,224,224,"[927, 1559, 224, 224]",937,1542,195,252,"[937, 1542, 195, 252]",937,1542,195,252,"[937, 1542, 195, 252]",offline_local_binary_ring_bottom_guard,assets/page_images/001_道因法师碑/p0015.jpg,1,6,1,http://data.library.sh.cn/bt/resource/work/v1e0qbx3r5wp1uw4,http://iiif.library.sh.cn/api/viewer/17A331,https://iiif.library.sh.cn/p/3/02c55611-7427-4cd0-a2cd-a15b5ccbaa9c,https://iiif.library.sh.cn/c/3/4d4628e5-3907-4783-8b8d-8a135eee9fd9,1460,2231,https://iiif.library.sh.cn/c/3/4d4628e5-3907-4783-8b8d-8a135eee9fd9/ap/s,https://iiif.library.sh.cn/c/3/4d4628e5-3907-4783-8b8d-8a135eee9fd9/ap/c/a/7b31ba74-75f0-4241-a662-a1f41efcfb6d,15,15,supplementing,"[957, 1589, 1121, 1753]","https://iiif.library.sh.cn/c/3/4d4628e5-3907-4783-8b8d-8a135eee9fd9#xywh=957,1589,164,164",李俨撰文，欧阳通楷书,欧阳通（楷书）；李儇（撰文）,唐,龙朔三年十月十日刻立（663）,663,楷书,17A331,《翰墨瑰宝：上海图书馆藏珍本碑帖丛刊》第二辑,iiif_annotation_target_xywh,iiif_xywh
001_道因法师碑_p0015_c016,于,001_道因法师碑,道因法师碑,15,十五,957,1772,164,164,"[957, 1772, 164, 164]",956,1770,157,168,"[956, 1770, 157, 168]",927,1742,224,224,"[927, 1742, 224, 224]",937,1736,195,239,"[937, 1736, 195, 239]",937,1736,195,239,"[937, 1736, 195, 239]",offline_local_binary_ring_bottom_guard,assets/page_images/001_道因法师碑/p0015.jpg,1,7,1,http://data.library.sh.cn/bt/resource/work/v1e0qbx3r5wp1uw4,http://iiif.library.sh.cn/api/viewer/17A331,https://iiif.library.sh.cn/p/3/02c55611-7427-4cd0-a2cd-a15b5ccbaa9c,https://iiif.library.sh.cn/c/3/4d4628e5-3907-4783-8b8d-8a135eee9fd9,1460,2231,https://iiif.library.sh.cn/c/3/4d4628e5-3907-4783-8b8d-8a135eee9fd9/ap/s,https://iiif.library.sh.cn/c/3/4d4628e5-3907-4783-8b8d-8a135eee9fd9/ap/c/a/199c3cd9-0d35-4731-93aa-3a54f5882b4f,16,16,supplementing,"[957, 1772, 1121, 1936]","https://iiif.library.sh.cn/c/3/4d4628e5-3907-4783-8b8d-8a135eee9fd9#xywh=957,1772,164,164",李俨撰文，欧阳通楷书,欧阳通（楷书）；李儇（撰文）,唐,龙朔三年十月十日刻立（663）,663,楷书,17A331,《翰墨瑰宝：上海图书馆藏珍本碑帖丛刊》第二辑,iiif_annotation_target_xywh,iiif_xywh
001_道因法师碑_p0015_c017,千,001_道因法师碑,道因法师碑,15,十五,784,530,146,146,"[784, 530, 146, 146]",782,534,160,138,"[782, 534, 160, 138]",758,504,198,198,"[758, 504, 198, 198]",763,504,198,198,"[763, 504, 198, 198]",763,504,198,198,"[763, 504, 198, 198]",offline_local_binary_ring_bottom_guard,assets/page_images/001_道因法师碑/p0015.jpg,2,0,1,http://data.library.sh.cn/bt/resource/work/v1e0qbx3r5wp1uw4,http://iiif.library.sh.cn/api/viewer/17A331,https://iiif.library.sh.cn/p/3/02c55611-7427-4cd0-a2cd-a15b5ccbaa9c,https://iiif.library.sh.cn/c/3/4d4628e5-3907-4783-8b8d-8a135eee9fd9,1460,2231,https://iiif.library.sh.cn/c/3/4d4628e5-3907-4783-8b8d-8a135eee9fd9/ap/s,https://iiif.library.sh.cn/c/3/4d4628e5-3907-4783-8b8d-8a135eee9fd9/ap/c/a/e9117e57-d73c-4603-bccf-7fea982b13dc,17,17,supplementing,"[784, 530, 930, 676]","https://iiif.library.sh.cn/c/3/4d4628e5-3907-4783-8b8d-8a135eee9fd9#xywh=784,530,146,146",李俨撰文，欧阳通楷书,欧阳通（楷书）；李儇（撰文）,唐,龙朔三年十月十日刻立（663）,663,楷书,17A331,《翰墨瑰宝：上海图书馆藏珍本碑帖丛刊》第二辑,iiif_annotation_target_xywh,iiif_xywh
001_道因法师碑_p0015_c018,里,001_道因法师碑,道因法师碑,15,十五,784,680,146,146,"[784, 680, 146, 146]",782,684,160,143,"[782, 684, 160, 143]",758,654,198,198,"[758, 654, 198, 198]",763,653,198,205,"[763, 653, 198, 205]",763,653,198,205,"[763, 653, 198, 205]",offline_local_binary_ring_bottom_guard,assets/page_images/001_道因法师碑/p0015.jpg,2,1,1,http://data.library.sh.cn/bt/resource/work/v1e0qbx3r5wp1uw4,http://iiif.library.sh.cn/api/viewer/17A331,https://iiif.library.sh.cn/p/3/02c55611-7427-4cd0-a2cd-a15b5ccbaa9c,https://iiif.library.sh.cn/c/3/4d4628e5-3907-4783-8b8d-8a135eee9fd9,1460,2231,https://iiif.library.sh.cn/c/3/4d4628e5-3907-4783-8b8d-8a135eee9fd9/ap/s,https://iiif.library.sh.cn/c/3/4d4628e5-3907-4783-8b8d-8a135eee9fd9/ap/c/a/32bf559f-d58a-49f0-af6a-100bfa271330,18,18,supplementing,"[784, 680, 930, 826]","https://iiif.library.sh.cn/c/3/4d4628e5-3907-4783-8b8d-8a135eee9fd9#xywh=784,680,146,146",李俨撰文，欧阳通楷书,欧阳通（楷书）；李儇（撰文）,唐,龙朔三年十月十日刻立（663）,663,楷书,17A331,《翰墨瑰宝：上海图书馆藏珍本碑帖丛刊》第二辑,iiif_annotation_target_xywh,iiif_xywh
001_道因法师碑_p0015_c019,或,001_道因法师碑,道因法师碑,15,十五,784,841,146,146,"[784, 841, 146, 146]",782,840,160,148,"[782, 840, 160, 148]",758,815,198,198,"[758, 815, 198, 198]",763,810,198,211,"[763, 810, 198, 211]",763,810,198,211,"[763, 810, 198, 211]",offline_local_binary_ring_bottom_guard,assets/page_images/001_道因法师碑/p0015.jpg,2,2,1,http://data.library.sh.cn/bt/resource/work/v1e0qbx3r5wp1uw4,http://iiif.library.sh.cn/api/viewer/17A331,https://iiif.library.sh.cn/p/3/02c55611-7427-4cd0-a2cd-a15b5ccbaa9c,https://iiif.library.sh.cn/c/3/4d4628e5-3907-4783-8b8d-8a135eee9fd9,1460,2231,https://iiif.library.sh.cn/c/3/4d4628e5-3907-4783-8b8d-8a135eee9fd9/ap/s,https://iiif.library.sh.cn/c/3/4d4628e5-3907-4783-8b8d-8a135eee9fd9/ap/c/a/aed7cab7-13d0-4762-b5ee-ae6f32368db7,19,19,supplementing,"[784, 841, 930, 987]","https://iiif.library.sh.cn/c/3/4d4628e5-3907-4783-8b8d-8a135eee9fd9#xywh=784,841,146,146",李俨撰文，欧阳通楷书,欧阳通（楷书）；李儇（撰文）,唐,龙朔三年十月十日刻立（663）,663,楷书,17A331,《翰墨瑰宝：上海图书馆藏珍本碑帖丛刊》第二辑,iiif_annotation_target_xywh,iiif_xywh
001_道因法师碑_p0015_c020,亨,001_道因法师碑,道因法师碑,15,十五,784,1001,146,146,"[784, 1001, 146, 146]",782,1001,160,161,"[782, 1001, 160, 161]",758,975,198,198,"[758, 975, 198, 198]",763,971,198,226,"[763, 971, 198, 226]",763,971,198,226,"[763, 971, 198, 226]",offline_local_binary_ring_bottom_guard,assets/page_images/001_道因法师碑/p0015.jpg,2,3,1,http://data.library.sh.cn/bt/resource/work/v1e0qbx3r5wp1uw4,http://iiif.library.sh.cn/api/viewer/17A331,https://iiif.library.sh.cn/p/3/02c55611-7427-4cd0-a2cd-a15b5ccbaa9c,https://iiif.library.sh.cn/c/3/4d4628e5-3907-4783-8b8d-8a135eee9fd9,1460,2231,https://iiif.library.sh.cn/c/3/4d4628e5-3907-4783-8b8d-8a135eee9fd9/ap/s,https://iiif.library.sh.cn/c/3/4d4628e5-3907-4783-8b8d-8a135eee9fd9/ap/c/a/cdecbab7-c586-4335-8c5c-0c20d5926887,20,20,supplementing,"[784, 1001, 930, 1147]","https://iiif.library.sh.cn/c/3/4d4628e5-3907-4783-8b8d-8a135eee9fd9#xywh=784,1001,146,146",李俨撰文，欧阳通楷书,欧阳通（楷书）；李儇（撰文）,唐,龙朔三年十月十日刻立（663）,663,楷书,17A331,《翰墨瑰宝：上海图书馆藏珍本碑帖丛刊》第二辑,iiif_annotation_target_xywh,iiif_xywh
001_道因法师碑_p0015_c021,鲜,001_道因法师碑,道因法师碑,15,十五,784,1191,146,146,"[784, 1191, 146, 146]",782,1177,160,180,"[782, 1177, 160, 180]",758,1165,198,198,"[758, 1165, 198, 198]",763,1147,198,250,"[763, 1147, 198, 250]",763,1147,198,250,"[763, 1147, 198, 250]",offline_local_binary_ring_bottom_guard,assets/page_images/001_道因法师碑/p0015.jpg,2,4,1,http://data.library.sh.cn/bt/resource/work/v1e0qbx3r5wp1uw4,http://iiif.library.sh.cn/api/viewer/17A331,https://iiif.library.sh.cn/p/3/02c55611-7427-4cd0-a2cd-a15b5ccbaa9c,https://iiif.library.sh.cn/c/3/4d4628e5-3907-4783-8b8d-8a135eee9fd9,1460,2231,https://iiif.library.sh.cn/c/3/4d4628e5-3907-4783-8b8d-8a135eee9fd9/ap/s,https://iiif.library.sh.cn/c/3/4d4628e5-3907-4783-8b8d-8a135eee9fd9/ap/c/a/0be200f7-8bf3-4096-823c-f451752f93af,21,21,supplementing,"[784, 1191, 930, 1337]","https://iiif.library.sh.cn/c/3/4d4628e5-3907-4783-8b8d-8a135eee9fd9#xywh=784,1191,146,146",李俨撰文，欧阳通楷书,欧阳通（楷书）；李儇（撰文）,唐,龙朔三年十月十日刻立（663）,663,楷书,17A331,《翰墨瑰宝：上海图书馆藏珍本碑帖丛刊》第二辑,iiif_annotation_target_xywh,iiif_xywh
001_道因法师碑_p0015_c022,制,001_道因法师碑,道因法师碑,15,十五,784,1392,146,146,"[784, 1392, 146, 146]",782,1372,160,177,"[782, 1372, 160, 177]",758,1366,198,198,"[758, 1366, 198, 198]",763,1342,198,246,"[763, 1342, 198, 246]",763,1342,198,246,"[763, 1342, 198, 246]",offline_local_binary_ring_bottom_guard,assets/page_images/001_道因法师碑/p0015.jpg,2,5,1,http://data.library.sh.cn/bt/resource/work/v1e0qbx3r5wp1uw4,http://iiif.library.sh.cn/api/viewer/17A331,https://iiif.library.sh.cn/p/3/02c55611-7427-4cd0-a2cd-a15b5ccbaa9c,https://iiif.library.sh.cn/c/3/4d4628e5-3907-4783-8b8d-8a135eee9fd9,1460,2231,https://iiif.library.sh.cn/c/3/4d4628e5-3907-4783-8b8d-8a135eee9fd9/ap/s,https://iiif.library.sh.cn/c/3/4d4628e5-3907-4783-8b8d-8a135eee9fd9/ap/c/a/e7315de9-90dd-4914-84e1-50308f4f0bee,22,22,supplementing,"[784, 1392, 930, 1538]","https://iiif.library.sh.cn/c/3/4d4628e5-3907-4783-8b8d-8a135eee9fd9#xywh=784,1392,146,146",李俨撰文，欧阳通楷书,欧阳通（楷书）；李儇（撰文）,唐,龙朔三年十月十日刻立（663）,663,楷书,17A331,《翰墨瑰宝：上海图书馆藏珍本碑帖丛刊》第二辑,iiif_annotation_target_xywh,iiif_xywh
001_道因法师碑_p0015_c023,锦,001_道因法师碑,道因法师碑,15,十五,784,1568,159,159,"[784, 1568, 159, 159]",782,1564,160,168,"[782, 1564, 160, 168]",755,1539,217,217,"[755, 1539, 217, 217]",763,1531,198,238,"[763, 1531, 198, 238]",763,1531,198,238,"[763, 1531, 198, 238]",offline_local_binary_ring_bottom_guard,assets/page_images/001_道因法师碑/p0015.jpg,2,6,1,http://data.library.sh.cn/bt/resource/work/v1e0qbx3r5wp1uw4,http://iiif.library.sh.cn/api/viewer/17A331,https://iiif.library.sh.cn/p/3/02c55611-7427-4cd0-a2cd-a15b5ccbaa9c,https://iiif.library.sh.cn/c/3/4d4628e5-3907-4783-8b8d-8a135eee9fd9,1460,2231,https://iiif.library.sh.cn/c/3/4d4628e5-3907-4783-8b8d-8a135eee9fd9/ap/s,https://iiif.library.sh.cn/c/3/4d4628e5-3907-4783-8b8d-8a135eee9fd9/ap/c/a/e5f7dbef-1497-4618-a101-ce4e88a59cf6,23,23,supplementing,"[784, 1568, 943, 1727]","https://iiif.library.sh.cn/c/3/4d4628e5-3907-4783-8b8d-8a135eee9fd9#xywh=784,1568,159,159",李俨撰文，欧阳通楷书,欧阳通（楷书）；李儇（撰文）,唐,龙朔三年十月十日刻立（663）,663,楷书,17A331,《翰墨瑰宝：上海图书馆藏珍本碑帖丛刊》第二辑,iiif_annotation_target_xywh,iiif_xywh
001_道因法师碑_p0015_c024,驰,001_道因法师碑,道因法师碑,15,十五,784,1752,159,159,"[784, 1752, 159, 159]",782,1747,160,169,"[782, 1747, 160, 169]",755,1723,217,217,"[755, 1723, 217, 217]",763,1714,198,239,"[763, 1714, 198, 239]",763,1714,198,239,"[763, 1714, 198, 239]",offline_local_binary_ring_bottom_guard,assets/page_images/001_道因法师碑/p0015.jpg,2,7,1,http://data.library.sh.cn/bt/resource/work/v1e0qbx3r5wp1uw4,http://iiif.library.sh.cn/api/viewer/17A331,https://iiif.library.sh.cn/p/3/02c55611-7427-4cd0-a2cd-a15b5ccbaa9c,https://iiif.library.sh.cn/c/3/4d4628e5-3907-4783-8b8d-8a135eee9fd9,1460,2231,https://iiif.library.sh.cn/c/3/4d4628e5-3907-4783-8b8d-8a135eee9fd9/ap/s,https://iiif.library.sh.cn/c/3/4d4628e5-3907-4783-8b8d-8a135eee9fd9/ap/c/a/cd469179-3954-45c0-b749-16dafa2f53f0,24,24,supplementing,"[784, 1752, 943, 1911]","https://iiif.library.sh.cn/c/3/4d4628e5-3907-4783-8b8d-8a135eee9fd9#xywh=784,1752,159,159",李俨撰文，欧阳通楷书,欧阳通（楷书）；李儇（撰文）,唐,龙朔三年十月十日刻立（663）,663,楷书,17A331,《翰墨瑰宝：上海图书馆藏珍本碑帖丛刊》第二辑,iiif_annotation_target_xywh,iiif_xywh
001_道因法师碑_p0015_c025,声,001_道因法师碑,道因法师碑,15,十五,621,524,143,143,"[621, 524, 143, 143]",615,512,154,167,"[615, 512, 154, 167]",595,498,195,195,"[595, 498, 195, 195]",597,483,190,233,"[597, 483, 190, 233]",597,483,190,233,"[597, 483, 190, 233]",offline_local_binary_ring_bottom_guard,assets/page_images/001_道因法师碑/p0015.jpg,3,0,1,http://data.library.sh.cn/bt/resource/work/v1e0qbx3r5wp1uw4,http://iiif.library.sh.cn/api/viewer/17A331,https://iiif.library.sh.cn/p/3/02c55611-7427-4cd0-a2cd-a15b5ccbaa9c,https://iiif.library.sh.cn/c/3/4d4628e5-3907-4783-8b8d-8a135eee9fd9,1460,2231,https://iiif.library.sh.cn/c/3/4d4628e5-3907-4783-8b8d-8a135eee9fd9/ap/s,https://iiif.library.sh.cn/c/3/4d4628e5-3907-4783-8b8d-8a135eee9fd9/ap/c/a/1527702d-0fd7-4efc-bfda-ba099a9935d1,25,25,supplementing,"[621, 524, 764, 667]","https://iiif.library.sh.cn/c/3/4d4628e5-3907-4783-8b8d-8a135eee9fd9#xywh=621,524,143,143",李俨撰文，欧阳通楷书,欧阳通（楷书）；李儇（撰文）,唐,龙朔三年十月十日刻立（663）,663,楷书,17A331,《翰墨瑰宝：上海图书馆藏珍本碑帖丛刊》第二辑,iiif_annotation_target_xywh,iiif_xywh
001_道因法师碑_p0015_c026,乎,001_道因法师碑,道因法师碑,15,十五,621,706,143,143,"[621, 706, 143, 143]",615,694,154,165,"[615, 694, 154, 165]",595,680,195,195,"[595, 680, 195, 195]",597,665,190,230,"[597, 665, 190, 230]",597,665,190,230,"[597, 665, 190, 230]",offline_local_binary_ring_bottom_guard,assets/page_images/001_道因法师碑/p0015.jpg,3,1,1,http://data.library.sh.cn/bt/resource/work/v1e0qbx3r5wp1uw4,http://iiif.library.sh.cn/api/viewer/17A331,https://iiif.library.sh.cn/p/3/02c55611-7427-4cd0-a2cd-a15b5ccbaa9c,https://iiif.library.sh.cn/c/3/4d4628e5-3907-4783-8b8d-8a135eee9fd9,1460,2231,https://iiif.library.sh.cn/c/3/4d4628e5-3907-4783-8b8d-8a135eee9fd9/ap/s,https://iiif.library.sh.cn/c/3/4d4628e5-3907-4783-8b8d-8a135eee9fd9/ap/c/a/0b047542-78d6-4617-8932-5d41f6c024f4,26,26,supplementing,"[621, 706, 764, 849]","https://iiif.library.sh.cn/c/3/4d4628e5-3907-4783-8b8d-8a135eee9fd9#xywh=621,706,143,143",李俨撰文，欧阳通楷书,欧阳通（楷书）；李儇（撰文）,唐,龙朔三年十月十日刻立（663）,663,楷书,17A331,《翰墨瑰宝：上海图书馆藏珍本碑帖丛刊》第二辑,iiif_annotation_target_xywh,iiif_xywh
001_道因法师碑_p0015_c027,一,001_道因法师碑,道因法师碑,15,十五,621,883,143,143,"[621, 883, 143, 143]",615,872,154,143,"[615, 872, 154, 143]",595,857,195,195,"[595, 857, 195, 195]",597,843,190,203,"[597, 843, 190, 203]",597,843,190,203,"[597, 843, 190, 203]",offline_local_binary_ring_bottom_guard,assets/page_images/001_道因法师碑/p0015.jpg,3,2,1,http://data.library.sh.cn/bt/resource/work/v1e0qbx3r5wp1uw4,http://iiif.library.sh.cn/api/viewer/17A331,https://iiif.library.sh.cn/p/3/02c55611-7427-4cd0-a2cd-a15b5ccbaa9c,https://iiif.library.sh.cn/c/3/4d4628e5-3907-4783-8b8d-8a135eee9fd9,1460,2231,https://iiif.library.sh.cn/c/3/4d4628e5-3907-4783-8b8d-8a135eee9fd9/ap/s,https://iiif.library.sh.cn/c/3/4d4628e5-3907-4783-8b8d-8a135eee9fd9/ap/c/a/2db6d5e5-e6e7-486b-a962-a0072907c8a3,27,27,supplementing,"[621, 883, 764, 1026]","https://iiif.library.sh.cn/c/3/4d4628e5-3907-4783-8b8d-8a135eee9fd9#xywh=621,883,143,143",李俨撰文，欧阳通楷书,欧阳通（楷书）；李儇（撰文）,唐,龙朔三年十月十日刻立（663）,663,楷书,17A331,《翰墨瑰宝：上海图书馆藏珍本碑帖丛刊》第二辑,iiif_annotation_target_xywh,iiif_xywh
001_道因法师碑_p0015_c028,同,001_道因法师碑,道因法师碑,15,十五,621,1016,143,143,"[621, 1016, 143, 143]",615,1028,154,154,"[615, 1028, 154, 154]",595,990,195,195,"[595, 990, 195, 195]",597,994,190,222,"[597, 994, 190, 222]",597,994,190,222,"[597, 994, 190, 222]",offline_local_binary_ring_bottom_guard,assets/page_images/001_道因法师碑/p0015.jpg,3,3,1,http://data.library.sh.cn/bt/resource/work/v1e0qbx3r5wp1uw4,http://iiif.library.sh.cn/api/viewer/17A331,https://iiif.library.sh.cn/p/3/02c55611-7427-4cd0-a2cd-a15b5ccbaa9c,https://iiif.library.sh.cn/c/3/4d4628e5-3907-4783-8b8d-8a135eee9fd9,1460,2231,https://iiif.library.sh.cn/c/3/4d4628e5-3907-4783-8b8d-8a135eee9fd9/ap/s,https://iiif.library.sh.cn/c/3/4d4628e5-3907-4783-8b8d-8a135eee9fd9/ap/c/a/8e807de0-9547-4b0d-b38b-60d31000ab0b,28,28,supplementing,"[621, 1016, 764, 1159]","https://iiif.library.sh.cn/c/3/4d4628e5-3907-4783-8b8d-8a135eee9fd9#xywh=621,1016,143,143",李俨撰文，欧阳通楷书,欧阳通（楷书）；李儇（撰文）,唐,龙朔三年十月十日刻立（663）,663,楷书,17A331,《翰墨瑰宝：上海图书馆藏珍本碑帖丛刊》第二辑,iiif_annotation_target_xywh,iiif_xywh
001_道因法师碑_p0015_c029,法,001_道因法师碑,道因法师碑,15,十五,621,1219,143,143,"[621, 1219, 143, 143]",615,1197,154,180,"[615, 1197, 154, 180]",595,1193,195,195,"[595, 1193, 195, 195]",597,1168,190,249,"[597, 1168, 190, 249]",597,1168,190,249,"[597, 1168, 190, 249]",offline_local_binary_ring_bottom_guard,assets/page_images/001_道因法师碑/p0015.jpg,3,4,1,http://data.library.sh.cn/bt/resource/work/v1e0qbx3r5wp1uw4,http://iiif.library.sh.cn/api/viewer/17A331,https://iiif.library.sh.cn/p/3/02c55611-7427-4cd0-a2cd-a15b5ccbaa9c,https://iiif.library.sh.cn/c/3/4d4628e5-3907-4783-8b8d-8a135eee9fd9,1460,2231,https://iiif.library.sh.cn/c/3/4d4628e5-3907-4783-8b8d-8a135eee9fd9/ap/s,https://iiif.library.sh.cn/c/3/4d4628e5-3907-4783-8b8d-8a135eee9fd9/ap/c/a/1de97c29-21c2-4354-95e2-ae8aa20f68ae,29,29,supplementing,"[621, 1219, 764, 1362]","https://iiif.library.sh.cn/c/3/4d4628e5-3907-4783-8b8d-8a135eee9fd9#xywh=621,1219,143,143",李俨撰文，欧阳通楷书,欧阳通（楷书）；李儇（撰文）,唐,龙朔三年十月十日刻立（663）,663,楷书,17A331,《翰墨瑰宝：上海图书馆藏珍本碑帖丛刊》第二辑,iiif_annotation_target_xywh,iiif_xywh
001_道因法师碑_p0015_c030,师,001_道因法师碑,道因法师碑,15,十五,621,1408,143,143,"[621, 1408, 143, 143]",615,1392,154,169,"[615, 1392, 154, 169]",595,1382,195,195,"[595, 1382, 195, 195]",597,1363,190,235,"[597, 1363, 190, 235]",597,1363,190,235,"[597, 1363, 190, 235]",offline_local_binary_ring_bottom_guard,assets/page_images/001_道因法师碑/p0015.jpg,3,5,1,http://data.library.sh.cn/bt/resource/work/v1e0qbx3r5wp1uw4,http://iiif.library.sh.cn/api/viewer/17A331,https://iiif.library.sh.cn/p/3/02c55611-7427-4cd0-a2cd-a15b5ccbaa9c,https://iiif.library.sh.cn/c/3/4d4628e5-3907-4783-8b8d-8a135eee9fd9,1460,2231,https://iiif.library.sh.cn/c/3/4d4628e5-3907-4783-8b8d-8a135eee9fd9/ap/s,https://iiif.library.sh.cn/c/3/4d4628e5-3907-4783-8b8d-8a135eee9fd9/ap/c/a/40178aa1-070a-4c58-88b8-a5c389cccbf2,30,30,supplementing,"[621, 1408, 764, 1551]","https://iiif.library.sh.cn/c/3/4d4628e5-3907-4783-8b8d-8a135eee9fd9#xywh=621,1408,143,143",李俨撰文，欧阳通楷书,欧阳通（楷书）；李儇（撰文）,唐,龙朔三年十月十日刻立（663）,663,楷书,17A331,《翰墨瑰宝：上海图书馆藏珍本碑帖丛刊》第二辑,iiif_annotation_target_xywh,iiif_xywh
001_道因法师碑_p0015_c031,禀,001_道因法师碑,道因法师碑,15,十五,621,1585,143,143,"[621, 1585, 143, 143]",615,1575,154,169,"[615, 1575, 154, 169]",595,1559,195,195,"[595, 1559, 195, 195]",597,1546,190,235,"[597, 1546, 190, 235]",597,1546,190,235,"[597, 1546, 190, 235]",offline_local_binary_ring_bottom_guard,assets/page_images/001_道因法师碑/p0015.jpg,3,6,1,http://data.library.sh.cn/bt/resource/work/v1e0qbx3r5wp1uw4,http://iiif.library.sh.cn/api/viewer/17A331,https://iiif.library.sh.cn/p/3/02c55611-7427-4cd0-a2cd-a15b5ccbaa9c,https://iiif.library.sh.cn/c/3/4d4628e5-3907-4783-8b8d-8a135eee9fd9,1460,2231,https://iiif.library.sh.cn/c/3/4d4628e5-3907-4783-8b8d-8a135eee9fd9/ap/s,https://iiif.library.sh.cn/c/3/4d4628e5-3907-4783-8b8d-8a135eee9fd9/ap/c/a/77ad096c-ee91-4215-9542-277bde32e60a,31,31,supplementing,"[621, 1585, 764, 1728]","https://iiif.library.sh.cn/c/3/4d4628e5-3907-4783-8b8d-8a135eee9fd9#xywh=621,1585,143,143",李俨撰文，欧阳通楷书,欧阳通（楷书）；李儇（撰文）,唐,龙朔三年十月十日刻立（663）,663,楷书,17A331,《翰墨瑰宝：上海图书馆藏珍本碑帖丛刊》第二辑,iiif_annotation_target_xywh,iiif_xywh
001_道因法师碑_p0015_c032,祐,001_道因法师碑,道因法师碑,15,十五,621,1774,143,143,"[621, 1774, 143, 143]",615,1759,154,173,"[615, 1759, 154, 173]",595,1748,195,195,"[595, 1748, 195, 195]",597,1730,190,240,"[597, 1730, 190, 240]",597,1730,190,240,"[597, 1730, 190, 240]",offline_local_binary_ring_bottom_guard,assets/page_images/001_道因法师碑/p0015.jpg,3,7,1,http://data.library.sh.cn/bt/resource/work/v1e0qbx3r5wp1uw4,http://iiif.library.sh.cn/api/viewer/17A331,https://iiif.library.sh.cn/p/3/02c55611-7427-4cd0-a2cd-a15b5ccbaa9c,https://iiif.library.sh.cn/c/3/4d4628e5-3907-4783-8b8d-8a135eee9fd9,1460,2231,https://iiif.library.sh.cn/c/3/4d4628e5-3907-4783-8b8d-8a135eee9fd9/ap/s,https://iiif.library.sh.cn/c/3/4d4628e5-3907-4783-8b8d-8a135eee9fd9/ap/c/a/3c434621-786d-490f-8d42-75d7615a5c01,32,32,supplementing,"[621, 1774, 764, 1917]","https://iiif.library.sh.cn/c/3/4d4628e5-3907-4783-8b8d-8a135eee9fd9#xywh=621,1774,143,143",李俨撰文，欧阳通楷书,欧阳通（楷书）；李儇（撰文）,唐,龙朔三年十月十日刻立（663）,663,楷书,17A331,《翰墨瑰宝：上海图书馆藏珍本碑帖丛刊》第二辑,iiif_annotation_target_xywh,iiif_xywh
001_道因法师碑_p0015_c033,居,001_道因法师碑,道因法师碑,15,十五,446,522,145,145,"[446, 522, 145, 145]",446,525,155,139,"[446, 525, 155, 139]",420,496,197,197,"[420, 496, 197, 197]",427,494,193,201,"[427, 494, 193, 201]",427,494,193,201,"[427, 494, 193, 201]",offline_local_binary_ring_bottom_guard,assets/page_images/001_道因法师碑/p0015.jpg,4,0,1,http://data.library.sh.cn/bt/resource/work/v1e0qbx3r5wp1uw4,http://iiif.library.sh.cn/api/viewer/17A331,https://iiif.library.sh.cn/p/3/02c55611-7427-4cd0-a2cd-a15b5ccbaa9c,https://iiif.library.sh.cn/c/3/4d4628e5-3907-4783-8b8d-8a135eee9fd9,1460,2231,https://iiif.library.sh.cn/c/3/4d4628e5-3907-4783-8b8d-8a135eee9fd9/ap/s,https://iiif.library.sh.cn/c/3/4d4628e5-3907-4783-8b8d-8a135eee9fd9/ap/c/a/9b0e22dc-203f-4d13-93c4-fc4a37e998b9,33,33,supplementing,"[446, 522, 591, 667]","https://iiif.library.sh.cn/c/3/4d4628e5-3907-4783-8b8d-8a135eee9fd9#xywh=446,522,145,145",李俨撰文，欧阳通楷书,欧阳通（楷书）；李儇（撰文）,唐,龙朔三年十月十日刻立（663）,663,楷书,17A331,《翰墨瑰宝：上海图书馆藏珍本碑帖丛刊》第二辑,iiif_annotation_target_xywh,iiif_xywh
001_道因法师碑_p0015_c034,醇,001_道因法师碑,道因法师碑,15,十五,446,674,145,145,"[446, 674, 145, 145]",446,677,155,150,"[446, 677, 155, 150]",420,648,197,197,"[420, 648, 197, 197]",427,644,193,216,"[427, 644, 193, 216]",427,644,193,216,"[427, 644, 193, 216]",offline_local_binary_ring_bottom_guard,assets/page_images/001_道因法师碑/p0015.jpg,4,1,1,http://data.library.sh.cn/bt/resource/work/v1e0qbx3r5wp1uw4,http://iiif.library.sh.cn/api/viewer/17A331,https://iiif.library.sh.cn/p/3/02c55611-7427-4cd0-a2cd-a15b5ccbaa9c,https://iiif.library.sh.cn/c/3/4d4628e5-3907-4783-8b8d-8a135eee9fd9,1460,2231,https://iiif.library.sh.cn/c/3/4d4628e5-3907-4783-8b8d-8a135eee9fd9/ap/s,https://iiif.library.sh.cn/c/3/4d4628e5-3907-4783-8b8d-8a135eee9fd9/ap/c/a/4abfdd8b-12b6-40f7-814a-8a0060a7098b,34,34,supplementing,"[446, 674, 591, 819]","https://iiif.library.sh.cn/c/3/4d4628e5-3907-4783-8b8d-8a135eee9fd9#xywh=446,674,145,145",李俨撰文，欧阳通楷书,欧阳通（楷书）；李儇（撰文）,唐,龙朔三年十月十日刻立（663）,663,楷书,17A331,《翰墨瑰宝：上海图书馆藏珍本碑帖丛刊》第二辑,iiif_annotation_target_xywh,iiif_xywh
001_道因法师碑_p0015_c035,含,001_道因法师碑,道因法师碑,15,十五,446,849,145,145,"[446, 849, 145, 145]",446,841,155,162,"[446, 841, 155, 162]",420,823,197,197,"[420, 823, 197, 197]",427,811,193,228,"[427, 811, 193, 228]",427,811,193,228,"[427, 811, 193, 228]",offline_local_binary_ring_bottom_guard,assets/page_images/001_道因法师碑/p0015.jpg,4,2,1,http://data.library.sh.cn/bt/resource/work/v1e0qbx3r5wp1uw4,http://iiif.library.sh.cn/api/viewer/17A331,https://iiif.library.sh.cn/p/3/02c55611-7427-4cd0-a2cd-a15b5ccbaa9c,https://iiif.library.sh.cn/c/3/4d4628e5-3907-4783-8b8d-8a135eee9fd9,1460,2231,https://iiif.library.sh.cn/c/3/4d4628e5-3907-4783-8b8d-8a135eee9fd9/ap/s,https://iiif.library.sh.cn/c/3/4d4628e5-3907-4783-8b8d-8a135eee9fd9/ap/c/a/474471e8-93bb-4710-8cb9-59df78c56b18,35,35,supplementing,"[446, 849, 591, 994]","https://iiif.library.sh.cn/c/3/4d4628e5-3907-4783-8b8d-8a135eee9fd9#xywh=446,849,145,145",李俨撰文，欧阳通楷书,欧阳通（楷书）；李儇（撰文）,唐,龙朔三年十月十日刻立（663）,663,楷书,17A331,《翰墨瑰宝：上海图书馆藏珍本碑帖丛刊》第二辑,iiif_annotation_target_xywh,iiif_xywh
001_道因法师碑_p0015_c036,章,001_道因法师碑,道因法师碑,15,十五,446,1019,161,161,"[446, 1019, 161, 161]",446,1018,155,181,"[446, 1018, 155, 181]",417,990,219,219,"[417, 990, 219, 219]",427,985,193,254,"[427, 985, 193, 254]",427,985,193,254,"[427, 985, 193, 254]",offline_local_binary_ring_bottom_guard,assets/page_images/001_道因法师碑/p0015.jpg,4,3,1,http://data.library.sh.cn/bt/resource/work/v1e0qbx3r5wp1uw4,http://iiif.library.sh.cn/api/viewer/17A331,https://iiif.library.sh.cn/p/3/02c55611-7427-4cd0-a2cd-a15b5ccbaa9c,https://iiif.library.sh.cn/c/3/4d4628e5-3907-4783-8b8d-8a135eee9fd9,1460,2231,https://iiif.library.sh.cn/c/3/4d4628e5-3907-4783-8b8d-8a135eee9fd9/ap/s,https://iiif.library.sh.cn/c/3/4d4628e5-3907-4783-8b8d-8a135eee9fd9/ap/c/a/4b4b9595-20f2-462f-865e-019f3abeecfe,36,36,supplementing,"[446, 1019, 607, 1180]","https://iiif.library.sh.cn/c/3/4d4628e5-3907-4783-8b8d-8a135eee9fd9#xywh=446,1019,161,161",李俨撰文，欧阳通楷书,欧阳通（楷书）；李儇（撰文）,唐,龙朔三年十月十日刻立（663）,663,楷书,17A331,《翰墨瑰宝：上海图书馆藏珍本碑帖丛刊》第二辑,iiif_annotation_target_xywh,iiif_xywh
001_道因法师碑_p0015_c037,纵,001_道因法师碑,道因法师碑,15,十五,446,1233,161,161,"[446, 1233, 161, 161]",446,1214,155,172,"[446, 1214, 155, 172]",417,1204,219,219,"[417, 1204, 219, 219]",427,1181,193,243,"[427, 1181, 193, 243]",427,1181,193,243,"[427, 1181, 193, 243]",offline_local_binary_ring_bottom_guard,assets/page_images/001_道因法师碑/p0015.jpg,4,4,1,http://data.library.sh.cn/bt/resource/work/v1e0qbx3r5wp1uw4,http://iiif.library.sh.cn/api/viewer/17A331,https://iiif.library.sh.cn/p/3/02c55611-7427-4cd0-a2cd-a15b5ccbaa9c,https://iiif.library.sh.cn/c/3/4d4628e5-3907-4783-8b8d-8a135eee9fd9,1460,2231,https://iiif.library.sh.cn/c/3/4d4628e5-3907-4783-8b8d-8a135eee9fd9/ap/s,https://iiif.library.sh.cn/c/3/4d4628e5-3907-4783-8b8d-8a135eee9fd9/ap/c/a/51a1cc0b-c4ac-4f49-8bbf-e38e38cd99d3,37,37,supplementing,"[446, 1233, 607, 1394]","https://iiif.library.sh.cn/c/3/4d4628e5-3907-4783-8b8d-8a135eee9fd9#xywh=446,1233,161,161",李俨撰文，欧阳通楷书,欧阳通（楷书）；李儇（撰文）,唐,龙朔三年十月十日刻立（663）,663,楷书,17A331,《翰墨瑰宝：上海图书馆藏珍本碑帖丛刊》第二辑,iiif_annotation_target_xywh,iiif_xywh
001_道因法师碑_p0015_c038,哲,001_道因法师碑,道因法师碑,15,十五,446,1394,161,161,"[446, 1394, 161, 161]",446,1400,155,138,"[446, 1400, 155, 138]",417,1365,219,219,"[417, 1365, 219, 219]",427,1370,193,198,"[427, 1370, 193, 198]",427,1370,193,198,"[427, 1370, 193, 198]",offline_local_binary_ring_bottom_guard,assets/page_images/001_道因法师碑/p0015.jpg,4,5,1,http://data.library.sh.cn/bt/resource/work/v1e0qbx3r5wp1uw4,http://iiif.library.sh.cn/api/viewer/17A331,https://iiif.library.sh.cn/p/3/02c55611-7427-4cd0-a2cd-a15b5ccbaa9c,https://iiif.library.sh.cn/c/3/4d4628e5-3907-4783-8b8d-8a135eee9fd9,1460,2231,https://iiif.library.sh.cn/c/3/4d4628e5-3907-4783-8b8d-8a135eee9fd9/ap/s,https://iiif.library.sh.cn/c/3/4d4628e5-3907-4783-8b8d-8a135eee9fd9/ap/c/a/ab8c162a-9d5a-4101-97c0-f3740ce2e127,38,38,supplementing,"[446, 1394, 607, 1555]","https://iiif.library.sh.cn/c/3/4d4628e5-3907-4783-8b8d-8a135eee9fd9#xywh=446,1394,161,161",李俨撰文，欧阳通楷书,欧阳通（楷书）；李儇（撰文）,唐,龙朔三年十月十日刻立（663）,663,楷书,17A331,《翰墨瑰宝：上海图书馆藏珍本碑帖丛刊》第二辑,iiif_annotation_target_xywh,iiif_xywh
001_道因法师碑_p0015_c039,覃,001_道因法师碑,道因法师碑,15,十五,446,1534,161,161,"[446, 1534, 161, 161]",446,1552,155,161,"[446, 1552, 155, 161]",417,1505,219,219,"[417, 1505, 219, 219]",427,1517,193,231,"[427, 1517, 193, 231]",427,1517,193,231,"[427, 1517, 193, 231]",offline_local_binary_ring_bottom_guard,assets/page_images/001_道因法师碑/p0015.jpg,4,6,1,http://data.library.sh.cn/bt/resource/work/v1e0qbx3r5wp1uw4,http://iiif.library.sh.cn/api/viewer/17A331,https://iiif.library.sh.cn/p/3/02c55611-7427-4cd0-a2cd-a15b5ccbaa9c,https://iiif.library.sh.cn/c/3/4d4628e5-3907-4783-8b8d-8a135eee9fd9,1460,2231,https://iiif.library.sh.cn/c/3/4d4628e5-3907-4783-8b8d-8a135eee9fd9/ap/s,https://iiif.library.sh.cn/c/3/4d4628e5-3907-4783-8b8d-8a135eee9fd9/ap/c/a/2ebf421b-0fe3-4382-ba08-9b4037b1fbdd,39,39,supplementing,"[446, 1534, 607, 1695]","https://iiif.library.sh.cn/c/3/4d4628e5-3907-4783-8b8d-8a135eee9fd9#xywh=446,1534,161,161",李俨撰文，欧阳通楷书,欧阳通（楷书）；李儇（撰文）,唐,龙朔三年十月十日刻立（663）,663,楷书,17A331,《翰墨瑰宝：上海图书馆藏珍本碑帖丛刊》第二辑,iiif_annotation_target_xywh,iiif_xywh
001_道因法师碑_p0015_c040,訏,001_道因法师碑,道因法师碑,15,十五,446,1746,161,161,"[446, 1746, 161, 161]",446,1729,155,195,"[446, 1729, 155, 195]",417,1717,219,219,"[417, 1717, 219, 219]",427,1696,193,271,"[427, 1696, 193, 271]",427,1696,193,271,"[427, 1696, 193, 271]",offline_local_binary_ring_bottom_guard,assets/page_images/001_道因法师碑/p0015.jpg,4,7,1,http://data.library.sh.cn/bt/resource/work/v1e0qbx3r5wp1uw4,http://iiif.library.sh.cn/api/viewer/17A331,https://iiif.library.sh.cn/p/3/02c55611-7427-4cd0-a2cd-a15b5ccbaa9c,https://iiif.library.sh.cn/c/3/4d4628e5-3907-4783-8b8d-8a135eee9fd9,1460,2231,https://iiif.library.sh.cn/c/3/4d4628e5-3907-4783-8b8d-8a135eee9fd9/ap/s,https://iiif.library.sh.cn/c/3/4d4628e5-3907-4783-8b8d-8a135eee9fd9/ap/c/a/d73dd880-c0a9-471b-a19e-bbeacfb47082,40,40,supplementing,"[446, 1746, 607, 1907]","https://iiif.library.sh.cn/c/3/4d4628e5-3907-4783-8b8d-8a135eee9fd9#xywh=446,1746,161,161",李俨撰文，欧阳通楷书,欧阳通（楷书）；李儇（撰文）,唐,龙朔三年十月十日刻立（663）,663,楷书,17A331,《翰墨瑰宝：上海图书馆藏珍本碑帖丛刊》第二辑,iiif_annotation_target_xywh,iiif_xywh
001_道因法师碑_p0016_c001,之,001_道因法师碑,道因法师碑,16,十六,853,513,151,151,"[853, 513, 151, 151]",844,527,167,123,"[844, 527, 167, 123]",826,486,205,205,"[826, 486, 205, 205]",824,500,207,177,"[824, 500, 207, 177]",824,500,207,177,"[824, 500, 207, 177]",offline_local_binary_ring_bottom_guard,assets/page_images/001_道因法师碑/p0016.jpg,0,0,1,http://data.library.sh.cn/bt/resource/work/v1e0qbx3r5wp1uw4,http://iiif.library.sh.cn/api/viewer/17A331,https://iiif.library.sh.cn/p/3/02c55611-7427-4cd0-a2cd-a15b5ccbaa9c,https://iiif.library.sh.cn/c/3/beeced26-595d-4f0f-81d1-d9fc8584478b,1444,2221,https://iiif.library.sh.cn/c/3/beeced26-595d-4f0f-81d1-d9fc8584478b/ap/s,https://iiif.library.sh.cn/c/3/beeced26-595d-4f0f-81d1-d9fc8584478b/ap/c/a/283477a7-3442-46dc-9a0b-dd227b17f0fb,1,1,supplementing,"[853, 513, 1004, 664]","https://iiif.library.sh.cn/c/3/beeced26-595d-4f0f-81d1-d9fc8584478b#xywh=853,513,151,151",李俨撰文，欧阳通楷书,欧阳通（楷书）；李儇（撰文）,唐,龙朔三年十月十日刻立（663）,663,楷书,17A331,《翰墨瑰宝：上海图书馆藏珍本碑帖丛刊》第二辑,iiif_annotation_target_xywh,iiif_xywh
001_道因法师碑_p0016_c002,岁,001_道因法师碑,道因法师碑,16,十六,853,646,151,151,"[853, 646, 151, 151]",844,662,167,167,"[844, 662, 167, 167]",826,619,205,205,"[826, 619, 205, 205]",824,625,207,241,"[824, 625, 207, 241]",824,625,207,241,"[824, 625, 207, 241]",offline_local_binary_ring_bottom_guard,assets/page_images/001_道因法师碑/p0016.jpg,0,1,1,http://data.library.sh.cn/bt/resource/work/v1e0qbx3r5wp1uw4,http://iiif.library.sh.cn/api/viewer/17A331,https://iiif.library.sh.cn/p/3/02c55611-7427-4cd0-a2cd-a15b5ccbaa9c,https://iiif.library.sh.cn/c/3/beeced26-595d-4f0f-81d1-d9fc8584478b,1444,2221,https://iiif.library.sh.cn/c/3/beeced26-595d-4f0f-81d1-d9fc8584478b/ap/s,https://iiif.library.sh.cn/c/3/beeced26-595d-4f0f-81d1-d9fc8584478b/ap/c/a/a747aab9-260f-49a1-8507-cbf79057e1c3,2,2,supplementing,"[853, 646, 1004, 797]","https://iiif.library.sh.cn/c/3/beeced26-595d-4f0f-81d1-d9fc8584478b#xywh=853,646,151,151",李俨撰文，欧阳通楷书,欧阳通（楷书）；李儇（撰文）,唐,龙朔三年十月十日刻立（663）,663,楷书,17A331,《翰墨瑰宝：上海图书馆藏珍本碑帖丛刊》第二辑,iiif_annotation_target_xywh,iiif_xywh
001_道因法师碑_p0016_c003,粹,001_道因法师碑,道因法师碑,16,十六,853,876,151,151,"[853, 876, 151, 151]",844,845,167,187,"[844, 845, 167, 187]",826,849,205,205,"[826, 849, 205, 205]",824,814,207,259,"[824, 814, 207, 259]",824,814,207,259,"[824, 814, 207, 259]",offline_local_binary_ring_bottom_guard,assets/page_images/001_道因法师碑/p0016.jpg,0,2,1,http://data.library.sh.cn/bt/resource/work/v1e0qbx3r5wp1uw4,http://iiif.library.sh.cn/api/viewer/17A331,https://iiif.library.sh.cn/p/3/02c55611-7427-4cd0-a2cd-a15b5ccbaa9c,https://iiif.library.sh.cn/c/3/beeced26-595d-4f0f-81d1-d9fc8584478b,1444,2221,https://iiif.library.sh.cn/c/3/beeced26-595d-4f0f-81d1-d9fc8584478b/ap/s,https://iiif.library.sh.cn/c/3/beeced26-595d-4f0f-81d1-d9fc8584478b/ap/c/a/704caa09-cd0c-4445-b950-8b9e247b9977,3,3,supplementing,"[853, 876, 1004, 1027]","https://iiif.library.sh.cn/c/3/beeced26-595d-4f0f-81d1-d9fc8584478b#xywh=853,876,151,151",李俨撰文，欧阳通楷书,欧阳通（楷书）；李儇（撰文）,唐,龙朔三年十月十日刻立（663）,663,楷书,17A331,《翰墨瑰宝：上海图书馆藏珍本碑帖丛刊》第二辑,iiif_annotation_target_xywh,iiif_xywh
001_道因法师碑_p0016_c004,采,001_道因法师碑,道因法师碑,16,十六,853,1053,151,151,"[853, 1053, 151, 151]",844,1047,167,152,"[844, 1047, 167, 152]",826,1026,205,205,"[826, 1026, 205, 205]",824,1016,207,216,"[824, 1016, 207, 216]",824,1016,207,216,"[824, 1016, 207, 216]",offline_local_binary_ring_bottom_guard,assets/page_images/001_道因法师碑/p0016.jpg,0,3,1,http://data.library.sh.cn/bt/resource/work/v1e0qbx3r5wp1uw4,http://iiif.library.sh.cn/api/viewer/17A331,https://iiif.library.sh.cn/p/3/02c55611-7427-4cd0-a2cd-a15b5ccbaa9c,https://iiif.library.sh.cn/c/3/beeced26-595d-4f0f-81d1-d9fc8584478b,1444,2221,https://iiif.library.sh.cn/c/3/beeced26-595d-4f0f-81d1-d9fc8584478b/ap/s,https://iiif.library.sh.cn/c/3/beeced26-595d-4f0f-81d1-d9fc8584478b/ap/c/a/6c57fa37-0d95-4e6c-a6cb-94190c365bf5,4,4,supplementing,"[853, 1053, 1004, 1204]","https://iiif.library.sh.cn/c/3/beeced26-595d-4f0f-81d1-d9fc8584478b#xywh=853,1053,151,151",李俨撰文，欧阳通楷书,欧阳通（楷书）；李儇（撰文）,唐,龙朔三年十月十日刻立（663）,663,楷书,17A331,《翰墨瑰宝：上海图书馆藏珍本碑帖丛刊》第二辑,iiif_annotation_target_xywh,iiif_xywh
001_道因法师碑_p0016_c005,多,001_道因法师碑,道因法师碑,16,十六,853,1208,151,151,"[853, 1208, 151, 151]",844,1213,167,154,"[844, 1213, 167, 154]",826,1181,205,205,"[826, 1181, 205, 205]",824,1179,207,222,"[824, 1179, 207, 222]",824,1179,207,222,"[824, 1179, 207, 222]",offline_local_binary_ring_bottom_guard,assets/page_images/001_道因法师碑/p0016.jpg,0,4,1,http://data.library.sh.cn/bt/resource/work/v1e0qbx3r5wp1uw4,http://iiif.library.sh.cn/api/viewer/17A331,https://iiif.library.sh.cn/p/3/02c55611-7427-4cd0-a2cd-a15b5ccbaa9c,https://iiif.library.sh.cn/c/3/beeced26-595d-4f0f-81d1-d9fc8584478b,1444,2221,https://iiif.library.sh.cn/c/3/beeced26-595d-4f0f-81d1-d9fc8584478b/ap/s,https://iiif.library.sh.cn/c/3/beeced26-595d-4f0f-81d1-d9fc8584478b/ap/c/a/95b5fc94-90f0-4e66-8f06-100ea300d920,5,5,supplementing,"[853, 1208, 1004, 1359]","https://iiif.library.sh.cn/c/3/beeced26-595d-4f0f-81d1-d9fc8584478b#xywh=853,1208,151,151",李俨撰文，欧阳通楷书,欧阳通（楷书）；李儇（撰文）,唐,龙朔三年十月十日刻立（663）,663,楷书,17A331,《翰墨瑰宝：上海图书馆藏珍本碑帖丛刊》第二辑,iiif_annotation_target_xywh,iiif_xywh
001_道因法师碑_p0016_c006,奇,001_道因法师碑,道因法师碑,16,十六,853,1389,151,151,"[853, 1389, 151, 151]",844,1381,167,163,"[844, 1381, 167, 163]",826,1362,205,205,"[826, 1362, 205, 205]",824,1350,207,230,"[824, 1350, 207, 230]",824,1350,207,230,"[824, 1350, 207, 230]",offline_local_binary_ring_bottom_guard,assets/page_images/001_道因法师碑/p0016.jpg,0,5,1,http://data.library.sh.cn/bt/resource/work/v1e0qbx3r5wp1uw4,http://iiif.library.sh.cn/api/viewer/17A331,https://iiif.library.sh.cn/p/3/02c55611-7427-4cd0-a2cd-a15b5ccbaa9c,https://iiif.library.sh.cn/c/3/beeced26-595d-4f0f-81d1-d9fc8584478b,1444,2221,https://iiif.library.sh.cn/c/3/beeced26-595d-4f0f-81d1-d9fc8584478b/ap/s,https://iiif.library.sh.cn/c/3/beeced26-595d-4f0f-81d1-d9fc8584478b/ap/c/a/1e30eba3-d03b-46b5-9a34-44850e925c98,6,6,supplementing,"[853, 1389, 1004, 1540]","https://iiif.library.sh.cn/c/3/beeced26-595d-4f0f-81d1-d9fc8584478b#xywh=853,1389,151,151",李俨撰文，欧阳通楷书,欧阳通（楷书）；李儇（撰文）,唐,龙朔三年十月十日刻立（663）,663,楷书,17A331,《翰墨瑰宝：上海图书馆藏珍本碑帖丛刊》第二辑,iiif_annotation_target_xywh,iiif_xywh
001_道因法师碑_p0016_c007,髫,001_道因法师碑,道因法师碑,16,十六,853,1562,151,151,"[853, 1562, 151, 151]",844,1558,167,155,"[844, 1558, 167, 155]",826,1535,205,205,"[826, 1535, 205, 205]",824,1527,207,220,"[824, 1527, 207, 220]",824,1527,207,220,"[824, 1527, 207, 220]",offline_local_binary_ring_bottom_guard,assets/page_images/001_道因法师碑/p0016.jpg,0,6,1,http://data.library.sh.cn/bt/resource/work/v1e0qbx3r5wp1uw4,http://iiif.library.sh.cn/api/viewer/17A331,https://iiif.library.sh.cn/p/3/02c55611-7427-4cd0-a2cd-a15b5ccbaa9c,https://iiif.library.sh.cn/c/3/beeced26-595d-4f0f-81d1-d9fc8584478b,1444,2221,https://iiif.library.sh.cn/c/3/beeced26-595d-4f0f-81d1-d9fc8584478b/ap/s,https://iiif.library.sh.cn/c/3/beeced26-595d-4f0f-81d1-d9fc8584478b/ap/c/a/b4735eaa-f68a-419a-8834-3727b6c1db2d,7,7,supplementing,"[853, 1562, 1004, 1713]","https://iiif.library.sh.cn/c/3/beeced26-595d-4f0f-81d1-d9fc8584478b#xywh=853,1562,151,151",李俨撰文，欧阳通楷书,欧阳通（楷书）；李儇（撰文）,唐,龙朔三年十月十日刻立（663）,663,楷书,17A331,《翰墨瑰宝：上海图书馆藏珍本碑帖丛刊》第二辑,iiif_annotation_target_xywh,iiif_xywh
001_道因法师碑_p0016_c008,龀,001_道因法师碑,道因法师碑,16,十六,849,1732,141,141,"[849, 1732, 141, 141]",844,1727,167,151,"[844, 1727, 167, 151]",824,1707,191,191,"[824, 1707, 191, 191]",824,1698,207,213,"[824, 1698, 207, 213]",824,1698,207,213,"[824, 1698, 207, 213]",offline_local_binary_ring_bottom_guard,assets/page_images/001_道因法师碑/p0016.jpg,0,7,1,http://data.library.sh.cn/bt/resource/work/v1e0qbx3r5wp1uw4,http://iiif.library.sh.cn/api/viewer/17A331,https://iiif.library.sh.cn/p/3/02c55611-7427-4cd0-a2cd-a15b5ccbaa9c,https://iiif.library.sh.cn/c/3/beeced26-595d-4f0f-81d1-d9fc8584478b,1444,2221,https://iiif.library.sh.cn/c/3/beeced26-595d-4f0f-81d1-d9fc8584478b/ap/s,https://iiif.library.sh.cn/c/3/beeced26-595d-4f0f-81d1-d9fc8584478b/ap/c/a/83a2e870-1e77-4f08-9b96-a8ba533198f0,8,8,supplementing,"[849, 1732, 990, 1873]","https://iiif.library.sh.cn/c/3/beeced26-595d-4f0f-81d1-d9fc8584478b#xywh=849,1732,141,141",李俨撰文，欧阳通楷书,欧阳通（楷书）；李儇（撰文）,唐,龙朔三年十月十日刻立（663）,663,楷书,17A331,《翰墨瑰宝：上海图书馆藏珍本碑帖丛刊》第二辑,iiif_annotation_target_xywh,iiif_xywh
001_道因法师碑_p0016_c009,之,001_道因法师碑,道因法师碑,16,十六,674,527,143,143,"[674, 527, 143, 143]",673,532,157,133,"[673, 532, 157, 133]",648,501,195,195,"[648, 501, 195, 195]",654,503,195,191,"[654, 503, 195, 191]",654,503,195,191,"[654, 503, 195, 191]",offline_local_binary_ring_bottom_guard,assets/page_images/001_道因法师碑/p0016.jpg,1,0,1,http://data.library.sh.cn/bt/resource/work/v1e0qbx3r5wp1uw4,http://iiif.library.sh.cn/api/viewer/17A331,https://iiif.library.sh.cn/p/3/02c55611-7427-4cd0-a2cd-a15b5ccbaa9c,https://iiif.library.sh.cn/c/3/beeced26-595d-4f0f-81d1-d9fc8584478b,1444,2221,https://iiif.library.sh.cn/c/3/beeced26-595d-4f0f-81d1-d9fc8584478b/ap/s,https://iiif.library.sh.cn/c/3/beeced26-595d-4f0f-81d1-d9fc8584478b/ap/c/a/fef77533-aab5-4992-8965-1fa02f9d700e,9,9,supplementing,"[674, 527, 817, 670]","https://iiif.library.sh.cn/c/3/beeced26-595d-4f0f-81d1-d9fc8584478b#xywh=674,527,143,143",李俨撰文，欧阳通楷书,欧阳通（楷书）；李儇（撰文）,唐,龙朔三年十月十日刻立（663）,663,楷书,17A331,《翰墨瑰宝：上海图书馆藏珍本碑帖丛刊》第二辑,iiif_annotation_target_xywh,iiif_xywh
001_道因法师碑_p0016_c010,辰,001_道因法师碑,道因法师碑,16,十六,674,671,143,143,"[674, 671, 143, 143]",673,677,157,142,"[673, 677, 157, 142]",648,645,195,195,"[648, 645, 195, 195]",654,646,195,204,"[654, 646, 195, 204]",654,646,195,204,"[654, 646, 195, 204]",offline_local_binary_ring_bottom_guard,assets/page_images/001_道因法师碑/p0016.jpg,1,1,1,http://data.library.sh.cn/bt/resource/work/v1e0qbx3r5wp1uw4,http://iiif.library.sh.cn/api/viewer/17A331,https://iiif.library.sh.cn/p/3/02c55611-7427-4cd0-a2cd-a15b5ccbaa9c,https://iiif.library.sh.cn/c/3/beeced26-595d-4f0f-81d1-d9fc8584478b,1444,2221,https://iiif.library.sh.cn/c/3/beeced26-595d-4f0f-81d1-d9fc8584478b/ap/s,https://iiif.library.sh.cn/c/3/beeced26-595d-4f0f-81d1-d9fc8584478b/ap/c/a/c7df2e7c-81bf-4177-a17e-3f9140baaf8c,10,10,supplementing,"[674, 671, 817, 814]","https://iiif.library.sh.cn/c/3/beeced26-595d-4f0f-81d1-d9fc8584478b#xywh=674,671,143,143",李俨撰文，欧阳通楷书,欧阳通（楷书）；李儇（撰文）,唐,龙朔三年十月十日刻立（663）,663,楷书,17A331,《翰墨瑰宝：上海图书馆藏珍本碑帖丛刊》第二辑,iiif_annotation_target_xywh,iiif_xywh
001_道因法师碑_p0016_c011,殊,001_道因法师碑,道因法师碑,16,十六,674,836,143,143,"[674, 836, 143, 143]",673,832,157,162,"[673, 832, 157, 162]",648,810,195,195,"[648, 810, 195, 195]",654,803,195,227,"[654, 803, 195, 227]",654,803,195,227,"[654, 803, 195, 227]",offline_local_binary_ring_bottom_guard,assets/page_images/001_道因法师碑/p0016.jpg,1,2,1,http://data.library.sh.cn/bt/resource/work/v1e0qbx3r5wp1uw4,http://iiif.library.sh.cn/api/viewer/17A331,https://iiif.library.sh.cn/p/3/02c55611-7427-4cd0-a2cd-a15b5ccbaa9c,https://iiif.library.sh.cn/c/3/beeced26-595d-4f0f-81d1-d9fc8584478b,1444,2221,https://iiif.library.sh.cn/c/3/beeced26-595d-4f0f-81d1-d9fc8584478b/ap/s,https://iiif.library.sh.cn/c/3/beeced26-595d-4f0f-81d1-d9fc8584478b/ap/c/a/c593ad8b-2a5d-48a2-81e3-5f41af6a57d5,11,11,supplementing,"[674, 836, 817, 979]","https://iiif.library.sh.cn/c/3/beeced26-595d-4f0f-81d1-d9fc8584478b#xywh=674,836,143,143",李俨撰文，欧阳通楷书,欧阳通（楷书）；李儇（撰文）,唐,龙朔三年十月十日刻立（663）,663,楷书,17A331,《翰墨瑰宝：上海图书馆藏珍本碑帖丛刊》第二辑,iiif_annotation_target_xywh,iiif_xywh
001_道因法师碑_p0016_c012,姿,001_道因法师碑,道因法师碑,16,十六,674,1023,143,143,"[674, 1023, 143, 143]",673,1009,157,179,"[673, 1009, 157, 179]",648,997,195,195,"[648, 997, 195, 195]",654,980,195,247,"[654, 980, 195, 247]",654,980,195,247,"[654, 980, 195, 247]",offline_local_binary_ring_bottom_guard,assets/page_images/001_道因法师碑/p0016.jpg,1,3,1,http://data.library.sh.cn/bt/resource/work/v1e0qbx3r5wp1uw4,http://iiif.library.sh.cn/api/viewer/17A331,https://iiif.library.sh.cn/p/3/02c55611-7427-4cd0-a2cd-a15b5ccbaa9c,https://iiif.library.sh.cn/c/3/beeced26-595d-4f0f-81d1-d9fc8584478b,1444,2221,https://iiif.library.sh.cn/c/3/beeced26-595d-4f0f-81d1-d9fc8584478b/ap/s,https://iiif.library.sh.cn/c/3/beeced26-595d-4f0f-81d1-d9fc8584478b/ap/c/a/6a41b998-6af3-4936-ae7f-9b9691696ad2,12,12,supplementing,"[674, 1023, 817, 1166]","https://iiif.library.sh.cn/c/3/beeced26-595d-4f0f-81d1-d9fc8584478b#xywh=674,1023,143,143",李俨撰文，欧阳通楷书,欧阳通（楷书）；李儇（撰文）,唐,龙朔三年十月十日刻立（663）,663,楷书,17A331,《翰墨瑰宝：上海图书馆藏珍本碑帖丛刊》第二辑,iiif_annotation_target_xywh,iiif_xywh
001_道因法师碑_p0016_c013,独,001_道因法师碑,道因法师碑,16,十六,674,1226,143,143,"[674, 1226, 143, 143]",673,1203,157,168,"[673, 1203, 157, 168]",648,1200,195,195,"[648, 1200, 195, 195]",654,1174,195,234,"[654, 1174, 195, 234]",654,1174,195,234,"[654, 1174, 195, 234]",offline_local_binary_ring_bottom_guard,assets/page_images/001_道因法师碑/p0016.jpg,1,4,1,http://data.library.sh.cn/bt/resource/work/v1e0qbx3r5wp1uw4,http://iiif.library.sh.cn/api/viewer/17A331,https://iiif.library.sh.cn/p/3/02c55611-7427-4cd0-a2cd-a15b5ccbaa9c,https://iiif.library.sh.cn/c/3/beeced26-595d-4f0f-81d1-d9fc8584478b,1444,2221,https://iiif.library.sh.cn/c/3/beeced26-595d-4f0f-81d1-d9fc8584478b/ap/s,https://iiif.library.sh.cn/c/3/beeced26-595d-4f0f-81d1-d9fc8584478b/ap/c/a/d02a9fbd-4da9-466d-b411-058e81243543,13,13,supplementing,"[674, 1226, 817, 1369]","https://iiif.library.sh.cn/c/3/beeced26-595d-4f0f-81d1-d9fc8584478b#xywh=674,1226,143,143",李俨撰文，欧阳通楷书,欧阳通（楷书）；李儇（撰文）,唐,龙朔三年十月十日刻立（663）,663,楷书,17A331,《翰墨瑰宝：上海图书馆藏珍本碑帖丛刊》第二辑,iiif_annotation_target_xywh,iiif_xywh
001_道因法师碑_p0016_c014,茂,001_道因法师碑,道因法师碑,16,十六,674,1387,143,143,"[674, 1387, 143, 143]",673,1385,157,161,"[673, 1385, 157, 161]",648,1361,195,195,"[648, 1361, 195, 195]",654,1356,195,225,"[654, 1356, 195, 225]",654,1356,195,225,"[654, 1356, 195, 225]",offline_local_binary_ring_bottom_guard,assets/page_images/001_道因法师碑/p0016.jpg,1,5,1,http://data.library.sh.cn/bt/resource/work/v1e0qbx3r5wp1uw4,http://iiif.library.sh.cn/api/viewer/17A331,https://iiif.library.sh.cn/p/3/02c55611-7427-4cd0-a2cd-a15b5ccbaa9c,https://iiif.library.sh.cn/c/3/beeced26-595d-4f0f-81d1-d9fc8584478b,1444,2221,https://iiif.library.sh.cn/c/3/beeced26-595d-4f0f-81d1-d9fc8584478b/ap/s,https://iiif.library.sh.cn/c/3/beeced26-595d-4f0f-81d1-d9fc8584478b/ap/c/a/82a2f410-e244-461a-ba61-fc1f0bf9d87b,14,14,supplementing,"[674, 1387, 817, 1530]","https://iiif.library.sh.cn/c/3/beeced26-595d-4f0f-81d1-d9fc8584478b#xywh=674,1387,143,143",李俨撰文，欧阳通楷书,欧阳通（楷书）；李儇（撰文）,唐,龙朔三年十月十日刻立（663）,663,楷书,17A331,《翰墨瑰宝：上海图书馆藏珍本碑帖丛刊》第二辑,iiif_annotation_target_xywh,iiif_xywh
001_道因法师碑_p0016_c015,孝,001_道因法师碑,道因法师碑,16,十六,674,1576,143,143,"[674, 1576, 143, 143]",673,1561,157,173,"[673, 1561, 157, 173]",648,1550,195,195,"[648, 1550, 195, 195]",654,1532,195,240,"[654, 1532, 195, 240]",654,1532,195,240,"[654, 1532, 195, 240]",offline_local_binary_ring_bottom_guard,assets/page_images/001_道因法师碑/p0016.jpg,1,6,1,http://data.library.sh.cn/bt/resource/work/v1e0qbx3r5wp1uw4,http://iiif.library.sh.cn/api/viewer/17A331,https://iiif.library.sh.cn/p/3/02c55611-7427-4cd0-a2cd-a15b5ccbaa9c,https://iiif.library.sh.cn/c/3/beeced26-595d-4f0f-81d1-d9fc8584478b,1444,2221,https://iiif.library.sh.cn/c/3/beeced26-595d-4f0f-81d1-d9fc8584478b/ap/s,https://iiif.library.sh.cn/c/3/beeced26-595d-4f0f-81d1-d9fc8584478b/ap/c/a/06919062-6fa4-4286-8455-9d7cc4df1523,15,15,supplementing,"[674, 1576, 817, 1719]","https://iiif.library.sh.cn/c/3/beeced26-595d-4f0f-81d1-d9fc8584478b#xywh=674,1576,143,143",李俨撰文，欧阳通楷书,欧阳通（楷书）；李儇（撰文）,唐,龙朔三年十月十日刻立（663）,663,楷书,17A331,《翰墨瑰宝：上海图书馆藏珍本碑帖丛刊》第二辑,iiif_annotation_target_xywh,iiif_xywh
001_道因法师碑_p0016_c016,爱,001_道因法师碑,道因法师碑,16,十六,674,1765,143,143,"[674, 1765, 143, 143]",673,1750,157,173,"[673, 1750, 157, 173]",648,1739,195,195,"[648, 1739, 195, 195]",654,1721,195,240,"[654, 1721, 195, 240]",654,1721,195,240,"[654, 1721, 195, 240]",offline_local_binary_ring_bottom_guard,assets/page_images/001_道因法师碑/p0016.jpg,1,7,1,http://data.library.sh.cn/bt/resource/work/v1e0qbx3r5wp1uw4,http://iiif.library.sh.cn/api/viewer/17A331,https://iiif.library.sh.cn/p/3/02c55611-7427-4cd0-a2cd-a15b5ccbaa9c,https://iiif.library.sh.cn/c/3/beeced26-595d-4f0f-81d1-d9fc8584478b,1444,2221,https://iiif.library.sh.cn/c/3/beeced26-595d-4f0f-81d1-d9fc8584478b/ap/s,https://iiif.library.sh.cn/c/3/beeced26-595d-4f0f-81d1-d9fc8584478b/ap/c/a/3997d3c0-c222-4667-9ae8-e8f94354e24e,16,16,supplementing,"[674, 1765, 817, 1908]","https://iiif.library.sh.cn/c/3/beeced26-595d-4f0f-81d1-d9fc8584478b#xywh=674,1765,143,143",李俨撰文，欧阳通楷书,欧阳通（楷书）；李儇（撰文）,唐,龙朔三年十月十日刻立（663）,663,楷书,17A331,《翰墨瑰宝：上海图书馆藏珍本碑帖丛刊》第二辑,iiif_annotation_target_xywh,iiif_xywh
001_道因法师碑_p0016_c017,之,001_道因法师碑,道因法师碑,16,十六,518,529,138,138,"[518, 529, 138, 138]",509,544,151,108,"[509, 544, 151, 108]",493,504,188,188,"[493, 504, 188, 188]",491,520,187,156,"[491, 520, 187, 156]",491,520,187,156,"[491, 520, 187, 156]",offline_local_binary_ring_bottom_guard,assets/page_images/001_道因法师碑/p0016.jpg,2,0,1,http://data.library.sh.cn/bt/resource/work/v1e0qbx3r5wp1uw4,http://iiif.library.sh.cn/api/viewer/17A331,https://iiif.library.sh.cn/p/3/02c55611-7427-4cd0-a2cd-a15b5ccbaa9c,https://iiif.library.sh.cn/c/3/beeced26-595d-4f0f-81d1-d9fc8584478b,1444,2221,https://iiif.library.sh.cn/c/3/beeced26-595d-4f0f-81d1-d9fc8584478b/ap/s,https://iiif.library.sh.cn/c/3/beeced26-595d-4f0f-81d1-d9fc8584478b/ap/c/a/f5925929-750c-4cff-98c5-581669e0a65a,17,17,supplementing,"[518, 529, 656, 667]","https://iiif.library.sh.cn/c/3/beeced26-595d-4f0f-81d1-d9fc8584478b#xywh=518,529,138,138",李俨撰文，欧阳通楷书,欧阳通（楷书）；李儇（撰文）,唐,龙朔三年十月十日刻立（663）,663,楷书,17A331,《翰墨瑰宝：上海图书馆藏珍本碑帖丛刊》第二辑,iiif_annotation_target_xywh,iiif_xywh
001_道因法师碑_p0016_c018,节,001_道因法师碑,道因法师碑,16,十六,518,646,138,138,"[518, 646, 138, 138]",509,663,151,146,"[509, 663, 151, 146]",493,621,188,188,"[493, 621, 188, 188]",491,631,187,210,"[491, 631, 187, 210]",491,631,187,210,"[491, 631, 187, 210]",offline_local_binary_ring_bottom_guard,assets/page_images/001_道因法师碑/p0016.jpg,2,1,1,http://data.library.sh.cn/bt/resource/work/v1e0qbx3r5wp1uw4,http://iiif.library.sh.cn/api/viewer/17A331,https://iiif.library.sh.cn/p/3/02c55611-7427-4cd0-a2cd-a15b5ccbaa9c,https://iiif.library.sh.cn/c/3/beeced26-595d-4f0f-81d1-d9fc8584478b,1444,2221,https://iiif.library.sh.cn/c/3/beeced26-595d-4f0f-81d1-d9fc8584478b/ap/s,https://iiif.library.sh.cn/c/3/beeced26-595d-4f0f-81d1-d9fc8584478b/ap/c/a/7debbd96-d0d5-49cc-8fa5-1c544662607a,18,18,supplementing,"[518, 646, 656, 784]","https://iiif.library.sh.cn/c/3/beeced26-595d-4f0f-81d1-d9fc8584478b#xywh=518,646,138,138",李俨撰文，欧阳通楷书,欧阳通（楷书）；李儇（撰文）,唐,龙朔三年十月十日刻立（663）,663,楷书,17A331,《翰墨瑰宝：上海图书馆藏珍本碑帖丛刊》第二辑,iiif_annotation_target_xywh,iiif_xywh
001_道因法师碑_p0016_c019,慈,001_道因法师碑,道因法师碑,16,十六,518,846,138,138,"[518, 846, 138, 138]",509,823,151,175,"[509, 823, 151, 175]",493,821,188,188,"[493, 821, 188, 188]",491,795,187,241,"[491, 795, 187, 241]",491,795,187,241,"[491, 795, 187, 241]",offline_local_binary_ring_bottom_guard,assets/page_images/001_道因法师碑/p0016.jpg,2,2,1,http://data.library.sh.cn/bt/resource/work/v1e0qbx3r5wp1uw4,http://iiif.library.sh.cn/api/viewer/17A331,https://iiif.library.sh.cn/p/3/02c55611-7427-4cd0-a2cd-a15b5ccbaa9c,https://iiif.library.sh.cn/c/3/beeced26-595d-4f0f-81d1-d9fc8584478b,1444,2221,https://iiif.library.sh.cn/c/3/beeced26-595d-4f0f-81d1-d9fc8584478b/ap/s,https://iiif.library.sh.cn/c/3/beeced26-595d-4f0f-81d1-d9fc8584478b/ap/c/a/25683845-aa7e-450e-879c-133668fb95ca,19,19,supplementing,"[518, 846, 656, 984]","https://iiif.library.sh.cn/c/3/beeced26-595d-4f0f-81d1-d9fc8584478b#xywh=518,846,138,138",李俨撰文，欧阳通楷书,欧阳通（楷书）；李儇（撰文）,唐,龙朔三年十月十日刻立（663）,663,楷书,17A331,《翰墨瑰宝：上海图书馆藏珍本碑帖丛刊》第二辑,iiif_annotation_target_xywh,iiif_xywh
001_道因法师碑_p0016_c020,顺,001_道因法师碑,道因法师碑,16,十六,518,1027,138,138,"[518, 1027, 138, 138]",509,1013,151,166,"[509, 1013, 151, 166]",493,1002,188,188,"[493, 1002, 188, 188]",491,985,187,231,"[491, 985, 187, 231]",491,985,187,231,"[491, 985, 187, 231]",offline_local_binary_ring_bottom_guard,assets/page_images/001_道因法师碑/p0016.jpg,2,3,1,http://data.library.sh.cn/bt/resource/work/v1e0qbx3r5wp1uw4,http://iiif.library.sh.cn/api/viewer/17A331,https://iiif.library.sh.cn/p/3/02c55611-7427-4cd0-a2cd-a15b5ccbaa9c,https://iiif.library.sh.cn/c/3/beeced26-595d-4f0f-81d1-d9fc8584478b,1444,2221,https://iiif.library.sh.cn/c/3/beeced26-595d-4f0f-81d1-d9fc8584478b/ap/s,https://iiif.library.sh.cn/c/3/beeced26-595d-4f0f-81d1-d9fc8584478b/ap/c/a/09a541eb-b0f3-4da9-9554-78b786a7828f,20,20,supplementing,"[518, 1027, 656, 1165]","https://iiif.library.sh.cn/c/3/beeced26-595d-4f0f-81d1-d9fc8584478b#xywh=518,1027,138,138",李俨撰文，欧阳通楷书,欧阳通（楷书）；李儇（撰文）,唐,龙朔三年十月十日刻立（663）,663,楷书,17A331,《翰墨瑰宝：上海图书馆藏珍本碑帖丛刊》第二辑,iiif_annotation_target_xywh,iiif_xywh
001_道因法师碑_p0016_c021,之,001_道因法师碑,道因法师碑,16,十六,518,1208,138,138,"[518, 1208, 138, 138]",509,1193,151,153,"[509, 1193, 151, 153]",493,1183,188,188,"[493, 1183, 188, 188]",491,1165,187,215,"[491, 1165, 187, 215]",491,1165,187,215,"[491, 1165, 187, 215]",offline_local_binary_ring_bottom_guard,assets/page_images/001_道因法师碑/p0016.jpg,2,4,1,http://data.library.sh.cn/bt/resource/work/v1e0qbx3r5wp1uw4,http://iiif.library.sh.cn/api/viewer/17A331,https://iiif.library.sh.cn/p/3/02c55611-7427-4cd0-a2cd-a15b5ccbaa9c,https://iiif.library.sh.cn/c/3/beeced26-595d-4f0f-81d1-d9fc8584478b,1444,2221,https://iiif.library.sh.cn/c/3/beeced26-595d-4f0f-81d1-d9fc8584478b/ap/s,https://iiif.library.sh.cn/c/3/beeced26-595d-4f0f-81d1-d9fc8584478b/ap/c/a/2d053190-c033-42c7-bdaa-7f0591fbd8f8,21,21,supplementing,"[518, 1208, 656, 1346]","https://iiif.library.sh.cn/c/3/beeced26-595d-4f0f-81d1-d9fc8584478b#xywh=518,1208,138,138",李俨撰文，欧阳通楷书,欧阳通（楷书）；李儇（撰文）,唐,龙朔三年十月十日刻立（663）,663,楷书,17A331,《翰墨瑰宝：上海图书馆藏珍本碑帖丛刊》第二辑,iiif_annotation_target_xywh,iiif_xywh
001_道因法师碑_p0016_c022,风,001_道因法师碑,道因法师碑,16,十六,518,1360,138,138,"[518, 1360, 138, 138]",509,1360,151,162,"[509, 1360, 151, 162]",493,1335,188,188,"[493, 1335, 188, 188]",491,1332,187,226,"[491, 1332, 187, 226]",491,1332,187,226,"[491, 1332, 187, 226]",offline_local_binary_ring_bottom_guard,assets/page_images/001_道因法师碑/p0016.jpg,2,5,1,http://data.library.sh.cn/bt/resource/work/v1e0qbx3r5wp1uw4,http://iiif.library.sh.cn/api/viewer/17A331,https://iiif.library.sh.cn/p/3/02c55611-7427-4cd0-a2cd-a15b5ccbaa9c,https://iiif.library.sh.cn/c/3/beeced26-595d-4f0f-81d1-d9fc8584478b,1444,2221,https://iiif.library.sh.cn/c/3/beeced26-595d-4f0f-81d1-d9fc8584478b/ap/s,https://iiif.library.sh.cn/c/3/beeced26-595d-4f0f-81d1-d9fc8584478b/ap/c/a/1b888161-0f12-4441-b2d4-fc5c7f6311c6,22,22,supplementing,"[518, 1360, 656, 1498]","https://iiif.library.sh.cn/c/3/beeced26-595d-4f0f-81d1-d9fc8584478b#xywh=518,1360,138,138",李俨撰文，欧阳通楷书,欧阳通（楷书）；李儇（撰文）,唐,龙朔三年十月十日刻立（663）,663,楷书,17A331,《翰墨瑰宝：上海图书馆藏珍本碑帖丛刊》第二辑,iiif_annotation_target_xywh,iiif_xywh
001_道因法师碑_p0016_c023,率,001_道因法师碑,道因法师碑,16,十六,518,1560,138,138,"[518, 1560, 138, 138]",509,1536,151,173,"[509, 1536, 151, 173]",493,1535,188,188,"[493, 1535, 188, 188]",491,1508,187,239,"[491, 1508, 187, 239]",491,1508,187,239,"[491, 1508, 187, 239]",offline_local_binary_ring_bottom_guard,assets/page_images/001_道因法师碑/p0016.jpg,2,6,1,http://data.library.sh.cn/bt/resource/work/v1e0qbx3r5wp1uw4,http://iiif.library.sh.cn/api/viewer/17A331,https://iiif.library.sh.cn/p/3/02c55611-7427-4cd0-a2cd-a15b5ccbaa9c,https://iiif.library.sh.cn/c/3/beeced26-595d-4f0f-81d1-d9fc8584478b,1444,2221,https://iiif.library.sh.cn/c/3/beeced26-595d-4f0f-81d1-d9fc8584478b/ap/s,https://iiif.library.sh.cn/c/3/beeced26-595d-4f0f-81d1-d9fc8584478b/ap/c/a/6471400d-f342-4774-a230-005466a55d48,23,23,supplementing,"[518, 1560, 656, 1698]","https://iiif.library.sh.cn/c/3/beeced26-595d-4f0f-81d1-d9fc8584478b#xywh=518,1560,138,138",李俨撰文，欧阳通楷书,欧阳通（楷书）；李儇（撰文）,唐,龙朔三年十月十日刻立（663）,663,楷书,17A331,《翰墨瑰宝：上海图书馆藏珍本碑帖丛刊》第二辑,iiif_annotation_target_xywh,iiif_xywh
001_道因法师碑_p0016_c024,志,001_道因法师碑,道因法师碑,16,十六,518,1735,138,138,"[518, 1735, 138, 138]",509,1724,151,160,"[509, 1724, 151, 160]",493,1710,188,188,"[493, 1710, 188, 188]",491,1696,187,223,"[491, 1696, 187, 223]",491,1696,187,223,"[491, 1696, 187, 223]",offline_local_binary_ring_bottom_guard,assets/page_images/001_道因法师碑/p0016.jpg,2,7,1,http://data.library.sh.cn/bt/resource/work/v1e0qbx3r5wp1uw4,http://iiif.library.sh.cn/api/viewer/17A331,https://iiif.library.sh.cn/p/3/02c55611-7427-4cd0-a2cd-a15b5ccbaa9c,https://iiif.library.sh.cn/c/3/beeced26-595d-4f0f-81d1-d9fc8584478b,1444,2221,https://iiif.library.sh.cn/c/3/beeced26-595d-4f0f-81d1-d9fc8584478b/ap/s,https://iiif.library.sh.cn/c/3/beeced26-595d-4f0f-81d1-d9fc8584478b/ap/c/a/da9a10cf-10c4-44af-8495-734cb1b88432,24,24,supplementing,"[518, 1735, 656, 1873]","https://iiif.library.sh.cn/c/3/beeced26-595d-4f0f-81d1-d9fc8584478b#xywh=518,1735,138,138",李俨撰文，欧阳通楷书,欧阳通（楷书）；李儇（撰文）,唐,龙朔三年十月十日刻立（663）,663,楷书,17A331,《翰墨瑰宝：上海图书馆藏珍本碑帖丛刊》第二辑,iiif_annotation_target_xywh,iiif_xywh
001_道因法师碑_p0016_c025,斯,001_道因法师碑,道因法师碑,16,十六,337,525,166,166,"[337, 525, 166, 166]",345,536,151,144,"[345, 536, 151, 144]",307,495,226,226,"[307, 495, 226, 226]",327,504,187,208,"[327, 504, 187, 208]",327,504,187,208,"[327, 504, 187, 208]",offline_local_binary_ring_bottom_guard,assets/page_images/001_道因法师碑/p0016.jpg,3,0,1,http://data.library.sh.cn/bt/resource/work/v1e0qbx3r5wp1uw4,http://iiif.library.sh.cn/api/viewer/17A331,https://iiif.library.sh.cn/p/3/02c55611-7427-4cd0-a2cd-a15b5ccbaa9c,https://iiif.library.sh.cn/c/3/beeced26-595d-4f0f-81d1-d9fc8584478b,1444,2221,https://iiif.library.sh.cn/c/3/beeced26-595d-4f0f-81d1-d9fc8584478b/ap/s,https://iiif.library.sh.cn/c/3/beeced26-595d-4f0f-81d1-d9fc8584478b/ap/c/a/4f4287f8-13da-4d4f-a4e8-005587d3f3d5,25,25,supplementing,"[337, 525, 503, 691]","https://iiif.library.sh.cn/c/3/beeced26-595d-4f0f-81d1-d9fc8584478b#xywh=337,525,166,166",李俨撰文，欧阳通楷书,欧阳通（楷书）；李儇（撰文）,唐,龙朔三年十月十日刻立（663）,663,楷书,17A331,《翰墨瑰宝：上海图书馆藏珍本碑帖丛刊》第二辑,iiif_annotation_target_xywh,iiif_xywh
001_道因法师碑_p0016_c026,在,001_道因法师碑,道因法师碑,16,十六,337,681,166,166,"[337, 681, 166, 166]",345,693,151,150,"[345, 693, 151, 150]",307,651,226,226,"[307, 651, 226, 226]",327,660,187,216,"[327, 660, 187, 216]",327,660,187,216,"[327, 660, 187, 216]",offline_local_binary_ring_bottom_guard,assets/page_images/001_道因法师碑/p0016.jpg,3,1,1,http://data.library.sh.cn/bt/resource/work/v1e0qbx3r5wp1uw4,http://iiif.library.sh.cn/api/viewer/17A331,https://iiif.library.sh.cn/p/3/02c55611-7427-4cd0-a2cd-a15b5ccbaa9c,https://iiif.library.sh.cn/c/3/beeced26-595d-4f0f-81d1-d9fc8584478b,1444,2221,https://iiif.library.sh.cn/c/3/beeced26-595d-4f0f-81d1-d9fc8584478b/ap/s,https://iiif.library.sh.cn/c/3/beeced26-595d-4f0f-81d1-d9fc8584478b/ap/c/a/69bce521-da40-4250-9df6-c78d9af9955d,26,26,supplementing,"[337, 681, 503, 847]","https://iiif.library.sh.cn/c/3/beeced26-595d-4f0f-81d1-d9fc8584478b#xywh=337,681,166,166",李俨撰文，欧阳通楷书,欧阳通（楷书）；李儇（撰文）,唐,龙朔三年十月十日刻立（663）,663,楷书,17A331,《翰墨瑰宝：上海图书馆藏珍本碑帖丛刊》第二辑,iiif_annotation_target_xywh,iiif_xywh
001_道因法师碑_p0016_c027,因,001_道因法师碑,道因法师碑,16,十六,337,852,166,166,"[337, 852, 166, 166]",345,856,151,160,"[345, 856, 151, 160]",307,822,226,226,"[307, 822, 226, 226]",327,821,187,230,"[327, 821, 187, 230]",327,821,187,230,"[327, 821, 187, 230]",offline_local_binary_ring_bottom_guard,assets/page_images/001_道因法师碑/p0016.jpg,3,2,1,http://data.library.sh.cn/bt/resource/work/v1e0qbx3r5wp1uw4,http://iiif.library.sh.cn/api/viewer/17A331,https://iiif.library.sh.cn/p/3/02c55611-7427-4cd0-a2cd-a15b5ccbaa9c,https://iiif.library.sh.cn/c/3/beeced26-595d-4f0f-81d1-d9fc8584478b,1444,2221,https://iiif.library.sh.cn/c/3/beeced26-595d-4f0f-81d1-d9fc8584478b/ap/s,https://iiif.library.sh.cn/c/3/beeced26-595d-4f0f-81d1-d9fc8584478b/ap/c/a/eb159f06-fd92-4266-bc3a-704d563b08e1,27,27,supplementing,"[337, 852, 503, 1018]","https://iiif.library.sh.cn/c/3/beeced26-595d-4f0f-81d1-d9fc8584478b#xywh=337,852,166,166",李俨撰文，欧阳通楷书,欧阳通（楷书）；李儇（撰文）,唐,龙朔三年十月十日刻立（663）,663,楷书,17A331,《翰墨瑰宝：上海图书馆藏珍本碑帖丛刊》第二辑,iiif_annotation_target_xywh,iiif_xywh
001_道因法师碑_p0016_c028,心,001_道因法师碑,道因法师碑,16,十六,337,1027,166,166,"[337, 1027, 166, 166]",345,1030,151,161,"[345, 1030, 151, 161]",307,997,226,226,"[307, 997, 226, 226]",327,995,187,231,"[327, 995, 187, 231]",327,995,187,231,"[327, 995, 187, 231]",offline_local_binary_ring_bottom_guard,assets/page_images/001_道因法师碑/p0016.jpg,3,3,1,http://data.library.sh.cn/bt/resource/work/v1e0qbx3r5wp1uw4,http://iiif.library.sh.cn/api/viewer/17A331,https://iiif.library.sh.cn/p/3/02c55611-7427-4cd0-a2cd-a15b5ccbaa9c,https://iiif.library.sh.cn/c/3/beeced26-595d-4f0f-81d1-d9fc8584478b,1444,2221,https://iiif.library.sh.cn/c/3/beeced26-595d-4f0f-81d1-d9fc8584478b/ap/s,https://iiif.library.sh.cn/c/3/beeced26-595d-4f0f-81d1-d9fc8584478b/ap/c/a/67354100-ad0a-41e6-9567-1226e495505f,28,28,supplementing,"[337, 1027, 503, 1193]","https://iiif.library.sh.cn/c/3/beeced26-595d-4f0f-81d1-d9fc8584478b#xywh=337,1027,166,166",李俨撰文，欧阳通楷书,欧阳通（楷书）；李儇（撰文）,唐,龙朔三年十月十日刻立（663）,663,楷书,17A331,《翰墨瑰宝：上海图书馆藏珍本碑帖丛刊》第二辑,iiif_annotation_target_xywh,iiif_xywh
001_道因法师碑_p0016_c029,以,001_道因法师碑,道因法师碑,16,十六,337,1204,166,166,"[337, 1204, 166, 166]",345,1205,151,149,"[345, 1205, 151, 149]",307,1174,226,226,"[307, 1174, 226, 226]",327,1172,187,215,"[327, 1172, 187, 215]",327,1172,187,215,"[327, 1172, 187, 215]",offline_local_binary_ring_bottom_guard,assets/page_images/001_道因法师碑/p0016.jpg,3,4,1,http://data.library.sh.cn/bt/resource/work/v1e0qbx3r5wp1uw4,http://iiif.library.sh.cn/api/viewer/17A331,https://iiif.library.sh.cn/p/3/02c55611-7427-4cd0-a2cd-a15b5ccbaa9c,https://iiif.library.sh.cn/c/3/beeced26-595d-4f0f-81d1-d9fc8584478b,1444,2221,https://iiif.library.sh.cn/c/3/beeced26-595d-4f0f-81d1-d9fc8584478b/ap/s,https://iiif.library.sh.cn/c/3/beeced26-595d-4f0f-81d1-d9fc8584478b/ap/c/a/ad934ba3-a182-4054-baf5-6af8046bc124,29,29,supplementing,"[337, 1204, 503, 1370]","https://iiif.library.sh.cn/c/3/beeced26-595d-4f0f-81d1-d9fc8584478b#xywh=337,1204,166,166",李俨撰文，欧阳通楷书,欧阳通（楷书）；李儇（撰文）,唐,龙朔三年十月十日刻立（663）,663,楷书,17A331,《翰墨瑰宝：上海图书馆藏珍本碑帖丛刊》第二辑,iiif_annotation_target_xywh,iiif_xywh
001_道因法师碑_p0016_c030,极,001_道因法师碑,道因法师碑,16,十六,337,1352,166,166,"[337, 1352, 166, 166]",345,1368,151,164,"[345, 1368, 151, 164]",307,1322,226,226,"[307, 1322, 226, 226]",327,1332,187,236,"[327, 1332, 187, 236]",327,1332,187,236,"[327, 1332, 187, 236]",offline_local_binary_ring_bottom_guard,assets/page_images/001_道因法师碑/p0016.jpg,3,5,1,http://data.library.sh.cn/bt/resource/work/v1e0qbx3r5wp1uw4,http://iiif.library.sh.cn/api/viewer/17A331,https://iiif.library.sh.cn/p/3/02c55611-7427-4cd0-a2cd-a15b5ccbaa9c,https://iiif.library.sh.cn/c/3/beeced26-595d-4f0f-81d1-d9fc8584478b,1444,2221,https://iiif.library.sh.cn/c/3/beeced26-595d-4f0f-81d1-d9fc8584478b/ap/s,https://iiif.library.sh.cn/c/3/beeced26-595d-4f0f-81d1-d9fc8584478b/ap/c/a/69e78e44-0ea2-42e5-8563-a93ee56a1fec,30,30,supplementing,"[337, 1352, 503, 1518]","https://iiif.library.sh.cn/c/3/beeced26-595d-4f0f-81d1-d9fc8584478b#xywh=337,1352,166,166",李俨撰文，欧阳通楷书,欧阳通（楷书）；李儇（撰文）,唐,龙朔三年十月十日刻立（663）,663,楷书,17A331,《翰墨瑰宝：上海图书馆藏珍本碑帖丛刊》第二辑,iiif_annotation_target_xywh,iiif_xywh
001_道因法师碑_p0016_c031,年,001_道因法师碑,道因法师碑,16,十六,337,1572,144,144,"[337, 1572, 144, 144]",345,1548,151,184,"[345, 1548, 151, 184]",311,1546,196,196,"[311, 1546, 196, 196]",327,1518,187,254,"[327, 1518, 187, 254]",327,1518,187,254,"[327, 1518, 187, 254]",offline_local_binary_ring_bottom_guard,assets/page_images/001_道因法师碑/p0016.jpg,3,6,1,http://data.library.sh.cn/bt/resource/work/v1e0qbx3r5wp1uw4,http://iiif.library.sh.cn/api/viewer/17A331,https://iiif.library.sh.cn/p/3/02c55611-7427-4cd0-a2cd-a15b5ccbaa9c,https://iiif.library.sh.cn/c/3/beeced26-595d-4f0f-81d1-d9fc8584478b,1444,2221,https://iiif.library.sh.cn/c/3/beeced26-595d-4f0f-81d1-d9fc8584478b/ap/s,https://iiif.library.sh.cn/c/3/beeced26-595d-4f0f-81d1-d9fc8584478b/ap/c/a/da4ac1d8-c2b1-40c1-bfe0-1a9b0c467319,31,31,supplementing,"[337, 1572, 481, 1716]","https://iiif.library.sh.cn/c/3/beeced26-595d-4f0f-81d1-d9fc8584478b#xywh=337,1572,144,144",李俨撰文，欧阳通楷书,欧阳通（楷书）；李儇（撰文）,唐,龙朔三年十月十日刻立（663）,663,楷书,17A331,《翰墨瑰宝：上海图书馆藏珍本碑帖丛刊》第二辑,iiif_annotation_target_xywh,iiif_xywh
001_道因法师碑_p0016_c032,甫,001_道因法师碑,道因法师碑,16,十六,337,1765,144,144,"[337, 1765, 144, 144]",345,1748,151,178,"[345, 1748, 151, 178]",311,1739,196,196,"[311, 1739, 196, 196]",327,1718,187,247,"[327, 1718, 187, 247]",327,1718,187,247,"[327, 1718, 187, 247]",offline_local_binary_ring_bottom_guard,assets/page_images/001_道因法师碑/p0016.jpg,3,7,1,http://data.library.sh.cn/bt/resource/work/v1e0qbx3r5wp1uw4,http://iiif.library.sh.cn/api/viewer/17A331,https://iiif.library.sh.cn/p/3/02c55611-7427-4cd0-a2cd-a15b5ccbaa9c,https://iiif.library.sh.cn/c/3/beeced26-595d-4f0f-81d1-d9fc8584478b,1444,2221,https://iiif.library.sh.cn/c/3/beeced26-595d-4f0f-81d1-d9fc8584478b/ap/s,https://iiif.library.sh.cn/c/3/beeced26-595d-4f0f-81d1-d9fc8584478b/ap/c/a/61613696-2b43-4cda-bad5-8d0e0a22d305,32,32,supplementing,"[337, 1765, 481, 1909]","https://iiif.library.sh.cn/c/3/beeced26-595d-4f0f-81d1-d9fc8584478b#xywh=337,1765,144,144",李俨撰文，欧阳通楷书,欧阳通（楷书）；李儇（撰文）,唐,龙朔三年十月十日刻立（663）,663,楷书,17A331,《翰墨瑰宝：上海图书馆藏珍本碑帖丛刊》第二辑,iiif_annotation_target_xywh,iiif_xywh
001_道因法师碑_p0016_c033,七,001_道因法师碑,道因法师碑,16,十六,192,517,135,135,"[192, 517, 135, 135]",187,523,145,123,"[187, 523, 145, 123]",168,493,183,183,"[168, 493, 183, 183]",170,496,179,177,"[170, 496, 179, 177]",170,496,179,177,"[170, 496, 179, 177]",offline_local_binary_ring_bottom_guard,assets/page_images/001_道因法师碑/p0016.jpg,4,0,1,http://data.library.sh.cn/bt/resource/work/v1e0qbx3r5wp1uw4,http://iiif.library.sh.cn/api/viewer/17A331,https://iiif.library.sh.cn/p/3/02c55611-7427-4cd0-a2cd-a15b5ccbaa9c,https://iiif.library.sh.cn/c/3/beeced26-595d-4f0f-81d1-d9fc8584478b,1444,2221,https://iiif.library.sh.cn/c/3/beeced26-595d-4f0f-81d1-d9fc8584478b/ap/s,https://iiif.library.sh.cn/c/3/beeced26-595d-4f0f-81d1-d9fc8584478b/ap/c/a/2917002c-2036-407e-892f-a6c84f67c3b4,33,33,supplementing,"[192, 517, 327, 652]","https://iiif.library.sh.cn/c/3/beeced26-595d-4f0f-81d1-d9fc8584478b#xywh=192,517,135,135",李俨撰文，欧阳通楷书,欧阳通（楷书）；李儇（撰文）,唐,龙朔三年十月十日刻立（663）,663,楷书,17A331,《翰墨瑰宝：上海图书馆藏珍本碑帖丛刊》第二辑,iiif_annotation_target_xywh,iiif_xywh
001_道因法师碑_p0016_c034,岁,001_道因法师碑,道因法师碑,16,十六,192,650,135,135,"[192, 650, 135, 135]",187,658,145,163,"[187, 658, 145, 163]",168,626,183,183,"[168, 626, 183, 183]",170,622,179,235,"[170, 622, 179, 235]",170,622,179,235,"[170, 622, 179, 235]",offline_local_binary_ring_bottom_guard,assets/page_images/001_道因法师碑/p0016.jpg,4,1,1,http://data.library.sh.cn/bt/resource/work/v1e0qbx3r5wp1uw4,http://iiif.library.sh.cn/api/viewer/17A331,https://iiif.library.sh.cn/p/3/02c55611-7427-4cd0-a2cd-a15b5ccbaa9c,https://iiif.library.sh.cn/c/3/beeced26-595d-4f0f-81d1-d9fc8584478b,1444,2221,https://iiif.library.sh.cn/c/3/beeced26-595d-4f0f-81d1-d9fc8584478b/ap/s,https://iiif.library.sh.cn/c/3/beeced26-595d-4f0f-81d1-d9fc8584478b/ap/c/a/134c4215-2a94-4226-aa32-411e1545e9be,34,34,supplementing,"[192, 650, 327, 785]","https://iiif.library.sh.cn/c/3/beeced26-595d-4f0f-81d1-d9fc8584478b#xywh=192,650,135,135",李俨撰文，欧阳通楷书,欧阳通（楷书）；李儇（撰文）,唐,龙朔三年十月十日刻立（663）,663,楷书,17A331,《翰墨瑰宝：上海图书馆藏珍本碑帖丛刊》第二辑,iiif_annotation_target_xywh,iiif_xywh
001_道因法师碑_p0016_c035,丁,001_道因法师碑,道因法师碑,16,十六,192,872,135,135,"[192, 872, 135, 135]",187,836,145,182,"[187, 836, 145, 182]",168,848,183,183,"[168, 848, 183, 183]",170,808,179,250,"[170, 808, 179, 250]",170,808,179,250,"[170, 808, 179, 250]",offline_local_binary_ring_bottom_guard,assets/page_images/001_道因法师碑/p0016.jpg,4,2,1,http://data.library.sh.cn/bt/resource/work/v1e0qbx3r5wp1uw4,http://iiif.library.sh.cn/api/viewer/17A331,https://iiif.library.sh.cn/p/3/02c55611-7427-4cd0-a2cd-a15b5ccbaa9c,https://iiif.library.sh.cn/c/3/beeced26-595d-4f0f-81d1-d9fc8584478b,1444,2221,https://iiif.library.sh.cn/c/3/beeced26-595d-4f0f-81d1-d9fc8584478b/ap/s,https://iiif.library.sh.cn/c/3/beeced26-595d-4f0f-81d1-d9fc8584478b/ap/c/a/8ba8cbab-bc2b-41da-bf59-07ac93d49730,35,35,supplementing,"[192, 872, 327, 1007]","https://iiif.library.sh.cn/c/3/beeced26-595d-4f0f-81d1-d9fc8584478b#xywh=192,872,135,135",李俨撰文，欧阳通楷书,欧阳通（楷书）；李儇（撰文）,唐,龙朔三年十月十日刻立（663）,663,楷书,17A331,《翰墨瑰宝：上海图书馆藏珍本碑帖丛刊》第二辑,iiif_annotation_target_xywh,iiif_xywh
001_道因法师碑_p0016_c036,于,001_道因法师碑,道因法师碑,16,十六,192,1045,135,135,"[192, 1045, 135, 135]",187,1033,145,161,"[187, 1033, 145, 161]",168,1021,183,183,"[168, 1021, 183, 183]",170,1005,179,224,"[170, 1005, 179, 224]",170,1005,179,224,"[170, 1005, 179, 224]",offline_local_binary_ring_bottom_guard,assets/page_images/001_道因法师碑/p0016.jpg,4,3,1,http://data.library.sh.cn/bt/resource/work/v1e0qbx3r5wp1uw4,http://iiif.library.sh.cn/api/viewer/17A331,https://iiif.library.sh.cn/p/3/02c55611-7427-4cd0-a2cd-a15b5ccbaa9c,https://iiif.library.sh.cn/c/3/beeced26-595d-4f0f-81d1-d9fc8584478b,1444,2221,https://iiif.library.sh.cn/c/3/beeced26-595d-4f0f-81d1-d9fc8584478b/ap/s,https://iiif.library.sh.cn/c/3/beeced26-595d-4f0f-81d1-d9fc8584478b/ap/c/a/d6ac8aa3-68ec-4ed9-9df1-42428b346947,36,36,supplementing,"[192, 1045, 327, 1180]","https://iiif.library.sh.cn/c/3/beeced26-595d-4f0f-81d1-d9fc8584478b#xywh=192,1045,135,135",李俨撰文，欧阳通楷书,欧阳通（楷书）；李儇（撰文）,唐,龙朔三年十月十日刻立（663）,663,楷书,17A331,《翰墨瑰宝：上海图书馆藏珍本碑帖丛刊》第二辑,iiif_annotation_target_xywh,iiif_xywh
001_道因法师碑_p0016_c037,内,001_道因法师碑,道因法师碑,16,十六,192,1222,135,135,"[192, 1222, 135, 135]",187,1208,145,156,"[187, 1208, 145, 156]",168,1198,183,183,"[168, 1198, 183, 183]",170,1180,179,218,"[170, 1180, 179, 218]",170,1180,179,218,"[170, 1180, 179, 218]",offline_local_binary_ring_bottom_guard,assets/page_images/001_道因法师碑/p0016.jpg,4,4,1,http://data.library.sh.cn/bt/resource/work/v1e0qbx3r5wp1uw4,http://iiif.library.sh.cn/api/viewer/17A331,https://iiif.library.sh.cn/p/3/02c55611-7427-4cd0-a2cd-a15b5ccbaa9c,https://iiif.library.sh.cn/c/3/beeced26-595d-4f0f-81d1-d9fc8584478b,1444,2221,https://iiif.library.sh.cn/c/3/beeced26-595d-4f0f-81d1-d9fc8584478b/ap/s,https://iiif.library.sh.cn/c/3/beeced26-595d-4f0f-81d1-d9fc8584478b/ap/c/a/2339658b-4a14-4624-b305-cd20ece2e722,37,37,supplementing,"[192, 1222, 327, 1357]","https://iiif.library.sh.cn/c/3/beeced26-595d-4f0f-81d1-d9fc8584478b#xywh=192,1222,135,135",李俨撰文，欧阳通楷书,欧阳通（楷书）；李儇（撰文）,唐,龙朔三年十月十日刻立（663）,663,楷书,17A331,《翰墨瑰宝：上海图书馆藏珍本碑帖丛刊》第二辑,iiif_annotation_target_xywh,iiif_xywh
001_道因法师碑_p0016_c038,艰,001_道因法师碑,道因法师碑,16,十六,192,1385,135,135,"[192, 1385, 135, 135]",187,1378,145,172,"[187, 1378, 145, 172]",168,1361,183,183,"[168, 1361, 183, 183]",170,1350,179,238,"[170, 1350, 179, 238]",170,1350,179,238,"[170, 1350, 179, 238]",offline_local_binary_ring_bottom_guard,assets/page_images/001_道因法师碑/p0016.jpg,4,5,1,http://data.library.sh.cn/bt/resource/work/v1e0qbx3r5wp1uw4,http://iiif.library.sh.cn/api/viewer/17A331,https://iiif.library.sh.cn/p/3/02c55611-7427-4cd0-a2cd-a15b5ccbaa9c,https://iiif.library.sh.cn/c/3/beeced26-595d-4f0f-81d1-d9fc8584478b,1444,2221,https://iiif.library.sh.cn/c/3/beeced26-595d-4f0f-81d1-d9fc8584478b/ap/s,https://iiif.library.sh.cn/c/3/beeced26-595d-4f0f-81d1-d9fc8584478b/ap/c/a/d340b8df-35b1-4f37-bcf3-e2a527a6b559,38,38,supplementing,"[192, 1385, 327, 1520]","https://iiif.library.sh.cn/c/3/beeced26-595d-4f0f-81d1-d9fc8584478b#xywh=192,1385,135,135",李俨撰文，欧阳通楷书,欧阳通（楷书）；李儇（撰文）,唐,龙朔三年十月十日刻立（663）,663,楷书,17A331,《翰墨瑰宝：上海图书馆藏珍本碑帖丛刊》第二辑,iiif_annotation_target_xywh,iiif_xywh
001_道因法师碑_p0016_c039,嗌,001_道因法师碑,道因法师碑,16,十六,192,1594,135,135,"[192, 1594, 135, 135]",187,1565,145,184,"[187, 1565, 145, 184]",168,1570,183,183,"[168, 1570, 183, 183]",170,1537,179,252,"[170, 1537, 179, 252]",170,1537,179,252,"[170, 1537, 179, 252]",offline_local_binary_ring_bottom_guard,assets/page_images/001_道因法师碑/p0016.jpg,4,6,1,http://data.library.sh.cn/bt/resource/work/v1e0qbx3r5wp1uw4,http://iiif.library.sh.cn/api/viewer/17A331,https://iiif.library.sh.cn/p/3/02c55611-7427-4cd0-a2cd-a15b5ccbaa9c,https://iiif.library.sh.cn/c/3/beeced26-595d-4f0f-81d1-d9fc8584478b,1444,2221,https://iiif.library.sh.cn/c/3/beeced26-595d-4f0f-81d1-d9fc8584478b/ap/s,https://iiif.library.sh.cn/c/3/beeced26-595d-4f0f-81d1-d9fc8584478b/ap/c/a/7e8502ac-3ab1-45dd-b8e9-0aced95599b3,39,39,supplementing,"[192, 1594, 327, 1729]","https://iiif.library.sh.cn/c/3/beeced26-595d-4f0f-81d1-d9fc8584478b#xywh=192,1594,135,135",李俨撰文，欧阳通楷书,欧阳通（楷书）；李儇（撰文）,唐,龙朔三年十月十日刻立（663）,663,楷书,17A331,《翰墨瑰宝：上海图书馆藏珍本碑帖丛刊》第二辑,iiif_annotation_target_xywh,iiif_xywh
001_道因法师碑_p0016_c040,粒,001_道因法师碑,道因法师碑,16,十六,192,1784,135,135,"[192, 1784, 135, 135]",187,1764,145,175,"[187, 1764, 145, 175]",168,1760,183,183,"[168, 1760, 183, 183]",170,1736,179,242,"[170, 1736, 179, 242]",170,1736,179,242,"[170, 1736, 179, 242]",offline_local_binary_ring_bottom_guard,assets/page_images/001_道因法师碑/p0016.jpg,4,7,1,http://data.library.sh.cn/bt/resource/work/v1e0qbx3r5wp1uw4,http://iiif.library.sh.cn/api/viewer/17A331,https://iiif.library.sh.cn/p/3/02c55611-7427-4cd0-a2cd-a15b5ccbaa9c,https://iiif.library.sh.cn/c/3/beeced26-595d-4f0f-81d1-d9fc8584478b,1444,2221,https://iiif.library.sh.cn/c/3/beeced26-595d-4f0f-81d1-d9fc8584478b/ap/s,https://iiif.library.sh.cn/c/3/beeced26-595d-4f0f-81d1-d9fc8584478b/ap/c/a/0cbf0d2c-44b6-488f-9443-60e995516c7f,40,40,supplementing,"[192, 1784, 327, 1919]","https://iiif.library.sh.cn/c/3/beeced26-595d-4f0f-81d1-d9fc8584478b#xywh=192,1784,135,135",李俨撰文，欧阳通楷书,欧阳通（楷书）；李儇（撰文）,唐,龙朔三年十月十日刻立（663）,663,楷书,17A331,《翰墨瑰宝：上海图书馆藏珍本碑帖丛刊》第二辑,iiif_annotation_target_xywh,iiif_xywh
001_道因法师碑_p0017_c001,绝,001_道因法师碑,道因法师碑,17,十七,1122,521,132,132,"[1122, 521, 132, 132]",1114,524,148,126,"[1114, 524, 148, 126]",1098,497,180,180,"[1098, 497, 180, 180]",1096,496,184,182,"[1096, 496, 184, 182]",1096,496,184,182,"[1096, 496, 184, 182]",offline_local_binary_ring_bottom_guard,assets/page_images/001_道因法师碑/p0017.jpg,0,0,1,http://data.library.sh.cn/bt/resource/work/v1e0qbx3r5wp1uw4,http://iiif.library.sh.cn/api/viewer/17A331,https://iiif.library.sh.cn/p/3/02c55611-7427-4cd0-a2cd-a15b5ccbaa9c,https://iiif.library.sh.cn/c/3/fa94379e-ae2c-4698-b8ac-2b2f34df920d,1444,2221,https://iiif.library.sh.cn/c/3/fa94379e-ae2c-4698-b8ac-2b2f34df920d/ap/s,https://iiif.library.sh.cn/c/3/fa94379e-ae2c-4698-b8ac-2b2f34df920d/ap/c/a/45147448-8bb9-4559-b665-52dd8eedae80,1,1,supplementing,"[1122, 521, 1254, 653]","https://iiif.library.sh.cn/c/3/fa94379e-ae2c-4698-b8ac-2b2f34df920d#xywh=1122,521,132,132",李俨撰文，欧阳通楷书,欧阳通（楷书）；李儇（撰文）,唐,龙朔三年十月十日刻立（663）,663,楷书,17A331,《翰墨瑰宝：上海图书馆藏珍本碑帖丛刊》第二辑,iiif_annotation_target_xywh,iiif_xywh
001_道因法师碑_p0017_c002,浆,001_道因法师碑,道因法师碑,17,十七,1122,658,132,132,"[1122, 658, 132, 132]",1114,663,148,164,"[1114, 663, 148, 164]",1098,634,180,180,"[1098, 634, 180, 180]",1096,631,184,232,"[1096, 631, 184, 232]",1096,631,184,232,"[1096, 631, 184, 232]",offline_local_binary_ring_bottom_guard,assets/page_images/001_道因法师碑/p0017.jpg,0,1,1,http://data.library.sh.cn/bt/resource/work/v1e0qbx3r5wp1uw4,http://iiif.library.sh.cn/api/viewer/17A331,https://iiif.library.sh.cn/p/3/02c55611-7427-4cd0-a2cd-a15b5ccbaa9c,https://iiif.library.sh.cn/c/3/fa94379e-ae2c-4698-b8ac-2b2f34df920d,1444,2221,https://iiif.library.sh.cn/c/3/fa94379e-ae2c-4698-b8ac-2b2f34df920d/ap/s,https://iiif.library.sh.cn/c/3/fa94379e-ae2c-4698-b8ac-2b2f34df920d/ap/c/a/f436d2fe-313a-4650-8afd-3f6ad861dc24,2,2,supplementing,"[1122, 658, 1254, 790]","https://iiif.library.sh.cn/c/3/fa94379e-ae2c-4698-b8ac-2b2f34df920d#xywh=1122,658,132,132",李俨撰文，欧阳通楷书,欧阳通（楷书）；李儇（撰文）,唐,龙朔三年十月十日刻立（663）,663,楷书,17A331,《翰墨瑰宝：上海图书馆藏珍本碑帖丛刊》第二辑,iiif_annotation_target_xywh,iiif_xywh
001_道因法师碑_p0017_c003,殆,001_道因法师碑,道因法师碑,17,十七,1122,878,132,132,"[1122, 878, 132, 132]",1114,842,148,188,"[1114, 842, 148, 188]",1098,854,180,180,"[1098, 854, 180, 180]",1096,815,184,256,"[1096, 815, 184, 256]",1096,815,184,256,"[1096, 815, 184, 256]",offline_local_binary_ring_bottom_guard,assets/page_images/001_道因法师碑/p0017.jpg,0,2,1,http://data.library.sh.cn/bt/resource/work/v1e0qbx3r5wp1uw4,http://iiif.library.sh.cn/api/viewer/17A331,https://iiif.library.sh.cn/p/3/02c55611-7427-4cd0-a2cd-a15b5ccbaa9c,https://iiif.library.sh.cn/c/3/fa94379e-ae2c-4698-b8ac-2b2f34df920d,1444,2221,https://iiif.library.sh.cn/c/3/fa94379e-ae2c-4698-b8ac-2b2f34df920d/ap/s,https://iiif.library.sh.cn/c/3/fa94379e-ae2c-4698-b8ac-2b2f34df920d/ap/c/a/1f35ff97-d1fc-42af-a3e1-a86e87a35142,3,3,supplementing,"[1122, 878, 1254, 1010]","https://iiif.library.sh.cn/c/3/fa94379e-ae2c-4698-b8ac-2b2f34df920d#xywh=1122,878,132,132",李俨撰文，欧阳通楷书,欧阳通（楷书）；李儇（撰文）,唐,龙朔三年十月十日刻立（663）,663,楷书,17A331,《翰墨瑰宝：上海图书馆藏珍本碑帖丛刊》第二辑,iiif_annotation_target_xywh,iiif_xywh
001_道因法师碑_p0017_c004,乎,001_道因法师碑,道因法师碑,17,十七,1122,1067,132,132,"[1122, 1067, 132, 132]",1114,1046,148,172,"[1114, 1046, 148, 172]",1098,1043,180,180,"[1098, 1043, 180, 180]",1096,1019,184,237,"[1096, 1019, 184, 237]",1096,1019,184,237,"[1096, 1019, 184, 237]",offline_local_binary_ring_bottom_guard,assets/page_images/001_道因法师碑/p0017.jpg,0,3,1,http://data.library.sh.cn/bt/resource/work/v1e0qbx3r5wp1uw4,http://iiif.library.sh.cn/api/viewer/17A331,https://iiif.library.sh.cn/p/3/02c55611-7427-4cd0-a2cd-a15b5ccbaa9c,https://iiif.library.sh.cn/c/3/fa94379e-ae2c-4698-b8ac-2b2f34df920d,1444,2221,https://iiif.library.sh.cn/c/3/fa94379e-ae2c-4698-b8ac-2b2f34df920d/ap/s,https://iiif.library.sh.cn/c/3/fa94379e-ae2c-4698-b8ac-2b2f34df920d/ap/c/a/cb396f07-a88d-46fa-988a-26f8f2f8740d,4,4,supplementing,"[1122, 1067, 1254, 1199]","https://iiif.library.sh.cn/c/3/fa94379e-ae2c-4698-b8ac-2b2f34df920d#xywh=1122,1067,132,132",李俨撰文，欧阳通楷书,欧阳通（楷书）；李儇（撰文）,唐,龙朔三年十月十日刻立（663）,663,楷书,17A331,《翰墨瑰宝：上海图书馆藏珍本碑帖丛刊》第二辑,iiif_annotation_target_xywh,iiif_xywh
001_道因法师碑_p0017_c005,灭,001_道因法师碑,道因法师碑,17,十七,1122,1252,132,132,"[1122, 1252, 132, 132]",1114,1233,148,165,"[1114, 1233, 148, 165]",1098,1228,180,180,"[1098, 1228, 180, 180]",1096,1206,184,228,"[1096, 1206, 184, 228]",1096,1206,184,228,"[1096, 1206, 184, 228]",offline_local_binary_ring_bottom_guard,assets/page_images/001_道因法师碑/p0017.jpg,0,4,1,http://data.library.sh.cn/bt/resource/work/v1e0qbx3r5wp1uw4,http://iiif.library.sh.cn/api/viewer/17A331,https://iiif.library.sh.cn/p/3/02c55611-7427-4cd0-a2cd-a15b5ccbaa9c,https://iiif.library.sh.cn/c/3/fa94379e-ae2c-4698-b8ac-2b2f34df920d,1444,2221,https://iiif.library.sh.cn/c/3/fa94379e-ae2c-4698-b8ac-2b2f34df920d/ap/s,https://iiif.library.sh.cn/c/3/fa94379e-ae2c-4698-b8ac-2b2f34df920d/ap/c/a/8cae52f4-5406-4b0a-ad01-2a6f5046dce7,5,5,supplementing,"[1122, 1252, 1254, 1384]","https://iiif.library.sh.cn/c/3/fa94379e-ae2c-4698-b8ac-2b2f34df920d#xywh=1122,1252,132,132",李俨撰文，欧阳通楷书,欧阳通（楷书）；李儇（撰文）,唐,龙朔三年十月十日刻立（663）,663,楷书,17A331,《翰墨瑰宝：上海图书馆藏珍本碑帖丛刊》第二辑,iiif_annotation_target_xywh,iiif_xywh
001_道因法师碑_p0017_c006,性,001_道因法师碑,道因法师碑,17,十七,1122,1427,132,132,"[1122, 1427, 132, 132]",1114,1411,148,135,"[1114, 1411, 148, 135]",1098,1403,180,180,"[1098, 1403, 180, 180]",1096,1384,184,192,"[1096, 1384, 184, 192]",1096,1384,184,192,"[1096, 1384, 184, 192]",offline_local_binary_ring_bottom_guard,assets/page_images/001_道因法师碑/p0017.jpg,0,5,1,http://data.library.sh.cn/bt/resource/work/v1e0qbx3r5wp1uw4,http://iiif.library.sh.cn/api/viewer/17A331,https://iiif.library.sh.cn/p/3/02c55611-7427-4cd0-a2cd-a15b5ccbaa9c,https://iiif.library.sh.cn/c/3/fa94379e-ae2c-4698-b8ac-2b2f34df920d,1444,2221,https://iiif.library.sh.cn/c/3/fa94379e-ae2c-4698-b8ac-2b2f34df920d/ap/s,https://iiif.library.sh.cn/c/3/fa94379e-ae2c-4698-b8ac-2b2f34df920d/ap/c/a/2496d499-7c88-4bb1-8861-30752c17baa8,6,6,supplementing,"[1122, 1427, 1254, 1559]","https://iiif.library.sh.cn/c/3/fa94379e-ae2c-4698-b8ac-2b2f34df920d#xywh=1122,1427,132,132",李俨撰文，欧阳通楷书,欧阳通（楷书）；李儇（撰文）,唐,龙朔三年十月十日刻立（663）,663,楷书,17A331,《翰墨瑰宝：上海图书馆藏珍本碑帖丛刊》第二辑,iiif_annotation_target_xywh,iiif_xywh
001_道因法师碑_p0017_c007,成,001_道因法师碑,道因法师碑,17,十七,1122,1545,132,132,"[1122, 1545, 132, 132]",1114,1559,148,157,"[1114, 1559, 148, 157]",1098,1521,180,180,"[1098, 1521, 180, 180]",1096,1524,184,227,"[1096, 1524, 184, 227]",1096,1524,184,227,"[1096, 1524, 184, 227]",offline_local_binary_ring_bottom_guard,assets/page_images/001_道因法师碑/p0017.jpg,0,6,1,http://data.library.sh.cn/bt/resource/work/v1e0qbx3r5wp1uw4,http://iiif.library.sh.cn/api/viewer/17A331,https://iiif.library.sh.cn/p/3/02c55611-7427-4cd0-a2cd-a15b5ccbaa9c,https://iiif.library.sh.cn/c/3/fa94379e-ae2c-4698-b8ac-2b2f34df920d,1444,2221,https://iiif.library.sh.cn/c/3/fa94379e-ae2c-4698-b8ac-2b2f34df920d/ap/s,https://iiif.library.sh.cn/c/3/fa94379e-ae2c-4698-b8ac-2b2f34df920d/ap/c/a/d953db1b-c25f-404b-b69c-5703872bb26a,7,7,supplementing,"[1122, 1545, 1254, 1677]","https://iiif.library.sh.cn/c/3/fa94379e-ae2c-4698-b8ac-2b2f34df920d#xywh=1122,1545,132,132",李俨撰文，欧阳通楷书,欧阳通（楷书）；李儇（撰文）,唐,龙朔三年十月十日刻立（663）,663,楷书,17A331,《翰墨瑰宝：上海图书馆藏珍本碑帖丛刊》第二辑,iiif_annotation_target_xywh,iiif_xywh
001_道因法师碑_p0017_c008,人,001_道因法师碑,道因法师碑,17,十七,1122,1769,132,132,"[1122, 1769, 132, 132]",1114,1732,148,206,"[1114, 1732, 148, 206]",1098,1745,180,180,"[1098, 1745, 180, 180]",1096,1705,184,278,"[1096, 1705, 184, 278]",1096,1705,184,278,"[1096, 1705, 184, 278]",offline_local_binary_ring_bottom_guard,assets/page_images/001_道因法师碑/p0017.jpg,0,7,1,http://data.library.sh.cn/bt/resource/work/v1e0qbx3r5wp1uw4,http://iiif.library.sh.cn/api/viewer/17A331,https://iiif.library.sh.cn/p/3/02c55611-7427-4cd0-a2cd-a15b5ccbaa9c,https://iiif.library.sh.cn/c/3/fa94379e-ae2c-4698-b8ac-2b2f34df920d,1444,2221,https://iiif.library.sh.cn/c/3/fa94379e-ae2c-4698-b8ac-2b2f34df920d/ap/s,https://iiif.library.sh.cn/c/3/fa94379e-ae2c-4698-b8ac-2b2f34df920d/ap/c/a/53065fa1-a4b3-4054-95e3-41e2a6b53dbd,8,8,supplementing,"[1122, 1769, 1254, 1901]","https://iiif.library.sh.cn/c/3/fa94379e-ae2c-4698-b8ac-2b2f34df920d#xywh=1122,1769,132,132",李俨撰文，欧阳通楷书,欧阳通（楷书）；李儇（撰文）,唐,龙朔三年十月十日刻立（663）,663,楷书,17A331,《翰墨瑰宝：上海图书馆藏珍本碑帖丛刊》第二辑,iiif_annotation_target_xywh,iiif_xywh
001_道因法师碑_p0017_c009,之,001_道因法师碑,道因法师碑,17,十七,951,535,154,154,"[951, 535, 154, 154]",946,550,155,124,"[946, 550, 155, 124]",923,507,210,210,"[923, 507, 210, 210]",927,523,193,178,"[927, 523, 193, 178]",927,523,193,178,"[927, 523, 193, 178]",offline_local_binary_ring_bottom_guard,assets/page_images/001_道因法师碑/p0017.jpg,1,0,1,http://data.library.sh.cn/bt/resource/work/v1e0qbx3r5wp1uw4,http://iiif.library.sh.cn/api/viewer/17A331,https://iiif.library.sh.cn/p/3/02c55611-7427-4cd0-a2cd-a15b5ccbaa9c,https://iiif.library.sh.cn/c/3/fa94379e-ae2c-4698-b8ac-2b2f34df920d,1444,2221,https://iiif.library.sh.cn/c/3/fa94379e-ae2c-4698-b8ac-2b2f34df920d/ap/s,https://iiif.library.sh.cn/c/3/fa94379e-ae2c-4698-b8ac-2b2f34df920d/ap/c/a/d1c19172-b5ef-4bdd-8ddb-94e4c69fcfc5,9,9,supplementing,"[951, 535, 1105, 689]","https://iiif.library.sh.cn/c/3/fa94379e-ae2c-4698-b8ac-2b2f34df920d#xywh=951,535,154,154",李俨撰文，欧阳通楷书,欧阳通（楷书）；李儇（撰文）,唐,龙朔三年十月十日刻立（663）,663,楷书,17A331,《翰墨瑰宝：上海图书馆藏珍本碑帖丛刊》第二辑,iiif_annotation_target_xywh,iiif_xywh
001_道因法师碑_p0017_c010,德,001_道因法师碑,道因法师碑,17,十七,951,669,154,154,"[951, 669, 154, 154]",946,685,155,148,"[946, 685, 155, 148]",923,641,210,210,"[923, 641, 210, 210]",927,652,193,214,"[927, 652, 193, 214]",927,652,193,214,"[927, 652, 193, 214]",offline_local_binary_ring_bottom_guard,assets/page_images/001_道因法师碑/p0017.jpg,1,1,1,http://data.library.sh.cn/bt/resource/work/v1e0qbx3r5wp1uw4,http://iiif.library.sh.cn/api/viewer/17A331,https://iiif.library.sh.cn/p/3/02c55611-7427-4cd0-a2cd-a15b5ccbaa9c,https://iiif.library.sh.cn/c/3/fa94379e-ae2c-4698-b8ac-2b2f34df920d,1444,2221,https://iiif.library.sh.cn/c/3/fa94379e-ae2c-4698-b8ac-2b2f34df920d/ap/s,https://iiif.library.sh.cn/c/3/fa94379e-ae2c-4698-b8ac-2b2f34df920d/ap/c/a/f42b9e1e-8764-46c5-94da-cef949cea0e0,10,10,supplementing,"[951, 669, 1105, 823]","https://iiif.library.sh.cn/c/3/fa94379e-ae2c-4698-b8ac-2b2f34df920d#xywh=951,669,154,154",李俨撰文，欧阳通楷书,欧阳通（楷书）；李儇（撰文）,唐,龙朔三年十月十日刻立（663）,663,楷书,17A331,《翰墨瑰宝：上海图书馆藏珍本碑帖丛刊》第二辑,iiif_annotation_target_xywh,iiif_xywh
001_道因法师碑_p0017_c011,见,001_道因法师碑,道因法师碑,17,十七,951,856,154,154,"[951, 856, 154, 154]",946,846,155,152,"[946, 846, 155, 152]",923,828,210,210,"[923, 828, 210, 210]",927,814,193,217,"[927, 814, 193, 217]",927,814,193,217,"[927, 814, 193, 217]",offline_local_binary_ring_bottom_guard,assets/page_images/001_道因法师碑/p0017.jpg,1,2,1,http://data.library.sh.cn/bt/resource/work/v1e0qbx3r5wp1uw4,http://iiif.library.sh.cn/api/viewer/17A331,https://iiif.library.sh.cn/p/3/02c55611-7427-4cd0-a2cd-a15b5ccbaa9c,https://iiif.library.sh.cn/c/3/fa94379e-ae2c-4698-b8ac-2b2f34df920d,1444,2221,https://iiif.library.sh.cn/c/3/fa94379e-ae2c-4698-b8ac-2b2f34df920d/ap/s,https://iiif.library.sh.cn/c/3/fa94379e-ae2c-4698-b8ac-2b2f34df920d/ap/c/a/3d29dbf7-f9ca-4274-8e2c-8e17b82ac569,11,11,supplementing,"[951, 856, 1105, 1010]","https://iiif.library.sh.cn/c/3/fa94379e-ae2c-4698-b8ac-2b2f34df920d#xywh=951,856,154,154",李俨撰文，欧阳通楷书,欧阳通（楷书）；李儇（撰文）,唐,龙朔三年十月十日刻立（663）,663,楷书,17A331,《翰墨瑰宝：上海图书馆藏珍本碑帖丛刊》第二辑,iiif_annotation_target_xywh,iiif_xywh
001_道因法师碑_p0017_c012,称,001_道因法师碑,道因法师碑,17,十七,951,1000,154,154,"[951, 1000, 154, 154]",946,1012,155,161,"[946, 1012, 155, 161]",923,972,210,210,"[923, 972, 210, 210]",927,977,193,231,"[927, 977, 193, 231]",927,977,193,231,"[927, 977, 193, 231]",offline_local_binary_ring_bottom_guard,assets/page_images/001_道因法师碑/p0017.jpg,1,3,1,http://data.library.sh.cn/bt/resource/work/v1e0qbx3r5wp1uw4,http://iiif.library.sh.cn/api/viewer/17A331,https://iiif.library.sh.cn/p/3/02c55611-7427-4cd0-a2cd-a15b5ccbaa9c,https://iiif.library.sh.cn/c/3/fa94379e-ae2c-4698-b8ac-2b2f34df920d,1444,2221,https://iiif.library.sh.cn/c/3/fa94379e-ae2c-4698-b8ac-2b2f34df920d/ap/s,https://iiif.library.sh.cn/c/3/fa94379e-ae2c-4698-b8ac-2b2f34df920d/ap/c/a/50212ee0-738a-496b-923e-53c31007f200,12,12,supplementing,"[951, 1000, 1105, 1154]","https://iiif.library.sh.cn/c/3/fa94379e-ae2c-4698-b8ac-2b2f34df920d#xywh=951,1000,154,154",李俨撰文，欧阳通楷书,欧阳通（楷书）；李儇（撰文）,唐,龙朔三年十月十日刻立（663）,663,楷书,17A331,《翰墨瑰宝：上海图书馆藏珍本碑帖丛刊》第二辑,iiif_annotation_target_xywh,iiif_xywh
001_道因法师碑_p0017_c013,州,001_道因法师碑,道因法师碑,17,十七,951,1206,154,154,"[951, 1206, 154, 154]",946,1187,155,163,"[946, 1187, 155, 163]",923,1178,210,210,"[923, 1178, 210, 210]",927,1155,193,231,"[927, 1155, 193, 231]",927,1155,193,231,"[927, 1155, 193, 231]",offline_local_binary_ring_bottom_guard,assets/page_images/001_道因法师碑/p0017.jpg,1,4,1,http://data.library.sh.cn/bt/resource/work/v1e0qbx3r5wp1uw4,http://iiif.library.sh.cn/api/viewer/17A331,https://iiif.library.sh.cn/p/3/02c55611-7427-4cd0-a2cd-a15b5ccbaa9c,https://iiif.library.sh.cn/c/3/fa94379e-ae2c-4698-b8ac-2b2f34df920d,1444,2221,https://iiif.library.sh.cn/c/3/fa94379e-ae2c-4698-b8ac-2b2f34df920d/ap/s,https://iiif.library.sh.cn/c/3/fa94379e-ae2c-4698-b8ac-2b2f34df920d/ap/c/a/8f159941-4c59-407e-ac83-2a17c79e96a7,13,13,supplementing,"[951, 1206, 1105, 1360]","https://iiif.library.sh.cn/c/3/fa94379e-ae2c-4698-b8ac-2b2f34df920d#xywh=951,1206,154,154",李俨撰文，欧阳通楷书,欧阳通（楷书）；李儇（撰文）,唐,龙朔三年十月十日刻立（663）,663,楷书,17A331,《翰墨瑰宝：上海图书馆藏珍本碑帖丛刊》第二辑,iiif_annotation_target_xywh,iiif_xywh
001_道因法师碑_p0017_c014,里,001_道因法师碑,道因法师碑,17,十七,951,1354,154,154,"[951, 1354, 154, 154]",946,1364,155,154,"[946, 1364, 155, 154]",923,1326,210,210,"[923, 1326, 210, 210]",927,1330,193,222,"[927, 1330, 193, 222]",927,1330,193,222,"[927, 1330, 193, 222]",offline_local_binary_ring_bottom_guard,assets/page_images/001_道因法师碑/p0017.jpg,1,5,1,http://data.library.sh.cn/bt/resource/work/v1e0qbx3r5wp1uw4,http://iiif.library.sh.cn/api/viewer/17A331,https://iiif.library.sh.cn/p/3/02c55611-7427-4cd0-a2cd-a15b5ccbaa9c,https://iiif.library.sh.cn/c/3/fa94379e-ae2c-4698-b8ac-2b2f34df920d,1444,2221,https://iiif.library.sh.cn/c/3/fa94379e-ae2c-4698-b8ac-2b2f34df920d/ap/s,https://iiif.library.sh.cn/c/3/fa94379e-ae2c-4698-b8ac-2b2f34df920d/ap/c/a/c3253113-6157-4ca1-bc6d-cf8ccef544e7,14,14,supplementing,"[951, 1354, 1105, 1508]","https://iiif.library.sh.cn/c/3/fa94379e-ae2c-4698-b8ac-2b2f34df920d#xywh=951,1354,154,154",李俨撰文，欧阳通楷书,欧阳通（楷书）；李儇（撰文）,唐,龙朔三年十月十日刻立（663）,663,楷书,17A331,《翰墨瑰宝：上海图书馆藏珍本碑帖丛刊》第二辑,iiif_annotation_target_xywh,iiif_xywh
001_道因法师碑_p0017_c015,免,001_道因法师碑,道因法师碑,17,十七,951,1541,154,154,"[951, 1541, 154, 154]",946,1532,155,174,"[946, 1532, 155, 174]",923,1513,210,210,"[923, 1513, 210, 210]",927,1500,193,244,"[927, 1500, 193, 244]",927,1500,193,244,"[927, 1500, 193, 244]",offline_local_binary_ring_bottom_guard,assets/page_images/001_道因法师碑/p0017.jpg,1,6,1,http://data.library.sh.cn/bt/resource/work/v1e0qbx3r5wp1uw4,http://iiif.library.sh.cn/api/viewer/17A331,https://iiif.library.sh.cn/p/3/02c55611-7427-4cd0-a2cd-a15b5ccbaa9c,https://iiif.library.sh.cn/c/3/fa94379e-ae2c-4698-b8ac-2b2f34df920d,1444,2221,https://iiif.library.sh.cn/c/3/fa94379e-ae2c-4698-b8ac-2b2f34df920d/ap/s,https://iiif.library.sh.cn/c/3/fa94379e-ae2c-4698-b8ac-2b2f34df920d/ap/c/a/4f043791-1d1c-45ed-95d4-566aaf28fc0d,15,15,supplementing,"[951, 1541, 1105, 1695]","https://iiif.library.sh.cn/c/3/fa94379e-ae2c-4698-b8ac-2b2f34df920d#xywh=951,1541,154,154",李俨撰文，欧阳通楷书,欧阳通（楷书）；李儇（撰文）,唐,龙朔三年十月十日刻立（663）,663,楷书,17A331,《翰墨瑰宝：上海图书馆藏珍本碑帖丛刊》第二辑,iiif_annotation_target_xywh,iiif_xywh
001_道因法师碑_p0017_c016,丧,001_道因法师碑,道因法师碑,17,十七,951,1732,154,154,"[951, 1732, 154, 154]",946,1721,155,176,"[946, 1721, 155, 176]",923,1704,210,210,"[923, 1704, 210, 210]",927,1689,193,247,"[927, 1689, 193, 247]",927,1689,193,247,"[927, 1689, 193, 247]",offline_local_binary_ring_bottom_guard,assets/page_images/001_道因法师碑/p0017.jpg,1,7,1,http://data.library.sh.cn/bt/resource/work/v1e0qbx3r5wp1uw4,http://iiif.library.sh.cn/api/viewer/17A331,https://iiif.library.sh.cn/p/3/02c55611-7427-4cd0-a2cd-a15b5ccbaa9c,https://iiif.library.sh.cn/c/3/fa94379e-ae2c-4698-b8ac-2b2f34df920d,1444,2221,https://iiif.library.sh.cn/c/3/fa94379e-ae2c-4698-b8ac-2b2f34df920d/ap/s,https://iiif.library.sh.cn/c/3/fa94379e-ae2c-4698-b8ac-2b2f34df920d/ap/c/a/948447b6-df72-447a-8d6a-72a9d31e2982,16,16,supplementing,"[951, 1732, 1105, 1886]","https://iiif.library.sh.cn/c/3/fa94379e-ae2c-4698-b8ac-2b2f34df920d#xywh=951,1732,154,154",李俨撰文，欧阳通楷书,欧阳通（楷书）；李儇（撰文）,唐,龙朔三年十月十日刻立（663）,663,楷书,17A331,《翰墨瑰宝：上海图书馆藏珍本碑帖丛刊》第二辑,iiif_annotation_target_xywh,iiif_xywh
001_道因法师碑_p0017_c017,之,001_道因法师碑,道因法师碑,17,十七,768,539,166,166,"[768, 539, 166, 166]",771,566,161,112,"[771, 566, 161, 112]",738,509,226,226,"[738, 509, 226, 226]",752,541,199,162,"[752, 541, 199, 162]",752,541,199,162,"[752, 541, 199, 162]",offline_local_binary_ring_bottom_guard,assets/page_images/001_道因法师碑/p0017.jpg,2,0,1,http://data.library.sh.cn/bt/resource/work/v1e0qbx3r5wp1uw4,http://iiif.library.sh.cn/api/viewer/17A331,https://iiif.library.sh.cn/p/3/02c55611-7427-4cd0-a2cd-a15b5ccbaa9c,https://iiif.library.sh.cn/c/3/fa94379e-ae2c-4698-b8ac-2b2f34df920d,1444,2221,https://iiif.library.sh.cn/c/3/fa94379e-ae2c-4698-b8ac-2b2f34df920d/ap/s,https://iiif.library.sh.cn/c/3/fa94379e-ae2c-4698-b8ac-2b2f34df920d/ap/c/a/db1a8245-55a4-414b-9417-ebc646ea87e3,17,17,supplementing,"[768, 539, 934, 705]","https://iiif.library.sh.cn/c/3/fa94379e-ae2c-4698-b8ac-2b2f34df920d#xywh=768,539,166,166",李俨撰文，欧阳通楷书,欧阳通（楷书）；李儇（撰文）,唐,龙朔三年十月十日刻立（663）,663,楷书,17A331,《翰墨瑰宝：上海图书馆藏珍本碑帖丛刊》第二辑,iiif_annotation_target_xywh,iiif_xywh
001_道因法师碑_p0017_c018,后,001_道因法师碑,道因法师碑,17,十七,768,661,166,166,"[768, 661, 166, 166]",771,689,161,137,"[771, 689, 161, 137]",738,631,226,226,"[738, 631, 226, 226]",752,659,199,197,"[752, 659, 199, 197]",752,659,199,197,"[752, 659, 199, 197]",offline_local_binary_ring_bottom_guard,assets/page_images/001_道因法师碑/p0017.jpg,2,1,1,http://data.library.sh.cn/bt/resource/work/v1e0qbx3r5wp1uw4,http://iiif.library.sh.cn/api/viewer/17A331,https://iiif.library.sh.cn/p/3/02c55611-7427-4cd0-a2cd-a15b5ccbaa9c,https://iiif.library.sh.cn/c/3/fa94379e-ae2c-4698-b8ac-2b2f34df920d,1444,2221,https://iiif.library.sh.cn/c/3/fa94379e-ae2c-4698-b8ac-2b2f34df920d/ap/s,https://iiif.library.sh.cn/c/3/fa94379e-ae2c-4698-b8ac-2b2f34df920d/ap/c/a/f188c86d-1466-4f3a-84d8-102f0bd7b3a7,18,18,supplementing,"[768, 661, 934, 827]","https://iiif.library.sh.cn/c/3/fa94379e-ae2c-4698-b8ac-2b2f34df920d#xywh=768,661,166,166",李俨撰文，欧阳通楷书,欧阳通（楷书）；李儇（撰文）,唐,龙朔三年十月十日刻立（663）,663,楷书,17A331,《翰墨瑰宝：上海图书馆藏珍本碑帖丛刊》第二辑,iiif_annotation_target_xywh,iiif_xywh
001_道因法师碑_p0017_c019,乃,001_道因法师碑,道因法师碑,17,十七,768,837,166,166,"[768, 837, 166, 166]",771,839,161,163,"[771, 839, 161, 163]",738,807,226,226,"[738, 807, 226, 226]",752,803,199,235,"[752, 803, 199, 235]",752,803,199,235,"[752, 803, 199, 235]",offline_local_binary_ring_bottom_guard,assets/page_images/001_道因法师碑/p0017.jpg,2,2,1,http://data.library.sh.cn/bt/resource/work/v1e0qbx3r5wp1uw4,http://iiif.library.sh.cn/api/viewer/17A331,https://iiif.library.sh.cn/p/3/02c55611-7427-4cd0-a2cd-a15b5ccbaa9c,https://iiif.library.sh.cn/c/3/fa94379e-ae2c-4698-b8ac-2b2f34df920d,1444,2221,https://iiif.library.sh.cn/c/3/fa94379e-ae2c-4698-b8ac-2b2f34df920d/ap/s,https://iiif.library.sh.cn/c/3/fa94379e-ae2c-4698-b8ac-2b2f34df920d/ap/c/a/f10c6abf-deba-4541-acf4-3b05d7e8eed9,19,19,supplementing,"[768, 837, 934, 1003]","https://iiif.library.sh.cn/c/3/fa94379e-ae2c-4698-b8ac-2b2f34df920d#xywh=768,837,166,166",李俨撰文，欧阳通楷书,欧阳通（楷书）；李儇（撰文）,唐,龙朔三年十月十日刻立（663）,663,楷书,17A331,《翰墨瑰宝：上海图书馆藏珍本碑帖丛刊》第二辑,iiif_annotation_target_xywh,iiif_xywh
001_道因法师碑_p0017_c020,发,001_道因法师碑,道因法师碑,17,十七,768,1016,166,166,"[768, 1016, 166, 166]",771,1017,161,166,"[771, 1017, 161, 166]",738,986,226,226,"[738, 986, 226, 226]",752,982,199,238,"[752, 982, 199, 238]",752,982,199,238,"[752, 982, 199, 238]",offline_local_binary_ring_bottom_guard,assets/page_images/001_道因法师碑/p0017.jpg,2,3,1,http://data.library.sh.cn/bt/resource/work/v1e0qbx3r5wp1uw4,http://iiif.library.sh.cn/api/viewer/17A331,https://iiif.library.sh.cn/p/3/02c55611-7427-4cd0-a2cd-a15b5ccbaa9c,https://iiif.library.sh.cn/c/3/fa94379e-ae2c-4698-b8ac-2b2f34df920d,1444,2221,https://iiif.library.sh.cn/c/3/fa94379e-ae2c-4698-b8ac-2b2f34df920d/ap/s,https://iiif.library.sh.cn/c/3/fa94379e-ae2c-4698-b8ac-2b2f34df920d/ap/c/a/45254c96-5cd6-4262-aee4-3534b33b4da2,20,20,supplementing,"[768, 1016, 934, 1182]","https://iiif.library.sh.cn/c/3/fa94379e-ae2c-4698-b8ac-2b2f34df920d#xywh=768,1016,166,166",李俨撰文，欧阳通楷书,欧阳通（楷书）；李儇（撰文）,唐,龙朔三年十月十日刻立（663）,663,楷书,17A331,《翰墨瑰宝：上海图书馆藏珍本碑帖丛刊》第二辑,iiif_annotation_target_xywh,iiif_xywh
001_道因法师碑_p0017_c021,弘,001_道因法师碑,道因法师碑,17,十七,768,1198,166,166,"[768, 1198, 166, 166]",771,1197,161,170,"[771, 1197, 161, 170]",738,1168,226,226,"[738, 1168, 226, 226]",752,1163,199,241,"[752, 1163, 199, 241]",752,1163,199,241,"[752, 1163, 199, 241]",offline_local_binary_ring_bottom_guard,assets/page_images/001_道因法师碑/p0017.jpg,2,4,1,http://data.library.sh.cn/bt/resource/work/v1e0qbx3r5wp1uw4,http://iiif.library.sh.cn/api/viewer/17A331,https://iiif.library.sh.cn/p/3/02c55611-7427-4cd0-a2cd-a15b5ccbaa9c,https://iiif.library.sh.cn/c/3/fa94379e-ae2c-4698-b8ac-2b2f34df920d,1444,2221,https://iiif.library.sh.cn/c/3/fa94379e-ae2c-4698-b8ac-2b2f34df920d/ap/s,https://iiif.library.sh.cn/c/3/fa94379e-ae2c-4698-b8ac-2b2f34df920d/ap/c/a/bc4fc3ca-23c2-4229-a03b-f3684775a103,21,21,supplementing,"[768, 1198, 934, 1364]","https://iiif.library.sh.cn/c/3/fa94379e-ae2c-4698-b8ac-2b2f34df920d#xywh=768,1198,166,166",李俨撰文，欧阳通楷书,欧阳通（楷书）；李儇（撰文）,唐,龙朔三年十月十日刻立（663）,663,楷书,17A331,《翰墨瑰宝：上海图书馆藏珍本碑帖丛刊》第二辑,iiif_annotation_target_xywh,iiif_xywh
001_道因法师碑_p0017_c022,誓,001_道因法师碑,道因法师碑,17,十七,768,1385,166,166,"[768, 1385, 166, 166]",771,1382,161,177,"[771, 1382, 161, 177]",738,1355,226,226,"[738, 1355, 226, 226]",752,1348,199,250,"[752, 1348, 199, 250]",752,1348,199,250,"[752, 1348, 199, 250]",offline_local_binary_ring_bottom_guard,assets/page_images/001_道因法师碑/p0017.jpg,2,5,1,http://data.library.sh.cn/bt/resource/work/v1e0qbx3r5wp1uw4,http://iiif.library.sh.cn/api/viewer/17A331,https://iiif.library.sh.cn/p/3/02c55611-7427-4cd0-a2cd-a15b5ccbaa9c,https://iiif.library.sh.cn/c/3/fa94379e-ae2c-4698-b8ac-2b2f34df920d,1444,2221,https://iiif.library.sh.cn/c/3/fa94379e-ae2c-4698-b8ac-2b2f34df920d/ap/s,https://iiif.library.sh.cn/c/3/fa94379e-ae2c-4698-b8ac-2b2f34df920d/ap/c/a/a85cdd60-c401-4504-a9fb-278e824ed118,22,22,supplementing,"[768, 1385, 934, 1551]","https://iiif.library.sh.cn/c/3/fa94379e-ae2c-4698-b8ac-2b2f34df920d#xywh=768,1385,166,166",李俨撰文，欧阳通楷书,欧阳通（楷书）；李儇（撰文）,唐,龙朔三年十月十日刻立（663）,663,楷书,17A331,《翰墨瑰宝：上海图书馆藏珍本碑帖丛刊》第二辑,iiif_annotation_target_xywh,iiif_xywh
001_道因法师碑_p0017_c023,而,001_道因法师碑,道因法师碑,17,十七,768,1582,166,166,"[768, 1582, 166, 166]",771,1574,161,172,"[771, 1574, 161, 172]",738,1552,226,226,"[738, 1552, 226, 226]",752,1540,199,244,"[752, 1540, 199, 244]",752,1540,199,244,"[752, 1540, 199, 244]",offline_local_binary_ring_bottom_guard,assets/page_images/001_道因法师碑/p0017.jpg,2,6,1,http://data.library.sh.cn/bt/resource/work/v1e0qbx3r5wp1uw4,http://iiif.library.sh.cn/api/viewer/17A331,https://iiif.library.sh.cn/p/3/02c55611-7427-4cd0-a2cd-a15b5ccbaa9c,https://iiif.library.sh.cn/c/3/fa94379e-ae2c-4698-b8ac-2b2f34df920d,1444,2221,https://iiif.library.sh.cn/c/3/fa94379e-ae2c-4698-b8ac-2b2f34df920d/ap/s,https://iiif.library.sh.cn/c/3/fa94379e-ae2c-4698-b8ac-2b2f34df920d/ap/c/a/4996c9c6-651e-4c10-b577-6b7d78788da6,23,23,supplementing,"[768, 1582, 934, 1748]","https://iiif.library.sh.cn/c/3/fa94379e-ae2c-4698-b8ac-2b2f34df920d#xywh=768,1582,166,166",李俨撰文，欧阳通楷书,欧阳通（楷书）；李儇（撰文）,唐,龙朔三年十月十日刻立（663）,663,楷书,17A331,《翰墨瑰宝：上海图书馆藏珍本碑帖丛刊》第二辑,iiif_annotation_target_xywh,iiif_xywh
001_道因法师碑_p0017_c024,以,001_道因法师碑,道因法师碑,17,十七,768,1759,166,166,"[768, 1759, 166, 166]",771,1761,161,162,"[771, 1761, 161, 162]",738,1729,226,226,"[738, 1729, 226, 226]",752,1725,199,234,"[752, 1725, 199, 234]",752,1725,199,234,"[752, 1725, 199, 234]",offline_local_binary_ring_bottom_guard,assets/page_images/001_道因法师碑/p0017.jpg,2,7,1,http://data.library.sh.cn/bt/resource/work/v1e0qbx3r5wp1uw4,http://iiif.library.sh.cn/api/viewer/17A331,https://iiif.library.sh.cn/p/3/02c55611-7427-4cd0-a2cd-a15b5ccbaa9c,https://iiif.library.sh.cn/c/3/fa94379e-ae2c-4698-b8ac-2b2f34df920d,1444,2221,https://iiif.library.sh.cn/c/3/fa94379e-ae2c-4698-b8ac-2b2f34df920d/ap/s,https://iiif.library.sh.cn/c/3/fa94379e-ae2c-4698-b8ac-2b2f34df920d/ap/c/a/d1748d3b-ab41-4532-a5bd-c5a93f24c18e,24,24,supplementing,"[768, 1759, 934, 1925]","https://iiif.library.sh.cn/c/3/fa94379e-ae2c-4698-b8ac-2b2f34df920d#xywh=768,1759,166,166",李俨撰文，欧阳通楷书,欧阳通（楷书）；李儇（撰文）,唐,龙朔三年十月十日刻立（663）,663,楷书,17A331,《翰墨瑰宝：上海图书馆藏珍本碑帖丛刊》第二辑,iiif_annotation_target_xywh,iiif_xywh
001_道因法师碑_p0017_c025,风,001_道因法师碑,道因法师碑,17,十七,601,540,150,150,"[601, 540, 150, 150]",602,553,155,124,"[602, 553, 155, 124]",574,513,204,204,"[574, 513, 204, 204]",583,526,193,178,"[583, 526, 193, 178]",583,526,193,178,"[583, 526, 193, 178]",offline_local_binary_ring_bottom_guard,assets/page_images/001_道因法师碑/p0017.jpg,3,0,1,http://data.library.sh.cn/bt/resource/work/v1e0qbx3r5wp1uw4,http://iiif.library.sh.cn/api/viewer/17A331,https://iiif.library.sh.cn/p/3/02c55611-7427-4cd0-a2cd-a15b5ccbaa9c,https://iiif.library.sh.cn/c/3/fa94379e-ae2c-4698-b8ac-2b2f34df920d,1444,2221,https://iiif.library.sh.cn/c/3/fa94379e-ae2c-4698-b8ac-2b2f34df920d/ap/s,https://iiif.library.sh.cn/c/3/fa94379e-ae2c-4698-b8ac-2b2f34df920d/ap/c/a/a5d01532-7ceb-4771-b6be-b3d53bdb3781,25,25,supplementing,"[601, 540, 751, 690]","https://iiif.library.sh.cn/c/3/fa94379e-ae2c-4698-b8ac-2b2f34df920d#xywh=601,540,150,150",李俨撰文，欧阳通楷书,欧阳通（楷书）；李儇（撰文）,唐,龙朔三年十月十日刻立（663）,663,楷书,17A331,《翰墨瑰宝：上海图书馆藏珍本碑帖丛刊》第二辑,iiif_annotation_target_xywh,iiif_xywh
001_道因法师碑_p0017_c026,树,001_道因法师碑,道因法师碑,17,十七,601,675,150,150,"[601, 675, 150, 150]",602,689,155,149,"[602, 689, 155, 149]",574,648,204,204,"[574, 648, 204, 204]",583,656,193,215,"[583, 656, 193, 215]",583,656,193,215,"[583, 656, 193, 215]",offline_local_binary_ring_bottom_guard,assets/page_images/001_道因法师碑/p0017.jpg,3,1,1,http://data.library.sh.cn/bt/resource/work/v1e0qbx3r5wp1uw4,http://iiif.library.sh.cn/api/viewer/17A331,https://iiif.library.sh.cn/p/3/02c55611-7427-4cd0-a2cd-a15b5ccbaa9c,https://iiif.library.sh.cn/c/3/fa94379e-ae2c-4698-b8ac-2b2f34df920d,1444,2221,https://iiif.library.sh.cn/c/3/fa94379e-ae2c-4698-b8ac-2b2f34df920d/ap/s,https://iiif.library.sh.cn/c/3/fa94379e-ae2c-4698-b8ac-2b2f34df920d/ap/c/a/d07fde7e-8802-4abe-86a0-d59de308cd9e,26,26,supplementing,"[601, 675, 751, 825]","https://iiif.library.sh.cn/c/3/fa94379e-ae2c-4698-b8ac-2b2f34df920d#xywh=601,675,150,150",李俨撰文，欧阳通楷书,欧阳通（楷书）；李儇（撰文）,唐,龙朔三年十月十日刻立（663）,663,楷书,17A331,《翰墨瑰宝：上海图书馆藏珍本碑帖丛刊》第二辑,iiif_annotation_target_xywh,iiif_xywh
001_道因法师碑_p0017_c027,不,001_道因法师碑,道因法师碑,17,十七,601,864,150,150,"[601, 864, 150, 150]",602,852,155,168,"[602, 852, 155, 168]",574,837,204,204,"[574, 837, 204, 204]",583,821,193,236,"[583, 821, 193, 236]",583,821,193,236,"[583, 821, 193, 236]",offline_local_binary_ring_bottom_guard,assets/page_images/001_道因法师碑/p0017.jpg,3,2,1,http://data.library.sh.cn/bt/resource/work/v1e0qbx3r5wp1uw4,http://iiif.library.sh.cn/api/viewer/17A331,https://iiif.library.sh.cn/p/3/02c55611-7427-4cd0-a2cd-a15b5ccbaa9c,https://iiif.library.sh.cn/c/3/fa94379e-ae2c-4698-b8ac-2b2f34df920d,1444,2221,https://iiif.library.sh.cn/c/3/fa94379e-ae2c-4698-b8ac-2b2f34df920d/ap/s,https://iiif.library.sh.cn/c/3/fa94379e-ae2c-4698-b8ac-2b2f34df920d/ap/c/a/8c6ef211-75aa-4609-a805-7484f4001b57,27,27,supplementing,"[601, 864, 751, 1014]","https://iiif.library.sh.cn/c/3/fa94379e-ae2c-4698-b8ac-2b2f34df920d#xywh=601,864,150,150",李俨撰文，欧阳通楷书,欧阳通（楷书）；李儇（撰文）,唐,龙朔三年十月十日刻立（663）,663,楷书,17A331,《翰墨瑰宝：上海图书馆藏珍本碑帖丛刊》第二辑,iiif_annotation_target_xywh,iiif_xywh
001_道因法师碑_p0017_c028,停,001_道因法师碑,道因法师碑,17,十七,601,1041,150,150,"[601, 1041, 150, 150]",602,1035,155,166,"[602, 1035, 155, 166]",574,1014,204,204,"[574, 1014, 204, 204]",583,1004,193,234,"[583, 1004, 193, 234]",583,1004,193,234,"[583, 1004, 193, 234]",offline_local_binary_ring_bottom_guard,assets/page_images/001_道因法师碑/p0017.jpg,3,3,1,http://data.library.sh.cn/bt/resource/work/v1e0qbx3r5wp1uw4,http://iiif.library.sh.cn/api/viewer/17A331,https://iiif.library.sh.cn/p/3/02c55611-7427-4cd0-a2cd-a15b5ccbaa9c,https://iiif.library.sh.cn/c/3/fa94379e-ae2c-4698-b8ac-2b2f34df920d,1444,2221,https://iiif.library.sh.cn/c/3/fa94379e-ae2c-4698-b8ac-2b2f34df920d/ap/s,https://iiif.library.sh.cn/c/3/fa94379e-ae2c-4698-b8ac-2b2f34df920d/ap/c/a/ef264bde-0437-42b5-8bed-bd3d25bb94e0,28,28,supplementing,"[601, 1041, 751, 1191]","https://iiif.library.sh.cn/c/3/fa94379e-ae2c-4698-b8ac-2b2f34df920d#xywh=601,1041,150,150",李俨撰文，欧阳通楷书,欧阳通（楷书）；李儇（撰文）,唐,龙朔三年十月十日刻立（663）,663,楷书,17A331,《翰墨瑰宝：上海图书馆藏珍本碑帖丛刊》第二辑,iiif_annotation_target_xywh,iiif_xywh
001_道因法师碑_p0017_c029,浮,001_道因法师碑,道因法师碑,17,十七,601,1226,150,150,"[601, 1226, 150, 150]",602,1216,155,171,"[602, 1216, 155, 171]",574,1199,204,204,"[574, 1199, 204, 204]",583,1185,193,240,"[583, 1185, 193, 240]",583,1185,193,240,"[583, 1185, 193, 240]",offline_local_binary_ring_bottom_guard,assets/page_images/001_道因法师碑/p0017.jpg,3,4,1,http://data.library.sh.cn/bt/resource/work/v1e0qbx3r5wp1uw4,http://iiif.library.sh.cn/api/viewer/17A331,https://iiif.library.sh.cn/p/3/02c55611-7427-4cd0-a2cd-a15b5ccbaa9c,https://iiif.library.sh.cn/c/3/fa94379e-ae2c-4698-b8ac-2b2f34df920d,1444,2221,https://iiif.library.sh.cn/c/3/fa94379e-ae2c-4698-b8ac-2b2f34df920d/ap/s,https://iiif.library.sh.cn/c/3/fa94379e-ae2c-4698-b8ac-2b2f34df920d/ap/c/a/78830bb0-df4b-4a8e-b089-04c79090b272,29,29,supplementing,"[601, 1226, 751, 1376]","https://iiif.library.sh.cn/c/3/fa94379e-ae2c-4698-b8ac-2b2f34df920d#xywh=601,1226,150,150",李俨撰文，欧阳通楷书,欧阳通（楷书）；李儇（撰文）,唐,龙朔三年十月十日刻立（663）,663,楷书,17A331,《翰墨瑰宝：上海图书馆藏珍本碑帖丛刊》第二辑,iiif_annotation_target_xywh,iiif_xywh
001_道因法师碑_p0017_c030,生,001_道因法师碑,道因法师碑,17,十七,601,1413,150,150,"[601, 1413, 150, 150]",602,1401,155,161,"[602, 1401, 155, 161]",574,1386,204,204,"[574, 1386, 204, 204]",583,1370,193,227,"[583, 1370, 193, 227]",583,1370,193,227,"[583, 1370, 193, 227]",offline_local_binary_ring_bottom_guard,assets/page_images/001_道因法师碑/p0017.jpg,3,5,1,http://data.library.sh.cn/bt/resource/work/v1e0qbx3r5wp1uw4,http://iiif.library.sh.cn/api/viewer/17A331,https://iiif.library.sh.cn/p/3/02c55611-7427-4cd0-a2cd-a15b5ccbaa9c,https://iiif.library.sh.cn/c/3/fa94379e-ae2c-4698-b8ac-2b2f34df920d,1444,2221,https://iiif.library.sh.cn/c/3/fa94379e-ae2c-4698-b8ac-2b2f34df920d/ap/s,https://iiif.library.sh.cn/c/3/fa94379e-ae2c-4698-b8ac-2b2f34df920d/ap/c/a/e526c7f3-95df-4848-8d6c-d21c43425d9a,30,30,supplementing,"[601, 1413, 751, 1563]","https://iiif.library.sh.cn/c/3/fa94379e-ae2c-4698-b8ac-2b2f34df920d#xywh=601,1413,150,150",李俨撰文，欧阳通楷书,欧阳通（楷书）；李儇（撰文）,唐,龙朔三年十月十日刻立（663）,663,楷书,17A331,《翰墨瑰宝：上海图书馆藏珍本碑帖丛刊》第二辑,iiif_annotation_target_xywh,iiif_xywh
001_道因法师碑_p0017_c031,何,001_道因法师碑,道因法师碑,17,十七,601,1574,150,150,"[601, 1574, 150, 150]",602,1575,155,152,"[602, 1575, 155, 152]",574,1547,204,204,"[574, 1547, 204, 204]",583,1543,193,217,"[583, 1543, 193, 217]",583,1543,193,217,"[583, 1543, 193, 217]",offline_local_binary_ring_bottom_guard,assets/page_images/001_道因法师碑/p0017.jpg,3,6,1,http://data.library.sh.cn/bt/resource/work/v1e0qbx3r5wp1uw4,http://iiif.library.sh.cn/api/viewer/17A331,https://iiif.library.sh.cn/p/3/02c55611-7427-4cd0-a2cd-a15b5ccbaa9c,https://iiif.library.sh.cn/c/3/fa94379e-ae2c-4698-b8ac-2b2f34df920d,1444,2221,https://iiif.library.sh.cn/c/3/fa94379e-ae2c-4698-b8ac-2b2f34df920d/ap/s,https://iiif.library.sh.cn/c/3/fa94379e-ae2c-4698-b8ac-2b2f34df920d/ap/c/a/7cc3187a-697c-4d29-93a0-82198395ecbc,31,31,supplementing,"[601, 1574, 751, 1724]","https://iiif.library.sh.cn/c/3/fa94379e-ae2c-4698-b8ac-2b2f34df920d#xywh=601,1574,150,150",李俨撰文，欧阳通楷书,欧阳通（楷书）；李儇（撰文）,唐,龙朔三年十月十日刻立（663）,663,楷书,17A331,《翰墨瑰宝：上海图书馆藏珍本碑帖丛刊》第二辑,iiif_annotation_target_xywh,iiif_xywh
001_道因法师碑_p0017_c032,恃,001_道因法师碑,道因法师碑,17,十七,625,1755,125,125,"[625, 1755, 125, 125]",602,1740,155,155,"[602, 1740, 155, 155]",602,1732,170,170,"[602, 1732, 170, 170]",583,1714,193,215,"[583, 1714, 193, 215]",583,1714,193,215,"[583, 1714, 193, 215]",offline_local_binary_ring_bottom_guard,assets/page_images/001_道因法师碑/p0017.jpg,3,7,1,http://data.library.sh.cn/bt/resource/work/v1e0qbx3r5wp1uw4,http://iiif.library.sh.cn/api/viewer/17A331,https://iiif.library.sh.cn/p/3/02c55611-7427-4cd0-a2cd-a15b5ccbaa9c,https://iiif.library.sh.cn/c/3/fa94379e-ae2c-4698-b8ac-2b2f34df920d,1444,2221,https://iiif.library.sh.cn/c/3/fa94379e-ae2c-4698-b8ac-2b2f34df920d/ap/s,https://iiif.library.sh.cn/c/3/fa94379e-ae2c-4698-b8ac-2b2f34df920d/ap/c/a/b276be98-c490-46e7-a86b-af56459144d5,32,32,supplementing,"[625, 1755, 750, 1880]","https://iiif.library.sh.cn/c/3/fa94379e-ae2c-4698-b8ac-2b2f34df920d#xywh=625,1755,125,125",李俨撰文，欧阳通楷书,欧阳通（楷书）；李儇（撰文）,唐,龙朔三年十月十日刻立（663）,663,楷书,17A331,《翰墨瑰宝：上海图书馆藏珍本碑帖丛刊》第二辑,iiif_annotation_target_xywh,iiif_xywh
001_道因法师碑_p0017_c033,思,001_道因法师碑,道因法师碑,17,十七,442,540,144,144,"[442, 540, 144, 144]",439,550,150,124,"[439, 550, 150, 124]",416,514,196,196,"[416, 514, 196, 196]",421,523,186,178,"[421, 523, 186, 178]",421,523,186,178,"[421, 523, 186, 178]",offline_local_binary_ring_bottom_guard,assets/page_images/001_道因法师碑/p0017.jpg,4,0,1,http://data.library.sh.cn/bt/resource/work/v1e0qbx3r5wp1uw4,http://iiif.library.sh.cn/api/viewer/17A331,https://iiif.library.sh.cn/p/3/02c55611-7427-4cd0-a2cd-a15b5ccbaa9c,https://iiif.library.sh.cn/c/3/fa94379e-ae2c-4698-b8ac-2b2f34df920d,1444,2221,https://iiif.library.sh.cn/c/3/fa94379e-ae2c-4698-b8ac-2b2f34df920d/ap/s,https://iiif.library.sh.cn/c/3/fa94379e-ae2c-4698-b8ac-2b2f34df920d/ap/c/a/0ce05cfa-976e-4bc4-9182-47564653bb20,33,33,supplementing,"[442, 540, 586, 684]","https://iiif.library.sh.cn/c/3/fa94379e-ae2c-4698-b8ac-2b2f34df920d#xywh=442,540,144,144",李俨撰文，欧阳通楷书,欧阳通（楷书）；李儇（撰文）,唐,龙朔三年十月十日刻立（663）,663,楷书,17A331,《翰墨瑰宝：上海图书馆藏珍本碑帖丛刊》第二辑,iiif_annotation_target_xywh,iiif_xywh
001_道因法师碑_p0017_c034,去,001_道因法师碑,道因法师碑,17,十七,442,675,144,144,"[442, 675, 144, 144]",439,686,150,139,"[439, 686, 150, 139]",416,649,196,196,"[416, 649, 196, 196]",421,655,186,201,"[421, 655, 186, 201]",421,655,186,201,"[421, 655, 186, 201]",offline_local_binary_ring_bottom_guard,assets/page_images/001_道因法师碑/p0017.jpg,4,1,1,http://data.library.sh.cn/bt/resource/work/v1e0qbx3r5wp1uw4,http://iiif.library.sh.cn/api/viewer/17A331,https://iiif.library.sh.cn/p/3/02c55611-7427-4cd0-a2cd-a15b5ccbaa9c,https://iiif.library.sh.cn/c/3/fa94379e-ae2c-4698-b8ac-2b2f34df920d,1444,2221,https://iiif.library.sh.cn/c/3/fa94379e-ae2c-4698-b8ac-2b2f34df920d/ap/s,https://iiif.library.sh.cn/c/3/fa94379e-ae2c-4698-b8ac-2b2f34df920d/ap/c/a/30556490-b484-41a0-815e-4f9736485f96,34,34,supplementing,"[442, 675, 586, 819]","https://iiif.library.sh.cn/c/3/fa94379e-ae2c-4698-b8ac-2b2f34df920d#xywh=442,675,144,144",李俨撰文，欧阳通楷书,欧阳通（楷书）；李儇（撰文）,唐,龙朔三年十月十日刻立（663）,663,楷书,17A331,《翰墨瑰宝：上海图书馆藏珍本碑帖丛刊》第二辑,iiif_annotation_target_xywh,iiif_xywh
001_道因法师碑_p0017_c035,发,001_道因法师碑,道因法师碑,17,十七,442,844,144,144,"[442, 844, 144, 144]",439,839,150,161,"[439, 839, 150, 161]",416,818,196,196,"[416, 818, 196, 196]",421,809,186,226,"[421, 809, 186, 226]",421,809,186,226,"[421, 809, 186, 226]",offline_local_binary_ring_bottom_guard,assets/page_images/001_道因法师碑/p0017.jpg,4,2,1,http://data.library.sh.cn/bt/resource/work/v1e0qbx3r5wp1uw4,http://iiif.library.sh.cn/api/viewer/17A331,https://iiif.library.sh.cn/p/3/02c55611-7427-4cd0-a2cd-a15b5ccbaa9c,https://iiif.library.sh.cn/c/3/fa94379e-ae2c-4698-b8ac-2b2f34df920d,1444,2221,https://iiif.library.sh.cn/c/3/fa94379e-ae2c-4698-b8ac-2b2f34df920d/ap/s,https://iiif.library.sh.cn/c/3/fa94379e-ae2c-4698-b8ac-2b2f34df920d/ap/c/a/c09bbe48-0a0c-435c-acec-6806bf6231f4,35,35,supplementing,"[442, 844, 586, 988]","https://iiif.library.sh.cn/c/3/fa94379e-ae2c-4698-b8ac-2b2f34df920d#xywh=442,844,144,144",李俨撰文，欧阳通楷书,欧阳通（楷书）；李儇（撰文）,唐,龙朔三年十月十日刻立（663）,663,楷书,17A331,《翰墨瑰宝：上海图书馆藏珍本碑帖丛刊》第二辑,iiif_annotation_target_xywh,iiif_xywh
001_道因法师碑_p0017_c036,肤,001_道因法师碑,道因法师碑,17,十七,442,1027,144,144,"[442, 1027, 144, 144]",439,1015,150,178,"[439, 1015, 150, 178]",416,1001,196,196,"[416, 1001, 196, 196]",421,985,186,247,"[421, 985, 186, 247]",421,985,186,247,"[421, 985, 186, 247]",offline_local_binary_ring_bottom_guard,assets/page_images/001_道因法师碑/p0017.jpg,4,3,1,http://data.library.sh.cn/bt/resource/work/v1e0qbx3r5wp1uw4,http://iiif.library.sh.cn/api/viewer/17A331,https://iiif.library.sh.cn/p/3/02c55611-7427-4cd0-a2cd-a15b5ccbaa9c,https://iiif.library.sh.cn/c/3/fa94379e-ae2c-4698-b8ac-2b2f34df920d,1444,2221,https://iiif.library.sh.cn/c/3/fa94379e-ae2c-4698-b8ac-2b2f34df920d/ap/s,https://iiif.library.sh.cn/c/3/fa94379e-ae2c-4698-b8ac-2b2f34df920d/ap/c/a/123e8f0d-abf9-41e9-bf2c-1151d7ed6394,36,36,supplementing,"[442, 1027, 586, 1171]","https://iiif.library.sh.cn/c/3/fa94379e-ae2c-4698-b8ac-2b2f34df920d#xywh=442,1027,144,144",李俨撰文，欧阳通楷书,欧阳通（楷书）；李儇（撰文）,唐,龙朔三年十月十日刻立（663）,663,楷书,17A331,《翰墨瑰宝：上海图书馆藏珍本碑帖丛刊》第二辑,iiif_annotation_target_xywh,iiif_xywh
001_道因法师碑_p0017_c037,之,001_道因法师碑,道因法师碑,17,十七,442,1230,144,144,"[442, 1230, 144, 144]",439,1208,150,171,"[439, 1208, 150, 171]",416,1204,196,196,"[416, 1204, 196, 196]",421,1178,186,239,"[421, 1178, 186, 239]",421,1178,186,239,"[421, 1178, 186, 239]",offline_local_binary_ring_bottom_guard,assets/page_images/001_道因法师碑/p0017.jpg,4,4,1,http://data.library.sh.cn/bt/resource/work/v1e0qbx3r5wp1uw4,http://iiif.library.sh.cn/api/viewer/17A331,https://iiif.library.sh.cn/p/3/02c55611-7427-4cd0-a2cd-a15b5ccbaa9c,https://iiif.library.sh.cn/c/3/fa94379e-ae2c-4698-b8ac-2b2f34df920d,1444,2221,https://iiif.library.sh.cn/c/3/fa94379e-ae2c-4698-b8ac-2b2f34df920d/ap/s,https://iiif.library.sh.cn/c/3/fa94379e-ae2c-4698-b8ac-2b2f34df920d/ap/c/a/5eae3a6a-c94c-4ee8-8ab5-87d62cbb5c68,37,37,supplementing,"[442, 1230, 586, 1374]","https://iiif.library.sh.cn/c/3/fa94379e-ae2c-4698-b8ac-2b2f34df920d#xywh=442,1230,144,144",李俨撰文，欧阳通楷书,欧阳通（楷书）；李儇（撰文）,唐,龙朔三年十月十日刻立（663）,663,楷书,17A331,《翰墨瑰宝：上海图书馆藏珍本碑帖丛刊》第二辑,iiif_annotation_target_xywh,iiif_xywh
001_道因法师碑_p0017_c038,爱,001_道因法师碑,道因法师碑,17,十七,442,1399,144,144,"[442, 1399, 144, 144]",439,1393,150,157,"[439, 1393, 150, 157]",416,1373,196,196,"[416, 1373, 196, 196]",421,1363,186,222,"[421, 1363, 186, 222]",421,1363,186,222,"[421, 1363, 186, 222]",offline_local_binary_ring_bottom_guard,assets/page_images/001_道因法师碑/p0017.jpg,4,5,1,http://data.library.sh.cn/bt/resource/work/v1e0qbx3r5wp1uw4,http://iiif.library.sh.cn/api/viewer/17A331,https://iiif.library.sh.cn/p/3/02c55611-7427-4cd0-a2cd-a15b5ccbaa9c,https://iiif.library.sh.cn/c/3/fa94379e-ae2c-4698-b8ac-2b2f34df920d,1444,2221,https://iiif.library.sh.cn/c/3/fa94379e-ae2c-4698-b8ac-2b2f34df920d/ap/s,https://iiif.library.sh.cn/c/3/fa94379e-ae2c-4698-b8ac-2b2f34df920d/ap/c/a/372ec69d-109e-4dd3-b5d6-6da1074def55,38,38,supplementing,"[442, 1399, 586, 1543]","https://iiif.library.sh.cn/c/3/fa94379e-ae2c-4698-b8ac-2b2f34df920d#xywh=442,1399,144,144",李俨撰文，欧阳通楷书,欧阳通（楷书）；李儇（撰文）,唐,龙朔三年十月十日刻立（663）,663,楷书,17A331,《翰墨瑰宝：上海图书馆藏珍本碑帖丛刊》第二辑,iiif_annotation_target_xywh,iiif_xywh
001_道因法师碑_p0017_c039,将,001_道因法师碑,道因法师碑,17,十七,442,1570,144,144,"[442, 1570, 144, 144]",439,1564,150,165,"[439, 1564, 150, 165]",416,1544,196,196,"[416, 1544, 196, 196]",421,1534,186,231,"[421, 1534, 186, 231]",421,1534,186,231,"[421, 1534, 186, 231]",offline_local_binary_ring_bottom_guard,assets/page_images/001_道因法师碑/p0017.jpg,4,6,1,http://data.library.sh.cn/bt/resource/work/v1e0qbx3r5wp1uw4,http://iiif.library.sh.cn/api/viewer/17A331,https://iiif.library.sh.cn/p/3/02c55611-7427-4cd0-a2cd-a15b5ccbaa9c,https://iiif.library.sh.cn/c/3/fa94379e-ae2c-4698-b8ac-2b2f34df920d,1444,2221,https://iiif.library.sh.cn/c/3/fa94379e-ae2c-4698-b8ac-2b2f34df920d/ap/s,https://iiif.library.sh.cn/c/3/fa94379e-ae2c-4698-b8ac-2b2f34df920d/ap/c/a/297679b1-e33b-408d-9aba-92c155e136c1,39,39,supplementing,"[442, 1570, 586, 1714]","https://iiif.library.sh.cn/c/3/fa94379e-ae2c-4698-b8ac-2b2f34df920d#xywh=442,1570,144,144",李俨撰文，欧阳通楷书,欧阳通（楷书）；李儇（撰文）,唐,龙朔三年十月十日刻立（663）,663,楷书,17A331,《翰墨瑰宝：上海图书馆藏珍本碑帖丛刊》第二辑,iiif_annotation_target_xywh,iiif_xywh
001_道因法师碑_p0017_c040,酬,001_道因法师碑,道因法师碑,17,十七,442,1759,144,144,"[442, 1759, 144, 144]",439,1744,150,174,"[439, 1744, 150, 174]",416,1733,196,196,"[416, 1733, 196, 196]",421,1714,186,242,"[421, 1714, 186, 242]",421,1714,186,242,"[421, 1714, 186, 242]",offline_local_binary_ring_bottom_guard,assets/page_images/001_道因法师碑/p0017.jpg,4,7,1,http://data.library.sh.cn/bt/resource/work/v1e0qbx3r5wp1uw4,http://iiif.library.sh.cn/api/viewer/17A331,https://iiif.library.sh.cn/p/3/02c55611-7427-4cd0-a2cd-a15b5ccbaa9c,https://iiif.library.sh.cn/c/3/fa94379e-ae2c-4698-b8ac-2b2f34df920d,1444,2221,https://iiif.library.sh.cn/c/3/fa94379e-ae2c-4698-b8ac-2b2f34df920d/ap/s,https://iiif.library.sh.cn/c/3/fa94379e-ae2c-4698-b8ac-2b2f34df920d/ap/c/a/23bcaf49-0e03-42ff-ba90-e0c555c666eb,40,40,supplementing,"[442, 1759, 586, 1903]","https://iiif.library.sh.cn/c/3/fa94379e-ae2c-4698-b8ac-2b2f34df920d#xywh=442,1759,144,144",李俨撰文，欧阳通楷书,欧阳通（楷书）；李儇（撰文）,唐,龙朔三年十月十日刻立（663）,663,楷书,17A331,《翰墨瑰宝：上海图书馆藏珍本碑帖丛刊》第二辑,iiif_annotation_target_xywh,iiif_xywh
001_道因法师碑_p0018_c001,罔,001_道因法师碑,道因法师碑,18,十八,864,505,177,177,"[864, 505, 177, 177]",869,518,167,151,"[869, 518, 167, 151]",832,473,241,241,"[832, 473, 241, 241]",849,485,207,217,"[849, 485, 207, 217]",849,485,207,217,"[849, 485, 207, 217]",offline_local_binary_ring_bottom_guard,assets/page_images/001_道因法师碑/p0018.jpg,0,0,1,http://data.library.sh.cn/bt/resource/work/v1e0qbx3r5wp1uw4,http://iiif.library.sh.cn/api/viewer/17A331,https://iiif.library.sh.cn/p/3/02c55611-7427-4cd0-a2cd-a15b5ccbaa9c,https://iiif.library.sh.cn/c/3/9021403f-52eb-4062-ab92-c96917b7a553,1444,2221,https://iiif.library.sh.cn/c/3/9021403f-52eb-4062-ab92-c96917b7a553/ap/s,https://iiif.library.sh.cn/c/3/9021403f-52eb-4062-ab92-c96917b7a553/ap/c/a/f47fb88e-5400-43de-8c1f-f06c4913cab9,1,1,supplementing,"[864, 505, 1041, 682]","https://iiif.library.sh.cn/c/3/9021403f-52eb-4062-ab92-c96917b7a553#xywh=864,505,177,177",李俨撰文，欧阳通楷书,欧阳通（楷书）；李儇（撰文）,唐,龙朔三年十月十日刻立（663）,663,楷书,17A331,《翰墨瑰宝：上海图书馆藏珍本碑帖丛刊》第二辑,iiif_annotation_target_xywh,iiif_xywh
001_道因法师碑_p0018_c002,极,001_道因法师碑,道因法师碑,18,十八,864,669,177,177,"[864, 669, 177, 177]",869,682,167,157,"[869, 682, 167, 157]",832,637,241,241,"[832, 637, 241, 241]",849,647,207,227,"[849, 647, 207, 227]",849,647,207,227,"[849, 647, 207, 227]",offline_local_binary_ring_bottom_guard,assets/page_images/001_道因法师碑/p0018.jpg,0,1,1,http://data.library.sh.cn/bt/resource/work/v1e0qbx3r5wp1uw4,http://iiif.library.sh.cn/api/viewer/17A331,https://iiif.library.sh.cn/p/3/02c55611-7427-4cd0-a2cd-a15b5ccbaa9c,https://iiif.library.sh.cn/c/3/9021403f-52eb-4062-ab92-c96917b7a553,1444,2221,https://iiif.library.sh.cn/c/3/9021403f-52eb-4062-ab92-c96917b7a553/ap/s,https://iiif.library.sh.cn/c/3/9021403f-52eb-4062-ab92-c96917b7a553/ap/c/a/63378ea9-35b9-4499-bc07-1074bcbbc958,2,2,supplementing,"[864, 669, 1041, 846]","https://iiif.library.sh.cn/c/3/9021403f-52eb-4062-ab92-c96917b7a553#xywh=864,669,177,177",李俨撰文，欧阳通楷书,欧阳通（楷书）；李儇（撰文）,唐,龙朔三年十月十日刻立（663）,663,楷书,17A331,《翰墨瑰宝：上海图书馆藏珍本碑帖丛刊》第二辑,iiif_annotation_target_xywh,iiif_xywh
001_道因法师碑_p0018_c003,之,001_道因法师碑,道因法师碑,18,十八,864,846,177,177,"[864, 846, 177, 177]",869,853,167,159,"[869, 853, 167, 159]",832,814,241,241,"[832, 814, 241, 241]",849,818,207,229,"[849, 818, 207, 229]",849,818,207,229,"[849, 818, 207, 229]",offline_local_binary_ring_bottom_guard,assets/page_images/001_道因法师碑/p0018.jpg,0,2,1,http://data.library.sh.cn/bt/resource/work/v1e0qbx3r5wp1uw4,http://iiif.library.sh.cn/api/viewer/17A331,https://iiif.library.sh.cn/p/3/02c55611-7427-4cd0-a2cd-a15b5ccbaa9c,https://iiif.library.sh.cn/c/3/9021403f-52eb-4062-ab92-c96917b7a553,1444,2221,https://iiif.library.sh.cn/c/3/9021403f-52eb-4062-ab92-c96917b7a553/ap/s,https://iiif.library.sh.cn/c/3/9021403f-52eb-4062-ab92-c96917b7a553/ap/c/a/9ee73f26-1fc1-411e-a848-db8134363170,3,3,supplementing,"[864, 846, 1041, 1023]","https://iiif.library.sh.cn/c/3/9021403f-52eb-4062-ab92-c96917b7a553#xywh=864,846,177,177",李俨撰文，欧阳通楷书,欧阳通（楷书）；李儇（撰文）,唐,龙朔三年十月十日刻立（663）,663,楷书,17A331,《翰墨瑰宝：上海图书馆藏珍本碑帖丛刊》第二辑,iiif_annotation_target_xywh,iiif_xywh
001_道因法师碑_p0018_c004,恩,001_道因法师碑,道因法师碑,18,十八,864,1015,177,177,"[864, 1015, 177, 177]",869,1026,167,170,"[869, 1026, 167, 170]",832,983,241,241,"[832, 983, 241, 241]",849,989,207,244,"[849, 989, 207, 244]",849,989,207,244,"[849, 989, 207, 244]",offline_local_binary_ring_bottom_guard,assets/page_images/001_道因法师碑/p0018.jpg,0,3,1,http://data.library.sh.cn/bt/resource/work/v1e0qbx3r5wp1uw4,http://iiif.library.sh.cn/api/viewer/17A331,https://iiif.library.sh.cn/p/3/02c55611-7427-4cd0-a2cd-a15b5ccbaa9c,https://iiif.library.sh.cn/c/3/9021403f-52eb-4062-ab92-c96917b7a553,1444,2221,https://iiif.library.sh.cn/c/3/9021403f-52eb-4062-ab92-c96917b7a553/ap/s,https://iiif.library.sh.cn/c/3/9021403f-52eb-4062-ab92-c96917b7a553/ap/c/a/b0336509-a3fe-4144-88fb-276bef7ab97b,4,4,supplementing,"[864, 1015, 1041, 1192]","https://iiif.library.sh.cn/c/3/9021403f-52eb-4062-ab92-c96917b7a553#xywh=864,1015,177,177",李俨撰文，欧阳通楷书,欧阳通（楷书）；李儇（撰文）,唐,龙朔三年十月十日刻立（663）,663,楷书,17A331,《翰墨瑰宝：上海图书馆藏珍本碑帖丛刊》第二辑,iiif_annotation_target_xywh,iiif_xywh
001_道因法师碑_p0018_c005,便,001_道因法师碑,道因法师碑,18,十八,864,1214,177,177,"[864, 1214, 177, 177]",869,1210,167,164,"[869, 1210, 167, 164]",832,1182,241,241,"[832, 1182, 241, 241]",849,1174,207,236,"[849, 1174, 207, 236]",849,1174,207,236,"[849, 1174, 207, 236]",offline_local_binary_ring_bottom_guard,assets/page_images/001_道因法师碑/p0018.jpg,0,4,1,http://data.library.sh.cn/bt/resource/work/v1e0qbx3r5wp1uw4,http://iiif.library.sh.cn/api/viewer/17A331,https://iiif.library.sh.cn/p/3/02c55611-7427-4cd0-a2cd-a15b5ccbaa9c,https://iiif.library.sh.cn/c/3/9021403f-52eb-4062-ab92-c96917b7a553,1444,2221,https://iiif.library.sh.cn/c/3/9021403f-52eb-4062-ab92-c96917b7a553/ap/s,https://iiif.library.sh.cn/c/3/9021403f-52eb-4062-ab92-c96917b7a553/ap/c/a/ecaaefc0-1e20-480d-bf1e-072b1f920669,5,5,supplementing,"[864, 1214, 1041, 1391]","https://iiif.library.sh.cn/c/3/9021403f-52eb-4062-ab92-c96917b7a553#xywh=864,1214,177,177",李俨撰文，欧阳通楷书,欧阳通（楷书）；李儇（撰文）,唐,龙朔三年十月十日刻立（663）,663,楷书,17A331,《翰墨瑰宝：上海图书馆藏珍本碑帖丛刊》第二辑,iiif_annotation_target_xywh,iiif_xywh
001_道因法师碑_p0018_c006,诣,001_道因法师碑,道因法师碑,18,十八,864,1371,177,177,"[864, 1371, 177, 177]",869,1388,167,153,"[869, 1388, 167, 153]",832,1339,241,241,"[832, 1339, 241, 241]",849,1354,207,221,"[849, 1354, 207, 221]",849,1354,207,221,"[849, 1354, 207, 221]",offline_local_binary_ring_bottom_guard,assets/page_images/001_道因法师碑/p0018.jpg,0,5,1,http://data.library.sh.cn/bt/resource/work/v1e0qbx3r5wp1uw4,http://iiif.library.sh.cn/api/viewer/17A331,https://iiif.library.sh.cn/p/3/02c55611-7427-4cd0-a2cd-a15b5ccbaa9c,https://iiif.library.sh.cn/c/3/9021403f-52eb-4062-ab92-c96917b7a553,1444,2221,https://iiif.library.sh.cn/c/3/9021403f-52eb-4062-ab92-c96917b7a553/ap/s,https://iiif.library.sh.cn/c/3/9021403f-52eb-4062-ab92-c96917b7a553/ap/c/a/24f62ecc-0fa0-4ff3-b875-2b1a11562556,6,6,supplementing,"[864, 1371, 1041, 1548]","https://iiif.library.sh.cn/c/3/9021403f-52eb-4062-ab92-c96917b7a553#xywh=864,1371,177,177",李俨撰文，欧阳通楷书,欧阳通（楷书）；李儇（撰文）,唐,龙朔三年十月十日刻立（663）,663,楷书,17A331,《翰墨瑰宝：上海图书馆藏珍本碑帖丛刊》第二辑,iiif_annotation_target_xywh,iiif_xywh
001_道因法师碑_p0018_c007,灵,001_道因法师碑,道因法师碑,18,十八,864,1548,177,177,"[864, 1548, 177, 177]",869,1556,167,173,"[869, 1556, 167, 173]",832,1516,241,241,"[832, 1516, 241, 241]",849,1518,207,249,"[849, 1518, 207, 249]",849,1518,207,249,"[849, 1518, 207, 249]",offline_local_binary_ring_bottom_guard,assets/page_images/001_道因法师碑/p0018.jpg,0,6,1,http://data.library.sh.cn/bt/resource/work/v1e0qbx3r5wp1uw4,http://iiif.library.sh.cn/api/viewer/17A331,https://iiif.library.sh.cn/p/3/02c55611-7427-4cd0-a2cd-a15b5ccbaa9c,https://iiif.library.sh.cn/c/3/9021403f-52eb-4062-ab92-c96917b7a553,1444,2221,https://iiif.library.sh.cn/c/3/9021403f-52eb-4062-ab92-c96917b7a553/ap/s,https://iiif.library.sh.cn/c/3/9021403f-52eb-4062-ab92-c96917b7a553/ap/c/a/166c7257-681e-4781-a56a-eddff4247325,7,7,supplementing,"[864, 1548, 1041, 1725]","https://iiif.library.sh.cn/c/3/9021403f-52eb-4062-ab92-c96917b7a553#xywh=864,1548,177,177",李俨撰文，欧阳通楷书,欧阳通（楷书）；李儇（撰文）,唐,龙朔三年十月十日刻立（663）,663,楷书,17A331,《翰墨瑰宝：上海图书馆藏珍本碑帖丛刊》第二辑,iiif_annotation_target_xywh,iiif_xywh
001_道因法师碑_p0018_c008,岩,001_道因法师碑,道因法师碑,18,十八,864,1749,177,177,"[864, 1749, 177, 177]",869,1745,167,185,"[869, 1745, 167, 185]",832,1717,241,241,"[832, 1717, 241, 241]",849,1709,207,262,"[849, 1709, 207, 262]",849,1709,207,262,"[849, 1709, 207, 262]",offline_local_binary_ring_bottom_guard,assets/page_images/001_道因法师碑/p0018.jpg,0,7,1,http://data.library.sh.cn/bt/resource/work/v1e0qbx3r5wp1uw4,http://iiif.library.sh.cn/api/viewer/17A331,https://iiif.library.sh.cn/p/3/02c55611-7427-4cd0-a2cd-a15b5ccbaa9c,https://iiif.library.sh.cn/c/3/9021403f-52eb-4062-ab92-c96917b7a553,1444,2221,https://iiif.library.sh.cn/c/3/9021403f-52eb-4062-ab92-c96917b7a553/ap/s,https://iiif.library.sh.cn/c/3/9021403f-52eb-4062-ab92-c96917b7a553/ap/c/a/2eb6d037-f56a-40f2-95b3-db3f5b545b7f,8,8,supplementing,"[864, 1749, 1041, 1926]","https://iiif.library.sh.cn/c/3/9021403f-52eb-4062-ab92-c96917b7a553#xywh=864,1749,177,177",李俨撰文，欧阳通楷书,欧阳通（楷书）；李儇（撰文）,唐,龙朔三年十月十日刻立（663）,663,楷书,17A331,《翰墨瑰宝：上海图书馆藏珍本碑帖丛刊》第二辑,iiif_annotation_target_xywh,iiif_xywh
001_道因法师碑_p0018_c009,道,001_道因法师碑,道因法师碑,18,十八,699,509,146,146,"[699, 509, 146, 146]",695,512,160,140,"[695, 512, 160, 140]",673,483,198,198,"[673, 483, 198, 198]",676,481,198,202,"[676, 481, 198, 202]",676,481,198,202,"[676, 481, 198, 202]",offline_local_binary_ring_bottom_guard,assets/page_images/001_道因法师碑/p0018.jpg,1,0,1,http://data.library.sh.cn/bt/resource/work/v1e0qbx3r5wp1uw4,http://iiif.library.sh.cn/api/viewer/17A331,https://iiif.library.sh.cn/p/3/02c55611-7427-4cd0-a2cd-a15b5ccbaa9c,https://iiif.library.sh.cn/c/3/9021403f-52eb-4062-ab92-c96917b7a553,1444,2221,https://iiif.library.sh.cn/c/3/9021403f-52eb-4062-ab92-c96917b7a553/ap/s,https://iiif.library.sh.cn/c/3/9021403f-52eb-4062-ab92-c96917b7a553/ap/c/a/0b6c9240-3f61-4eff-8d98-86165d6ff076,9,9,supplementing,"[699, 509, 845, 655]","https://iiif.library.sh.cn/c/3/9021403f-52eb-4062-ab92-c96917b7a553#xywh=699,509,146,146",李俨撰文，欧阳通楷书,欧阳通（楷书）；李儇（撰文）,唐,龙朔三年十月十日刻立（663）,663,楷书,17A331,《翰墨瑰宝：上海图书馆藏珍本碑帖丛刊》第二辑,iiif_annotation_target_xywh,iiif_xywh
001_道因法师碑_p0018_c010,场,001_道因法师碑,道因法师碑,18,十八,699,661,146,146,"[699, 661, 146, 146]",695,665,160,153,"[695, 665, 160, 153]",673,635,198,198,"[673, 635, 198, 198]",676,631,198,221,"[676, 631, 198, 221]",676,631,198,221,"[676, 631, 198, 221]",offline_local_binary_ring_bottom_guard,assets/page_images/001_道因法师碑/p0018.jpg,1,1,1,http://data.library.sh.cn/bt/resource/work/v1e0qbx3r5wp1uw4,http://iiif.library.sh.cn/api/viewer/17A331,https://iiif.library.sh.cn/p/3/02c55611-7427-4cd0-a2cd-a15b5ccbaa9c,https://iiif.library.sh.cn/c/3/9021403f-52eb-4062-ab92-c96917b7a553,1444,2221,https://iiif.library.sh.cn/c/3/9021403f-52eb-4062-ab92-c96917b7a553/ap/s,https://iiif.library.sh.cn/c/3/9021403f-52eb-4062-ab92-c96917b7a553/ap/c/a/73c6b147-49f7-4b44-be15-6fecb8c27ba3,10,10,supplementing,"[699, 661, 845, 807]","https://iiif.library.sh.cn/c/3/9021403f-52eb-4062-ab92-c96917b7a553#xywh=699,661,146,146",李俨撰文，欧阳通楷书,欧阳通（楷书）；李儇（撰文）,唐,龙朔三年十月十日刻立（663）,663,楷书,17A331,《翰墨瑰宝：上海图书馆藏珍本碑帖丛刊》第二辑,iiif_annotation_target_xywh,iiif_xywh
001_道因法师碑_p0018_c011,从,001_道因法师碑,道因法师碑,18,十八,699,842,146,146,"[699, 842, 146, 146]",695,831,160,157,"[695, 831, 160, 157]",673,816,198,198,"[673, 816, 198, 198]",676,801,198,222,"[676, 801, 198, 222]",676,801,198,222,"[676, 801, 198, 222]",offline_local_binary_ring_bottom_guard,assets/page_images/001_道因法师碑/p0018.jpg,1,2,1,http://data.library.sh.cn/bt/resource/work/v1e0qbx3r5wp1uw4,http://iiif.library.sh.cn/api/viewer/17A331,https://iiif.library.sh.cn/p/3/02c55611-7427-4cd0-a2cd-a15b5ccbaa9c,https://iiif.library.sh.cn/c/3/9021403f-52eb-4062-ab92-c96917b7a553,1444,2221,https://iiif.library.sh.cn/c/3/9021403f-52eb-4062-ab92-c96917b7a553/ap/s,https://iiif.library.sh.cn/c/3/9021403f-52eb-4062-ab92-c96917b7a553/ap/c/a/f788866e-4354-4b78-a556-0ee25c5e62fd,11,11,supplementing,"[699, 842, 845, 988]","https://iiif.library.sh.cn/c/3/9021403f-52eb-4062-ab92-c96917b7a553#xywh=699,842,146,146",李俨撰文，欧阳通楷书,欧阳通（楷书）；李儇（撰文）,唐,龙朔三年十月十日刻立（663）,663,楷书,17A331,《翰墨瑰宝：上海图书馆藏珍本碑帖丛刊》第二辑,iiif_annotation_target_xywh,iiif_xywh
001_道因法师碑_p0018_c012,师,001_道因法师碑,道因法师碑,18,十八,699,1001,146,146,"[699, 1001, 146, 146]",695,1001,160,159,"[695, 1001, 160, 159]",673,975,198,198,"[673, 975, 198, 198]",676,971,198,224,"[676, 971, 198, 224]",676,971,198,224,"[676, 971, 198, 224]",offline_local_binary_ring_bottom_guard,assets/page_images/001_道因法师碑/p0018.jpg,1,3,1,http://data.library.sh.cn/bt/resource/work/v1e0qbx3r5wp1uw4,http://iiif.library.sh.cn/api/viewer/17A331,https://iiif.library.sh.cn/p/3/02c55611-7427-4cd0-a2cd-a15b5ccbaa9c,https://iiif.library.sh.cn/c/3/9021403f-52eb-4062-ab92-c96917b7a553,1444,2221,https://iiif.library.sh.cn/c/3/9021403f-52eb-4062-ab92-c96917b7a553/ap/s,https://iiif.library.sh.cn/c/3/9021403f-52eb-4062-ab92-c96917b7a553/ap/c/a/378b4911-f83e-4c35-9231-517adbd2ee2d,12,12,supplementing,"[699, 1001, 845, 1147]","https://iiif.library.sh.cn/c/3/9021403f-52eb-4062-ab92-c96917b7a553#xywh=699,1001,146,146",李俨撰文，欧阳通楷书,欧阳通（楷书）；李儇（撰文）,唐,龙朔三年十月十日刻立（663）,663,楷书,17A331,《翰墨瑰宝：上海图书馆藏珍本碑帖丛刊》第二辑,iiif_annotation_target_xywh,iiif_xywh
001_道因法师碑_p0018_c013,习,001_道因法师碑,道因法师碑,18,十八,699,1186,146,146,"[699, 1186, 146, 146]",695,1174,160,169,"[695, 1174, 160, 169]",673,1160,198,198,"[673, 1160, 198, 198]",676,1144,198,236,"[676, 1144, 198, 236]",676,1144,198,236,"[676, 1144, 198, 236]",offline_local_binary_ring_bottom_guard,assets/page_images/001_道因法师碑/p0018.jpg,1,4,1,http://data.library.sh.cn/bt/resource/work/v1e0qbx3r5wp1uw4,http://iiif.library.sh.cn/api/viewer/17A331,https://iiif.library.sh.cn/p/3/02c55611-7427-4cd0-a2cd-a15b5ccbaa9c,https://iiif.library.sh.cn/c/3/9021403f-52eb-4062-ab92-c96917b7a553,1444,2221,https://iiif.library.sh.cn/c/3/9021403f-52eb-4062-ab92-c96917b7a553/ap/s,https://iiif.library.sh.cn/c/3/9021403f-52eb-4062-ab92-c96917b7a553/ap/c/a/fab0942a-835a-43a7-8105-c6812df5ed1f,13,13,supplementing,"[699, 1186, 845, 1332]","https://iiif.library.sh.cn/c/3/9021403f-52eb-4062-ab92-c96917b7a553#xywh=699,1186,146,146",李俨撰文，欧阳通楷书,欧阳通（楷书）；李儇（撰文）,唐,龙朔三年十月十日刻立（663）,663,楷书,17A331,《翰墨瑰宝：上海图书馆藏珍本碑帖丛刊》第二辑,iiif_annotation_target_xywh,iiif_xywh
001_道因法师碑_p0018_c014,诵,001_道因法师碑,道因法师碑,18,十八,699,1369,146,146,"[699, 1369, 146, 146]",695,1358,160,164,"[695, 1358, 160, 164]",673,1343,198,198,"[673, 1343, 198, 198]",676,1328,198,230,"[676, 1328, 198, 230]",676,1328,198,230,"[676, 1328, 198, 230]",offline_local_binary_ring_bottom_guard,assets/page_images/001_道因法师碑/p0018.jpg,1,5,1,http://data.library.sh.cn/bt/resource/work/v1e0qbx3r5wp1uw4,http://iiif.library.sh.cn/api/viewer/17A331,https://iiif.library.sh.cn/p/3/02c55611-7427-4cd0-a2cd-a15b5ccbaa9c,https://iiif.library.sh.cn/c/3/9021403f-52eb-4062-ab92-c96917b7a553,1444,2221,https://iiif.library.sh.cn/c/3/9021403f-52eb-4062-ab92-c96917b7a553/ap/s,https://iiif.library.sh.cn/c/3/9021403f-52eb-4062-ab92-c96917b7a553/ap/c/a/ffcdec83-3bb7-4b05-904a-048b3ea781e5,14,14,supplementing,"[699, 1369, 845, 1515]","https://iiif.library.sh.cn/c/3/9021403f-52eb-4062-ab92-c96917b7a553#xywh=699,1369,146,146",李俨撰文，欧阳通楷书,欧阳通（楷书）；李儇（撰文）,唐,龙朔三年十月十日刻立（663）,663,楷书,17A331,《翰墨瑰宝：上海图书馆藏珍本碑帖丛刊》第二辑,iiif_annotation_target_xywh,iiif_xywh
001_道因法师碑_p0018_c015,而,001_道因法师碑,道因法师碑,18,十八,699,1544,146,146,"[699, 1544, 146, 146]",695,1536,160,159,"[695, 1536, 160, 159]",673,1518,198,198,"[673, 1518, 198, 198]",676,1506,198,224,"[676, 1506, 198, 224]",676,1506,198,224,"[676, 1506, 198, 224]",offline_local_binary_ring_bottom_guard,assets/page_images/001_道因法师碑/p0018.jpg,1,6,1,http://data.library.sh.cn/bt/resource/work/v1e0qbx3r5wp1uw4,http://iiif.library.sh.cn/api/viewer/17A331,https://iiif.library.sh.cn/p/3/02c55611-7427-4cd0-a2cd-a15b5ccbaa9c,https://iiif.library.sh.cn/c/3/9021403f-52eb-4062-ab92-c96917b7a553,1444,2221,https://iiif.library.sh.cn/c/3/9021403f-52eb-4062-ab92-c96917b7a553/ap/s,https://iiif.library.sh.cn/c/3/9021403f-52eb-4062-ab92-c96917b7a553/ap/c/a/ac26b256-dacf-405b-b627-92d5671f86a3,15,15,supplementing,"[699, 1544, 845, 1690]","https://iiif.library.sh.cn/c/3/9021403f-52eb-4062-ab92-c96917b7a553#xywh=699,1544,146,146",李俨撰文，欧阳通楷书,欧阳通（楷书）；李儇（撰文）,唐,龙朔三年十月十日刻立（663）,663,楷书,17A331,《翰墨瑰宝：上海图书馆藏珍本碑帖丛刊》第二辑,iiif_annotation_target_xywh,iiif_xywh
001_道因法师碑_p0018_c016,识,001_道因法师碑,道因法师碑,18,十八,699,1714,146,146,"[699, 1714, 146, 146]",695,1709,160,156,"[695, 1709, 160, 156]",673,1688,198,198,"[673, 1688, 198, 198]",676,1679,198,220,"[676, 1679, 198, 220]",676,1679,198,220,"[676, 1679, 198, 220]",offline_local_binary_ring_bottom_guard,assets/page_images/001_道因法师碑/p0018.jpg,1,7,1,http://data.library.sh.cn/bt/resource/work/v1e0qbx3r5wp1uw4,http://iiif.library.sh.cn/api/viewer/17A331,https://iiif.library.sh.cn/p/3/02c55611-7427-4cd0-a2cd-a15b5ccbaa9c,https://iiif.library.sh.cn/c/3/9021403f-52eb-4062-ab92-c96917b7a553,1444,2221,https://iiif.library.sh.cn/c/3/9021403f-52eb-4062-ab92-c96917b7a553/ap/s,https://iiif.library.sh.cn/c/3/9021403f-52eb-4062-ab92-c96917b7a553/ap/c/a/ab247690-2207-45f7-8f53-bbfc90a84dd8,16,16,supplementing,"[699, 1714, 845, 1860]","https://iiif.library.sh.cn/c/3/9021403f-52eb-4062-ab92-c96917b7a553#xywh=699,1714,146,146",李俨撰文，欧阳通楷书,欧阳通（楷书）；李儇（撰文）,唐,龙朔三年十月十日刻立（663）,663,楷书,17A331,《翰墨瑰宝：上海图书馆藏珍本碑帖丛刊》第二辑,iiif_annotation_target_xywh,iiif_xywh
001_道因法师碑_p0018_c017,韵,001_道因法师碑,道因法师碑,18,十八,524,526,161,161,"[524, 526, 161, 161]",519,538,162,137,"[519, 538, 162, 137]",495,497,219,219,"[495, 497, 219, 219]",500,508,200,197,"[500, 508, 200, 197]",500,508,200,197,"[500, 508, 200, 197]",offline_local_binary_ring_bottom_guard,assets/page_images/001_道因法师碑/p0018.jpg,2,0,1,http://data.library.sh.cn/bt/resource/work/v1e0qbx3r5wp1uw4,http://iiif.library.sh.cn/api/viewer/17A331,https://iiif.library.sh.cn/p/3/02c55611-7427-4cd0-a2cd-a15b5ccbaa9c,https://iiif.library.sh.cn/c/3/9021403f-52eb-4062-ab92-c96917b7a553,1444,2221,https://iiif.library.sh.cn/c/3/9021403f-52eb-4062-ab92-c96917b7a553/ap/s,https://iiif.library.sh.cn/c/3/9021403f-52eb-4062-ab92-c96917b7a553/ap/c/a/beeee1e6-231d-4505-8384-702336f70ce6,17,17,supplementing,"[524, 526, 685, 687]","https://iiif.library.sh.cn/c/3/9021403f-52eb-4062-ab92-c96917b7a553#xywh=524,526,161,161",李俨撰文，欧阳通楷书,欧阳通（楷书）；李儇（撰文）,唐,龙朔三年十月十日刻立（663）,663,楷书,17A331,《翰墨瑰宝：上海图书馆藏珍本碑帖丛刊》第二辑,iiif_annotation_target_xywh,iiif_xywh
001_道因法师碑_p0018_c018,恬,001_道因法师碑,道因法师碑,18,十八,524,675,161,161,"[524, 675, 161, 161]",519,687,162,149,"[519, 687, 162, 149]",495,646,219,219,"[495, 646, 219, 219]",500,654,200,215,"[500, 654, 200, 215]",500,654,200,215,"[500, 654, 200, 215]",offline_local_binary_ring_bottom_guard,assets/page_images/001_道因法师碑/p0018.jpg,2,1,1,http://data.library.sh.cn/bt/resource/work/v1e0qbx3r5wp1uw4,http://iiif.library.sh.cn/api/viewer/17A331,https://iiif.library.sh.cn/p/3/02c55611-7427-4cd0-a2cd-a15b5ccbaa9c,https://iiif.library.sh.cn/c/3/9021403f-52eb-4062-ab92-c96917b7a553,1444,2221,https://iiif.library.sh.cn/c/3/9021403f-52eb-4062-ab92-c96917b7a553/ap/s,https://iiif.library.sh.cn/c/3/9021403f-52eb-4062-ab92-c96917b7a553/ap/c/a/f5845420-9a3a-4b17-8fe0-110faf48c3f9,18,18,supplementing,"[524, 675, 685, 836]","https://iiif.library.sh.cn/c/3/9021403f-52eb-4062-ab92-c96917b7a553#xywh=524,675,161,161",李俨撰文，欧阳通楷书,欧阳通（楷书）；李儇（撰文）,唐,龙朔三年十月十日刻立（663）,663,楷书,17A331,《翰墨瑰宝：上海图书馆藏珍本碑帖丛刊》第二辑,iiif_annotation_target_xywh,iiif_xywh
001_道因法师碑_p0018_c019,爽,001_道因法师碑,道因法师碑,18,十八,524,848,161,161,"[524, 848, 161, 161]",519,849,162,162,"[519, 849, 162, 162]",495,819,219,219,"[495, 819, 219, 219]",500,815,200,232,"[500, 815, 200, 232]",500,815,200,232,"[500, 815, 200, 232]",offline_local_binary_ring_bottom_guard,assets/page_images/001_道因法师碑/p0018.jpg,2,2,1,http://data.library.sh.cn/bt/resource/work/v1e0qbx3r5wp1uw4,http://iiif.library.sh.cn/api/viewer/17A331,https://iiif.library.sh.cn/p/3/02c55611-7427-4cd0-a2cd-a15b5ccbaa9c,https://iiif.library.sh.cn/c/3/9021403f-52eb-4062-ab92-c96917b7a553,1444,2221,https://iiif.library.sh.cn/c/3/9021403f-52eb-4062-ab92-c96917b7a553/ap/s,https://iiif.library.sh.cn/c/3/9021403f-52eb-4062-ab92-c96917b7a553/ap/c/a/2e0dc6d1-904e-4549-b5e1-fa1902929456,19,19,supplementing,"[524, 848, 685, 1009]","https://iiif.library.sh.cn/c/3/9021403f-52eb-4062-ab92-c96917b7a553#xywh=524,848,161,161",李俨撰文，欧阳通楷书,欧阳通（楷书）；李儇（撰文）,唐,龙朔三年十月十日刻立（663）,663,楷书,17A331,《翰墨瑰宝：上海图书馆藏珍本碑帖丛刊》第二辑,iiif_annotation_target_xywh,iiif_xywh
001_道因法师碑_p0018_c020,聪,001_道因法师碑,道因法师碑,18,十八,524,1027,161,161,"[524, 1027, 161, 161]",519,1025,162,165,"[519, 1025, 162, 165]",495,998,219,219,"[495, 998, 219, 219]",500,992,200,234,"[500, 992, 200, 234]",500,992,200,234,"[500, 992, 200, 234]",offline_local_binary_ring_bottom_guard,assets/page_images/001_道因法师碑/p0018.jpg,2,3,1,http://data.library.sh.cn/bt/resource/work/v1e0qbx3r5wp1uw4,http://iiif.library.sh.cn/api/viewer/17A331,https://iiif.library.sh.cn/p/3/02c55611-7427-4cd0-a2cd-a15b5ccbaa9c,https://iiif.library.sh.cn/c/3/9021403f-52eb-4062-ab92-c96917b7a553,1444,2221,https://iiif.library.sh.cn/c/3/9021403f-52eb-4062-ab92-c96917b7a553/ap/s,https://iiif.library.sh.cn/c/3/9021403f-52eb-4062-ab92-c96917b7a553/ap/c/a/a2a81c4c-28c6-4717-aae3-a7072da0557b,20,20,supplementing,"[524, 1027, 685, 1188]","https://iiif.library.sh.cn/c/3/9021403f-52eb-4062-ab92-c96917b7a553#xywh=524,1027,161,161",李俨撰文，欧阳通楷书,欧阳通（楷书）；李儇（撰文）,唐,龙朔三年十月十日刻立（663）,663,楷书,17A331,《翰墨瑰宝：上海图书馆藏珍本碑帖丛刊》第二辑,iiif_annotation_target_xywh,iiif_xywh
001_道因法师碑_p0018_c021,晤,001_道因法师碑,道因法师碑,18,十八,524,1206,161,161,"[524, 1206, 161, 161]",519,1204,162,160,"[519, 1204, 162, 160]",495,1177,219,219,"[495, 1177, 219, 219]",500,1171,200,228,"[500, 1171, 200, 228]",500,1171,200,228,"[500, 1171, 200, 228]",offline_local_binary_ring_bottom_guard,assets/page_images/001_道因法师碑/p0018.jpg,2,4,1,http://data.library.sh.cn/bt/resource/work/v1e0qbx3r5wp1uw4,http://iiif.library.sh.cn/api/viewer/17A331,https://iiif.library.sh.cn/p/3/02c55611-7427-4cd0-a2cd-a15b5ccbaa9c,https://iiif.library.sh.cn/c/3/9021403f-52eb-4062-ab92-c96917b7a553,1444,2221,https://iiif.library.sh.cn/c/3/9021403f-52eb-4062-ab92-c96917b7a553/ap/s,https://iiif.library.sh.cn/c/3/9021403f-52eb-4062-ab92-c96917b7a553/ap/c/a/b4ac29b0-d747-4a81-bf77-bda916dec32f,21,21,supplementing,"[524, 1206, 685, 1367]","https://iiif.library.sh.cn/c/3/9021403f-52eb-4062-ab92-c96917b7a553#xywh=524,1206,161,161",李俨撰文，欧阳通楷书,欧阳通（楷书）；李儇（撰文）,唐,龙朔三年十月十日刻立（663）,663,楷书,17A331,《翰墨瑰宝：上海图书馆藏珍本碑帖丛刊》第二辑,iiif_annotation_target_xywh,iiif_xywh
001_道因法师碑_p0018_c022,绝,001_道因法师碑,道因法师碑,18,十八,524,1375,161,161,"[524, 1375, 161, 161]",519,1377,162,148,"[519, 1377, 162, 148]",495,1346,219,219,"[495, 1346, 219, 219]",500,1344,200,214,"[500, 1344, 200, 214]",500,1344,200,214,"[500, 1344, 200, 214]",offline_local_binary_ring_bottom_guard,assets/page_images/001_道因法师碑/p0018.jpg,2,5,1,http://data.library.sh.cn/bt/resource/work/v1e0qbx3r5wp1uw4,http://iiif.library.sh.cn/api/viewer/17A331,https://iiif.library.sh.cn/p/3/02c55611-7427-4cd0-a2cd-a15b5ccbaa9c,https://iiif.library.sh.cn/c/3/9021403f-52eb-4062-ab92-c96917b7a553,1444,2221,https://iiif.library.sh.cn/c/3/9021403f-52eb-4062-ab92-c96917b7a553/ap/s,https://iiif.library.sh.cn/c/3/9021403f-52eb-4062-ab92-c96917b7a553/ap/c/a/e75cfebd-9f5b-446e-9adc-0a026e95565f,22,22,supplementing,"[524, 1375, 685, 1536]","https://iiif.library.sh.cn/c/3/9021403f-52eb-4062-ab92-c96917b7a553#xywh=524,1375,161,161",李俨撰文，欧阳通楷书,欧阳通（楷书）；李儇（撰文）,唐,龙朔三年十月十日刻立（663）,663,楷书,17A331,《翰墨瑰宝：上海图书馆藏珍本碑帖丛刊》第二辑,iiif_annotation_target_xywh,iiif_xywh
001_道因法师碑_p0018_c023,群,001_道因法师碑,道因法师碑,18,十八,524,1527,161,161,"[524, 1527, 161, 161]",519,1539,162,161,"[519, 1539, 162, 161]",495,1498,219,219,"[495, 1498, 219, 219]",500,1504,200,231,"[500, 1504, 200, 231]",500,1504,200,231,"[500, 1504, 200, 231]",offline_local_binary_ring_bottom_guard,assets/page_images/001_道因法师碑/p0018.jpg,2,6,1,http://data.library.sh.cn/bt/resource/work/v1e0qbx3r5wp1uw4,http://iiif.library.sh.cn/api/viewer/17A331,https://iiif.library.sh.cn/p/3/02c55611-7427-4cd0-a2cd-a15b5ccbaa9c,https://iiif.library.sh.cn/c/3/9021403f-52eb-4062-ab92-c96917b7a553,1444,2221,https://iiif.library.sh.cn/c/3/9021403f-52eb-4062-ab92-c96917b7a553/ap/s,https://iiif.library.sh.cn/c/3/9021403f-52eb-4062-ab92-c96917b7a553/ap/c/a/321e809b-f069-459a-8415-c447c4c74cc7,23,23,supplementing,"[524, 1527, 685, 1688]","https://iiif.library.sh.cn/c/3/9021403f-52eb-4062-ab92-c96917b7a553#xywh=524,1527,161,161",李俨撰文，欧阳通楷书,欧阳通（楷书）；李儇（撰文）,唐,龙朔三年十月十日刻立（663）,663,楷书,17A331,《翰墨瑰宝：上海图书馆藏珍本碑帖丛刊》第二辑,iiif_annotation_target_xywh,iiif_xywh
001_道因法师碑_p0018_c024,曾,001_道因法师碑,道因法师碑,18,十八,524,1727,161,161,"[524, 1727, 161, 161]",519,1716,162,184,"[519, 1716, 162, 184]",495,1698,219,219,"[495, 1698, 219, 219]",500,1683,200,257,"[500, 1683, 200, 257]",500,1683,200,257,"[500, 1683, 200, 257]",offline_local_binary_ring_bottom_guard,assets/page_images/001_道因法师碑/p0018.jpg,2,7,1,http://data.library.sh.cn/bt/resource/work/v1e0qbx3r5wp1uw4,http://iiif.library.sh.cn/api/viewer/17A331,https://iiif.library.sh.cn/p/3/02c55611-7427-4cd0-a2cd-a15b5ccbaa9c,https://iiif.library.sh.cn/c/3/9021403f-52eb-4062-ab92-c96917b7a553,1444,2221,https://iiif.library.sh.cn/c/3/9021403f-52eb-4062-ab92-c96917b7a553/ap/s,https://iiif.library.sh.cn/c/3/9021403f-52eb-4062-ab92-c96917b7a553/ap/c/a/3ab79176-662b-4a14-a875-ea6a1e63191f,24,24,supplementing,"[524, 1727, 685, 1888]","https://iiif.library.sh.cn/c/3/9021403f-52eb-4062-ab92-c96917b7a553#xywh=524,1727,161,161",李俨撰文，欧阳通楷书,欧阳通（楷书）；李儇（撰文）,唐,龙朔三年十月十日刻立（663）,663,楷书,17A331,《翰墨瑰宝：上海图书馆藏珍本碑帖丛刊》第二辑,iiif_annotation_target_xywh,iiif_xywh
001_道因法师碑_p0018_c025,不,001_道因法师碑,道因法师碑,18,十八,335,532,175,175,"[335, 532, 175, 175]",344,563,161,113,"[344, 563, 161, 113]",304,500,238,238,"[304, 500, 238, 238]",325,538,199,163,"[325, 538, 199, 163]",325,538,199,163,"[325, 538, 199, 163]",offline_local_binary_ring_bottom_guard,assets/page_images/001_道因法师碑/p0018.jpg,3,0,1,http://data.library.sh.cn/bt/resource/work/v1e0qbx3r5wp1uw4,http://iiif.library.sh.cn/api/viewer/17A331,https://iiif.library.sh.cn/p/3/02c55611-7427-4cd0-a2cd-a15b5ccbaa9c,https://iiif.library.sh.cn/c/3/9021403f-52eb-4062-ab92-c96917b7a553,1444,2221,https://iiif.library.sh.cn/c/3/9021403f-52eb-4062-ab92-c96917b7a553/ap/s,https://iiif.library.sh.cn/c/3/9021403f-52eb-4062-ab92-c96917b7a553/ap/c/a/838ce91c-4a8c-4896-bb3c-58d96137b9b7,25,25,supplementing,"[335, 532, 510, 707]","https://iiif.library.sh.cn/c/3/9021403f-52eb-4062-ab92-c96917b7a553#xywh=335,532,175,175",李俨撰文，欧阳通楷书,欧阳通（楷书）；李儇（撰文）,唐,龙朔三年十月十日刻立（663）,663,楷书,17A331,《翰墨瑰宝：上海图书馆藏珍本碑帖丛刊》第二辑,iiif_annotation_target_xywh,iiif_xywh
001_道因法师碑_p0018_c026,浃,001_道因法师碑,道因法师碑,18,十八,335,655,175,175,"[335, 655, 175, 175]",344,687,161,148,"[344, 687, 161, 148]",304,624,238,238,"[304, 624, 238, 238]",325,654,199,214,"[325, 654, 199, 214]",325,654,199,214,"[325, 654, 199, 214]",offline_local_binary_ring_bottom_guard,assets/page_images/001_道因法师碑/p0018.jpg,3,1,1,http://data.library.sh.cn/bt/resource/work/v1e0qbx3r5wp1uw4,http://iiif.library.sh.cn/api/viewer/17A331,https://iiif.library.sh.cn/p/3/02c55611-7427-4cd0-a2cd-a15b5ccbaa9c,https://iiif.library.sh.cn/c/3/9021403f-52eb-4062-ab92-c96917b7a553,1444,2221,https://iiif.library.sh.cn/c/3/9021403f-52eb-4062-ab92-c96917b7a553/ap/s,https://iiif.library.sh.cn/c/3/9021403f-52eb-4062-ab92-c96917b7a553/ap/c/a/d1cc467f-debb-4aec-9597-328b3d92fb04,26,26,supplementing,"[335, 655, 510, 830]","https://iiif.library.sh.cn/c/3/9021403f-52eb-4062-ab92-c96917b7a553#xywh=335,655,175,175",李俨撰文，欧阳通楷书,欧阳通（楷书）；李儇（撰文）,唐,龙朔三年十月十日刻立（663）,663,楷书,17A331,《翰墨瑰宝：上海图书馆藏珍本碑帖丛刊》第二辑,iiif_annotation_target_xywh,iiif_xywh
001_道因法师碑_p0018_c027,旬,001_道因法师碑,道因法师碑,18,十八,335,852,175,175,"[335, 852, 175, 175]",344,849,161,174,"[344, 849, 161, 174]",304,820,238,238,"[304, 820, 238, 238]",325,813,199,248,"[325, 813, 199, 248]",325,813,199,248,"[325, 813, 199, 248]",offline_local_binary_ring_bottom_guard,assets/page_images/001_道因法师碑/p0018.jpg,3,2,1,http://data.library.sh.cn/bt/resource/work/v1e0qbx3r5wp1uw4,http://iiif.library.sh.cn/api/viewer/17A331,https://iiif.library.sh.cn/p/3/02c55611-7427-4cd0-a2cd-a15b5ccbaa9c,https://iiif.library.sh.cn/c/3/9021403f-52eb-4062-ab92-c96917b7a553,1444,2221,https://iiif.library.sh.cn/c/3/9021403f-52eb-4062-ab92-c96917b7a553/ap/s,https://iiif.library.sh.cn/c/3/9021403f-52eb-4062-ab92-c96917b7a553/ap/c/a/636b19e3-1d59-490e-a45a-ebad903c4075,27,27,supplementing,"[335, 852, 510, 1027]","https://iiif.library.sh.cn/c/3/9021403f-52eb-4062-ab92-c96917b7a553#xywh=335,852,175,175",李俨撰文，欧阳通楷书,欧阳通（楷书）；李儇（撰文）,唐,龙朔三年十月十日刻立（663）,663,楷书,17A331,《翰墨瑰宝：上海图书馆藏珍本碑帖丛刊》第二辑,iiif_annotation_target_xywh,iiif_xywh
001_道因法师碑_p0018_c028,诵,001_道因法师碑,道因法师碑,18,十八,335,1035,175,175,"[335, 1035, 175, 175]",344,1038,161,160,"[344, 1038, 161, 160]",304,1004,238,238,"[304, 1004, 238, 238]",325,1003,199,230,"[325, 1003, 199, 230]",325,1003,199,230,"[325, 1003, 199, 230]",offline_local_binary_ring_bottom_guard,assets/page_images/001_道因法师碑/p0018.jpg,3,3,1,http://data.library.sh.cn/bt/resource/work/v1e0qbx3r5wp1uw4,http://iiif.library.sh.cn/api/viewer/17A331,https://iiif.library.sh.cn/p/3/02c55611-7427-4cd0-a2cd-a15b5ccbaa9c,https://iiif.library.sh.cn/c/3/9021403f-52eb-4062-ab92-c96917b7a553,1444,2221,https://iiif.library.sh.cn/c/3/9021403f-52eb-4062-ab92-c96917b7a553/ap/s,https://iiif.library.sh.cn/c/3/9021403f-52eb-4062-ab92-c96917b7a553/ap/c/a/06c41d10-78d4-4738-bcb5-fbb030b8d2b6,28,28,supplementing,"[335, 1035, 510, 1210]","https://iiif.library.sh.cn/c/3/9021403f-52eb-4062-ab92-c96917b7a553#xywh=335,1035,175,175",李俨撰文，欧阳通楷书,欧阳通（楷书）；李儇（撰文）,唐,龙朔三年十月十日刻立（663）,663,楷书,17A331,《翰墨瑰宝：上海图书馆藏珍本碑帖丛刊》第二辑,iiif_annotation_target_xywh,iiif_xywh
001_道因法师碑_p0018_c029,涅,001_道因法师碑,道因法师碑,18,十八,335,1200,175,175,"[335, 1200, 175, 175]",344,1212,161,160,"[344, 1212, 161, 160]",304,1168,238,238,"[304, 1168, 238, 238]",325,1177,199,230,"[325, 1177, 199, 230]",325,1177,199,230,"[325, 1177, 199, 230]",offline_local_binary_ring_bottom_guard,assets/page_images/001_道因法师碑/p0018.jpg,3,4,1,http://data.library.sh.cn/bt/resource/work/v1e0qbx3r5wp1uw4,http://iiif.library.sh.cn/api/viewer/17A331,https://iiif.library.sh.cn/p/3/02c55611-7427-4cd0-a2cd-a15b5ccbaa9c,https://iiif.library.sh.cn/c/3/9021403f-52eb-4062-ab92-c96917b7a553,1444,2221,https://iiif.library.sh.cn/c/3/9021403f-52eb-4062-ab92-c96917b7a553/ap/s,https://iiif.library.sh.cn/c/3/9021403f-52eb-4062-ab92-c96917b7a553/ap/c/a/7e1b0e38-61d5-49e0-a764-8662efefb05a,29,29,supplementing,"[335, 1200, 510, 1375]","https://iiif.library.sh.cn/c/3/9021403f-52eb-4062-ab92-c96917b7a553#xywh=335,1200,175,175",李俨撰文，欧阳通楷书,欧阳通（楷书）；李儇（撰文）,唐,龙朔三年十月十日刻立（663）,663,楷书,17A331,《翰墨瑰宝：上海图书馆藏珍本碑帖丛刊》第二辑,iiif_annotation_target_xywh,iiif_xywh
001_道因法师碑_p0018_c030,槃,001_道因法师碑,道因法师碑,18,十八,335,1391,160,160,"[335, 1391, 160, 160]",344,1387,161,181,"[344, 1387, 161, 181]",306,1362,218,218,"[306, 1362, 218, 218]",325,1354,199,254,"[325, 1354, 199, 254]",325,1354,199,254,"[325, 1354, 199, 254]",offline_local_binary_ring_bottom_guard,assets/page_images/001_道因法师碑/p0018.jpg,3,5,1,http://data.library.sh.cn/bt/resource/work/v1e0qbx3r5wp1uw4,http://iiif.library.sh.cn/api/viewer/17A331,https://iiif.library.sh.cn/p/3/02c55611-7427-4cd0-a2cd-a15b5ccbaa9c,https://iiif.library.sh.cn/c/3/9021403f-52eb-4062-ab92-c96917b7a553,1444,2221,https://iiif.library.sh.cn/c/3/9021403f-52eb-4062-ab92-c96917b7a553/ap/s,https://iiif.library.sh.cn/c/3/9021403f-52eb-4062-ab92-c96917b7a553/ap/c/a/b5ce26c0-c55b-485c-b515-56963b809814,30,30,supplementing,"[335, 1391, 495, 1551]","https://iiif.library.sh.cn/c/3/9021403f-52eb-4062-ab92-c96917b7a553#xywh=335,1391,160,160",李俨撰文，欧阳通楷书,欧阳通（楷书）；李儇（撰文）,唐,龙朔三年十月十日刻立（663）,663,楷书,17A331,《翰墨瑰宝：上海图书馆藏珍本碑帖丛刊》第二辑,iiif_annotation_target_xywh,iiif_xywh
001_道因法师碑_p0018_c031,二,001_道因法师碑,道因法师碑,18,十八,335,1601,160,160,"[335, 1601, 160, 160]",344,1583,161,169,"[344, 1583, 161, 169]",306,1572,218,218,"[306, 1572, 218, 218]",325,1550,199,239,"[325, 1550, 199, 239]",325,1550,199,239,"[325, 1550, 199, 239]",offline_local_binary_ring_bottom_guard,assets/page_images/001_道因法师碑/p0018.jpg,3,6,1,http://data.library.sh.cn/bt/resource/work/v1e0qbx3r5wp1uw4,http://iiif.library.sh.cn/api/viewer/17A331,https://iiif.library.sh.cn/p/3/02c55611-7427-4cd0-a2cd-a15b5ccbaa9c,https://iiif.library.sh.cn/c/3/9021403f-52eb-4062-ab92-c96917b7a553,1444,2221,https://iiif.library.sh.cn/c/3/9021403f-52eb-4062-ab92-c96917b7a553/ap/s,https://iiif.library.sh.cn/c/3/9021403f-52eb-4062-ab92-c96917b7a553/ap/c/a/c667a8c7-2874-4de9-a783-754597182485,31,31,supplementing,"[335, 1601, 495, 1761]","https://iiif.library.sh.cn/c/3/9021403f-52eb-4062-ab92-c96917b7a553#xywh=335,1601,160,160",李俨撰文，欧阳通楷书,欧阳通（楷书）；李儇（撰文）,唐,龙朔三年十月十日刻立（663）,663,楷书,17A331,《翰墨瑰宝：上海图书馆藏珍本碑帖丛刊》第二辑,iiif_annotation_target_xywh,iiif_xywh
001_道因法师碑_p0018_c032,帙,001_道因法师碑,道因法师碑,18,十八,335,1757,160,160,"[335, 1757, 160, 160]",344,1765,161,144,"[344, 1765, 161, 144]",306,1728,218,218,"[306, 1728, 218, 218]",325,1733,199,208,"[325, 1733, 199, 208]",325,1733,199,208,"[325, 1733, 199, 208]",offline_local_binary_ring_bottom_guard,assets/page_images/001_道因法师碑/p0018.jpg,3,7,1,http://data.library.sh.cn/bt/resource/work/v1e0qbx3r5wp1uw4,http://iiif.library.sh.cn/api/viewer/17A331,https://iiif.library.sh.cn/p/3/02c55611-7427-4cd0-a2cd-a15b5ccbaa9c,https://iiif.library.sh.cn/c/3/9021403f-52eb-4062-ab92-c96917b7a553,1444,2221,https://iiif.library.sh.cn/c/3/9021403f-52eb-4062-ab92-c96917b7a553/ap/s,https://iiif.library.sh.cn/c/3/9021403f-52eb-4062-ab92-c96917b7a553/ap/c/a/07c1b770-3850-469b-8b4f-97c0be153c03,32,32,supplementing,"[335, 1757, 495, 1917]","https://iiif.library.sh.cn/c/3/9021403f-52eb-4062-ab92-c96917b7a553#xywh=335,1757,160,160",李俨撰文，欧阳通楷书,欧阳通（楷书）；李儇（撰文）,唐,龙朔三年十月十日刻立（663）,663,楷书,17A331,《翰墨瑰宝：上海图书馆藏珍本碑帖丛刊》第二辑,iiif_annotation_target_xywh,iiif_xywh
001_道因法师碑_p0018_c033,举,001_道因法师碑,道因法师碑,18,十八,186,528,136,136,"[186, 528, 136, 136]",178,519,152,154,"[178, 519, 152, 154]",162,504,184,184,"[162, 504, 184, 184]",160,491,188,216,"[160, 491, 188, 216]",160,491,188,216,"[160, 491, 188, 216]",offline_local_binary_ring_bottom_guard,assets/page_images/001_道因法师碑/p0018.jpg,4,0,1,http://data.library.sh.cn/bt/resource/work/v1e0qbx3r5wp1uw4,http://iiif.library.sh.cn/api/viewer/17A331,https://iiif.library.sh.cn/p/3/02c55611-7427-4cd0-a2cd-a15b5ccbaa9c,https://iiif.library.sh.cn/c/3/9021403f-52eb-4062-ab92-c96917b7a553,1444,2221,https://iiif.library.sh.cn/c/3/9021403f-52eb-4062-ab92-c96917b7a553/ap/s,https://iiif.library.sh.cn/c/3/9021403f-52eb-4062-ab92-c96917b7a553/ap/c/a/42ad9dc9-4292-4734-9851-8dd73f2e99c7,33,33,supplementing,"[186, 528, 322, 664]","https://iiif.library.sh.cn/c/3/9021403f-52eb-4062-ab92-c96917b7a553#xywh=186,528,136,136",李俨撰文，欧阳通楷书,欧阳通（楷书）；李儇（撰文）,唐,龙朔三年十月十日刻立（663）,663,楷书,17A331,《翰墨瑰宝：上海图书馆藏珍本碑帖丛刊》第二辑,iiif_annotation_target_xywh,iiif_xywh
001_道因法师碑_p0018_c034,众,001_道因法师碑,道因法师碑,18,十八,186,695,136,136,"[186, 695, 136, 136]",178,686,152,158,"[178, 686, 152, 158]",162,671,184,184,"[162, 671, 184, 184]",160,658,188,221,"[160, 658, 188, 221]",160,658,188,221,"[160, 658, 188, 221]",offline_local_binary_ring_bottom_guard,assets/page_images/001_道因法师碑/p0018.jpg,4,1,1,http://data.library.sh.cn/bt/resource/work/v1e0qbx3r5wp1uw4,http://iiif.library.sh.cn/api/viewer/17A331,https://iiif.library.sh.cn/p/3/02c55611-7427-4cd0-a2cd-a15b5ccbaa9c,https://iiif.library.sh.cn/c/3/9021403f-52eb-4062-ab92-c96917b7a553,1444,2221,https://iiif.library.sh.cn/c/3/9021403f-52eb-4062-ab92-c96917b7a553/ap/s,https://iiif.library.sh.cn/c/3/9021403f-52eb-4062-ab92-c96917b7a553/ap/c/a/abc73631-abca-4215-a354-b138be4bd57f,34,34,supplementing,"[186, 695, 322, 831]","https://iiif.library.sh.cn/c/3/9021403f-52eb-4062-ab92-c96917b7a553#xywh=186,695,136,136",李俨撰文，欧阳通楷书,欧阳通（楷书）；李儇（撰文）,唐,龙朔三年十月十日刻立（663）,663,楷书,17A331,《翰墨瑰宝：上海图书馆藏珍本碑帖丛刊》第二辑,iiif_annotation_target_xywh,iiif_xywh
001_道因法师碑_p0018_c035,嗟,001_道因法师碑,道因法师碑,18,十八,186,870,136,136,"[186, 870, 136, 136]",178,858,152,164,"[178, 858, 152, 164]",162,846,184,184,"[162, 846, 184, 184]",160,830,188,228,"[160, 830, 188, 228]",160,830,188,228,"[160, 830, 188, 228]",offline_local_binary_ring_bottom_guard,assets/page_images/001_道因法师碑/p0018.jpg,4,2,1,http://data.library.sh.cn/bt/resource/work/v1e0qbx3r5wp1uw4,http://iiif.library.sh.cn/api/viewer/17A331,https://iiif.library.sh.cn/p/3/02c55611-7427-4cd0-a2cd-a15b5ccbaa9c,https://iiif.library.sh.cn/c/3/9021403f-52eb-4062-ab92-c96917b7a553,1444,2221,https://iiif.library.sh.cn/c/3/9021403f-52eb-4062-ab92-c96917b7a553/ap/s,https://iiif.library.sh.cn/c/3/9021403f-52eb-4062-ab92-c96917b7a553/ap/c/a/99401630-43f2-4bb9-989f-9de6311e8e6b,35,35,supplementing,"[186, 870, 322, 1006]","https://iiif.library.sh.cn/c/3/9021403f-52eb-4062-ab92-c96917b7a553#xywh=186,870,136,136",李俨撰文，欧阳通楷书,欧阳通（楷书）；李儇（撰文）,唐,龙朔三年十月十日刻立（663）,663,楷书,17A331,《翰墨瑰宝：上海图书馆藏珍本碑帖丛刊》第二辑,iiif_annotation_target_xywh,iiif_xywh
001_道因法师碑_p0018_c036,骇,001_道因法师碑,道因法师碑,18,十八,186,1053,136,136,"[186, 1053, 136, 136]",178,1037,152,167,"[178, 1037, 152, 167]",162,1029,184,184,"[162, 1029, 184, 184]",160,1009,188,232,"[160, 1009, 188, 232]",160,1009,188,232,"[160, 1009, 188, 232]",offline_local_binary_ring_bottom_guard,assets/page_images/001_道因法师碑/p0018.jpg,4,3,1,http://data.library.sh.cn/bt/resource/work/v1e0qbx3r5wp1uw4,http://iiif.library.sh.cn/api/viewer/17A331,https://iiif.library.sh.cn/p/3/02c55611-7427-4cd0-a2cd-a15b5ccbaa9c,https://iiif.library.sh.cn/c/3/9021403f-52eb-4062-ab92-c96917b7a553,1444,2221,https://iiif.library.sh.cn/c/3/9021403f-52eb-4062-ab92-c96917b7a553/ap/s,https://iiif.library.sh.cn/c/3/9021403f-52eb-4062-ab92-c96917b7a553/ap/c/a/730839ed-f5f5-43a8-840f-650b89d7039f,36,36,supplementing,"[186, 1053, 322, 1189]","https://iiif.library.sh.cn/c/3/9021403f-52eb-4062-ab92-c96917b7a553#xywh=186,1053,136,136",李俨撰文，欧阳通楷书,欧阳通（楷书）；李儇（撰文）,唐,龙朔三年十月十日刻立（663）,663,楷书,17A331,《翰墨瑰宝：上海图书馆藏珍本碑帖丛刊》第二辑,iiif_annotation_target_xywh,iiif_xywh
001_道因法师碑_p0018_c037,以,001_道因法师碑,道因法师碑,18,十八,186,1234,136,136,"[186, 1234, 136, 136]",178,1219,152,162,"[178, 1219, 152, 162]",162,1210,184,184,"[162, 1210, 184, 184]",160,1191,188,226,"[160, 1191, 188, 226]",160,1191,188,226,"[160, 1191, 188, 226]",offline_local_binary_ring_bottom_guard,assets/page_images/001_道因法师碑/p0018.jpg,4,4,1,http://data.library.sh.cn/bt/resource/work/v1e0qbx3r5wp1uw4,http://iiif.library.sh.cn/api/viewer/17A331,https://iiif.library.sh.cn/p/3/02c55611-7427-4cd0-a2cd-a15b5ccbaa9c,https://iiif.library.sh.cn/c/3/9021403f-52eb-4062-ab92-c96917b7a553,1444,2221,https://iiif.library.sh.cn/c/3/9021403f-52eb-4062-ab92-c96917b7a553/ap/s,https://iiif.library.sh.cn/c/3/9021403f-52eb-4062-ab92-c96917b7a553/ap/c/a/788aded4-7d20-42cf-8215-e2b9e5e17c67,37,37,supplementing,"[186, 1234, 322, 1370]","https://iiif.library.sh.cn/c/3/9021403f-52eb-4062-ab92-c96917b7a553#xywh=186,1234,136,136",李俨撰文，欧阳通楷书,欧阳通（楷书）；李儇（撰文）,唐,龙朔三年十月十日刻立（663）,663,楷书,17A331,《翰墨瑰宝：上海图书馆藏珍本碑帖丛刊》第二辑,iiif_annotation_target_xywh,iiif_xywh
001_道因法师碑_p0018_c038,为,001_道因法师碑,道因法师碑,18,十八,186,1407,136,136,"[186, 1407, 136, 136]",178,1395,152,161,"[178, 1395, 152, 161]",162,1383,184,184,"[162, 1383, 184, 184]",160,1367,188,224,"[160, 1367, 188, 224]",160,1367,188,224,"[160, 1367, 188, 224]",offline_local_binary_ring_bottom_guard,assets/page_images/001_道因法师碑/p0018.jpg,4,5,1,http://data.library.sh.cn/bt/resource/work/v1e0qbx3r5wp1uw4,http://iiif.library.sh.cn/api/viewer/17A331,https://iiif.library.sh.cn/p/3/02c55611-7427-4cd0-a2cd-a15b5ccbaa9c,https://iiif.library.sh.cn/c/3/9021403f-52eb-4062-ab92-c96917b7a553,1444,2221,https://iiif.library.sh.cn/c/3/9021403f-52eb-4062-ab92-c96917b7a553/ap/s,https://iiif.library.sh.cn/c/3/9021403f-52eb-4062-ab92-c96917b7a553/ap/c/a/85058b99-0d67-4535-804d-9aceb8d7adf6,38,38,supplementing,"[186, 1407, 322, 1543]","https://iiif.library.sh.cn/c/3/9021403f-52eb-4062-ab92-c96917b7a553#xywh=186,1407,136,136",李俨撰文，欧阳通楷书,欧阳通（楷书）；李儇（撰文）,唐,龙朔三年十月十日刻立（663）,663,楷书,17A331,《翰墨瑰宝：上海图书馆藏珍本碑帖丛刊》第二辑,iiif_annotation_target_xywh,iiif_xywh
001_道因法师碑_p0018_c039,神,001_道因法师碑,道因法师碑,18,十八,186,1582,136,136,"[186, 1582, 136, 136]",178,1569,152,161,"[178, 1569, 152, 161]",162,1558,184,184,"[162, 1558, 184, 184]",160,1541,188,224,"[160, 1541, 188, 224]",160,1541,188,224,"[160, 1541, 188, 224]",offline_local_binary_ring_bottom_guard,assets/page_images/001_道因法师碑/p0018.jpg,4,6,1,http://data.library.sh.cn/bt/resource/work/v1e0qbx3r5wp1uw4,http://iiif.library.sh.cn/api/viewer/17A331,https://iiif.library.sh.cn/p/3/02c55611-7427-4cd0-a2cd-a15b5ccbaa9c,https://iiif.library.sh.cn/c/3/9021403f-52eb-4062-ab92-c96917b7a553,1444,2221,https://iiif.library.sh.cn/c/3/9021403f-52eb-4062-ab92-c96917b7a553/ap/s,https://iiif.library.sh.cn/c/3/9021403f-52eb-4062-ab92-c96917b7a553/ap/c/a/397665a6-6c72-439c-8b8c-19f50aed93ce,39,39,supplementing,"[186, 1582, 322, 1718]","https://iiif.library.sh.cn/c/3/9021403f-52eb-4062-ab92-c96917b7a553#xywh=186,1582,136,136",李俨撰文，欧阳通楷书,欧阳通（楷书）；李儇（撰文）,唐,龙朔三年十月十日刻立（663）,663,楷书,17A331,《翰墨瑰宝：上海图书馆藏珍本碑帖丛刊》第二辑,iiif_annotation_target_xywh,iiif_xywh
001_道因法师碑_p0018_c040,童,001_道因法师碑,道因法师碑,18,十八,186,1755,136,136,"[186, 1755, 136, 136]",178,1743,152,160,"[178, 1743, 152, 160]",162,1731,184,184,"[162, 1731, 184, 184]",160,1715,188,223,"[160, 1715, 188, 223]",160,1715,188,223,"[160, 1715, 188, 223]",offline_local_binary_ring_bottom_guard,assets/page_images/001_道因法师碑/p0018.jpg,4,7,1,http://data.library.sh.cn/bt/resource/work/v1e0qbx3r5wp1uw4,http://iiif.library.sh.cn/api/viewer/17A331,https://iiif.library.sh.cn/p/3/02c55611-7427-4cd0-a2cd-a15b5ccbaa9c,https://iiif.library.sh.cn/c/3/9021403f-52eb-4062-ab92-c96917b7a553,1444,2221,https://iiif.library.sh.cn/c/3/9021403f-52eb-4062-ab92-c96917b7a553/ap/s,https://iiif.library.sh.cn/c/3/9021403f-52eb-4062-ab92-c96917b7a553/ap/c/a/2e91429e-2e56-4363-b73c-6cf6374c90d3,40,40,supplementing,"[186, 1755, 322, 1891]","https://iiif.library.sh.cn/c/3/9021403f-52eb-4062-ab92-c96917b7a553#xywh=186,1755,136,136",李俨撰文，欧阳通楷书,欧阳通（楷书）；李儇（撰文）,唐,龙朔三年十月十日刻立（663）,663,楷书,17A331,《翰墨瑰宝：上海图书馆藏珍本碑帖丛刊》第二辑,iiif_annotation_target_xywh,iiif_xywh
001_道因法师碑_p0019_c001,逮,001_道因法师碑,道因法师碑,19,十九,1125,518,145,145,"[1125, 518, 145, 145]",1114,514,167,153,"[1114, 514, 167, 153]",1099,492,197,197,"[1099, 492, 197, 197]",1094,484,207,217,"[1094, 484, 207, 217]",1094,484,207,217,"[1094, 484, 207, 217]",offline_local_binary_ring_bottom_guard,assets/page_images/001_道因法师碑/p0019.jpg,0,0,1,http://data.library.sh.cn/bt/resource/work/v1e0qbx3r5wp1uw4,http://iiif.library.sh.cn/api/viewer/17A331,https://iiif.library.sh.cn/p/3/02c55611-7427-4cd0-a2cd-a15b5ccbaa9c,https://iiif.library.sh.cn/c/3/63b4bfea-2e64-4e3a-a102-f09a425ff494,1444,2213,https://iiif.library.sh.cn/c/3/63b4bfea-2e64-4e3a-a102-f09a425ff494/ap/s,https://iiif.library.sh.cn/c/3/63b4bfea-2e64-4e3a-a102-f09a425ff494/ap/c/a/bcae9a5f-6a19-47e0-8667-6803cbcb6ba6,1,1,supplementing,"[1125, 518, 1270, 663]","https://iiif.library.sh.cn/c/3/63b4bfea-2e64-4e3a-a102-f09a425ff494#xywh=1125,518,145,145",李俨撰文，欧阳通楷书,欧阳通（楷书）；李儇（撰文）,唐,龙朔三年十月十日刻立（663）,663,楷书,17A331,《翰墨瑰宝：上海图书馆藏珍本碑帖丛刊》第二辑,iiif_annotation_target_xywh,iiif_xywh
001_道因法师碑_p0019_c002,乎,001_道因法师碑,道因法师碑,19,十九,1125,684,145,145,"[1125, 684, 145, 145]",1114,681,167,162,"[1114, 681, 167, 162]",1099,658,197,197,"[1099, 658, 197, 197]",1094,651,207,228,"[1094, 651, 207, 228]",1094,651,207,228,"[1094, 651, 207, 228]",offline_local_binary_ring_bottom_guard,assets/page_images/001_道因法师碑/p0019.jpg,0,1,1,http://data.library.sh.cn/bt/resource/work/v1e0qbx3r5wp1uw4,http://iiif.library.sh.cn/api/viewer/17A331,https://iiif.library.sh.cn/p/3/02c55611-7427-4cd0-a2cd-a15b5ccbaa9c,https://iiif.library.sh.cn/c/3/63b4bfea-2e64-4e3a-a102-f09a425ff494,1444,2213,https://iiif.library.sh.cn/c/3/63b4bfea-2e64-4e3a-a102-f09a425ff494/ap/s,https://iiif.library.sh.cn/c/3/63b4bfea-2e64-4e3a-a102-f09a425ff494/ap/c/a/c9001b16-98a6-4ebb-a5c3-f77a1f95d61f,2,2,supplementing,"[1125, 684, 1270, 829]","https://iiif.library.sh.cn/c/3/63b4bfea-2e64-4e3a-a102-f09a425ff494#xywh=1125,684,145,145",李俨撰文，欧阳通楷书,欧阳通（楷书）；李儇（撰文）,唐,龙朔三年十月十日刻立（663）,663,楷书,17A331,《翰墨瑰宝：上海图书馆藏珍本碑帖丛刊》第二辑,iiif_annotation_target_xywh,iiif_xywh
001_道因法师碑_p0019_c003,初,001_道因法师碑,道因法师碑,19,十九,1125,871,145,145,"[1125, 871, 145, 145]",1114,857,167,169,"[1114, 857, 167, 169]",1099,845,197,197,"[1099, 845, 197, 197]",1094,827,207,236,"[1094, 827, 207, 236]",1094,827,207,236,"[1094, 827, 207, 236]",offline_local_binary_ring_bottom_guard,assets/page_images/001_道因法师碑/p0019.jpg,0,2,1,http://data.library.sh.cn/bt/resource/work/v1e0qbx3r5wp1uw4,http://iiif.library.sh.cn/api/viewer/17A331,https://iiif.library.sh.cn/p/3/02c55611-7427-4cd0-a2cd-a15b5ccbaa9c,https://iiif.library.sh.cn/c/3/63b4bfea-2e64-4e3a-a102-f09a425ff494,1444,2213,https://iiif.library.sh.cn/c/3/63b4bfea-2e64-4e3a-a102-f09a425ff494/ap/s,https://iiif.library.sh.cn/c/3/63b4bfea-2e64-4e3a-a102-f09a425ff494/ap/c/a/63f82f6c-0cbd-4c6e-a08b-1a94a6c60da0,3,3,supplementing,"[1125, 871, 1270, 1016]","https://iiif.library.sh.cn/c/3/63b4bfea-2e64-4e3a-a102-f09a425ff494#xywh=1125,871,145,145",李俨撰文，欧阳通楷书,欧阳通（楷书）；李儇（撰文）,唐,龙朔三年十月十日刻立（663）,663,楷书,17A331,《翰墨瑰宝：上海图书馆藏珍本碑帖丛刊》第二辑,iiif_annotation_target_xywh,iiif_xywh
001_道因法师碑_p0019_c004,卝,001_道因法师碑,道因法师碑,19,十九,1125,1050,145,145,"[1125, 1050, 145, 145]",1114,1040,167,161,"[1114, 1040, 167, 161]",1099,1024,197,197,"[1099, 1024, 197, 197]",1094,1010,207,226,"[1094, 1010, 207, 226]",1094,1010,207,226,"[1094, 1010, 207, 226]",offline_local_binary_ring_bottom_guard,assets/page_images/001_道因法师碑/p0019.jpg,0,3,1,http://data.library.sh.cn/bt/resource/work/v1e0qbx3r5wp1uw4,http://iiif.library.sh.cn/api/viewer/17A331,https://iiif.library.sh.cn/p/3/02c55611-7427-4cd0-a2cd-a15b5ccbaa9c,https://iiif.library.sh.cn/c/3/63b4bfea-2e64-4e3a-a102-f09a425ff494,1444,2213,https://iiif.library.sh.cn/c/3/63b4bfea-2e64-4e3a-a102-f09a425ff494/ap/s,https://iiif.library.sh.cn/c/3/63b4bfea-2e64-4e3a-a102-f09a425ff494/ap/c/a/bf73db1d-0086-4f6f-967b-d39e5f15b394,4,4,supplementing,"[1125, 1050, 1270, 1195]","https://iiif.library.sh.cn/c/3/63b4bfea-2e64-4e3a-a102-f09a425ff494#xywh=1125,1050,145,145",李俨撰文，欧阳通楷书,欧阳通（楷书）；李儇（撰文）,唐,龙朔三年十月十日刻立（663）,663,楷书,17A331,《翰墨瑰宝：上海图书馆藏珍本碑帖丛刊》第二辑,iiif_annotation_target_xywh,iiif_xywh
001_道因法师碑_p0019_c005,方,001_道因法师碑,道因法师碑,19,十九,1125,1221,145,145,"[1125, 1221, 145, 145]",1114,1215,167,154,"[1114, 1215, 167, 154]",1099,1195,197,197,"[1099, 1195, 197, 197]",1094,1185,207,218,"[1094, 1185, 207, 218]",1094,1185,207,218,"[1094, 1185, 207, 218]",offline_local_binary_ring_bottom_guard,assets/page_images/001_道因法师碑/p0019.jpg,0,4,1,http://data.library.sh.cn/bt/resource/work/v1e0qbx3r5wp1uw4,http://iiif.library.sh.cn/api/viewer/17A331,https://iiif.library.sh.cn/p/3/02c55611-7427-4cd0-a2cd-a15b5ccbaa9c,https://iiif.library.sh.cn/c/3/63b4bfea-2e64-4e3a-a102-f09a425ff494,1444,2213,https://iiif.library.sh.cn/c/3/63b4bfea-2e64-4e3a-a102-f09a425ff494/ap/s,https://iiif.library.sh.cn/c/3/63b4bfea-2e64-4e3a-a102-f09a425ff494/ap/c/a/17e036f0-e54b-45c7-90f7-35988c8b4a5e,5,5,supplementing,"[1125, 1221, 1270, 1366]","https://iiif.library.sh.cn/c/3/63b4bfea-2e64-4e3a-a102-f09a425ff494#xywh=1125,1221,145,145",李俨撰文，欧阳通楷书,欧阳通（楷书）；李儇（撰文）,唐,龙朔三年十月十日刻立（663）,663,楷书,17A331,《翰墨瑰宝：上海图书馆藏珍本碑帖丛刊》第二辑,iiif_annotation_target_xywh,iiif_xywh
001_道因法师碑_p0019_c006,蒙,001_道因法师碑,道因法师碑,19,十九,1125,1386,145,145,"[1125, 1386, 145, 145]",1114,1383,167,153,"[1114, 1383, 167, 153]",1099,1360,197,197,"[1099, 1360, 197, 197]",1094,1353,207,217,"[1094, 1353, 207, 217]",1094,1353,207,217,"[1094, 1353, 207, 217]",offline_local_binary_ring_bottom_guard,assets/page_images/001_道因法师碑/p0019.jpg,0,5,1,http://data.library.sh.cn/bt/resource/work/v1e0qbx3r5wp1uw4,http://iiif.library.sh.cn/api/viewer/17A331,https://iiif.library.sh.cn/p/3/02c55611-7427-4cd0-a2cd-a15b5ccbaa9c,https://iiif.library.sh.cn/c/3/63b4bfea-2e64-4e3a-a102-f09a425ff494,1444,2213,https://iiif.library.sh.cn/c/3/63b4bfea-2e64-4e3a-a102-f09a425ff494/ap/s,https://iiif.library.sh.cn/c/3/63b4bfea-2e64-4e3a-a102-f09a425ff494/ap/c/a/6e5ac1de-582e-43cc-aad4-308b3c07e9d1,6,6,supplementing,"[1125, 1386, 1270, 1531]","https://iiif.library.sh.cn/c/3/63b4bfea-2e64-4e3a-a102-f09a425ff494#xywh=1125,1386,145,145",李俨撰文，欧阳通楷书,欧阳通（楷书）；李儇（撰文）,唐,龙朔三年十月十日刻立（663）,663,楷书,17A331,《翰墨瑰宝：上海图书馆藏珍本碑帖丛刊》第二辑,iiif_annotation_target_xywh,iiif_xywh
001_道因法师碑_p0019_c007,落,001_道因法师碑,道因法师碑,19,十九,1125,1555,145,145,"[1125, 1555, 145, 145]",1114,1550,167,166,"[1114, 1550, 167, 166]",1099,1529,197,197,"[1099, 1529, 197, 197]",1094,1520,207,233,"[1094, 1520, 207, 233]",1094,1520,207,233,"[1094, 1520, 207, 233]",offline_local_binary_ring_bottom_guard,assets/page_images/001_道因法师碑/p0019.jpg,0,6,1,http://data.library.sh.cn/bt/resource/work/v1e0qbx3r5wp1uw4,http://iiif.library.sh.cn/api/viewer/17A331,https://iiif.library.sh.cn/p/3/02c55611-7427-4cd0-a2cd-a15b5ccbaa9c,https://iiif.library.sh.cn/c/3/63b4bfea-2e64-4e3a-a102-f09a425ff494,1444,2213,https://iiif.library.sh.cn/c/3/63b4bfea-2e64-4e3a-a102-f09a425ff494/ap/s,https://iiif.library.sh.cn/c/3/63b4bfea-2e64-4e3a-a102-f09a425ff494/ap/c/a/6f08177c-984d-4c2b-a1f7-489822e6f7cd,7,7,supplementing,"[1125, 1555, 1270, 1700]","https://iiif.library.sh.cn/c/3/63b4bfea-2e64-4e3a-a102-f09a425ff494#xywh=1125,1555,145,145",李俨撰文，欧阳通楷书,欧阳通（楷书）；李儇（撰文）,唐,龙朔三年十月十日刻立（663）,663,楷书,17A331,《翰墨瑰宝：上海图书馆藏珍本碑帖丛刊》第二辑,iiif_annotation_target_xywh,iiif_xywh
001_道因法师碑_p0019_c008,发,001_道因法师碑,道因法师碑,19,十九,1125,1746,145,145,"[1125, 1746, 145, 145]",1114,1731,167,175,"[1114, 1731, 167, 175]",1099,1720,197,197,"[1099, 1720, 197, 197]",1094,1701,207,243,"[1094, 1701, 207, 243]",1094,1701,207,243,"[1094, 1701, 207, 243]",offline_local_binary_ring_bottom_guard,assets/page_images/001_道因法师碑/p0019.jpg,0,7,1,http://data.library.sh.cn/bt/resource/work/v1e0qbx3r5wp1uw4,http://iiif.library.sh.cn/api/viewer/17A331,https://iiif.library.sh.cn/p/3/02c55611-7427-4cd0-a2cd-a15b5ccbaa9c,https://iiif.library.sh.cn/c/3/63b4bfea-2e64-4e3a-a102-f09a425ff494,1444,2213,https://iiif.library.sh.cn/c/3/63b4bfea-2e64-4e3a-a102-f09a425ff494/ap/s,https://iiif.library.sh.cn/c/3/63b4bfea-2e64-4e3a-a102-f09a425ff494/ap/c/a/0e425c44-15aa-4408-9d7a-6f352bcbc522,8,8,supplementing,"[1125, 1746, 1270, 1891]","https://iiif.library.sh.cn/c/3/63b4bfea-2e64-4e3a-a102-f09a425ff494#xywh=1125,1746,145,145",李俨撰文，欧阳通楷书,欧阳通（楷书）；李儇（撰文）,唐,龙朔三年十月十日刻立（663）,663,楷书,17A331,《翰墨瑰宝：上海图书馆藏珍本碑帖丛刊》第二辑,iiif_annotation_target_xywh,iiif_xywh
001_道因法师碑_p0019_c009,于,001_道因法师碑,道因法师碑,19,十九,940,524,150,150,"[940, 524, 150, 150]",936,526,163,146,"[936, 526, 163, 146]",913,497,204,204,"[913, 497, 204, 204]",916,494,203,210,"[916, 494, 203, 210]",916,494,203,210,"[916, 494, 203, 210]",offline_local_binary_ring_bottom_guard,assets/page_images/001_道因法师碑/p0019.jpg,1,0,1,http://data.library.sh.cn/bt/resource/work/v1e0qbx3r5wp1uw4,http://iiif.library.sh.cn/api/viewer/17A331,https://iiif.library.sh.cn/p/3/02c55611-7427-4cd0-a2cd-a15b5ccbaa9c,https://iiif.library.sh.cn/c/3/63b4bfea-2e64-4e3a-a102-f09a425ff494,1444,2213,https://iiif.library.sh.cn/c/3/63b4bfea-2e64-4e3a-a102-f09a425ff494/ap/s,https://iiif.library.sh.cn/c/3/63b4bfea-2e64-4e3a-a102-f09a425ff494/ap/c/a/10d01a9d-4c47-458b-8dd4-e00b24b9f46a,9,9,supplementing,"[940, 524, 1090, 674]","https://iiif.library.sh.cn/c/3/63b4bfea-2e64-4e3a-a102-f09a425ff494#xywh=940,524,150,150",李俨撰文，欧阳通楷书,欧阳通（楷书）；李儇（撰文）,唐,龙朔三年十月十日刻立（663）,663,楷书,17A331,《翰墨瑰宝：上海图书馆藏珍本碑帖丛刊》第二辑,iiif_annotation_target_xywh,iiif_xywh
001_道因法师碑_p0019_c010,是,001_道因法师碑,道因法师碑,19,十九,940,682,150,150,"[940, 682, 150, 150]",936,684,163,146,"[936, 684, 163, 146]",913,655,204,204,"[913, 655, 204, 204]",916,652,203,210,"[916, 652, 203, 210]",916,652,203,210,"[916, 652, 203, 210]",offline_local_binary_ring_bottom_guard,assets/page_images/001_道因法师碑/p0019.jpg,1,1,1,http://data.library.sh.cn/bt/resource/work/v1e0qbx3r5wp1uw4,http://iiif.library.sh.cn/api/viewer/17A331,https://iiif.library.sh.cn/p/3/02c55611-7427-4cd0-a2cd-a15b5ccbaa9c,https://iiif.library.sh.cn/c/3/63b4bfea-2e64-4e3a-a102-f09a425ff494,1444,2213,https://iiif.library.sh.cn/c/3/63b4bfea-2e64-4e3a-a102-f09a425ff494/ap/s,https://iiif.library.sh.cn/c/3/63b4bfea-2e64-4e3a-a102-f09a425ff494/ap/c/a/e7959c68-be4c-4a29-895c-b306cc1d11e9,10,10,supplementing,"[940, 682, 1090, 832]","https://iiif.library.sh.cn/c/3/63b4bfea-2e64-4e3a-a102-f09a425ff494#xywh=940,682,150,150",李俨撰文，欧阳通楷书,欧阳通（楷书）；李儇（撰文）,唐,龙朔三年十月十日刻立（663）,663,楷书,17A331,《翰墨瑰宝：上海图书馆藏珍本碑帖丛刊》第二辑,iiif_annotation_target_xywh,iiif_xywh
001_道因法师碑_p0019_c011,砥,001_道因法师碑,道因法师碑,19,十九,940,841,150,150,"[940, 841, 150, 150]",936,844,163,167,"[936, 844, 163, 167]",913,814,204,204,"[913, 814, 204, 204]",916,810,203,238,"[916, 810, 203, 238]",916,810,203,238,"[916, 810, 203, 238]",offline_local_binary_ring_bottom_guard,assets/page_images/001_道因法师碑/p0019.jpg,1,2,1,http://data.library.sh.cn/bt/resource/work/v1e0qbx3r5wp1uw4,http://iiif.library.sh.cn/api/viewer/17A331,https://iiif.library.sh.cn/p/3/02c55611-7427-4cd0-a2cd-a15b5ccbaa9c,https://iiif.library.sh.cn/c/3/63b4bfea-2e64-4e3a-a102-f09a425ff494,1444,2213,https://iiif.library.sh.cn/c/3/63b4bfea-2e64-4e3a-a102-f09a425ff494/ap/s,https://iiif.library.sh.cn/c/3/63b4bfea-2e64-4e3a-a102-f09a425ff494/ap/c/a/15d6eece-911e-4bf3-83c5-84d3dc0bcee4,11,11,supplementing,"[940, 841, 1090, 991]","https://iiif.library.sh.cn/c/3/63b4bfea-2e64-4e3a-a102-f09a425ff494#xywh=940,841,150,150",李俨撰文，欧阳通楷书,欧阳通（楷书）；李儇（撰文）,唐,龙朔三年十月十日刻立（663）,663,楷书,17A331,《翰墨瑰宝：上海图书馆藏珍本碑帖丛刊》第二辑,iiif_annotation_target_xywh,iiif_xywh
001_道因法师碑_p0019_c012,行,001_道因法师碑,道因法师碑,19,十九,940,1046,150,150,"[940, 1046, 150, 150]",936,1026,163,177,"[936, 1026, 163, 177]",913,1019,204,204,"[913, 1019, 204, 204]",916,995,203,247,"[916, 995, 203, 247]",916,995,203,247,"[916, 995, 203, 247]",offline_local_binary_ring_bottom_guard,assets/page_images/001_道因法师碑/p0019.jpg,1,3,1,http://data.library.sh.cn/bt/resource/work/v1e0qbx3r5wp1uw4,http://iiif.library.sh.cn/api/viewer/17A331,https://iiif.library.sh.cn/p/3/02c55611-7427-4cd0-a2cd-a15b5ccbaa9c,https://iiif.library.sh.cn/c/3/63b4bfea-2e64-4e3a-a102-f09a425ff494,1444,2213,https://iiif.library.sh.cn/c/3/63b4bfea-2e64-4e3a-a102-f09a425ff494/ap/s,https://iiif.library.sh.cn/c/3/63b4bfea-2e64-4e3a-a102-f09a425ff494/ap/c/a/7331e63c-5aae-4295-a133-875a7e43038b,12,12,supplementing,"[940, 1046, 1090, 1196]","https://iiif.library.sh.cn/c/3/63b4bfea-2e64-4e3a-a102-f09a425ff494#xywh=940,1046,150,150",李俨撰文，欧阳通楷书,欧阳通（楷书）；李儇（撰文）,唐,龙朔三年十月十日刻立（663）,663,楷书,17A331,《翰墨瑰宝：上海图书馆藏珍本碑帖丛刊》第二辑,iiif_annotation_target_xywh,iiif_xywh
001_道因法师碑_p0019_c013,饬,001_道因法师碑,道因法师碑,19,十九,940,1225,150,150,"[940, 1225, 150, 150]",936,1218,163,165,"[936, 1218, 163, 165]",913,1198,204,204,"[913, 1198, 204, 204]",916,1187,203,232,"[916, 1187, 203, 232]",916,1187,203,232,"[916, 1187, 203, 232]",offline_local_binary_ring_bottom_guard,assets/page_images/001_道因法师碑/p0019.jpg,1,4,1,http://data.library.sh.cn/bt/resource/work/v1e0qbx3r5wp1uw4,http://iiif.library.sh.cn/api/viewer/17A331,https://iiif.library.sh.cn/p/3/02c55611-7427-4cd0-a2cd-a15b5ccbaa9c,https://iiif.library.sh.cn/c/3/63b4bfea-2e64-4e3a-a102-f09a425ff494,1444,2213,https://iiif.library.sh.cn/c/3/63b4bfea-2e64-4e3a-a102-f09a425ff494/ap/s,https://iiif.library.sh.cn/c/3/63b4bfea-2e64-4e3a-a102-f09a425ff494/ap/c/a/2150b01a-9323-415f-9de8-ab7cb9ae4369,13,13,supplementing,"[940, 1225, 1090, 1375]","https://iiif.library.sh.cn/c/3/63b4bfea-2e64-4e3a-a102-f09a425ff494#xywh=940,1225,150,150",李俨撰文，欧阳通楷书,欧阳通（楷书）；李儇（撰文）,唐,龙朔三年十月十日刻立（663）,663,楷书,17A331,《翰墨瑰宝：上海图书馆藏珍本碑帖丛刊》第二辑,iiif_annotation_target_xywh,iiif_xywh
001_道因法师碑_p0019_c014,躬,001_道因法师碑,道因法师碑,19,十九,940,1406,150,150,"[940, 1406, 150, 150]",936,1398,163,161,"[936, 1398, 163, 161]",913,1379,204,204,"[913, 1379, 204, 204]",916,1367,203,227,"[916, 1367, 203, 227]",916,1367,203,227,"[916, 1367, 203, 227]",offline_local_binary_ring_bottom_guard,assets/page_images/001_道因法师碑/p0019.jpg,1,5,1,http://data.library.sh.cn/bt/resource/work/v1e0qbx3r5wp1uw4,http://iiif.library.sh.cn/api/viewer/17A331,https://iiif.library.sh.cn/p/3/02c55611-7427-4cd0-a2cd-a15b5ccbaa9c,https://iiif.library.sh.cn/c/3/63b4bfea-2e64-4e3a-a102-f09a425ff494,1444,2213,https://iiif.library.sh.cn/c/3/63b4bfea-2e64-4e3a-a102-f09a425ff494/ap/s,https://iiif.library.sh.cn/c/3/63b4bfea-2e64-4e3a-a102-f09a425ff494/ap/c/a/9e125e1e-c48e-4c2a-9a50-5f7a58f7da02,14,14,supplementing,"[940, 1406, 1090, 1556]","https://iiif.library.sh.cn/c/3/63b4bfea-2e64-4e3a-a102-f09a425ff494#xywh=940,1406,150,150",李俨撰文，欧阳通楷书,欧阳通（楷书）；李儇（撰文）,唐,龙朔三年十月十日刻立（663）,663,楷书,17A331,《翰墨瑰宝：上海图书馆藏珍本碑帖丛刊》第二辑,iiif_annotation_target_xywh,iiif_xywh
001_道因法师碑_p0019_c015,架,001_道因法师碑,道因法师碑,19,十九,940,1577,150,150,"[940, 1577, 150, 150]",936,1573,163,144,"[936, 1573, 163, 144]",913,1550,204,204,"[913, 1550, 204, 204]",916,1542,203,207,"[916, 1542, 203, 207]",916,1542,203,207,"[916, 1542, 203, 207]",offline_local_binary_ring_bottom_guard,assets/page_images/001_道因法师碑/p0019.jpg,1,6,1,http://data.library.sh.cn/bt/resource/work/v1e0qbx3r5wp1uw4,http://iiif.library.sh.cn/api/viewer/17A331,https://iiif.library.sh.cn/p/3/02c55611-7427-4cd0-a2cd-a15b5ccbaa9c,https://iiif.library.sh.cn/c/3/63b4bfea-2e64-4e3a-a102-f09a425ff494,1444,2213,https://iiif.library.sh.cn/c/3/63b4bfea-2e64-4e3a-a102-f09a425ff494/ap/s,https://iiif.library.sh.cn/c/3/63b4bfea-2e64-4e3a-a102-f09a425ff494/ap/c/a/0fbb887d-c5d4-4d2f-99f2-16d9ad1ff3e6,15,15,supplementing,"[940, 1577, 1090, 1727]","https://iiif.library.sh.cn/c/3/63b4bfea-2e64-4e3a-a102-f09a425ff494#xywh=940,1577,150,150",李俨撰文，欧阳通楷书,欧阳通（楷书）；李儇（撰文）,唐,龙朔三年十月十日刻立（663）,663,楷书,17A331,《翰墨瑰宝：上海图书馆藏珍本碑帖丛刊》第二辑,iiif_annotation_target_xywh,iiif_xywh
001_道因法师碑_p0019_c016,德,001_道因法师碑,道因法师碑,19,十九,940,1719,150,150,"[940, 1719, 150, 150]",936,1729,163,130,"[936, 1729, 163, 130]",913,1692,204,204,"[913, 1692, 204, 204]",916,1700,203,188,"[916, 1700, 203, 188]",916,1700,203,188,"[916, 1700, 203, 188]",offline_local_binary_ring_bottom_guard,assets/page_images/001_道因法师碑/p0019.jpg,1,7,1,http://data.library.sh.cn/bt/resource/work/v1e0qbx3r5wp1uw4,http://iiif.library.sh.cn/api/viewer/17A331,https://iiif.library.sh.cn/p/3/02c55611-7427-4cd0-a2cd-a15b5ccbaa9c,https://iiif.library.sh.cn/c/3/63b4bfea-2e64-4e3a-a102-f09a425ff494,1444,2213,https://iiif.library.sh.cn/c/3/63b4bfea-2e64-4e3a-a102-f09a425ff494/ap/s,https://iiif.library.sh.cn/c/3/63b4bfea-2e64-4e3a-a102-f09a425ff494/ap/c/a/c45961cc-dbd3-4ac8-9e9c-dd7b86761e5f,16,16,supplementing,"[940, 1719, 1090, 1869]","https://iiif.library.sh.cn/c/3/63b4bfea-2e64-4e3a-a102-f09a425ff494#xywh=940,1719,150,150",李俨撰文，欧阳通楷书,欧阳通（楷书）；李儇（撰文）,唐,龙朔三年十月十日刻立（663）,663,楷书,17A331,《翰墨瑰宝：上海图书馆藏珍本碑帖丛刊》第二辑,iiif_annotation_target_xywh,iiif_xywh
001_道因法师碑_p0019_c017,缉,001_道因法师碑,道因法师碑,19,十九,771,526,142,142,"[771, 526, 142, 142]",771,527,151,140,"[771, 527, 151, 140]",745,500,194,194,"[745, 500, 194, 194]",753,497,187,201,"[753, 497, 187, 201]",753,497,187,201,"[753, 497, 187, 201]",offline_local_binary_ring_bottom_guard,assets/page_images/001_道因法师碑/p0019.jpg,2,0,1,http://data.library.sh.cn/bt/resource/work/v1e0qbx3r5wp1uw4,http://iiif.library.sh.cn/api/viewer/17A331,https://iiif.library.sh.cn/p/3/02c55611-7427-4cd0-a2cd-a15b5ccbaa9c,https://iiif.library.sh.cn/c/3/63b4bfea-2e64-4e3a-a102-f09a425ff494,1444,2213,https://iiif.library.sh.cn/c/3/63b4bfea-2e64-4e3a-a102-f09a425ff494/ap/s,https://iiif.library.sh.cn/c/3/63b4bfea-2e64-4e3a-a102-f09a425ff494/ap/c/a/33350856-43df-44eb-9878-3a3486db230d,17,17,supplementing,"[771, 526, 913, 668]","https://iiif.library.sh.cn/c/3/63b4bfea-2e64-4e3a-a102-f09a425ff494#xywh=771,526,142,142",李俨撰文，欧阳通楷书,欧阳通（楷书）；李儇（撰文）,唐,龙朔三年十月十日刻立（663）,663,楷书,17A331,《翰墨瑰宝：上海图书馆藏珍本碑帖丛刊》第二辑,iiif_annotation_target_xywh,iiif_xywh
001_道因法师碑_p0019_c018,道,001_道因法师碑,道因法师碑,19,十九,771,678,142,142,"[771, 678, 142, 142]",771,680,151,150,"[771, 680, 151, 150]",745,652,194,194,"[745, 652, 194, 194]",753,649,187,214,"[753, 649, 187, 214]",753,649,187,214,"[753, 649, 187, 214]",offline_local_binary_ring_bottom_guard,assets/page_images/001_道因法师碑/p0019.jpg,2,1,1,http://data.library.sh.cn/bt/resource/work/v1e0qbx3r5wp1uw4,http://iiif.library.sh.cn/api/viewer/17A331,https://iiif.library.sh.cn/p/3/02c55611-7427-4cd0-a2cd-a15b5ccbaa9c,https://iiif.library.sh.cn/c/3/63b4bfea-2e64-4e3a-a102-f09a425ff494,1444,2213,https://iiif.library.sh.cn/c/3/63b4bfea-2e64-4e3a-a102-f09a425ff494/ap/s,https://iiif.library.sh.cn/c/3/63b4bfea-2e64-4e3a-a102-f09a425ff494/ap/c/a/3675a423-86a9-43ed-a8fd-affd98103d01,18,18,supplementing,"[771, 678, 913, 820]","https://iiif.library.sh.cn/c/3/63b4bfea-2e64-4e3a-a102-f09a425ff494#xywh=771,678,142,142",李俨撰文，欧阳通楷书,欧阳通（楷书）；李儇（撰文）,唐,龙朔三年十月十日刻立（663）,663,楷书,17A331,《翰墨瑰宝：上海图书馆藏珍本碑帖丛刊》第二辑,iiif_annotation_target_xywh,iiif_xywh
001_道因法师碑_p0019_c019,箧,001_道因法师碑,道因法师碑,19,十九,771,853,142,142,"[771, 853, 142, 142]",771,844,151,165,"[771, 844, 151, 165]",745,827,194,194,"[745, 827, 194, 194]",753,815,187,230,"[753, 815, 187, 230]",753,815,187,230,"[753, 815, 187, 230]",offline_local_binary_ring_bottom_guard,assets/page_images/001_道因法师碑/p0019.jpg,2,2,1,http://data.library.sh.cn/bt/resource/work/v1e0qbx3r5wp1uw4,http://iiif.library.sh.cn/api/viewer/17A331,https://iiif.library.sh.cn/p/3/02c55611-7427-4cd0-a2cd-a15b5ccbaa9c,https://iiif.library.sh.cn/c/3/63b4bfea-2e64-4e3a-a102-f09a425ff494,1444,2213,https://iiif.library.sh.cn/c/3/63b4bfea-2e64-4e3a-a102-f09a425ff494/ap/s,https://iiif.library.sh.cn/c/3/63b4bfea-2e64-4e3a-a102-f09a425ff494/ap/c/a/7642bdb5-ff1f-4b4b-86b8-b82adfd8b7c0,19,19,supplementing,"[771, 853, 913, 995]","https://iiif.library.sh.cn/c/3/63b4bfea-2e64-4e3a-a102-f09a425ff494#xywh=771,853,142,142",李俨撰文，欧阳通楷书,欧阳通（楷书）；李儇（撰文）,唐,龙朔三年十月十日刻立（663）,663,楷书,17A331,《翰墨瑰宝：上海图书馆藏珍本碑帖丛刊》第二辑,iiif_annotation_target_xywh,iiif_xywh
001_道因法师碑_p0019_c020,蛇,001_道因法师碑,道因法师碑,19,十九,771,1038,142,142,"[771, 1038, 142, 142]",771,1023,151,151,"[771, 1023, 151, 151]",745,1012,194,194,"[745, 1012, 194, 194]",753,994,187,213,"[753, 994, 187, 213]",753,994,187,213,"[753, 994, 187, 213]",offline_local_binary_ring_bottom_guard,assets/page_images/001_道因法师碑/p0019.jpg,2,3,1,http://data.library.sh.cn/bt/resource/work/v1e0qbx3r5wp1uw4,http://iiif.library.sh.cn/api/viewer/17A331,https://iiif.library.sh.cn/p/3/02c55611-7427-4cd0-a2cd-a15b5ccbaa9c,https://iiif.library.sh.cn/c/3/63b4bfea-2e64-4e3a-a102-f09a425ff494,1444,2213,https://iiif.library.sh.cn/c/3/63b4bfea-2e64-4e3a-a102-f09a425ff494/ap/s,https://iiif.library.sh.cn/c/3/63b4bfea-2e64-4e3a-a102-f09a425ff494/ap/c/a/0f30bae2-b537-4f1a-a2ba-046c8a3b36a3,20,20,supplementing,"[771, 1038, 913, 1180]","https://iiif.library.sh.cn/c/3/63b4bfea-2e64-4e3a-a102-f09a425ff494#xywh=771,1038,142,142",李俨撰文，欧阳通楷书,欧阳通（楷书）；李儇（撰文）,唐,龙朔三年十月十日刻立（663）,663,楷书,17A331,《翰墨瑰宝：上海图书馆藏珍本碑帖丛刊》第二辑,iiif_annotation_target_xywh,iiif_xywh
001_道因法师碑_p0019_c021,能,001_道因法师碑,道因法师碑,19,十九,771,1182,142,142,"[771, 1182, 142, 142]",771,1188,151,161,"[771, 1188, 151, 161]",745,1156,194,194,"[745, 1156, 194, 194]",753,1153,187,231,"[753, 1153, 187, 231]",753,1153,187,231,"[753, 1153, 187, 231]",offline_local_binary_ring_bottom_guard,assets/page_images/001_道因法师碑/p0019.jpg,2,4,1,http://data.library.sh.cn/bt/resource/work/v1e0qbx3r5wp1uw4,http://iiif.library.sh.cn/api/viewer/17A331,https://iiif.library.sh.cn/p/3/02c55611-7427-4cd0-a2cd-a15b5ccbaa9c,https://iiif.library.sh.cn/c/3/63b4bfea-2e64-4e3a-a102-f09a425ff494,1444,2213,https://iiif.library.sh.cn/c/3/63b4bfea-2e64-4e3a-a102-f09a425ff494/ap/s,https://iiif.library.sh.cn/c/3/63b4bfea-2e64-4e3a-a102-f09a425ff494/ap/c/a/9cb9aef6-5bdd-442b-9f82-3ae077066a55,21,21,supplementing,"[771, 1182, 913, 1324]","https://iiif.library.sh.cn/c/3/63b4bfea-2e64-4e3a-a102-f09a425ff494#xywh=771,1182,142,142",李俨撰文，欧阳通楷书,欧阳通（楷书）；李儇（撰文）,唐,龙朔三年十月十日刻立（663）,663,楷书,17A331,《翰墨瑰宝：上海图书馆藏珍本碑帖丛刊》第二辑,iiif_annotation_target_xywh,iiif_xywh
001_道因法师碑_p0019_c022,剪,001_道因法师碑,道因法师碑,19,十九,771,1388,142,142,"[771, 1388, 142, 142]",771,1364,151,184,"[771, 1364, 151, 184]",745,1362,194,194,"[745, 1362, 194, 194]",753,1335,187,253,"[753, 1335, 187, 253]",753,1335,187,253,"[753, 1335, 187, 253]",offline_local_binary_ring_bottom_guard,assets/page_images/001_道因法师碑/p0019.jpg,2,5,1,http://data.library.sh.cn/bt/resource/work/v1e0qbx3r5wp1uw4,http://iiif.library.sh.cn/api/viewer/17A331,https://iiif.library.sh.cn/p/3/02c55611-7427-4cd0-a2cd-a15b5ccbaa9c,https://iiif.library.sh.cn/c/3/63b4bfea-2e64-4e3a-a102-f09a425ff494,1444,2213,https://iiif.library.sh.cn/c/3/63b4bfea-2e64-4e3a-a102-f09a425ff494/ap/s,https://iiif.library.sh.cn/c/3/63b4bfea-2e64-4e3a-a102-f09a425ff494/ap/c/a/f6501ed9-848a-4728-a121-997d00d389ba,22,22,supplementing,"[771, 1388, 913, 1530]","https://iiif.library.sh.cn/c/3/63b4bfea-2e64-4e3a-a102-f09a425ff494#xywh=771,1388,142,142",李俨撰文，欧阳通楷书,欧阳通（楷书）；李儇（撰文）,唐,龙朔三年十月十日刻立（663）,663,楷书,17A331,《翰墨瑰宝：上海图书馆藏珍本碑帖丛刊》第二辑,iiif_annotation_target_xywh,iiif_xywh
001_道因法师碑_p0019_c023,心,001_道因法师碑,道因法师碑,19,十九,771,1583,142,142,"[771, 1583, 142, 142]",771,1563,151,157,"[771, 1563, 151, 157]",745,1557,194,194,"[745, 1557, 194, 194]",753,1534,187,221,"[753, 1534, 187, 221]",753,1534,187,221,"[753, 1534, 187, 221]",offline_local_binary_ring_bottom_guard,assets/page_images/001_道因法师碑/p0019.jpg,2,6,1,http://data.library.sh.cn/bt/resource/work/v1e0qbx3r5wp1uw4,http://iiif.library.sh.cn/api/viewer/17A331,https://iiif.library.sh.cn/p/3/02c55611-7427-4cd0-a2cd-a15b5ccbaa9c,https://iiif.library.sh.cn/c/3/63b4bfea-2e64-4e3a-a102-f09a425ff494,1444,2213,https://iiif.library.sh.cn/c/3/63b4bfea-2e64-4e3a-a102-f09a425ff494/ap/s,https://iiif.library.sh.cn/c/3/63b4bfea-2e64-4e3a-a102-f09a425ff494/ap/c/a/246b694d-c2c3-4b6a-ae58-265253db6910,23,23,supplementing,"[771, 1583, 913, 1725]","https://iiif.library.sh.cn/c/3/63b4bfea-2e64-4e3a-a102-f09a425ff494#xywh=771,1583,142,142",李俨撰文，欧阳通楷书,欧阳通（楷书）；李儇（撰文）,唐,龙朔三年十月十日刻立（663）,663,楷书,17A331,《翰墨瑰宝：上海图书馆藏珍本碑帖丛刊》第二辑,iiif_annotation_target_xywh,iiif_xywh
001_道因法师碑_p0019_c024,猿,001_道因法师碑,道因法师碑,19,十九,771,1729,142,142,"[771, 1729, 142, 142]",771,1733,151,134,"[771, 1733, 151, 134]",745,1703,194,194,"[745, 1703, 194, 194]",753,1704,187,192,"[753, 1704, 187, 192]",753,1704,187,192,"[753, 1704, 187, 192]",offline_local_binary_ring_bottom_guard,assets/page_images/001_道因法师碑/p0019.jpg,2,7,1,http://data.library.sh.cn/bt/resource/work/v1e0qbx3r5wp1uw4,http://iiif.library.sh.cn/api/viewer/17A331,https://iiif.library.sh.cn/p/3/02c55611-7427-4cd0-a2cd-a15b5ccbaa9c,https://iiif.library.sh.cn/c/3/63b4bfea-2e64-4e3a-a102-f09a425ff494,1444,2213,https://iiif.library.sh.cn/c/3/63b4bfea-2e64-4e3a-a102-f09a425ff494/ap/s,https://iiif.library.sh.cn/c/3/63b4bfea-2e64-4e3a-a102-f09a425ff494/ap/c/a/1168835f-416f-4002-ba17-d247e4ff56b8,24,24,supplementing,"[771, 1729, 913, 1871]","https://iiif.library.sh.cn/c/3/63b4bfea-2e64-4e3a-a102-f09a425ff494#xywh=771,1729,142,142",李俨撰文，欧阳通楷书,欧阳通（楷书）；李儇（撰文）,唐,龙朔三年十月十日刻立（663）,663,楷书,17A331,《翰墨瑰宝：上海图书馆藏珍本碑帖丛刊》第二辑,iiif_annotation_target_xywh,iiif_xywh
001_道因法师碑_p0019_c025,久,001_道因法师碑,道因法师碑,19,十九,598,524,165,165,"[598, 524, 165, 165]",602,557,156,99,"[602, 557, 156, 99]",568,494,225,225,"[568, 494, 225, 225]",583,535,194,143,"[583, 535, 194, 143]",583,535,194,143,"[583, 535, 194, 143]",offline_local_binary_ring_bottom_guard,assets/page_images/001_道因法师碑/p0019.jpg,3,0,1,http://data.library.sh.cn/bt/resource/work/v1e0qbx3r5wp1uw4,http://iiif.library.sh.cn/api/viewer/17A331,https://iiif.library.sh.cn/p/3/02c55611-7427-4cd0-a2cd-a15b5ccbaa9c,https://iiif.library.sh.cn/c/3/63b4bfea-2e64-4e3a-a102-f09a425ff494,1444,2213,https://iiif.library.sh.cn/c/3/63b4bfea-2e64-4e3a-a102-f09a425ff494/ap/s,https://iiif.library.sh.cn/c/3/63b4bfea-2e64-4e3a-a102-f09a425ff494/ap/c/a/fe581141-36dd-49f1-89cc-cba6bf3106a1,25,25,supplementing,"[598, 524, 763, 689]","https://iiif.library.sh.cn/c/3/63b4bfea-2e64-4e3a-a102-f09a425ff494#xywh=598,524,165,165",李俨撰文，欧阳通楷书,欧阳通（楷书）；李儇（撰文）,唐,龙朔三年十月十日刻立（663）,663,楷书,17A331,《翰墨瑰宝：上海图书馆藏珍本碑帖丛刊》第二辑,iiif_annotation_target_xywh,iiif_xywh
001_道因法师碑_p0019_c026,制,001_道因法师碑,道因法师碑,19,十九,598,631,165,165,"[598, 631, 165, 165]",602,666,156,137,"[602, 666, 156, 137]",568,601,225,225,"[568, 601, 225, 225]",583,636,194,197,"[583, 636, 194, 197]",583,636,194,197,"[583, 636, 194, 197]",offline_local_binary_ring_bottom_guard,assets/page_images/001_道因法师碑/p0019.jpg,3,1,1,http://data.library.sh.cn/bt/resource/work/v1e0qbx3r5wp1uw4,http://iiif.library.sh.cn/api/viewer/17A331,https://iiif.library.sh.cn/p/3/02c55611-7427-4cd0-a2cd-a15b5ccbaa9c,https://iiif.library.sh.cn/c/3/63b4bfea-2e64-4e3a-a102-f09a425ff494,1444,2213,https://iiif.library.sh.cn/c/3/63b4bfea-2e64-4e3a-a102-f09a425ff494/ap/s,https://iiif.library.sh.cn/c/3/63b4bfea-2e64-4e3a-a102-f09a425ff494/ap/c/a/ef35f8f2-5e25-4a2c-ad62-159aaa514a2b,26,26,supplementing,"[598, 631, 763, 796]","https://iiif.library.sh.cn/c/3/63b4bfea-2e64-4e3a-a102-f09a425ff494#xywh=598,631,165,165",李俨撰文，欧阳通楷书,欧阳通（楷书）；李儇（撰文）,唐,龙朔三年十月十日刻立（663）,663,楷书,17A331,《翰墨瑰宝：上海图书馆藏珍本碑帖丛刊》第二辑,iiif_annotation_target_xywh,iiif_xywh
001_道因法师碑_p0019_c027,溯,001_道因法师碑,道因法师碑,19,十九,598,822,165,165,"[598, 822, 165, 165]",602,817,156,175,"[602, 817, 156, 175]",568,792,225,225,"[568, 792, 225, 225]",583,783,194,247,"[583, 783, 194, 247]",583,783,194,247,"[583, 783, 194, 247]",offline_local_binary_ring_bottom_guard,assets/page_images/001_道因法师碑/p0019.jpg,3,2,1,http://data.library.sh.cn/bt/resource/work/v1e0qbx3r5wp1uw4,http://iiif.library.sh.cn/api/viewer/17A331,https://iiif.library.sh.cn/p/3/02c55611-7427-4cd0-a2cd-a15b5ccbaa9c,https://iiif.library.sh.cn/c/3/63b4bfea-2e64-4e3a-a102-f09a425ff494,1444,2213,https://iiif.library.sh.cn/c/3/63b4bfea-2e64-4e3a-a102-f09a425ff494/ap/s,https://iiif.library.sh.cn/c/3/63b4bfea-2e64-4e3a-a102-f09a425ff494/ap/c/a/e658c4b5-30e4-4999-ad48-854f4ac1304c,27,27,supplementing,"[598, 822, 763, 987]","https://iiif.library.sh.cn/c/3/63b4bfea-2e64-4e3a-a102-f09a425ff494#xywh=598,822,165,165",李俨撰文，欧阳通楷书,欧阳通（楷书）；李儇（撰文）,唐,龙朔三年十月十日刻立（663）,663,楷书,17A331,《翰墨瑰宝：上海图书馆藏珍本碑帖丛刊》第二辑,iiif_annotation_target_xywh,iiif_xywh
001_道因法师碑_p0019_c028,流,001_道因法师碑,道因法师碑,19,十九,618,1022,145,145,"[618, 1022, 145, 145]",602,1007,156,172,"[602, 1007, 156, 172]",592,996,197,197,"[592, 996, 197, 197]",583,977,194,240,"[583, 977, 194, 240]",583,977,194,240,"[583, 977, 194, 240]",offline_local_binary_ring_bottom_guard,assets/page_images/001_道因法师碑/p0019.jpg,3,3,1,http://data.library.sh.cn/bt/resource/work/v1e0qbx3r5wp1uw4,http://iiif.library.sh.cn/api/viewer/17A331,https://iiif.library.sh.cn/p/3/02c55611-7427-4cd0-a2cd-a15b5ccbaa9c,https://iiif.library.sh.cn/c/3/63b4bfea-2e64-4e3a-a102-f09a425ff494,1444,2213,https://iiif.library.sh.cn/c/3/63b4bfea-2e64-4e3a-a102-f09a425ff494/ap/s,https://iiif.library.sh.cn/c/3/63b4bfea-2e64-4e3a-a102-f09a425ff494/ap/c/a/2fb5900a-5c03-46e7-bdf1-e627182cbca9,28,28,supplementing,"[618, 1022, 763, 1167]","https://iiif.library.sh.cn/c/3/63b4bfea-2e64-4e3a-a102-f09a425ff494#xywh=618,1022,145,145",李俨撰文，欧阳通楷书,欧阳通（楷书）；李儇（撰文）,唐,龙朔三年十月十日刻立（663）,663,楷书,17A331,《翰墨瑰宝：上海图书馆藏珍本碑帖丛刊》第二辑,iiif_annotation_target_xywh,iiif_xywh
001_道因法师碑_p0019_c029,增,001_道因法师碑,道因法师碑,19,十九,618,1205,145,145,"[618, 1205, 145, 145]",602,1193,156,163,"[602, 1193, 156, 163]",592,1179,197,197,"[592, 1179, 197, 197]",583,1163,194,229,"[583, 1163, 194, 229]",583,1163,194,229,"[583, 1163, 194, 229]",offline_local_binary_ring_bottom_guard,assets/page_images/001_道因法师碑/p0019.jpg,3,4,1,http://data.library.sh.cn/bt/resource/work/v1e0qbx3r5wp1uw4,http://iiif.library.sh.cn/api/viewer/17A331,https://iiif.library.sh.cn/p/3/02c55611-7427-4cd0-a2cd-a15b5ccbaa9c,https://iiif.library.sh.cn/c/3/63b4bfea-2e64-4e3a-a102-f09a425ff494,1444,2213,https://iiif.library.sh.cn/c/3/63b4bfea-2e64-4e3a-a102-f09a425ff494/ap/s,https://iiif.library.sh.cn/c/3/63b4bfea-2e64-4e3a-a102-f09a425ff494/ap/c/a/d9bfb8f9-89cd-40cf-b0f8-d0a5a011587b,29,29,supplementing,"[618, 1205, 763, 1350]","https://iiif.library.sh.cn/c/3/63b4bfea-2e64-4e3a-a102-f09a425ff494#xywh=618,1205,145,145",李俨撰文，欧阳通楷书,欧阳通（楷书）；李儇（撰文）,唐,龙朔三年十月十日刻立（663）,663,楷书,17A331,《翰墨瑰宝：上海图书馆藏珍本碑帖丛刊》第二辑,iiif_annotation_target_xywh,iiif_xywh
001_道因法师碑_p0019_c030,智,001_道因法师碑,道因法师碑,19,十九,618,1376,145,145,"[618, 1376, 145, 145]",602,1370,156,160,"[602, 1370, 156, 160]",592,1350,197,197,"[592, 1350, 197, 197]",583,1340,194,225,"[583, 1340, 194, 225]",583,1340,194,225,"[583, 1340, 194, 225]",offline_local_binary_ring_bottom_guard,assets/page_images/001_道因法师碑/p0019.jpg,3,5,1,http://data.library.sh.cn/bt/resource/work/v1e0qbx3r5wp1uw4,http://iiif.library.sh.cn/api/viewer/17A331,https://iiif.library.sh.cn/p/3/02c55611-7427-4cd0-a2cd-a15b5ccbaa9c,https://iiif.library.sh.cn/c/3/63b4bfea-2e64-4e3a-a102-f09a425ff494,1444,2213,https://iiif.library.sh.cn/c/3/63b4bfea-2e64-4e3a-a102-f09a425ff494/ap/s,https://iiif.library.sh.cn/c/3/63b4bfea-2e64-4e3a-a102-f09a425ff494/ap/c/a/2ca43c8d-a116-414e-b908-500cd9274d1e,30,30,supplementing,"[618, 1376, 763, 1521]","https://iiif.library.sh.cn/c/3/63b4bfea-2e64-4e3a-a102-f09a425ff494#xywh=618,1376,145,145",李俨撰文，欧阳通楷书,欧阳通（楷书）；李儇（撰文）,唐,龙朔三年十月十日刻立（663）,663,楷书,17A331,《翰墨瑰宝：上海图书馆藏珍本碑帖丛刊》第二辑,iiif_annotation_target_xywh,iiif_xywh
001_道因法师碑_p0019_c031,望,001_道因法师碑,道因法师碑,19,十九,618,1553,145,145,"[618, 1553, 145, 145]",602,1544,156,165,"[602, 1544, 156, 165]",592,1527,197,197,"[592, 1527, 197, 197]",583,1514,194,231,"[583, 1514, 194, 231]",583,1514,194,231,"[583, 1514, 194, 231]",offline_local_binary_ring_bottom_guard,assets/page_images/001_道因法师碑/p0019.jpg,3,6,1,http://data.library.sh.cn/bt/resource/work/v1e0qbx3r5wp1uw4,http://iiif.library.sh.cn/api/viewer/17A331,https://iiif.library.sh.cn/p/3/02c55611-7427-4cd0-a2cd-a15b5ccbaa9c,https://iiif.library.sh.cn/c/3/63b4bfea-2e64-4e3a-a102-f09a425ff494,1444,2213,https://iiif.library.sh.cn/c/3/63b4bfea-2e64-4e3a-a102-f09a425ff494/ap/s,https://iiif.library.sh.cn/c/3/63b4bfea-2e64-4e3a-a102-f09a425ff494/ap/c/a/82b3df69-55e2-4fe4-ab0f-c437b471a010,31,31,supplementing,"[618, 1553, 763, 1698]","https://iiif.library.sh.cn/c/3/63b4bfea-2e64-4e3a-a102-f09a425ff494#xywh=618,1553,145,145",李俨撰文，欧阳通楷书,欧阳通（楷书）；李儇（撰文）,唐,龙朔三年十月十日刻立（663）,663,楷书,17A331,《翰墨瑰宝：上海图书馆藏珍本碑帖丛刊》第二辑,iiif_annotation_target_xywh,iiif_xywh
001_道因法师碑_p0019_c032,井,001_道因法师碑,道因法师碑,19,十九,618,1734,145,145,"[618, 1734, 145, 145]",602,1723,156,167,"[602, 1723, 156, 167]",592,1708,197,197,"[592, 1708, 197, 197]",583,1693,194,234,"[583, 1693, 194, 234]",583,1693,194,234,"[583, 1693, 194, 234]",offline_local_binary_ring_bottom_guard,assets/page_images/001_道因法师碑/p0019.jpg,3,7,1,http://data.library.sh.cn/bt/resource/work/v1e0qbx3r5wp1uw4,http://iiif.library.sh.cn/api/viewer/17A331,https://iiif.library.sh.cn/p/3/02c55611-7427-4cd0-a2cd-a15b5ccbaa9c,https://iiif.library.sh.cn/c/3/63b4bfea-2e64-4e3a-a102-f09a425ff494,1444,2213,https://iiif.library.sh.cn/c/3/63b4bfea-2e64-4e3a-a102-f09a425ff494/ap/s,https://iiif.library.sh.cn/c/3/63b4bfea-2e64-4e3a-a102-f09a425ff494/ap/c/a/aca94796-e652-4652-bdb8-2c6d98438bc2,32,32,supplementing,"[618, 1734, 763, 1879]","https://iiif.library.sh.cn/c/3/63b4bfea-2e64-4e3a-a102-f09a425ff494#xywh=618,1734,145,145",李俨撰文，欧阳通楷书,欧阳通（楷书）；李儇（撰文）,唐,龙朔三年十月十日刻立（663）,663,楷书,17A331,《翰墨瑰宝：上海图书馆藏珍本碑帖丛刊》第二辑,iiif_annotation_target_xywh,iiif_xywh
001_道因法师碑_p0019_c033,加,001_道因法师碑,道因法师碑,19,十九,423,539,161,161,"[423, 539, 161, 161]",419,568,169,103,"[419, 568, 169, 103]",394,510,219,219,"[394, 510, 219, 219]",399,545,209,149,"[399, 545, 209, 149]",399,545,209,149,"[399, 545, 209, 149]",offline_local_binary_ring_bottom_guard,assets/page_images/001_道因法师碑/p0019.jpg,4,0,1,http://data.library.sh.cn/bt/resource/work/v1e0qbx3r5wp1uw4,http://iiif.library.sh.cn/api/viewer/17A331,https://iiif.library.sh.cn/p/3/02c55611-7427-4cd0-a2cd-a15b5ccbaa9c,https://iiif.library.sh.cn/c/3/63b4bfea-2e64-4e3a-a102-f09a425ff494,1444,2213,https://iiif.library.sh.cn/c/3/63b4bfea-2e64-4e3a-a102-f09a425ff494/ap/s,https://iiif.library.sh.cn/c/3/63b4bfea-2e64-4e3a-a102-f09a425ff494/ap/c/a/3aa1bfd0-4b2b-4a61-bbe0-28731d4f9e4d,33,33,supplementing,"[423, 539, 584, 700]","https://iiif.library.sh.cn/c/3/63b4bfea-2e64-4e3a-a102-f09a425ff494#xywh=423,539,161,161",李俨撰文，欧阳通楷书,欧阳通（楷书）；李儇（撰文）,唐,龙朔三年十月十日刻立（663）,663,楷书,17A331,《翰墨瑰宝：上海图书馆藏珍本碑帖丛刊》第二辑,iiif_annotation_target_xywh,iiif_xywh
001_道因法师碑_p0019_c034,勤,001_道因法师碑,道因法师碑,19,十九,423,651,161,161,"[423, 651, 161, 161]",419,682,169,139,"[419, 682, 169, 139]",394,622,219,219,"[394, 622, 219, 219]",399,651,209,201,"[399, 651, 209, 201]",399,651,209,201,"[399, 651, 209, 201]",offline_local_binary_ring_bottom_guard,assets/page_images/001_道因法师碑/p0019.jpg,4,1,1,http://data.library.sh.cn/bt/resource/work/v1e0qbx3r5wp1uw4,http://iiif.library.sh.cn/api/viewer/17A331,https://iiif.library.sh.cn/p/3/02c55611-7427-4cd0-a2cd-a15b5ccbaa9c,https://iiif.library.sh.cn/c/3/63b4bfea-2e64-4e3a-a102-f09a425ff494,1444,2213,https://iiif.library.sh.cn/c/3/63b4bfea-2e64-4e3a-a102-f09a425ff494/ap/s,https://iiif.library.sh.cn/c/3/63b4bfea-2e64-4e3a-a102-f09a425ff494/ap/c/a/c01dbffd-34c8-4101-95fb-d6dd66809ed9,34,34,supplementing,"[423, 651, 584, 812]","https://iiif.library.sh.cn/c/3/63b4bfea-2e64-4e3a-a102-f09a425ff494#xywh=423,651,161,161",李俨撰文，欧阳通楷书,欧阳通（楷书）；李儇（撰文）,唐,龙朔三年十月十日刻立（663）,663,楷书,17A331,《翰墨瑰宝：上海图书馆藏珍本碑帖丛刊》第二辑,iiif_annotation_target_xywh,iiif_xywh
001_道因法师碑_p0019_c035,在,001_道因法师碑,道因法师碑,19,十九,423,843,161,161,"[423, 843, 161, 161]",419,835,169,176,"[419, 835, 169, 176]",394,814,219,219,"[394, 814, 219, 219]",399,802,209,248,"[399, 802, 209, 248]",399,802,209,248,"[399, 802, 209, 248]",offline_local_binary_ring_bottom_guard,assets/page_images/001_道因法师碑/p0019.jpg,4,2,1,http://data.library.sh.cn/bt/resource/work/v1e0qbx3r5wp1uw4,http://iiif.library.sh.cn/api/viewer/17A331,https://iiif.library.sh.cn/p/3/02c55611-7427-4cd0-a2cd-a15b5ccbaa9c,https://iiif.library.sh.cn/c/3/63b4bfea-2e64-4e3a-a102-f09a425ff494,1444,2213,https://iiif.library.sh.cn/c/3/63b4bfea-2e64-4e3a-a102-f09a425ff494/ap/s,https://iiif.library.sh.cn/c/3/63b4bfea-2e64-4e3a-a102-f09a425ff494/ap/c/a/b9f49ed5-d270-4244-bc3b-f82019d9529a,35,35,supplementing,"[423, 843, 584, 1004]","https://iiif.library.sh.cn/c/3/63b4bfea-2e64-4e3a-a102-f09a425ff494#xywh=423,843,161,161",李俨撰文，欧阳通楷书,欧阳通（楷书）；李儇（撰文）,唐,龙朔三年十月十日刻立（663）,663,楷书,17A331,《翰墨瑰宝：上海图书馆藏珍本碑帖丛刊》第二辑,iiif_annotation_target_xywh,iiif_xywh
001_道因法师碑_p0019_c036,疑,001_道因法师碑,道因法师碑,19,十九,423,1034,161,161,"[423, 1034, 161, 161]",419,1027,169,184,"[419, 1027, 169, 184]",394,1005,219,219,"[394, 1005, 219, 219]",399,994,209,257,"[399, 994, 209, 257]",399,994,209,257,"[399, 994, 209, 257]",offline_local_binary_ring_bottom_guard,assets/page_images/001_道因法师碑/p0019.jpg,4,3,1,http://data.library.sh.cn/bt/resource/work/v1e0qbx3r5wp1uw4,http://iiif.library.sh.cn/api/viewer/17A331,https://iiif.library.sh.cn/p/3/02c55611-7427-4cd0-a2cd-a15b5ccbaa9c,https://iiif.library.sh.cn/c/3/63b4bfea-2e64-4e3a-a102-f09a425ff494,1444,2213,https://iiif.library.sh.cn/c/3/63b4bfea-2e64-4e3a-a102-f09a425ff494/ap/s,https://iiif.library.sh.cn/c/3/63b4bfea-2e64-4e3a-a102-f09a425ff494/ap/c/a/d49ba9cc-8b15-43b6-9859-15ca622d3aa1,36,36,supplementing,"[423, 1034, 584, 1195]","https://iiif.library.sh.cn/c/3/63b4bfea-2e64-4e3a-a102-f09a425ff494#xywh=423,1034,161,161",李俨撰文，欧阳通楷书,欧阳通（楷书）；李儇（撰文）,唐,龙朔三年十月十日刻立（663）,663,楷书,17A331,《翰墨瑰宝：上海图书馆藏珍本碑帖丛刊》第二辑,iiif_annotation_target_xywh,iiif_xywh
001_道因法师碑_p0019_c037,必,001_道因法师碑,道因法师碑,19,十九,423,1243,161,161,"[423, 1243, 161, 161]",419,1226,169,155,"[419, 1226, 169, 155]",394,1214,219,219,"[394, 1214, 219, 219]",399,1193,209,222,"[399, 1193, 209, 222]",399,1193,209,222,"[399, 1193, 209, 222]",offline_local_binary_ring_bottom_guard,assets/page_images/001_道因法师碑/p0019.jpg,4,4,1,http://data.library.sh.cn/bt/resource/work/v1e0qbx3r5wp1uw4,http://iiif.library.sh.cn/api/viewer/17A331,https://iiif.library.sh.cn/p/3/02c55611-7427-4cd0-a2cd-a15b5ccbaa9c,https://iiif.library.sh.cn/c/3/63b4bfea-2e64-4e3a-a102-f09a425ff494,1444,2213,https://iiif.library.sh.cn/c/3/63b4bfea-2e64-4e3a-a102-f09a425ff494/ap/s,https://iiif.library.sh.cn/c/3/63b4bfea-2e64-4e3a-a102-f09a425ff494/ap/c/a/39e12de3-6c91-4eb6-b53e-8ad01a820df0,37,37,supplementing,"[423, 1243, 584, 1404]","https://iiif.library.sh.cn/c/3/63b4bfea-2e64-4e3a-a102-f09a425ff494#xywh=423,1243,161,161",李俨撰文，欧阳通楷书,欧阳通（楷书）；李儇（撰文）,唐,龙朔三年十月十日刻立（663）,663,楷书,17A331,《翰墨瑰宝：上海图书馆藏珍本碑帖丛刊》第二辑,iiif_annotation_target_xywh,iiif_xywh
001_道因法师碑_p0019_c038,请,001_道因法师碑,道因法师碑,19,十九,423,1372,161,161,"[423, 1372, 161, 161]",419,1395,169,160,"[419, 1395, 169, 160]",394,1343,219,219,"[394, 1343, 219, 219]",399,1360,209,230,"[399, 1360, 209, 230]",399,1360,209,230,"[399, 1360, 209, 230]",offline_local_binary_ring_bottom_guard,assets/page_images/001_道因法师碑/p0019.jpg,4,5,1,http://data.library.sh.cn/bt/resource/work/v1e0qbx3r5wp1uw4,http://iiif.library.sh.cn/api/viewer/17A331,https://iiif.library.sh.cn/p/3/02c55611-7427-4cd0-a2cd-a15b5ccbaa9c,https://iiif.library.sh.cn/c/3/63b4bfea-2e64-4e3a-a102-f09a425ff494,1444,2213,https://iiif.library.sh.cn/c/3/63b4bfea-2e64-4e3a-a102-f09a425ff494/ap/s,https://iiif.library.sh.cn/c/3/63b4bfea-2e64-4e3a-a102-f09a425ff494/ap/c/a/5f3f5752-d18f-4611-b950-87517400ee5a,38,38,supplementing,"[423, 1372, 584, 1533]","https://iiif.library.sh.cn/c/3/63b4bfea-2e64-4e3a-a102-f09a425ff494#xywh=423,1372,161,161",李俨撰文，欧阳通楷书,欧阳通（楷书）；李儇（撰文）,唐,龙朔三年十月十日刻立（663）,663,楷书,17A331,《翰墨瑰宝：上海图书馆藏珍本碑帖丛刊》第二辑,iiif_annotation_target_xywh,iiif_xywh
001_道因法师碑_p0019_c039,见,001_道因法师碑,道因法师碑,19,十九,423,1591,161,161,"[423, 1591, 161, 161]",419,1570,169,176,"[419, 1570, 169, 176]",394,1562,219,219,"[394, 1562, 219, 219]",399,1537,209,248,"[399, 1537, 209, 248]",399,1537,209,248,"[399, 1537, 209, 248]",offline_local_binary_ring_bottom_guard,assets/page_images/001_道因法师碑/p0019.jpg,4,6,1,http://data.library.sh.cn/bt/resource/work/v1e0qbx3r5wp1uw4,http://iiif.library.sh.cn/api/viewer/17A331,https://iiif.library.sh.cn/p/3/02c55611-7427-4cd0-a2cd-a15b5ccbaa9c,https://iiif.library.sh.cn/c/3/63b4bfea-2e64-4e3a-a102-f09a425ff494,1444,2213,https://iiif.library.sh.cn/c/3/63b4bfea-2e64-4e3a-a102-f09a425ff494/ap/s,https://iiif.library.sh.cn/c/3/63b4bfea-2e64-4e3a-a102-f09a425ff494/ap/c/a/1eea73f6-8368-43a3-9cad-78c09c20990d,39,39,supplementing,"[423, 1591, 584, 1752]","https://iiif.library.sh.cn/c/3/63b4bfea-2e64-4e3a-a102-f09a425ff494#xywh=423,1591,161,161",李俨撰文，欧阳通楷书,欧阳通（楷书）；李儇（撰文）,唐,龙朔三年十月十日刻立（663）,663,楷书,17A331,《翰墨瑰宝：上海图书馆藏珍本碑帖丛刊》第二辑,iiif_annotation_target_xywh,iiif_xywh
001_道因法师碑_p0019_c040,义,001_道因法师碑,道因法师碑,19,十九,423,1756,161,161,"[423, 1756, 161, 161]",419,1761,169,151,"[419, 1761, 169, 151]",394,1727,219,219,"[394, 1727, 219, 219]",399,1728,209,217,"[399, 1728, 209, 217]",399,1728,209,217,"[399, 1728, 209, 217]",offline_local_binary_ring_bottom_guard,assets/page_images/001_道因法师碑/p0019.jpg,4,7,1,http://data.library.sh.cn/bt/resource/work/v1e0qbx3r5wp1uw4,http://iiif.library.sh.cn/api/viewer/17A331,https://iiif.library.sh.cn/p/3/02c55611-7427-4cd0-a2cd-a15b5ccbaa9c,https://iiif.library.sh.cn/c/3/63b4bfea-2e64-4e3a-a102-f09a425ff494,1444,2213,https://iiif.library.sh.cn/c/3/63b4bfea-2e64-4e3a-a102-f09a425ff494/ap/s,https://iiif.library.sh.cn/c/3/63b4bfea-2e64-4e3a-a102-f09a425ff494/ap/c/a/959ade69-0ba7-4bef-b510-4d87ac88e834,40,40,supplementing,"[423, 1756, 584, 1917]","https://iiif.library.sh.cn/c/3/63b4bfea-2e64-4e3a-a102-f09a425ff494#xywh=423,1756,161,161",李俨撰文，欧阳通楷书,欧阳通（楷书）；李儇（撰文）,唐,龙朔三年十月十日刻立（663）,663,楷书,17A331,《翰墨瑰宝：上海图书馆藏珍本碑帖丛刊》第二辑,iiif_annotation_target_xywh,iiif_xywh
001_道因法师碑_p0020_c001,思,001_道因法师碑,道因法师碑,20,二十,857,516,165,165,"[857, 516, 165, 165]",854,527,171,143,"[854, 527, 171, 143]",827,486,225,225,"[827, 486, 225, 225]",833,496,213,205,"[833, 496, 213, 205]",833,496,213,205,"[833, 496, 213, 205]",offline_local_binary_ring_bottom_guard,assets/page_images/001_道因法师碑/p0020.jpg,0,0,1,http://data.library.sh.cn/bt/resource/work/v1e0qbx3r5wp1uw4,http://iiif.library.sh.cn/api/viewer/17A331,https://iiif.library.sh.cn/p/3/02c55611-7427-4cd0-a2cd-a15b5ccbaa9c,https://iiif.library.sh.cn/c/3/94513ff4-cce1-4a2c-925b-fcf82add2f02,1444,2221,https://iiif.library.sh.cn/c/3/94513ff4-cce1-4a2c-925b-fcf82add2f02/ap/s,https://iiif.library.sh.cn/c/3/94513ff4-cce1-4a2c-925b-fcf82add2f02/ap/c/a/eb66c7b0-c4ca-4ed1-8fa3-d7958e6174ae,1,1,supplementing,"[857, 516, 1022, 681]","https://iiif.library.sh.cn/c/3/94513ff4-cce1-4a2c-925b-fcf82add2f02#xywh=857,516,165,165",李俨撰文，欧阳通楷书,欧阳通（楷书）；李儇（撰文）,唐,龙朔三年十月十日刻立（663）,663,楷书,17A331,《翰墨瑰宝：上海图书馆藏珍本碑帖丛刊》第二辑,iiif_annotation_target_xywh,iiif_xywh
001_道因法师碑_p0020_c002,益,001_道因法师碑,道因法师碑,20,二十,857,672,165,165,"[857, 672, 165, 165]",854,683,171,144,"[854, 683, 171, 144]",827,642,225,225,"[827, 642, 225, 225]",833,651,213,208,"[833, 651, 213, 208]",833,651,213,208,"[833, 651, 213, 208]",offline_local_binary_ring_bottom_guard,assets/page_images/001_道因法师碑/p0020.jpg,0,1,1,http://data.library.sh.cn/bt/resource/work/v1e0qbx3r5wp1uw4,http://iiif.library.sh.cn/api/viewer/17A331,https://iiif.library.sh.cn/p/3/02c55611-7427-4cd0-a2cd-a15b5ccbaa9c,https://iiif.library.sh.cn/c/3/94513ff4-cce1-4a2c-925b-fcf82add2f02,1444,2221,https://iiif.library.sh.cn/c/3/94513ff4-cce1-4a2c-925b-fcf82add2f02/ap/s,https://iiif.library.sh.cn/c/3/94513ff4-cce1-4a2c-925b-fcf82add2f02/ap/c/a/e26460ad-a6da-4876-bd10-abe8c5f57161,2,2,supplementing,"[857, 672, 1022, 837]","https://iiif.library.sh.cn/c/3/94513ff4-cce1-4a2c-925b-fcf82add2f02#xywh=857,672,165,165",李俨撰文，欧阳通楷书,欧阳通（楷书）；李儇（撰文）,唐,龙朔三年十月十日刻立（663）,663,楷书,17A331,《翰墨瑰宝：上海图书馆藏珍本碑帖丛刊》第二辑,iiif_annotation_target_xywh,iiif_xywh
001_道因法师碑_p0020_c003,寻,001_道因法师碑,道因法师碑,20,二十,857,830,165,165,"[857, 830, 165, 165]",854,840,171,159,"[854, 840, 171, 159]",827,800,225,225,"[827, 800, 225, 225]",833,805,213,229,"[833, 805, 213, 229]",833,805,213,229,"[833, 805, 213, 229]",offline_local_binary_ring_bottom_guard,assets/page_images/001_道因法师碑/p0020.jpg,0,2,1,http://data.library.sh.cn/bt/resource/work/v1e0qbx3r5wp1uw4,http://iiif.library.sh.cn/api/viewer/17A331,https://iiif.library.sh.cn/p/3/02c55611-7427-4cd0-a2cd-a15b5ccbaa9c,https://iiif.library.sh.cn/c/3/94513ff4-cce1-4a2c-925b-fcf82add2f02,1444,2221,https://iiif.library.sh.cn/c/3/94513ff4-cce1-4a2c-925b-fcf82add2f02/ap/s,https://iiif.library.sh.cn/c/3/94513ff4-cce1-4a2c-925b-fcf82add2f02/ap/c/a/99277512-dd56-4037-874f-0e5dc687c63b,3,3,supplementing,"[857, 830, 1022, 995]","https://iiif.library.sh.cn/c/3/94513ff4-cce1-4a2c-925b-fcf82add2f02#xywh=857,830,165,165",李俨撰文，欧阳通楷书,欧阳通（楷书）；李儇（撰文）,唐,龙朔三年十月十日刻立（663）,663,楷书,17A331,《翰墨瑰宝：上海图书馆藏珍本碑帖丛刊》第二辑,iiif_annotation_target_xywh,iiif_xywh
001_道因法师碑_p0020_c004,讲,001_道因法师碑,道因法师碑,20,二十,857,1016,165,165,"[857, 1016, 165, 165]",854,1013,171,172,"[854, 1013, 171, 172]",827,986,225,225,"[827, 986, 225, 225]",833,979,213,244,"[833, 979, 213, 244]",833,979,213,244,"[833, 979, 213, 244]",offline_local_binary_ring_bottom_guard,assets/page_images/001_道因法师碑/p0020.jpg,0,3,1,http://data.library.sh.cn/bt/resource/work/v1e0qbx3r5wp1uw4,http://iiif.library.sh.cn/api/viewer/17A331,https://iiif.library.sh.cn/p/3/02c55611-7427-4cd0-a2cd-a15b5ccbaa9c,https://iiif.library.sh.cn/c/3/94513ff4-cce1-4a2c-925b-fcf82add2f02,1444,2221,https://iiif.library.sh.cn/c/3/94513ff4-cce1-4a2c-925b-fcf82add2f02/ap/s,https://iiif.library.sh.cn/c/3/94513ff4-cce1-4a2c-925b-fcf82add2f02/ap/c/a/6c457cd4-f2bd-497b-84f2-d7c6f4c0305c,4,4,supplementing,"[857, 1016, 1022, 1181]","https://iiif.library.sh.cn/c/3/94513ff4-cce1-4a2c-925b-fcf82add2f02#xywh=857,1016,165,165",李俨撰文，欧阳通楷书,欧阳通（楷书）；李儇（撰文）,唐,龙朔三年十月十日刻立（663）,663,楷书,17A331,《翰墨瑰宝：上海图书馆藏珍本碑帖丛刊》第二辑,iiif_annotation_target_xywh,iiif_xywh
001_道因法师碑_p0020_c005,涅,001_道因法师碑,道因法师碑,20,二十,857,1203,165,165,"[857, 1203, 165, 165]",854,1199,171,162,"[854, 1199, 171, 162]",827,1173,225,225,"[827, 1173, 225, 225]",833,1165,213,232,"[833, 1165, 213, 232]",833,1165,213,232,"[833, 1165, 213, 232]",offline_local_binary_ring_bottom_guard,assets/page_images/001_道因法师碑/p0020.jpg,0,4,1,http://data.library.sh.cn/bt/resource/work/v1e0qbx3r5wp1uw4,http://iiif.library.sh.cn/api/viewer/17A331,https://iiif.library.sh.cn/p/3/02c55611-7427-4cd0-a2cd-a15b5ccbaa9c,https://iiif.library.sh.cn/c/3/94513ff4-cce1-4a2c-925b-fcf82add2f02,1444,2221,https://iiif.library.sh.cn/c/3/94513ff4-cce1-4a2c-925b-fcf82add2f02/ap/s,https://iiif.library.sh.cn/c/3/94513ff4-cce1-4a2c-925b-fcf82add2f02/ap/c/a/963b43d6-32f8-41d1-bc21-15e2dd66a14b,5,5,supplementing,"[857, 1203, 1022, 1368]","https://iiif.library.sh.cn/c/3/94513ff4-cce1-4a2c-925b-fcf82add2f02#xywh=857,1203,165,165",李俨撰文，欧阳通楷书,欧阳通（楷书）；李儇（撰文）,唐,龙朔三年十月十日刻立（663）,663,楷书,17A331,《翰墨瑰宝：上海图书馆藏珍本碑帖丛刊》第二辑,iiif_annotation_target_xywh,iiif_xywh
001_道因法师碑_p0020_c006,槃,001_道因法师碑,道因法师碑,20,二十,857,1369,165,165,"[857, 1369, 165, 165]",854,1375,171,154,"[854, 1375, 171, 154]",827,1339,225,225,"[827, 1339, 225, 225]",833,1341,213,222,"[833, 1341, 213, 222]",833,1341,213,222,"[833, 1341, 213, 222]",offline_local_binary_ring_bottom_guard,assets/page_images/001_道因法师碑/p0020.jpg,0,5,1,http://data.library.sh.cn/bt/resource/work/v1e0qbx3r5wp1uw4,http://iiif.library.sh.cn/api/viewer/17A331,https://iiif.library.sh.cn/p/3/02c55611-7427-4cd0-a2cd-a15b5ccbaa9c,https://iiif.library.sh.cn/c/3/94513ff4-cce1-4a2c-925b-fcf82add2f02,1444,2221,https://iiif.library.sh.cn/c/3/94513ff4-cce1-4a2c-925b-fcf82add2f02/ap/s,https://iiif.library.sh.cn/c/3/94513ff4-cce1-4a2c-925b-fcf82add2f02/ap/c/a/28cb1618-f4cd-47ad-a91c-ba349b532264,6,6,supplementing,"[857, 1369, 1022, 1534]","https://iiif.library.sh.cn/c/3/94513ff4-cce1-4a2c-925b-fcf82add2f02#xywh=857,1369,165,165",李俨撰文，欧阳通楷书,欧阳通（楷书）；李儇（撰文）,唐,龙朔三年十月十日刻立（663）,663,楷书,17A331,《翰墨瑰宝：上海图书馆藏珍本碑帖丛刊》第二辑,iiif_annotation_target_xywh,iiif_xywh
001_道因法师碑_p0020_c007,十,001_道因法师碑,道因法师碑,20,二十,857,1538,165,165,"[857, 1538, 165, 165]",854,1543,171,153,"[854, 1543, 171, 153]",827,1508,225,225,"[827, 1508, 225, 225]",833,1509,213,221,"[833, 1509, 213, 221]",833,1509,213,221,"[833, 1509, 213, 221]",offline_local_binary_ring_bottom_guard,assets/page_images/001_道因法师碑/p0020.jpg,0,6,1,http://data.library.sh.cn/bt/resource/work/v1e0qbx3r5wp1uw4,http://iiif.library.sh.cn/api/viewer/17A331,https://iiif.library.sh.cn/p/3/02c55611-7427-4cd0-a2cd-a15b5ccbaa9c,https://iiif.library.sh.cn/c/3/94513ff4-cce1-4a2c-925b-fcf82add2f02,1444,2221,https://iiif.library.sh.cn/c/3/94513ff4-cce1-4a2c-925b-fcf82add2f02/ap/s,https://iiif.library.sh.cn/c/3/94513ff4-cce1-4a2c-925b-fcf82add2f02/ap/c/a/8855f334-e7ed-407a-ac63-927b89d055d4,7,7,supplementing,"[857, 1538, 1022, 1703]","https://iiif.library.sh.cn/c/3/94513ff4-cce1-4a2c-925b-fcf82add2f02#xywh=857,1538,165,165",李俨撰文，欧阳通楷书,欧阳通（楷书）；李儇（撰文）,唐,龙朔三年十月十日刻立（663）,663,楷书,17A331,《翰墨瑰宝：上海图书馆藏珍本碑帖丛刊》第二辑,iiif_annotation_target_xywh,iiif_xywh
001_道因法师碑_p0020_c008,地,001_道因法师碑,道因法师碑,20,二十,857,1703,165,165,"[857, 1703, 165, 165]",854,1710,171,151,"[854, 1710, 171, 151]",827,1673,225,225,"[827, 1673, 225, 225]",833,1677,213,217,"[833, 1677, 213, 217]",833,1677,213,217,"[833, 1677, 213, 217]",offline_local_binary_ring_bottom_guard,assets/page_images/001_道因法师碑/p0020.jpg,0,7,1,http://data.library.sh.cn/bt/resource/work/v1e0qbx3r5wp1uw4,http://iiif.library.sh.cn/api/viewer/17A331,https://iiif.library.sh.cn/p/3/02c55611-7427-4cd0-a2cd-a15b5ccbaa9c,https://iiif.library.sh.cn/c/3/94513ff4-cce1-4a2c-925b-fcf82add2f02,1444,2221,https://iiif.library.sh.cn/c/3/94513ff4-cce1-4a2c-925b-fcf82add2f02/ap/s,https://iiif.library.sh.cn/c/3/94513ff4-cce1-4a2c-925b-fcf82add2f02/ap/c/a/ac383b67-1eba-462f-b947-7a12a9e537d0,8,8,supplementing,"[857, 1703, 1022, 1868]","https://iiif.library.sh.cn/c/3/94513ff4-cce1-4a2c-925b-fcf82add2f02#xywh=857,1703,165,165",李俨撰文，欧阳通楷书,欧阳通（楷书）；李儇（撰文）,唐,龙朔三年十月十日刻立（663）,663,楷书,17A331,《翰墨瑰宝：上海图书馆藏珍本碑帖丛刊》第二辑,iiif_annotation_target_xywh,iiif_xywh
001_道因法师碑_p0020_c009,洞,001_道因法师碑,道因法师碑,20,二十,674,522,159,159,"[674, 522, 159, 159]",676,543,163,117,"[676, 543, 163, 117]",645,493,217,217,"[645, 493, 217, 217]",656,517,203,169,"[656, 517, 203, 169]",656,517,203,169,"[656, 517, 203, 169]",offline_local_binary_ring_bottom_guard,assets/page_images/001_道因法师碑/p0020.jpg,1,0,1,http://data.library.sh.cn/bt/resource/work/v1e0qbx3r5wp1uw4,http://iiif.library.sh.cn/api/viewer/17A331,https://iiif.library.sh.cn/p/3/02c55611-7427-4cd0-a2cd-a15b5ccbaa9c,https://iiif.library.sh.cn/c/3/94513ff4-cce1-4a2c-925b-fcf82add2f02,1444,2221,https://iiif.library.sh.cn/c/3/94513ff4-cce1-4a2c-925b-fcf82add2f02/ap/s,https://iiif.library.sh.cn/c/3/94513ff4-cce1-4a2c-925b-fcf82add2f02/ap/c/a/9f8a64b0-6145-4a57-9940-37209fe38736,9,9,supplementing,"[674, 522, 833, 681]","https://iiif.library.sh.cn/c/3/94513ff4-cce1-4a2c-925b-fcf82add2f02#xywh=674,522,159,159",李俨撰文，欧阳通楷书,欧阳通（楷书）；李儇（撰文）,唐,龙朔三年十月十日刻立（663）,663,楷书,17A331,《翰墨瑰宝：上海图书馆藏珍本碑帖丛刊》第二辑,iiif_annotation_target_xywh,iiif_xywh
001_道因法师碑_p0020_c010,尽,001_道因法师碑,道因法师碑,20,二十,674,649,159,159,"[674, 649, 159, 159]",676,672,163,154,"[676, 672, 163, 154]",645,620,217,217,"[645, 620, 217, 217]",656,638,203,222,"[656, 638, 203, 222]",656,638,203,222,"[656, 638, 203, 222]",offline_local_binary_ring_bottom_guard,assets/page_images/001_道因法师碑/p0020.jpg,1,1,1,http://data.library.sh.cn/bt/resource/work/v1e0qbx3r5wp1uw4,http://iiif.library.sh.cn/api/viewer/17A331,https://iiif.library.sh.cn/p/3/02c55611-7427-4cd0-a2cd-a15b5ccbaa9c,https://iiif.library.sh.cn/c/3/94513ff4-cce1-4a2c-925b-fcf82add2f02,1444,2221,https://iiif.library.sh.cn/c/3/94513ff4-cce1-4a2c-925b-fcf82add2f02/ap/s,https://iiif.library.sh.cn/c/3/94513ff4-cce1-4a2c-925b-fcf82add2f02/ap/c/a/1b393eac-c9a8-497f-acb5-29be480cffed,10,10,supplementing,"[674, 649, 833, 808]","https://iiif.library.sh.cn/c/3/94513ff4-cce1-4a2c-925b-fcf82add2f02#xywh=674,649,159,159",李俨撰文，欧阳通楷书,欧阳通（楷书）；李儇（撰文）,唐,龙朔三年十月十日刻立（663）,663,楷书,17A331,《翰墨瑰宝：上海图书馆藏珍本碑帖丛刊》第二辑,iiif_annotation_target_xywh,iiif_xywh
001_道因法师碑_p0020_c011,幽,001_道因法师碑,道因法师碑,20,二十,674,857,159,159,"[674, 857, 159, 159]",676,840,163,169,"[676, 840, 163, 169]",645,828,217,217,"[645, 828, 217, 217]",656,807,203,239,"[656, 807, 203, 239]",656,807,203,239,"[656, 807, 203, 239]",offline_local_binary_ring_bottom_guard,assets/page_images/001_道因法师碑/p0020.jpg,1,2,1,http://data.library.sh.cn/bt/resource/work/v1e0qbx3r5wp1uw4,http://iiif.library.sh.cn/api/viewer/17A331,https://iiif.library.sh.cn/p/3/02c55611-7427-4cd0-a2cd-a15b5ccbaa9c,https://iiif.library.sh.cn/c/3/94513ff4-cce1-4a2c-925b-fcf82add2f02,1444,2221,https://iiif.library.sh.cn/c/3/94513ff4-cce1-4a2c-925b-fcf82add2f02/ap/s,https://iiif.library.sh.cn/c/3/94513ff4-cce1-4a2c-925b-fcf82add2f02/ap/c/a/2debba1b-f4e9-4a00-b276-74ee996ac5a9,11,11,supplementing,"[674, 857, 833, 1016]","https://iiif.library.sh.cn/c/3/94513ff4-cce1-4a2c-925b-fcf82add2f02#xywh=674,857,159,159",李俨撰文，欧阳通楷书,欧阳通（楷书）；李儇（撰文）,唐,龙朔三年十月十日刻立（663）,663,楷书,17A331,《翰墨瑰宝：上海图书馆藏珍本碑帖丛刊》第二辑,iiif_annotation_target_xywh,iiif_xywh
001_道因法师碑_p0020_c012,微,001_道因法师碑,道因法师碑,20,二十,674,1016,159,159,"[674, 1016, 159, 159]",676,1023,163,154,"[676, 1023, 163, 154]",645,987,217,217,"[645, 987, 217, 217]",656,989,203,222,"[656, 989, 203, 222]",656,989,203,222,"[656, 989, 203, 222]",offline_local_binary_ring_bottom_guard,assets/page_images/001_道因法师碑/p0020.jpg,1,3,1,http://data.library.sh.cn/bt/resource/work/v1e0qbx3r5wp1uw4,http://iiif.library.sh.cn/api/viewer/17A331,https://iiif.library.sh.cn/p/3/02c55611-7427-4cd0-a2cd-a15b5ccbaa9c,https://iiif.library.sh.cn/c/3/94513ff4-cce1-4a2c-925b-fcf82add2f02,1444,2221,https://iiif.library.sh.cn/c/3/94513ff4-cce1-4a2c-925b-fcf82add2f02/ap/s,https://iiif.library.sh.cn/c/3/94513ff4-cce1-4a2c-925b-fcf82add2f02/ap/c/a/66354b88-51c4-4fd3-b931-990d4f7bc1b5,12,12,supplementing,"[674, 1016, 833, 1175]","https://iiif.library.sh.cn/c/3/94513ff4-cce1-4a2c-925b-fcf82add2f02#xywh=674,1016,159,159",李俨撰文，欧阳通楷书,欧阳通（楷书）；李儇（撰文）,唐,龙朔三年十月十日刻立（663）,663,楷书,17A331,《翰墨瑰宝：上海图书馆藏珍本碑帖丛刊》第二辑,iiif_annotation_target_xywh,iiif_xywh
001_道因法师碑_p0020_c013,宿,001_道因法师碑,道因法师碑,20,二十,674,1193,159,159,"[674, 1193, 159, 159]",676,1191,163,169,"[676, 1191, 163, 169]",645,1164,217,217,"[645, 1164, 217, 217]",656,1158,203,239,"[656, 1158, 203, 239]",656,1158,203,239,"[656, 1158, 203, 239]",offline_local_binary_ring_bottom_guard,assets/page_images/001_道因法师碑/p0020.jpg,1,4,1,http://data.library.sh.cn/bt/resource/work/v1e0qbx3r5wp1uw4,http://iiif.library.sh.cn/api/viewer/17A331,https://iiif.library.sh.cn/p/3/02c55611-7427-4cd0-a2cd-a15b5ccbaa9c,https://iiif.library.sh.cn/c/3/94513ff4-cce1-4a2c-925b-fcf82add2f02,1444,2221,https://iiif.library.sh.cn/c/3/94513ff4-cce1-4a2c-925b-fcf82add2f02/ap/s,https://iiif.library.sh.cn/c/3/94513ff4-cce1-4a2c-925b-fcf82add2f02/ap/c/a/d7eef83d-9f55-4841-ba48-fd205a17224a,13,13,supplementing,"[674, 1193, 833, 1352]","https://iiif.library.sh.cn/c/3/94513ff4-cce1-4a2c-925b-fcf82add2f02#xywh=674,1193,159,159",李俨撰文，欧阳通楷书,欧阳通（楷书）；李儇（撰文）,唐,龙朔三年十月十日刻立（663）,663,楷书,17A331,《翰墨瑰宝：上海图书馆藏珍本碑帖丛刊》第二辑,iiif_annotation_target_xywh,iiif_xywh
001_道因法师碑_p0020_c014,齿,001_道因法师碑,道因法师碑,20,二十,674,1382,159,159,"[674, 1382, 159, 159]",676,1374,163,171,"[676, 1374, 163, 171]",645,1353,217,217,"[645, 1353, 217, 217]",656,1341,203,242,"[656, 1341, 203, 242]",656,1341,203,242,"[656, 1341, 203, 242]",offline_local_binary_ring_bottom_guard,assets/page_images/001_道因法师碑/p0020.jpg,1,5,1,http://data.library.sh.cn/bt/resource/work/v1e0qbx3r5wp1uw4,http://iiif.library.sh.cn/api/viewer/17A331,https://iiif.library.sh.cn/p/3/02c55611-7427-4cd0-a2cd-a15b5ccbaa9c,https://iiif.library.sh.cn/c/3/94513ff4-cce1-4a2c-925b-fcf82add2f02,1444,2221,https://iiif.library.sh.cn/c/3/94513ff4-cce1-4a2c-925b-fcf82add2f02/ap/s,https://iiif.library.sh.cn/c/3/94513ff4-cce1-4a2c-925b-fcf82add2f02/ap/c/a/0cb38bf6-4c95-4fdf-80bc-f43b679b206b,14,14,supplementing,"[674, 1382, 833, 1541]","https://iiif.library.sh.cn/c/3/94513ff4-cce1-4a2c-925b-fcf82add2f02#xywh=674,1382,159,159",李俨撰文，欧阳通楷书,欧阳通（楷书）；李儇（撰文）,唐,龙朔三年十月十日刻立（663）,663,楷书,17A331,《翰墨瑰宝：上海图书馆藏珍本碑帖丛刊》第二辑,iiif_annotation_target_xywh,iiif_xywh
001_道因法师碑_p0020_c015,名,001_道因法师碑,道因法师碑,20,二十,674,1563,159,159,"[674, 1563, 159, 159]",676,1559,163,153,"[676, 1559, 163, 153]",645,1534,217,217,"[645, 1534, 217, 217]",656,1526,203,220,"[656, 1526, 203, 220]",656,1526,203,220,"[656, 1526, 203, 220]",offline_local_binary_ring_bottom_guard,assets/page_images/001_道因法师碑/p0020.jpg,1,6,1,http://data.library.sh.cn/bt/resource/work/v1e0qbx3r5wp1uw4,http://iiif.library.sh.cn/api/viewer/17A331,https://iiif.library.sh.cn/p/3/02c55611-7427-4cd0-a2cd-a15b5ccbaa9c,https://iiif.library.sh.cn/c/3/94513ff4-cce1-4a2c-925b-fcf82add2f02,1444,2221,https://iiif.library.sh.cn/c/3/94513ff4-cce1-4a2c-925b-fcf82add2f02/ap/s,https://iiif.library.sh.cn/c/3/94513ff4-cce1-4a2c-925b-fcf82add2f02/ap/c/a/063704fb-c4b2-4097-9210-6a483c5991bc,15,15,supplementing,"[674, 1563, 833, 1722]","https://iiif.library.sh.cn/c/3/94513ff4-cce1-4a2c-925b-fcf82add2f02#xywh=674,1563,159,159",李俨撰文，欧阳通楷书,欧阳通（楷书）；李儇（撰文）,唐,龙朔三年十月十日刻立（663）,663,楷书,17A331,《翰墨瑰宝：上海图书馆藏珍本碑帖丛刊》第二辑,iiif_annotation_target_xywh,iiif_xywh
001_道因法师碑_p0020_c016,流,001_道因法师碑,道因法师碑,20,二十,674,1715,159,159,"[674, 1715, 159, 159]",676,1725,163,139,"[676, 1725, 163, 139]",645,1686,217,217,"[645, 1686, 217, 217]",656,1694,203,201,"[656, 1694, 203, 201]",656,1694,203,201,"[656, 1694, 203, 201]",offline_local_binary_ring_bottom_guard,assets/page_images/001_道因法师碑/p0020.jpg,1,7,1,http://data.library.sh.cn/bt/resource/work/v1e0qbx3r5wp1uw4,http://iiif.library.sh.cn/api/viewer/17A331,https://iiif.library.sh.cn/p/3/02c55611-7427-4cd0-a2cd-a15b5ccbaa9c,https://iiif.library.sh.cn/c/3/94513ff4-cce1-4a2c-925b-fcf82add2f02,1444,2221,https://iiif.library.sh.cn/c/3/94513ff4-cce1-4a2c-925b-fcf82add2f02/ap/s,https://iiif.library.sh.cn/c/3/94513ff4-cce1-4a2c-925b-fcf82add2f02/ap/c/a/6c8a5904-e4c0-4a33-9bc0-6c23ac5d45fc,16,16,supplementing,"[674, 1715, 833, 1874]","https://iiif.library.sh.cn/c/3/94513ff4-cce1-4a2c-925b-fcf82add2f02#xywh=674,1715,159,159",李俨撰文，欧阳通楷书,欧阳通（楷书）；李儇（撰文）,唐,龙朔三年十月十日刻立（663）,663,楷书,17A331,《翰墨瑰宝：上海图书馆藏珍本碑帖丛刊》第二辑,iiif_annotation_target_xywh,iiif_xywh
001_道因法师碑_p0020_c017,咸,001_道因法师碑,道因法师碑,20,二十,510,539,150,150,"[510, 539, 150, 150]",508,544,155,140,"[508, 544, 155, 140]",483,512,204,204,"[483, 512, 204, 204]",489,513,193,202,"[489, 513, 193, 202]",489,513,193,202,"[489, 513, 193, 202]",offline_local_binary_ring_bottom_guard,assets/page_images/001_道因法师碑/p0020.jpg,2,0,1,http://data.library.sh.cn/bt/resource/work/v1e0qbx3r5wp1uw4,http://iiif.library.sh.cn/api/viewer/17A331,https://iiif.library.sh.cn/p/3/02c55611-7427-4cd0-a2cd-a15b5ccbaa9c,https://iiif.library.sh.cn/c/3/94513ff4-cce1-4a2c-925b-fcf82add2f02,1444,2221,https://iiif.library.sh.cn/c/3/94513ff4-cce1-4a2c-925b-fcf82add2f02/ap/s,https://iiif.library.sh.cn/c/3/94513ff4-cce1-4a2c-925b-fcf82add2f02/ap/c/a/1e98b240-628c-44d4-9b12-ce7a4a9b58b6,17,17,supplementing,"[510, 539, 660, 689]","https://iiif.library.sh.cn/c/3/94513ff4-cce1-4a2c-925b-fcf82add2f02#xywh=510,539,150,150",李俨撰文，欧阳通楷书,欧阳通（楷书）；李儇（撰文）,唐,龙朔三年十月十日刻立（663）,663,楷书,17A331,《翰墨瑰宝：上海图书馆藏珍本碑帖丛刊》第二辑,iiif_annotation_target_xywh,iiif_xywh
001_道因法师碑_p0020_c018,所,001_道因法师碑,道因法师碑,20,二十,510,692,150,150,"[510, 692, 150, 150]",508,697,155,143,"[508, 697, 155, 143]",483,665,204,204,"[483, 665, 204, 204]",489,666,193,205,"[489, 666, 193, 205]",489,666,193,205,"[489, 666, 193, 205]",offline_local_binary_ring_bottom_guard,assets/page_images/001_道因法师碑/p0020.jpg,2,1,1,http://data.library.sh.cn/bt/resource/work/v1e0qbx3r5wp1uw4,http://iiif.library.sh.cn/api/viewer/17A331,https://iiif.library.sh.cn/p/3/02c55611-7427-4cd0-a2cd-a15b5ccbaa9c,https://iiif.library.sh.cn/c/3/94513ff4-cce1-4a2c-925b-fcf82add2f02,1444,2221,https://iiif.library.sh.cn/c/3/94513ff4-cce1-4a2c-925b-fcf82add2f02/ap/s,https://iiif.library.sh.cn/c/3/94513ff4-cce1-4a2c-925b-fcf82add2f02/ap/c/a/c375d147-7b65-4e6b-bd6b-58a20fe08bdc,18,18,supplementing,"[510, 692, 660, 842]","https://iiif.library.sh.cn/c/3/94513ff4-cce1-4a2c-925b-fcf82add2f02#xywh=510,692,150,150",李俨撰文，欧阳通楷书,欧阳通（楷书）；李儇（撰文）,唐,龙朔三年十月十日刻立（663）,663,楷书,17A331,《翰墨瑰宝：上海图书馆藏珍本碑帖丛刊》第二辑,iiif_annotation_target_xywh,iiif_xywh
001_道因法师碑_p0020_c019,叹,001_道因法师碑,道因法师碑,20,二十,510,851,150,150,"[510, 851, 150, 150]",508,854,155,169,"[508, 854, 155, 169]",483,824,204,204,"[483, 824, 204, 204]",489,820,193,240,"[489, 820, 193, 240]",489,820,193,240,"[489, 820, 193, 240]",offline_local_binary_ring_bottom_guard,assets/page_images/001_道因法师碑/p0020.jpg,2,2,1,http://data.library.sh.cn/bt/resource/work/v1e0qbx3r5wp1uw4,http://iiif.library.sh.cn/api/viewer/17A331,https://iiif.library.sh.cn/p/3/02c55611-7427-4cd0-a2cd-a15b5ccbaa9c,https://iiif.library.sh.cn/c/3/94513ff4-cce1-4a2c-925b-fcf82add2f02,1444,2221,https://iiif.library.sh.cn/c/3/94513ff4-cce1-4a2c-925b-fcf82add2f02/ap/s,https://iiif.library.sh.cn/c/3/94513ff4-cce1-4a2c-925b-fcf82add2f02/ap/c/a/16ee08eb-d72a-4bbc-8857-b34a1ca40434,19,19,supplementing,"[510, 851, 660, 1001]","https://iiif.library.sh.cn/c/3/94513ff4-cce1-4a2c-925b-fcf82add2f02#xywh=510,851,150,150",李俨撰文，欧阳通楷书,欧阳通（楷书）；李儇（撰文）,唐,龙朔三年十月十日刻立（663）,663,楷书,17A331,《翰墨瑰宝：上海图书馆藏珍本碑帖丛刊》第二辑,iiif_annotation_target_xywh,iiif_xywh
001_道因法师碑_p0020_c020,异,001_道因法师碑,道因法师碑,20,二十,510,1060,150,150,"[510, 1060, 150, 150]",508,1038,155,174,"[508, 1038, 155, 174]",483,1033,204,204,"[483, 1033, 204, 204]",489,1007,193,243,"[489, 1007, 193, 243]",489,1007,193,243,"[489, 1007, 193, 243]",offline_local_binary_ring_bottom_guard,assets/page_images/001_道因法师碑/p0020.jpg,2,3,1,http://data.library.sh.cn/bt/resource/work/v1e0qbx3r5wp1uw4,http://iiif.library.sh.cn/api/viewer/17A331,https://iiif.library.sh.cn/p/3/02c55611-7427-4cd0-a2cd-a15b5ccbaa9c,https://iiif.library.sh.cn/c/3/94513ff4-cce1-4a2c-925b-fcf82add2f02,1444,2221,https://iiif.library.sh.cn/c/3/94513ff4-cce1-4a2c-925b-fcf82add2f02/ap/s,https://iiif.library.sh.cn/c/3/94513ff4-cce1-4a2c-925b-fcf82add2f02/ap/c/a/ca045870-2fab-4b7f-ad54-52f5e35ba25d,20,20,supplementing,"[510, 1060, 660, 1210]","https://iiif.library.sh.cn/c/3/94513ff4-cce1-4a2c-925b-fcf82add2f02#xywh=510,1060,150,150",李俨撰文，欧阳通楷书,欧阳通（楷书）；李儇（撰文）,唐,龙朔三年十月十日刻立（663）,663,楷书,17A331,《翰墨瑰宝：上海图书馆藏珍本碑帖丛刊》第二辑,iiif_annotation_target_xywh,iiif_xywh
001_道因法师碑_p0020_c021,及,001_道因法师碑,道因法师碑,20,二十,510,1229,150,150,"[510, 1229, 150, 150]",508,1227,155,170,"[508, 1227, 155, 170]",483,1202,204,204,"[483, 1202, 204, 204]",489,1196,193,238,"[489, 1196, 193, 238]",489,1196,193,238,"[489, 1196, 193, 238]",offline_local_binary_ring_bottom_guard,assets/page_images/001_道因法师碑/p0020.jpg,2,4,1,http://data.library.sh.cn/bt/resource/work/v1e0qbx3r5wp1uw4,http://iiif.library.sh.cn/api/viewer/17A331,https://iiif.library.sh.cn/p/3/02c55611-7427-4cd0-a2cd-a15b5ccbaa9c,https://iiif.library.sh.cn/c/3/94513ff4-cce1-4a2c-925b-fcf82add2f02,1444,2221,https://iiif.library.sh.cn/c/3/94513ff4-cce1-4a2c-925b-fcf82add2f02/ap/s,https://iiif.library.sh.cn/c/3/94513ff4-cce1-4a2c-925b-fcf82add2f02/ap/c/a/f2c9cf4a-c2bc-4893-aea1-e672132ec562,21,21,supplementing,"[510, 1229, 660, 1379]","https://iiif.library.sh.cn/c/3/94513ff4-cce1-4a2c-925b-fcf82add2f02#xywh=510,1229,150,150",李俨撰文，欧阳通楷书,欧阳通（楷书）；李儇（撰文）,唐,龙朔三年十月十日刻立（663）,663,楷书,17A331,《翰墨瑰宝：上海图书馆藏珍本碑帖丛刊》第二辑,iiif_annotation_target_xywh,iiif_xywh
001_道因法师碑_p0020_c022,受,001_道因法师碑,道因法师碑,20,二十,510,1429,150,150,"[510, 1429, 150, 150]",508,1412,155,181,"[508, 1412, 155, 181]",483,1402,204,204,"[483, 1402, 204, 204]",489,1381,193,252,"[489, 1381, 193, 252]",489,1381,193,252,"[489, 1381, 193, 252]",offline_local_binary_ring_bottom_guard,assets/page_images/001_道因法师碑/p0020.jpg,2,5,1,http://data.library.sh.cn/bt/resource/work/v1e0qbx3r5wp1uw4,http://iiif.library.sh.cn/api/viewer/17A331,https://iiif.library.sh.cn/p/3/02c55611-7427-4cd0-a2cd-a15b5ccbaa9c,https://iiif.library.sh.cn/c/3/94513ff4-cce1-4a2c-925b-fcf82add2f02,1444,2221,https://iiif.library.sh.cn/c/3/94513ff4-cce1-4a2c-925b-fcf82add2f02/ap/s,https://iiif.library.sh.cn/c/3/94513ff4-cce1-4a2c-925b-fcf82add2f02/ap/c/a/752705e9-6544-4add-8bb3-45f922078f28,22,22,supplementing,"[510, 1429, 660, 1579]","https://iiif.library.sh.cn/c/3/94513ff4-cce1-4a2c-925b-fcf82add2f02#xywh=510,1429,150,150",李俨撰文，欧阳通楷书,欧阳通（楷书）；李儇（撰文）,唐,龙朔三年十月十日刻立（663）,663,楷书,17A331,《翰墨瑰宝：上海图书馆藏珍本碑帖丛刊》第二辑,iiif_annotation_target_xywh,iiif_xywh
001_道因法师碑_p0020_c023,具,001_道因法师碑,道因法师碑,20,二十,510,1622,150,150,"[510, 1622, 150, 150]",508,1608,155,164,"[508, 1608, 155, 164]",483,1595,204,204,"[483, 1595, 204, 204]",489,1577,193,231,"[489, 1577, 193, 231]",489,1577,193,231,"[489, 1577, 193, 231]",offline_local_binary_ring_bottom_guard,assets/page_images/001_道因法师碑/p0020.jpg,2,6,1,http://data.library.sh.cn/bt/resource/work/v1e0qbx3r5wp1uw4,http://iiif.library.sh.cn/api/viewer/17A331,https://iiif.library.sh.cn/p/3/02c55611-7427-4cd0-a2cd-a15b5ccbaa9c,https://iiif.library.sh.cn/c/3/94513ff4-cce1-4a2c-925b-fcf82add2f02,1444,2221,https://iiif.library.sh.cn/c/3/94513ff4-cce1-4a2c-925b-fcf82add2f02/ap/s,https://iiif.library.sh.cn/c/3/94513ff4-cce1-4a2c-925b-fcf82add2f02/ap/c/a/6e166594-7de1-4f2f-8a96-2d78821ca05a,23,23,supplementing,"[510, 1622, 660, 1772]","https://iiif.library.sh.cn/c/3/94513ff4-cce1-4a2c-925b-fcf82add2f02#xywh=510,1622,150,150",李俨撰文，欧阳通楷书,欧阳通（楷书）；李儇（撰文）,唐,龙朔三年十月十日刻立（663）,663,楷书,17A331,《翰墨瑰宝：上海图书馆藏珍本碑帖丛刊》第二辑,iiif_annotation_target_xywh,iiif_xywh
001_道因法师碑_p0020_c024,戒,001_道因法师碑,道因法师碑,20,二十,510,1786,150,150,"[510, 1786, 150, 150]",508,1786,155,150,"[508, 1786, 155, 150]",483,1759,204,204,"[483, 1759, 204, 204]",489,1755,193,214,"[489, 1755, 193, 214]",489,1755,193,214,"[489, 1755, 193, 214]",offline_local_binary_ring_bottom_guard,assets/page_images/001_道因法师碑/p0020.jpg,2,7,1,http://data.library.sh.cn/bt/resource/work/v1e0qbx3r5wp1uw4,http://iiif.library.sh.cn/api/viewer/17A331,https://iiif.library.sh.cn/p/3/02c55611-7427-4cd0-a2cd-a15b5ccbaa9c,https://iiif.library.sh.cn/c/3/94513ff4-cce1-4a2c-925b-fcf82add2f02,1444,2221,https://iiif.library.sh.cn/c/3/94513ff4-cce1-4a2c-925b-fcf82add2f02/ap/s,https://iiif.library.sh.cn/c/3/94513ff4-cce1-4a2c-925b-fcf82add2f02/ap/c/a/16275e00-d34f-47bd-b330-8db5ea69f4a0,24,24,supplementing,"[510, 1786, 660, 1936]","https://iiif.library.sh.cn/c/3/94513ff4-cce1-4a2c-925b-fcf82add2f02#xywh=510,1786,150,150",李俨撰文，欧阳通楷书,欧阳通（楷书）；李儇（撰文）,唐,龙朔三年十月十日刻立（663）,663,楷书,17A331,《翰墨瑰宝：上海图书馆藏珍本碑帖丛刊》第二辑,iiif_annotation_target_xywh,iiif_xywh
001_道因法师碑_p0020_c025,弥,001_道因法师碑,道因法师碑,20,二十,344,517,145,145,"[344, 517, 145, 145]",345,527,149,125,"[345, 527, 149, 125]",318,491,197,197,"[318, 491, 197, 197]",327,500,185,180,"[327, 500, 185, 180]",327,500,185,180,"[327, 500, 185, 180]",offline_local_binary_ring_bottom_guard,assets/page_images/001_道因法师碑/p0020.jpg,3,0,1,http://data.library.sh.cn/bt/resource/work/v1e0qbx3r5wp1uw4,http://iiif.library.sh.cn/api/viewer/17A331,https://iiif.library.sh.cn/p/3/02c55611-7427-4cd0-a2cd-a15b5ccbaa9c,https://iiif.library.sh.cn/c/3/94513ff4-cce1-4a2c-925b-fcf82add2f02,1444,2221,https://iiif.library.sh.cn/c/3/94513ff4-cce1-4a2c-925b-fcf82add2f02/ap/s,https://iiif.library.sh.cn/c/3/94513ff4-cce1-4a2c-925b-fcf82add2f02/ap/c/a/4431c4ca-2c10-4578-b933-a07271f08370,25,25,supplementing,"[344, 517, 489, 662]","https://iiif.library.sh.cn/c/3/94513ff4-cce1-4a2c-925b-fcf82add2f02#xywh=344,517,145,145",李俨撰文，欧阳通楷书,欧阳通（楷书）；李儇（撰文）,唐,龙朔三年十月十日刻立（663）,663,楷书,17A331,《翰墨瑰宝：上海图书馆藏珍本碑帖丛刊》第二辑,iiif_annotation_target_xywh,iiif_xywh
001_道因法师碑_p0020_c026,复,001_道因法师碑,道因法师碑,20,二十,345,653,144,144,"[345, 653, 144, 144]",345,664,149,149,"[345, 664, 149, 149]",319,627,196,196,"[319, 627, 196, 196]",327,631,185,215,"[327, 631, 185, 215]",327,631,185,215,"[327, 631, 185, 215]",offline_local_binary_ring_bottom_guard,assets/page_images/001_道因法师碑/p0020.jpg,3,1,1,http://data.library.sh.cn/bt/resource/work/v1e0qbx3r5wp1uw4,http://iiif.library.sh.cn/api/viewer/17A331,https://iiif.library.sh.cn/p/3/02c55611-7427-4cd0-a2cd-a15b5ccbaa9c,https://iiif.library.sh.cn/c/3/94513ff4-cce1-4a2c-925b-fcf82add2f02,1444,2221,https://iiif.library.sh.cn/c/3/94513ff4-cce1-4a2c-925b-fcf82add2f02/ap/s,https://iiif.library.sh.cn/c/3/94513ff4-cce1-4a2c-925b-fcf82add2f02/ap/c/a/c319439e-f7b3-4c7b-bc2a-e20806bc85a2,26,26,supplementing,"[345, 653, 489, 797]","https://iiif.library.sh.cn/c/3/94513ff4-cce1-4a2c-925b-fcf82add2f02#xywh=345,653,144,144",李俨撰文，欧阳通楷书,欧阳通（楷书）；李儇（撰文）,唐,龙朔三年十月十日刻立（663）,663,楷书,17A331,《翰墨瑰宝：上海图书馆藏珍本碑帖丛刊》第二辑,iiif_annotation_target_xywh,iiif_xywh
001_道因法师碑_p0020_c027,精,001_道因法师碑,道因法师碑,20,二十,345,841,144,144,"[345, 841, 144, 144]",345,826,149,171,"[345, 826, 149, 171]",319,815,196,196,"[319, 815, 196, 196]",327,796,185,239,"[327, 796, 185, 239]",327,796,185,239,"[327, 796, 185, 239]",offline_local_binary_ring_bottom_guard,assets/page_images/001_道因法师碑/p0020.jpg,3,2,1,http://data.library.sh.cn/bt/resource/work/v1e0qbx3r5wp1uw4,http://iiif.library.sh.cn/api/viewer/17A331,https://iiif.library.sh.cn/p/3/02c55611-7427-4cd0-a2cd-a15b5ccbaa9c,https://iiif.library.sh.cn/c/3/94513ff4-cce1-4a2c-925b-fcf82add2f02,1444,2221,https://iiif.library.sh.cn/c/3/94513ff4-cce1-4a2c-925b-fcf82add2f02/ap/s,https://iiif.library.sh.cn/c/3/94513ff4-cce1-4a2c-925b-fcf82add2f02/ap/c/a/b169c2d1-4dfa-4cd5-aa50-42a6b82a0b75,27,27,supplementing,"[345, 841, 489, 985]","https://iiif.library.sh.cn/c/3/94513ff4-cce1-4a2c-925b-fcf82add2f02#xywh=345,841,144,144",李俨撰文，欧阳通楷书,欧阳通（楷书）；李儇（撰文）,唐,龙朔三年十月十日刻立（663）,663,楷书,17A331,《翰墨瑰宝：上海图书馆藏珍本碑帖丛刊》第二辑,iiif_annotation_target_xywh,iiif_xywh
001_道因法师碑_p0020_c028,苦,001_道因法师碑,道因法师碑,20,二十,345,1024,144,144,"[345, 1024, 144, 144]",345,1011,149,156,"[345, 1011, 149, 156]",319,998,196,196,"[319, 998, 196, 196]",327,981,185,220,"[327, 981, 185, 220]",327,981,185,220,"[327, 981, 185, 220]",offline_local_binary_ring_bottom_guard,assets/page_images/001_道因法师碑/p0020.jpg,3,3,1,http://data.library.sh.cn/bt/resource/work/v1e0qbx3r5wp1uw4,http://iiif.library.sh.cn/api/viewer/17A331,https://iiif.library.sh.cn/p/3/02c55611-7427-4cd0-a2cd-a15b5ccbaa9c,https://iiif.library.sh.cn/c/3/94513ff4-cce1-4a2c-925b-fcf82add2f02,1444,2221,https://iiif.library.sh.cn/c/3/94513ff4-cce1-4a2c-925b-fcf82add2f02/ap/s,https://iiif.library.sh.cn/c/3/94513ff4-cce1-4a2c-925b-fcf82add2f02/ap/c/a/5a5d654f-c5c9-4b3d-8fb5-f5c54546a1f5,28,28,supplementing,"[345, 1024, 489, 1168]","https://iiif.library.sh.cn/c/3/94513ff4-cce1-4a2c-925b-fcf82add2f02#xywh=345,1024,144,144",李俨撰文，欧阳通楷书,欧阳通（楷书）；李儇（撰文）,唐,龙朔三年十月十日刻立（663）,663,楷书,17A331,《翰墨瑰宝：上海图书馆藏珍本碑帖丛刊》第二辑,iiif_annotation_target_xywh,iiif_xywh
001_道因法师碑_p0020_c029,若,001_道因法师碑,道因法师碑,20,二十,345,1180,144,144,"[345, 1180, 144, 144]",345,1181,149,168,"[345, 1181, 149, 168]",319,1154,196,196,"[319, 1154, 196, 196]",327,1150,185,236,"[327, 1150, 185, 236]",327,1150,185,236,"[327, 1150, 185, 236]",offline_local_binary_ring_bottom_guard,assets/page_images/001_道因法师碑/p0020.jpg,3,4,1,http://data.library.sh.cn/bt/resource/work/v1e0qbx3r5wp1uw4,http://iiif.library.sh.cn/api/viewer/17A331,https://iiif.library.sh.cn/p/3/02c55611-7427-4cd0-a2cd-a15b5ccbaa9c,https://iiif.library.sh.cn/c/3/94513ff4-cce1-4a2c-925b-fcf82add2f02,1444,2221,https://iiif.library.sh.cn/c/3/94513ff4-cce1-4a2c-925b-fcf82add2f02/ap/s,https://iiif.library.sh.cn/c/3/94513ff4-cce1-4a2c-925b-fcf82add2f02/ap/c/a/435762a2-7071-415e-b78c-2e281e6faa1b,29,29,supplementing,"[345, 1180, 489, 1324]","https://iiif.library.sh.cn/c/3/94513ff4-cce1-4a2c-925b-fcf82add2f02#xywh=345,1180,144,144",李俨撰文，欧阳通楷书,欧阳通（楷书）；李儇（撰文）,唐,龙朔三年十月十日刻立（663）,663,楷书,17A331,《翰墨瑰宝：上海图书馆藏珍本碑帖丛刊》第二辑,iiif_annotation_target_xywh,iiif_xywh
001_道因法师碑_p0020_c030,浮,001_道因法师碑,道因法师碑,20,二十,345,1388,144,144,"[345, 1388, 144, 144]",345,1363,149,170,"[345, 1363, 149, 170]",319,1362,196,196,"[319, 1362, 196, 196]",327,1333,185,237,"[327, 1333, 185, 237]",327,1333,185,237,"[327, 1333, 185, 237]",offline_local_binary_ring_bottom_guard,assets/page_images/001_道因法师碑/p0020.jpg,3,5,1,http://data.library.sh.cn/bt/resource/work/v1e0qbx3r5wp1uw4,http://iiif.library.sh.cn/api/viewer/17A331,https://iiif.library.sh.cn/p/3/02c55611-7427-4cd0-a2cd-a15b5ccbaa9c,https://iiif.library.sh.cn/c/3/94513ff4-cce1-4a2c-925b-fcf82add2f02,1444,2221,https://iiif.library.sh.cn/c/3/94513ff4-cce1-4a2c-925b-fcf82add2f02/ap/s,https://iiif.library.sh.cn/c/3/94513ff4-cce1-4a2c-925b-fcf82add2f02/ap/c/a/3ba0d7d4-52d3-4437-9684-80c8dd7eb81f,30,30,supplementing,"[345, 1388, 489, 1532]","https://iiif.library.sh.cn/c/3/94513ff4-cce1-4a2c-925b-fcf82add2f02#xywh=345,1388,144,144",李俨撰文，欧阳通楷书,欧阳通（楷书）；李儇（撰文）,唐,龙朔三年十月十日刻立（663）,663,楷书,17A331,《翰墨瑰宝：上海图书馆藏珍本碑帖丛刊》第二辑,iiif_annotation_target_xywh,iiif_xywh
001_道因法师碑_p0020_c031,囊,001_道因法师碑,道因法师碑,20,二十,345,1549,144,144,"[345, 1549, 144, 144]",345,1548,149,175,"[345, 1548, 149, 175]",319,1523,196,196,"[319, 1523, 196, 196]",327,1518,185,244,"[327, 1518, 185, 244]",327,1518,185,244,"[327, 1518, 185, 244]",offline_local_binary_ring_bottom_guard,assets/page_images/001_道因法师碑/p0020.jpg,3,6,1,http://data.library.sh.cn/bt/resource/work/v1e0qbx3r5wp1uw4,http://iiif.library.sh.cn/api/viewer/17A331,https://iiif.library.sh.cn/p/3/02c55611-7427-4cd0-a2cd-a15b5ccbaa9c,https://iiif.library.sh.cn/c/3/94513ff4-cce1-4a2c-925b-fcf82add2f02,1444,2221,https://iiif.library.sh.cn/c/3/94513ff4-cce1-4a2c-925b-fcf82add2f02/ap/s,https://iiif.library.sh.cn/c/3/94513ff4-cce1-4a2c-925b-fcf82add2f02/ap/c/a/3dbdc52d-acd5-4f0b-aee9-d26997396a1c,31,31,supplementing,"[345, 1549, 489, 1693]","https://iiif.library.sh.cn/c/3/94513ff4-cce1-4a2c-925b-fcf82add2f02#xywh=345,1549,144,144",李俨撰文，欧阳通楷书,欧阳通（楷书）；李儇（撰文）,唐,龙朔三年十月十日刻立（663）,663,楷书,17A331,《翰墨瑰宝：上海图书馆藏珍本碑帖丛刊》第二辑,iiif_annotation_target_xywh,iiif_xywh
001_道因法师碑_p0020_c032,之,001_道因法师碑,道因法师碑,20,二十,345,1768,144,144,"[345, 1768, 144, 144]",345,1739,149,202,"[345, 1739, 149, 202]",319,1742,196,196,"[319, 1742, 196, 196]",327,1709,185,276,"[327, 1709, 185, 276]",327,1709,185,276,"[327, 1709, 185, 276]",offline_local_binary_ring_bottom_guard,assets/page_images/001_道因法师碑/p0020.jpg,3,7,1,http://data.library.sh.cn/bt/resource/work/v1e0qbx3r5wp1uw4,http://iiif.library.sh.cn/api/viewer/17A331,https://iiif.library.sh.cn/p/3/02c55611-7427-4cd0-a2cd-a15b5ccbaa9c,https://iiif.library.sh.cn/c/3/94513ff4-cce1-4a2c-925b-fcf82add2f02,1444,2221,https://iiif.library.sh.cn/c/3/94513ff4-cce1-4a2c-925b-fcf82add2f02/ap/s,https://iiif.library.sh.cn/c/3/94513ff4-cce1-4a2c-925b-fcf82add2f02/ap/c/a/5f8ee2cf-5376-4d9e-a952-71a73d861fef,32,32,supplementing,"[345, 1768, 489, 1912]","https://iiif.library.sh.cn/c/3/94513ff4-cce1-4a2c-925b-fcf82add2f02#xywh=345,1768,144,144",李俨撰文，欧阳通楷书,欧阳通（楷书）；李儇（撰文）,唐,龙朔三年十月十日刻立（663）,663,楷书,17A331,《翰墨瑰宝：上海图书馆藏珍本碑帖丛刊》第二辑,iiif_annotation_target_xywh,iiif_xywh
001_道因法师碑_p0020_c033,贞,001_道因法师碑,道因法师碑,20,二十,196,514,129,129,"[196, 514, 129, 129]",189,510,143,137,"[189, 510, 143, 137]",173,491,175,175,"[173, 491, 175, 175]",172,484,177,193,"[172, 484, 177, 193]",172,484,177,193,"[172, 484, 177, 193]",offline_local_binary_ring_bottom_guard,assets/page_images/001_道因法师碑/p0020.jpg,4,0,1,http://data.library.sh.cn/bt/resource/work/v1e0qbx3r5wp1uw4,http://iiif.library.sh.cn/api/viewer/17A331,https://iiif.library.sh.cn/p/3/02c55611-7427-4cd0-a2cd-a15b5ccbaa9c,https://iiif.library.sh.cn/c/3/94513ff4-cce1-4a2c-925b-fcf82add2f02,1444,2221,https://iiif.library.sh.cn/c/3/94513ff4-cce1-4a2c-925b-fcf82add2f02/ap/s,https://iiif.library.sh.cn/c/3/94513ff4-cce1-4a2c-925b-fcf82add2f02/ap/c/a/0449bb31-1812-4e05-87c4-8cb47a7e822b,33,33,supplementing,"[196, 514, 325, 643]","https://iiif.library.sh.cn/c/3/94513ff4-cce1-4a2c-925b-fcf82add2f02#xywh=196,514,129,129",李俨撰文，欧阳通楷书,欧阳通（楷书）；李儇（撰文）,唐,龙朔三年十月十日刻立（663）,663,楷书,17A331,《翰墨瑰宝：上海图书馆藏珍本碑帖丛刊》第二辑,iiif_annotation_target_xywh,iiif_xywh
001_道因法师碑_p0020_c034,全,001_道因法师碑,道因法师碑,20,二十,196,662,129,129,"[196, 662, 129, 129]",189,659,143,154,"[189, 659, 143, 154]",173,639,175,175,"[173, 639, 175, 175]",172,633,177,214,"[172, 633, 177, 214]",172,633,177,214,"[172, 633, 177, 214]",offline_local_binary_ring_bottom_guard,assets/page_images/001_道因法师碑/p0020.jpg,4,1,1,http://data.library.sh.cn/bt/resource/work/v1e0qbx3r5wp1uw4,http://iiif.library.sh.cn/api/viewer/17A331,https://iiif.library.sh.cn/p/3/02c55611-7427-4cd0-a2cd-a15b5ccbaa9c,https://iiif.library.sh.cn/c/3/94513ff4-cce1-4a2c-925b-fcf82add2f02,1444,2221,https://iiif.library.sh.cn/c/3/94513ff4-cce1-4a2c-925b-fcf82add2f02/ap/s,https://iiif.library.sh.cn/c/3/94513ff4-cce1-4a2c-925b-fcf82add2f02/ap/c/a/b5baffc4-93e9-479d-866f-4fb06ae3c736,34,34,supplementing,"[196, 662, 325, 791]","https://iiif.library.sh.cn/c/3/94513ff4-cce1-4a2c-925b-fcf82add2f02#xywh=196,662,129,129",李俨撰文，欧阳通楷书,欧阳通（楷书）；李儇（撰文）,唐,龙朔三年十月十日刻立（663）,663,楷书,17A331,《翰墨瑰宝：上海图书馆藏珍本碑帖丛刊》第二辑,iiif_annotation_target_xywh,iiif_xywh
001_道因法师碑_p0020_c035,譬,001_道因法师碑,道因法师碑,20,二十,196,849,129,129,"[196, 849, 129, 129]",189,827,143,172,"[189, 827, 143, 172]",173,826,175,175,"[173, 826, 175, 175]",172,801,177,236,"[172, 801, 177, 236]",172,801,177,236,"[172, 801, 177, 236]",offline_local_binary_ring_bottom_guard,assets/page_images/001_道因法师碑/p0020.jpg,4,2,1,http://data.library.sh.cn/bt/resource/work/v1e0qbx3r5wp1uw4,http://iiif.library.sh.cn/api/viewer/17A331,https://iiif.library.sh.cn/p/3/02c55611-7427-4cd0-a2cd-a15b5ccbaa9c,https://iiif.library.sh.cn/c/3/94513ff4-cce1-4a2c-925b-fcf82add2f02,1444,2221,https://iiif.library.sh.cn/c/3/94513ff4-cce1-4a2c-925b-fcf82add2f02/ap/s,https://iiif.library.sh.cn/c/3/94513ff4-cce1-4a2c-925b-fcf82add2f02/ap/c/a/266a132c-7db6-41d7-9b38-e1fac83093be,35,35,supplementing,"[196, 849, 325, 978]","https://iiif.library.sh.cn/c/3/94513ff4-cce1-4a2c-925b-fcf82add2f02#xywh=196,849,129,129",李俨撰文，欧阳通楷书,欧阳通（楷书）；李儇（撰文）,唐,龙朔三年十月十日刻立（663）,663,楷书,17A331,《翰墨瑰宝：上海图书馆藏珍本碑帖丛刊》第二辑,iiif_annotation_target_xywh,iiif_xywh
001_道因法师碑_p0020_c036,圆,001_道因法师碑,道因法师碑,20,二十,196,1034,129,129,"[196, 1034, 129, 129]",189,1013,143,156,"[189, 1013, 143, 156]",173,1011,175,175,"[173, 1011, 175, 175]",172,987,177,216,"[172, 987, 177, 216]",172,987,177,216,"[172, 987, 177, 216]",offline_local_binary_ring_bottom_guard,assets/page_images/001_道因法师碑/p0020.jpg,4,3,1,http://data.library.sh.cn/bt/resource/work/v1e0qbx3r5wp1uw4,http://iiif.library.sh.cn/api/viewer/17A331,https://iiif.library.sh.cn/p/3/02c55611-7427-4cd0-a2cd-a15b5ccbaa9c,https://iiif.library.sh.cn/c/3/94513ff4-cce1-4a2c-925b-fcf82add2f02,1444,2221,https://iiif.library.sh.cn/c/3/94513ff4-cce1-4a2c-925b-fcf82add2f02/ap/s,https://iiif.library.sh.cn/c/3/94513ff4-cce1-4a2c-925b-fcf82add2f02/ap/c/a/1671c8a4-3e77-428b-8d00-8475668b6197,36,36,supplementing,"[196, 1034, 325, 1163]","https://iiif.library.sh.cn/c/3/94513ff4-cce1-4a2c-925b-fcf82add2f02#xywh=196,1034,129,129",李俨撰文，欧阳通楷书,欧阳通（楷书）；李儇（撰文）,唐,龙朔三年十月十日刻立（663）,663,楷书,17A331,《翰墨瑰宝：上海图书馆藏珍本碑帖丛刊》第二辑,iiif_annotation_target_xywh,iiif_xywh
001_道因法师碑_p0020_c037,珠,001_道因法师碑,道因法师碑,20,二十,196,1188,129,129,"[196, 1188, 129, 129]",189,1182,143,161,"[189, 1182, 143, 161]",173,1165,175,175,"[173, 1165, 175, 175]",172,1156,177,222,"[172, 1156, 177, 222]",172,1156,177,222,"[172, 1156, 177, 222]",offline_local_binary_ring_bottom_guard,assets/page_images/001_道因法师碑/p0020.jpg,4,4,1,http://data.library.sh.cn/bt/resource/work/v1e0qbx3r5wp1uw4,http://iiif.library.sh.cn/api/viewer/17A331,https://iiif.library.sh.cn/p/3/02c55611-7427-4cd0-a2cd-a15b5ccbaa9c,https://iiif.library.sh.cn/c/3/94513ff4-cce1-4a2c-925b-fcf82add2f02,1444,2221,https://iiif.library.sh.cn/c/3/94513ff4-cce1-4a2c-925b-fcf82add2f02/ap/s,https://iiif.library.sh.cn/c/3/94513ff4-cce1-4a2c-925b-fcf82add2f02/ap/c/a/1210d4dd-1e07-4ff6-8be0-558d4bf73969,37,37,supplementing,"[196, 1188, 325, 1317]","https://iiif.library.sh.cn/c/3/94513ff4-cce1-4a2c-925b-fcf82add2f02#xywh=196,1188,129,129",李俨撰文，欧阳通楷书,欧阳通（楷书）；李儇（撰文）,唐,龙朔三年十月十日刻立（663）,663,楷书,17A331,《翰墨瑰宝：上海图书馆藏珍本碑帖丛刊》第二辑,iiif_annotation_target_xywh,iiif_xywh
001_道因法师碑_p0020_c038,之,001_道因法师碑,道因法师碑,20,二十,196,1382,129,129,"[196, 1382, 129, 129]",189,1356,143,160,"[189, 1356, 143, 160]",173,1359,175,175,"[173, 1359, 175, 175]",172,1330,177,221,"[172, 1330, 177, 221]",172,1330,177,221,"[172, 1330, 177, 221]",offline_local_binary_ring_bottom_guard,assets/page_images/001_道因法师碑/p0020.jpg,4,5,1,http://data.library.sh.cn/bt/resource/work/v1e0qbx3r5wp1uw4,http://iiif.library.sh.cn/api/viewer/17A331,https://iiif.library.sh.cn/p/3/02c55611-7427-4cd0-a2cd-a15b5ccbaa9c,https://iiif.library.sh.cn/c/3/94513ff4-cce1-4a2c-925b-fcf82add2f02,1444,2221,https://iiif.library.sh.cn/c/3/94513ff4-cce1-4a2c-925b-fcf82add2f02/ap/s,https://iiif.library.sh.cn/c/3/94513ff4-cce1-4a2c-925b-fcf82add2f02/ap/c/a/9af6c084-a14b-42b4-a7ac-5caf80b005fe,38,38,supplementing,"[196, 1382, 325, 1511]","https://iiif.library.sh.cn/c/3/94513ff4-cce1-4a2c-925b-fcf82add2f02#xywh=196,1382,129,129",李俨撰文，欧阳通楷书,欧阳通（楷书）；李儇（撰文）,唐,龙朔三年十月十日刻立（663）,663,楷书,17A331,《翰墨瑰宝：上海图书馆藏珍本碑帖丛刊》第二辑,iiif_annotation_target_xywh,iiif_xywh
001_道因法师碑_p0020_c039,朗,001_道因法师碑,道因法师碑,20,二十,196,1534,129,129,"[196, 1534, 129, 129]",189,1530,143,162,"[189, 1530, 143, 162]",173,1511,175,175,"[173, 1511, 175, 175]",172,1504,177,224,"[172, 1504, 177, 224]",172,1504,177,224,"[172, 1504, 177, 224]",offline_local_binary_ring_bottom_guard,assets/page_images/001_道因法师碑/p0020.jpg,4,6,1,http://data.library.sh.cn/bt/resource/work/v1e0qbx3r5wp1uw4,http://iiif.library.sh.cn/api/viewer/17A331,https://iiif.library.sh.cn/p/3/02c55611-7427-4cd0-a2cd-a15b5ccbaa9c,https://iiif.library.sh.cn/c/3/94513ff4-cce1-4a2c-925b-fcf82add2f02,1444,2221,https://iiif.library.sh.cn/c/3/94513ff4-cce1-4a2c-925b-fcf82add2f02/ap/s,https://iiif.library.sh.cn/c/3/94513ff4-cce1-4a2c-925b-fcf82add2f02/ap/c/a/bd13d65f-df35-4385-909c-ea5137fa1a06,39,39,supplementing,"[196, 1534, 325, 1663]","https://iiif.library.sh.cn/c/3/94513ff4-cce1-4a2c-925b-fcf82add2f02#xywh=196,1534,129,129",李俨撰文，欧阳通楷书,欧阳通（楷书）；李儇（撰文）,唐,龙朔三年十月十日刻立（663）,663,楷书,17A331,《翰墨瑰宝：上海图书馆藏珍本碑帖丛刊》第二辑,iiif_annotation_target_xywh,iiif_xywh
001_道因法师碑_p0020_c040,洁,001_道因法师碑,道因法师碑,20,二十,196,1736,129,129,"[196, 1736, 129, 129]",189,1708,143,185,"[189, 1708, 143, 185]",173,1713,175,175,"[173, 1713, 175, 175]",172,1682,177,252,"[172, 1682, 177, 252]",172,1682,177,252,"[172, 1682, 177, 252]",offline_local_binary_ring_bottom_guard,assets/page_images/001_道因法师碑/p0020.jpg,4,7,1,http://data.library.sh.cn/bt/resource/work/v1e0qbx3r5wp1uw4,http://iiif.library.sh.cn/api/viewer/17A331,https://iiif.library.sh.cn/p/3/02c55611-7427-4cd0-a2cd-a15b5ccbaa9c,https://iiif.library.sh.cn/c/3/94513ff4-cce1-4a2c-925b-fcf82add2f02,1444,2221,https://iiif.library.sh.cn/c/3/94513ff4-cce1-4a2c-925b-fcf82add2f02/ap/s,https://iiif.library.sh.cn/c/3/94513ff4-cce1-4a2c-925b-fcf82add2f02/ap/c/a/c42eb453-f6de-45cf-a1ff-b2b15ff1a938,40,40,supplementing,"[196, 1736, 325, 1865]","https://iiif.library.sh.cn/c/3/94513ff4-cce1-4a2c-925b-fcf82add2f02#xywh=196,1736,129,129",李俨撰文，欧阳通楷书,欧阳通（楷书）；李儇（撰文）,唐,龙朔三年十月十日刻立（663）,663,楷书,17A331,《翰墨瑰宝：上海图书馆藏珍本碑帖丛刊》第二辑,iiif_annotation_target_xywh,iiif_xywh
001_道因法师碑_p0021_c001,始,001_道因法师碑,道因法师碑,21,二十一,1087,516,163,163,"[1087, 516, 163, 163]",1093,532,151,131,"[1093, 532, 151, 131]",1058,487,221,221,"[1058, 487, 221, 221]",1075,503,187,189,"[1075, 503, 187, 189]",1075,503,187,189,"[1075, 503, 187, 189]",offline_local_binary_ring_bottom_guard,assets/page_images/001_道因法师碑/p0021.jpg,0,0,1,http://data.library.sh.cn/bt/resource/work/v1e0qbx3r5wp1uw4,http://iiif.library.sh.cn/api/viewer/17A331,https://iiif.library.sh.cn/p/3/02c55611-7427-4cd0-a2cd-a15b5ccbaa9c,https://iiif.library.sh.cn/c/3/e9cb9eb5-fc66-4246-bb27-e3a53958fd0f,1442,2218,https://iiif.library.sh.cn/c/3/e9cb9eb5-fc66-4246-bb27-e3a53958fd0f/ap/s,https://iiif.library.sh.cn/c/3/e9cb9eb5-fc66-4246-bb27-e3a53958fd0f/ap/c/a/04a510f1-d3d4-4105-befd-acd16ee0731b,1,1,supplementing,"[1087, 516, 1250, 679]","https://iiif.library.sh.cn/c/3/e9cb9eb5-fc66-4246-bb27-e3a53958fd0f#xywh=1087,516,163,163",李俨撰文，欧阳通楷书,欧阳通（楷书）；李儇（撰文）,唐,龙朔三年十月十日刻立（663）,663,楷书,17A331,《翰墨瑰宝：上海图书馆藏珍本碑帖丛刊》第二辑,iiif_annotation_target_xywh,iiif_xywh
001_道因法师碑_p0021_c002,听,001_道因法师碑,道因法师碑,21,二十一,1087,658,163,163,"[1087, 658, 163, 163]",1093,674,151,138,"[1093, 674, 151, 138]",1058,629,221,221,"[1058, 629, 221, 221]",1075,644,187,198,"[1075, 644, 187, 198]",1075,644,187,198,"[1075, 644, 187, 198]",offline_local_binary_ring_bottom_guard,assets/page_images/001_道因法师碑/p0021.jpg,0,1,1,http://data.library.sh.cn/bt/resource/work/v1e0qbx3r5wp1uw4,http://iiif.library.sh.cn/api/viewer/17A331,https://iiif.library.sh.cn/p/3/02c55611-7427-4cd0-a2cd-a15b5ccbaa9c,https://iiif.library.sh.cn/c/3/e9cb9eb5-fc66-4246-bb27-e3a53958fd0f,1442,2218,https://iiif.library.sh.cn/c/3/e9cb9eb5-fc66-4246-bb27-e3a53958fd0f/ap/s,https://iiif.library.sh.cn/c/3/e9cb9eb5-fc66-4246-bb27-e3a53958fd0f/ap/c/a/350b7ff2-1500-4d05-8648-42e121aaaff9,2,2,supplementing,"[1087, 658, 1250, 821]","https://iiif.library.sh.cn/c/3/e9cb9eb5-fc66-4246-bb27-e3a53958fd0f#xywh=1087,658,163,163",李俨撰文，欧阳通楷书,欧阳通（楷书）；李儇（撰文）,唐,龙朔三年十月十日刻立（663）,663,楷书,17A331,《翰墨瑰宝：上海图书馆藏珍本碑帖丛刊》第二辑,iiif_annotation_target_xywh,iiif_xywh
001_道因法师碑_p0021_c003,律,001_道因法师碑,道因法师碑,21,二十一,1087,816,163,163,"[1087, 816, 163, 163]",1093,825,151,159,"[1093, 825, 151, 159]",1058,787,221,221,"[1058, 787, 221, 221]",1075,790,187,229,"[1075, 790, 187, 229]",1075,790,187,229,"[1075, 790, 187, 229]",offline_local_binary_ring_bottom_guard,assets/page_images/001_道因法师碑/p0021.jpg,0,2,1,http://data.library.sh.cn/bt/resource/work/v1e0qbx3r5wp1uw4,http://iiif.library.sh.cn/api/viewer/17A331,https://iiif.library.sh.cn/p/3/02c55611-7427-4cd0-a2cd-a15b5ccbaa9c,https://iiif.library.sh.cn/c/3/e9cb9eb5-fc66-4246-bb27-e3a53958fd0f,1442,2218,https://iiif.library.sh.cn/c/3/e9cb9eb5-fc66-4246-bb27-e3a53958fd0f/ap/s,https://iiif.library.sh.cn/c/3/e9cb9eb5-fc66-4246-bb27-e3a53958fd0f/ap/c/a/fd987ec8-40a7-46e6-ae1c-dbbb9a495a37,3,3,supplementing,"[1087, 816, 1250, 979]","https://iiif.library.sh.cn/c/3/e9cb9eb5-fc66-4246-bb27-e3a53958fd0f#xywh=1087,816,163,163",李俨撰文，欧阳通楷书,欧阳通（楷书）；李儇（撰文）,唐,龙朔三年十月十日刻立（663）,663,楷书,17A331,《翰墨瑰宝：上海图书馆藏珍本碑帖丛刊》第二辑,iiif_annotation_target_xywh,iiif_xywh
001_道因法师碑_p0021_c004,义,001_道因法师碑,道因法师碑,21,二十一,1087,1003,163,163,"[1087, 1003, 163, 163]",1093,999,151,175,"[1093, 999, 151, 175]",1058,974,221,221,"[1058, 974, 221, 221]",1075,966,187,246,"[1075, 966, 187, 246]",1075,966,187,246,"[1075, 966, 187, 246]",offline_local_binary_ring_bottom_guard,assets/page_images/001_道因法师碑/p0021.jpg,0,3,1,http://data.library.sh.cn/bt/resource/work/v1e0qbx3r5wp1uw4,http://iiif.library.sh.cn/api/viewer/17A331,https://iiif.library.sh.cn/p/3/02c55611-7427-4cd0-a2cd-a15b5ccbaa9c,https://iiif.library.sh.cn/c/3/e9cb9eb5-fc66-4246-bb27-e3a53958fd0f,1442,2218,https://iiif.library.sh.cn/c/3/e9cb9eb5-fc66-4246-bb27-e3a53958fd0f/ap/s,https://iiif.library.sh.cn/c/3/e9cb9eb5-fc66-4246-bb27-e3a53958fd0f/ap/c/a/efce5dc2-29d7-4624-bdc2-c7593bd6a126,4,4,supplementing,"[1087, 1003, 1250, 1166]","https://iiif.library.sh.cn/c/3/e9cb9eb5-fc66-4246-bb27-e3a53958fd0f#xywh=1087,1003,163,163",李俨撰文，欧阳通楷书,欧阳通（楷书）；李儇（撰文）,唐,龙朔三年十月十日刻立（663）,663,楷书,17A331,《翰墨瑰宝：上海图书馆藏珍本碑帖丛刊》第二辑,iiif_annotation_target_xywh,iiif_xywh
001_道因法师碑_p0021_c005,遍,001_道因法师碑,道因法师碑,21,二十一,1087,1197,163,163,"[1087, 1197, 163, 163]",1093,1189,151,176,"[1093, 1189, 151, 176]",1058,1168,221,221,"[1058, 1168, 221, 221]",1075,1156,187,248,"[1075, 1156, 187, 248]",1075,1156,187,248,"[1075, 1156, 187, 248]",offline_local_binary_ring_bottom_guard,assets/page_images/001_道因法师碑/p0021.jpg,0,4,1,http://data.library.sh.cn/bt/resource/work/v1e0qbx3r5wp1uw4,http://iiif.library.sh.cn/api/viewer/17A331,https://iiif.library.sh.cn/p/3/02c55611-7427-4cd0-a2cd-a15b5ccbaa9c,https://iiif.library.sh.cn/c/3/e9cb9eb5-fc66-4246-bb27-e3a53958fd0f,1442,2218,https://iiif.library.sh.cn/c/3/e9cb9eb5-fc66-4246-bb27-e3a53958fd0f/ap/s,https://iiif.library.sh.cn/c/3/e9cb9eb5-fc66-4246-bb27-e3a53958fd0f/ap/c/a/11fc7ba1-f723-413e-9cd3-7e375c445ace,5,5,supplementing,"[1087, 1197, 1250, 1360]","https://iiif.library.sh.cn/c/3/e9cb9eb5-fc66-4246-bb27-e3a53958fd0f#xywh=1087,1197,163,163",李俨撰文，欧阳通楷书,欧阳通（楷书）；李儇（撰文）,唐,龙朔三年十月十日刻立（663）,663,楷书,17A331,《翰墨瑰宝：上海图书馆藏珍本碑帖丛刊》第二辑,iiif_annotation_target_xywh,iiif_xywh
001_道因法师碑_p0021_c006,讫,001_道因法师碑,道因法师碑,21,二十一,1087,1386,163,163,"[1087, 1386, 163, 163]",1093,1380,151,163,"[1093, 1380, 151, 163]",1058,1357,221,221,"[1058, 1357, 221, 221]",1075,1347,187,232,"[1075, 1347, 187, 232]",1075,1347,187,232,"[1075, 1347, 187, 232]",offline_local_binary_ring_bottom_guard,assets/page_images/001_道因法师碑/p0021.jpg,0,5,1,http://data.library.sh.cn/bt/resource/work/v1e0qbx3r5wp1uw4,http://iiif.library.sh.cn/api/viewer/17A331,https://iiif.library.sh.cn/p/3/02c55611-7427-4cd0-a2cd-a15b5ccbaa9c,https://iiif.library.sh.cn/c/3/e9cb9eb5-fc66-4246-bb27-e3a53958fd0f,1442,2218,https://iiif.library.sh.cn/c/3/e9cb9eb5-fc66-4246-bb27-e3a53958fd0f/ap/s,https://iiif.library.sh.cn/c/3/e9cb9eb5-fc66-4246-bb27-e3a53958fd0f/ap/c/a/9b84a3c5-0eb5-4e3c-991c-1e3c5ab1a3cd,6,6,supplementing,"[1087, 1386, 1250, 1549]","https://iiif.library.sh.cn/c/3/e9cb9eb5-fc66-4246-bb27-e3a53958fd0f#xywh=1087,1386,163,163",李俨撰文，欧阳通楷书,欧阳通（楷书）；李儇（撰文）,唐,龙朔三年十月十日刻立（663）,663,楷书,17A331,《翰墨瑰宝：上海图书馆藏珍本碑帖丛刊》第二辑,iiif_annotation_target_xywh,iiif_xywh
001_道因法师碑_p0021_c007,便,001_道因法师碑,道因法师碑,21,二十一,1087,1551,163,163,"[1087, 1551, 163, 163]",1093,1556,151,148,"[1093, 1556, 151, 148]",1058,1522,221,221,"[1058, 1522, 221, 221]",1075,1523,187,214,"[1075, 1523, 187, 214]",1075,1523,187,214,"[1075, 1523, 187, 214]",offline_local_binary_ring_bottom_guard,assets/page_images/001_道因法师碑/p0021.jpg,0,6,1,http://data.library.sh.cn/bt/resource/work/v1e0qbx3r5wp1uw4,http://iiif.library.sh.cn/api/viewer/17A331,https://iiif.library.sh.cn/p/3/02c55611-7427-4cd0-a2cd-a15b5ccbaa9c,https://iiif.library.sh.cn/c/3/e9cb9eb5-fc66-4246-bb27-e3a53958fd0f,1442,2218,https://iiif.library.sh.cn/c/3/e9cb9eb5-fc66-4246-bb27-e3a53958fd0f/ap/s,https://iiif.library.sh.cn/c/3/e9cb9eb5-fc66-4246-bb27-e3a53958fd0f/ap/c/a/11857096-d6c6-442c-84b4-7e69ca3e908f,7,7,supplementing,"[1087, 1551, 1250, 1714]","https://iiif.library.sh.cn/c/3/e9cb9eb5-fc66-4246-bb27-e3a53958fd0f#xywh=1087,1551,163,163",李俨撰文，欧阳通楷书,欧阳通（楷书）；李儇（撰文）,唐,龙朔三年十月十日刻立（663）,663,楷书,17A331,《翰墨瑰宝：上海图书馆藏珍本碑帖丛刊》第二辑,iiif_annotation_target_xywh,iiif_xywh
001_道因法师碑_p0021_c008,讲,001_道因法师碑,道因法师碑,21,二十一,1087,1707,163,163,"[1087, 1707, 163, 163]",1093,1717,151,143,"[1093, 1717, 151, 143]",1058,1678,221,221,"[1058, 1678, 221, 221]",1075,1686,187,205,"[1075, 1686, 187, 205]",1075,1686,187,205,"[1075, 1686, 187, 205]",offline_local_binary_ring_bottom_guard,assets/page_images/001_道因法师碑/p0021.jpg,0,7,1,http://data.library.sh.cn/bt/resource/work/v1e0qbx3r5wp1uw4,http://iiif.library.sh.cn/api/viewer/17A331,https://iiif.library.sh.cn/p/3/02c55611-7427-4cd0-a2cd-a15b5ccbaa9c,https://iiif.library.sh.cn/c/3/e9cb9eb5-fc66-4246-bb27-e3a53958fd0f,1442,2218,https://iiif.library.sh.cn/c/3/e9cb9eb5-fc66-4246-bb27-e3a53958fd0f/ap/s,https://iiif.library.sh.cn/c/3/e9cb9eb5-fc66-4246-bb27-e3a53958fd0f/ap/c/a/dc42ed66-53fd-47bd-815d-5b04d3782592,8,8,supplementing,"[1087, 1707, 1250, 1870]","https://iiif.library.sh.cn/c/3/e9cb9eb5-fc66-4246-bb27-e3a53958fd0f#xywh=1087,1707,163,163",李俨撰文，欧阳通楷书,欧阳通（楷书）；李儇（撰文）,唐,龙朔三年十月十日刻立（663）,663,楷书,17A331,《翰墨瑰宝：上海图书馆藏珍本碑帖丛刊》第二辑,iiif_annotation_target_xywh,iiif_xywh
001_道因法师碑_p0021_c009,辩,001_道因法师碑,道因法师碑,21,二十一,933,539,144,144,"[933, 539, 144, 144]",930,536,150,150,"[930, 536, 150, 150]",907,513,196,196,"[907, 513, 196, 196]",912,506,186,213,"[912, 506, 186, 213]",912,506,186,213,"[912, 506, 186, 213]",offline_local_binary_ring_bottom_guard,assets/page_images/001_道因法师碑/p0021.jpg,1,0,1,http://data.library.sh.cn/bt/resource/work/v1e0qbx3r5wp1uw4,http://iiif.library.sh.cn/api/viewer/17A331,https://iiif.library.sh.cn/p/3/02c55611-7427-4cd0-a2cd-a15b5ccbaa9c,https://iiif.library.sh.cn/c/3/e9cb9eb5-fc66-4246-bb27-e3a53958fd0f,1442,2218,https://iiif.library.sh.cn/c/3/e9cb9eb5-fc66-4246-bb27-e3a53958fd0f/ap/s,https://iiif.library.sh.cn/c/3/e9cb9eb5-fc66-4246-bb27-e3a53958fd0f/ap/c/a/0fdced40-1ac0-4ddb-8862-8eaf0fb54659,9,9,supplementing,"[933, 539, 1077, 683]","https://iiif.library.sh.cn/c/3/e9cb9eb5-fc66-4246-bb27-e3a53958fd0f#xywh=933,539,144,144",李俨撰文，欧阳通楷书,欧阳通（楷书）；李儇（撰文）,唐,龙朔三年十月十日刻立（663）,663,楷书,17A331,《翰墨瑰宝：上海图书馆藏珍本碑帖丛刊》第二辑,iiif_annotation_target_xywh,iiif_xywh
001_道因法师碑_p0021_c010,析,001_道因法师碑,道因法师碑,21,二十一,933,702,144,144,"[933, 702, 144, 144]",930,699,150,154,"[930, 699, 150, 154]",907,676,196,196,"[907, 676, 196, 196]",912,669,186,218,"[912, 669, 186, 218]",912,669,186,218,"[912, 669, 186, 218]",offline_local_binary_ring_bottom_guard,assets/page_images/001_道因法师碑/p0021.jpg,1,1,1,http://data.library.sh.cn/bt/resource/work/v1e0qbx3r5wp1uw4,http://iiif.library.sh.cn/api/viewer/17A331,https://iiif.library.sh.cn/p/3/02c55611-7427-4cd0-a2cd-a15b5ccbaa9c,https://iiif.library.sh.cn/c/3/e9cb9eb5-fc66-4246-bb27-e3a53958fd0f,1442,2218,https://iiif.library.sh.cn/c/3/e9cb9eb5-fc66-4246-bb27-e3a53958fd0f/ap/s,https://iiif.library.sh.cn/c/3/e9cb9eb5-fc66-4246-bb27-e3a53958fd0f/ap/c/a/682cd4c5-8f6c-44f4-a4c1-f33f892048e4,10,10,supplementing,"[933, 702, 1077, 846]","https://iiif.library.sh.cn/c/3/e9cb9eb5-fc66-4246-bb27-e3a53958fd0f#xywh=933,702,144,144",李俨撰文，欧阳通楷书,欧阳通（楷书）；李儇（撰文）,唐,龙朔三年十月十日刻立（663）,663,楷书,17A331,《翰墨瑰宝：上海图书馆藏珍本碑帖丛刊》第二辑,iiif_annotation_target_xywh,iiif_xywh
001_道因法师碑_p0021_c011,文,001_道因法师碑,道因法师碑,21,二十一,933,873,144,144,"[933, 873, 144, 144]",930,866,150,158,"[930, 866, 150, 158]",907,847,196,196,"[907, 847, 196, 196]",912,836,186,223,"[912, 836, 186, 223]",912,836,186,223,"[912, 836, 186, 223]",offline_local_binary_ring_bottom_guard,assets/page_images/001_道因法师碑/p0021.jpg,1,2,1,http://data.library.sh.cn/bt/resource/work/v1e0qbx3r5wp1uw4,http://iiif.library.sh.cn/api/viewer/17A331,https://iiif.library.sh.cn/p/3/02c55611-7427-4cd0-a2cd-a15b5ccbaa9c,https://iiif.library.sh.cn/c/3/e9cb9eb5-fc66-4246-bb27-e3a53958fd0f,1442,2218,https://iiif.library.sh.cn/c/3/e9cb9eb5-fc66-4246-bb27-e3a53958fd0f/ap/s,https://iiif.library.sh.cn/c/3/e9cb9eb5-fc66-4246-bb27-e3a53958fd0f/ap/c/a/cc3687fd-6de9-4569-95fc-c5dfb335cb37,11,11,supplementing,"[933, 873, 1077, 1017]","https://iiif.library.sh.cn/c/3/e9cb9eb5-fc66-4246-bb27-e3a53958fd0f#xywh=933,873,144,144",李俨撰文，欧阳通楷书,欧阳通（楷书）；李儇（撰文）,唐,龙朔三年十月十日刻立（663）,663,楷书,17A331,《翰墨瑰宝：上海图书馆藏珍本碑帖丛刊》第二辑,iiif_annotation_target_xywh,iiif_xywh
001_道因法师碑_p0021_c012,理,001_道因法师碑,道因法师碑,21,二十一,933,1044,144,144,"[933, 1044, 144, 144]",930,1037,150,159,"[930, 1037, 150, 159]",907,1018,196,196,"[907, 1018, 196, 196]",912,1007,186,224,"[912, 1007, 186, 224]",912,1007,186,224,"[912, 1007, 186, 224]",offline_local_binary_ring_bottom_guard,assets/page_images/001_道因法师碑/p0021.jpg,1,3,1,http://data.library.sh.cn/bt/resource/work/v1e0qbx3r5wp1uw4,http://iiif.library.sh.cn/api/viewer/17A331,https://iiif.library.sh.cn/p/3/02c55611-7427-4cd0-a2cd-a15b5ccbaa9c,https://iiif.library.sh.cn/c/3/e9cb9eb5-fc66-4246-bb27-e3a53958fd0f,1442,2218,https://iiif.library.sh.cn/c/3/e9cb9eb5-fc66-4246-bb27-e3a53958fd0f/ap/s,https://iiif.library.sh.cn/c/3/e9cb9eb5-fc66-4246-bb27-e3a53958fd0f/ap/c/a/c973862a-a73c-4456-9f18-96d1202c8bba,12,12,supplementing,"[933, 1044, 1077, 1188]","https://iiif.library.sh.cn/c/3/e9cb9eb5-fc66-4246-bb27-e3a53958fd0f#xywh=933,1044,144,144",李俨撰文，欧阳通楷书,欧阳通（楷书）；李儇（撰文）,唐,龙朔三年十月十日刻立（663）,663,楷书,17A331,《翰墨瑰宝：上海图书馆藏珍本碑帖丛刊》第二辑,iiif_annotation_target_xywh,iiif_xywh
001_道因法师碑_p0021_c013,综,001_道因法师碑,道因法师碑,21,二十一,933,1217,144,144,"[933, 1217, 144, 144]",930,1210,150,166,"[930, 1210, 150, 166]",907,1191,196,196,"[907, 1191, 196, 196]",912,1180,186,233,"[912, 1180, 186, 233]",912,1180,186,233,"[912, 1180, 186, 233]",offline_local_binary_ring_bottom_guard,assets/page_images/001_道因法师碑/p0021.jpg,1,4,1,http://data.library.sh.cn/bt/resource/work/v1e0qbx3r5wp1uw4,http://iiif.library.sh.cn/api/viewer/17A331,https://iiif.library.sh.cn/p/3/02c55611-7427-4cd0-a2cd-a15b5ccbaa9c,https://iiif.library.sh.cn/c/3/e9cb9eb5-fc66-4246-bb27-e3a53958fd0f,1442,2218,https://iiif.library.sh.cn/c/3/e9cb9eb5-fc66-4246-bb27-e3a53958fd0f/ap/s,https://iiif.library.sh.cn/c/3/e9cb9eb5-fc66-4246-bb27-e3a53958fd0f/ap/c/a/a3ed2881-90f8-466c-a5e6-eb9d025cabbf,13,13,supplementing,"[933, 1217, 1077, 1361]","https://iiif.library.sh.cn/c/3/e9cb9eb5-fc66-4246-bb27-e3a53958fd0f#xywh=933,1217,144,144",李俨撰文，欧阳通楷书,欧阳通（楷书）；李儇（撰文）,唐,龙朔三年十月十日刻立（663）,663,楷书,17A331,《翰墨瑰宝：上海图书馆藏珍本碑帖丛刊》第二辑,iiif_annotation_target_xywh,iiif_xywh
001_道因法师碑_p0021_c014,核,001_道因法师碑,道因法师碑,21,二十一,933,1406,144,144,"[933, 1406, 144, 144]",930,1391,150,161,"[930, 1391, 150, 161]",907,1380,196,196,"[907, 1380, 196, 196]",912,1361,186,226,"[912, 1361, 186, 226]",912,1361,186,226,"[912, 1361, 186, 226]",offline_local_binary_ring_bottom_guard,assets/page_images/001_道因法师碑/p0021.jpg,1,5,1,http://data.library.sh.cn/bt/resource/work/v1e0qbx3r5wp1uw4,http://iiif.library.sh.cn/api/viewer/17A331,https://iiif.library.sh.cn/p/3/02c55611-7427-4cd0-a2cd-a15b5ccbaa9c,https://iiif.library.sh.cn/c/3/e9cb9eb5-fc66-4246-bb27-e3a53958fd0f,1442,2218,https://iiif.library.sh.cn/c/3/e9cb9eb5-fc66-4246-bb27-e3a53958fd0f/ap/s,https://iiif.library.sh.cn/c/3/e9cb9eb5-fc66-4246-bb27-e3a53958fd0f/ap/c/a/a524e71c-fa64-4f49-b93d-c4cdd5fff602,14,14,supplementing,"[933, 1406, 1077, 1550]","https://iiif.library.sh.cn/c/3/e9cb9eb5-fc66-4246-bb27-e3a53958fd0f#xywh=933,1406,144,144",李俨撰文，欧阳通楷书,欧阳通（楷书）；李儇（撰文）,唐,龙朔三年十月十日刻立（663）,663,楷书,17A331,《翰墨瑰宝：上海图书馆藏珍本碑帖丛刊》第二辑,iiif_annotation_target_xywh,iiif_xywh
001_道因法师碑_p0021_c015,指,001_道因法师碑,道因法师碑,21,二十一,933,1569,144,144,"[933, 1569, 144, 144]",930,1566,150,157,"[930, 1566, 150, 157]",907,1543,196,196,"[907, 1543, 196, 196]",912,1536,186,222,"[912, 1536, 186, 222]",912,1536,186,222,"[912, 1536, 186, 222]",offline_local_binary_ring_bottom_guard,assets/page_images/001_道因法师碑/p0021.jpg,1,6,1,http://data.library.sh.cn/bt/resource/work/v1e0qbx3r5wp1uw4,http://iiif.library.sh.cn/api/viewer/17A331,https://iiif.library.sh.cn/p/3/02c55611-7427-4cd0-a2cd-a15b5ccbaa9c,https://iiif.library.sh.cn/c/3/e9cb9eb5-fc66-4246-bb27-e3a53958fd0f,1442,2218,https://iiif.library.sh.cn/c/3/e9cb9eb5-fc66-4246-bb27-e3a53958fd0f/ap/s,https://iiif.library.sh.cn/c/3/e9cb9eb5-fc66-4246-bb27-e3a53958fd0f/ap/c/a/b59dd3f6-bd5c-4a1a-8189-5eea186db41d,15,15,supplementing,"[933, 1569, 1077, 1713]","https://iiif.library.sh.cn/c/3/e9cb9eb5-fc66-4246-bb27-e3a53958fd0f#xywh=933,1569,144,144",李俨撰文，欧阳通楷书,欧阳通（楷书）；李儇（撰文）,唐,龙朔三年十月十日刻立（663）,663,楷书,17A331,《翰墨瑰宝：上海图书馆藏珍本碑帖丛刊》第二辑,iiif_annotation_target_xywh,iiif_xywh
001_道因法师碑_p0021_c016,归,001_道因法师碑,道因法师碑,21,二十一,933,1746,144,144,"[933, 1746, 144, 144]",930,1737,150,162,"[930, 1737, 150, 162]",907,1720,196,196,"[907, 1720, 196, 196]",912,1707,186,228,"[912, 1707, 186, 228]",912,1707,186,228,"[912, 1707, 186, 228]",offline_local_binary_ring_bottom_guard,assets/page_images/001_道因法师碑/p0021.jpg,1,7,1,http://data.library.sh.cn/bt/resource/work/v1e0qbx3r5wp1uw4,http://iiif.library.sh.cn/api/viewer/17A331,https://iiif.library.sh.cn/p/3/02c55611-7427-4cd0-a2cd-a15b5ccbaa9c,https://iiif.library.sh.cn/c/3/e9cb9eb5-fc66-4246-bb27-e3a53958fd0f,1442,2218,https://iiif.library.sh.cn/c/3/e9cb9eb5-fc66-4246-bb27-e3a53958fd0f/ap/s,https://iiif.library.sh.cn/c/3/e9cb9eb5-fc66-4246-bb27-e3a53958fd0f/ap/c/a/bc3e9977-3899-4d67-857b-8b63e23eb43f,16,16,supplementing,"[933, 1746, 1077, 1890]","https://iiif.library.sh.cn/c/3/e9cb9eb5-fc66-4246-bb27-e3a53958fd0f#xywh=933,1746,144,144",李俨撰文，欧阳通楷书,欧阳通（楷书）；李儇（撰文）,唐,龙朔三年十月十日刻立（663）,663,楷书,17A331,《翰墨瑰宝：上海图书馆藏珍本碑帖丛刊》第二辑,iiif_annotation_target_xywh,iiif_xywh
001_道因法师碑_p0021_c017,十,001_道因法师碑,道因法师碑,21,二十一,774,543,137,137,"[774, 543, 137, 137]",766,554,151,115,"[766, 554, 151, 115]",749,518,187,187,"[749, 518, 187, 187]",748,529,187,165,"[748, 529, 187, 165]",748,529,187,165,"[748, 529, 187, 165]",offline_local_binary_ring_bottom_guard,assets/page_images/001_道因法师碑/p0021.jpg,2,0,1,http://data.library.sh.cn/bt/resource/work/v1e0qbx3r5wp1uw4,http://iiif.library.sh.cn/api/viewer/17A331,https://iiif.library.sh.cn/p/3/02c55611-7427-4cd0-a2cd-a15b5ccbaa9c,https://iiif.library.sh.cn/c/3/e9cb9eb5-fc66-4246-bb27-e3a53958fd0f,1442,2218,https://iiif.library.sh.cn/c/3/e9cb9eb5-fc66-4246-bb27-e3a53958fd0f/ap/s,https://iiif.library.sh.cn/c/3/e9cb9eb5-fc66-4246-bb27-e3a53958fd0f/ap/c/a/7376ae00-7bc2-41ad-a08c-ffe66e79512e,17,17,supplementing,"[774, 543, 911, 680]","https://iiif.library.sh.cn/c/3/e9cb9eb5-fc66-4246-bb27-e3a53958fd0f#xywh=774,543,137,137",李俨撰文，欧阳通楷书,欧阳通（楷书）；李儇（撰文）,唐,龙朔三年十月十日刻立（663）,663,楷书,17A331,《翰墨瑰宝：上海图书馆藏珍本碑帖丛刊》第二辑,iiif_annotation_target_xywh,iiif_xywh
001_道因法师碑_p0021_c018,诵,001_道因法师碑,道因法师碑,21,二十一,774,668,137,137,"[774, 668, 137, 137]",766,680,151,146,"[766, 680, 151, 146]",749,643,187,187,"[749, 643, 187, 187]",748,648,187,210,"[748, 648, 187, 210]",748,648,187,210,"[748, 648, 187, 210]",offline_local_binary_ring_bottom_guard,assets/page_images/001_道因法师碑/p0021.jpg,2,1,1,http://data.library.sh.cn/bt/resource/work/v1e0qbx3r5wp1uw4,http://iiif.library.sh.cn/api/viewer/17A331,https://iiif.library.sh.cn/p/3/02c55611-7427-4cd0-a2cd-a15b5ccbaa9c,https://iiif.library.sh.cn/c/3/e9cb9eb5-fc66-4246-bb27-e3a53958fd0f,1442,2218,https://iiif.library.sh.cn/c/3/e9cb9eb5-fc66-4246-bb27-e3a53958fd0f/ap/s,https://iiif.library.sh.cn/c/3/e9cb9eb5-fc66-4246-bb27-e3a53958fd0f/ap/c/a/19ffe064-5cef-41de-8204-72991d1a6813,18,18,supplementing,"[774, 668, 911, 805]","https://iiif.library.sh.cn/c/3/e9cb9eb5-fc66-4246-bb27-e3a53958fd0f#xywh=774,668,137,137",李俨撰文，欧阳通楷书,欧阳通（楷书）；李儇（撰文）,唐,龙朔三年十月十日刻立（663）,663,楷书,17A331,《翰墨瑰宝：上海图书馆藏珍本碑帖丛刊》第二辑,iiif_annotation_target_xywh,iiif_xywh
001_道因法师碑_p0021_c019,之,001_道因法师碑,道因法师碑,21,二十一,774,859,137,137,"[774, 859, 137, 137]",766,839,151,164,"[766, 839, 151, 164]",749,834,187,187,"[749, 834, 187, 187]",748,811,187,228,"[748, 811, 187, 228]",748,811,187,228,"[748, 811, 187, 228]",offline_local_binary_ring_bottom_guard,assets/page_images/001_道因法师碑/p0021.jpg,2,2,1,http://data.library.sh.cn/bt/resource/work/v1e0qbx3r5wp1uw4,http://iiif.library.sh.cn/api/viewer/17A331,https://iiif.library.sh.cn/p/3/02c55611-7427-4cd0-a2cd-a15b5ccbaa9c,https://iiif.library.sh.cn/c/3/e9cb9eb5-fc66-4246-bb27-e3a53958fd0f,1442,2218,https://iiif.library.sh.cn/c/3/e9cb9eb5-fc66-4246-bb27-e3a53958fd0f/ap/s,https://iiif.library.sh.cn/c/3/e9cb9eb5-fc66-4246-bb27-e3a53958fd0f/ap/c/a/382f9d12-1418-4f7e-91f2-5d6a24c9d2f9,19,19,supplementing,"[774, 859, 911, 996]","https://iiif.library.sh.cn/c/3/e9cb9eb5-fc66-4246-bb27-e3a53958fd0f#xywh=774,859,137,137",李俨撰文，欧阳通楷书,欧阳通（楷书）；李儇（撰文）,唐,龙朔三年十月十日刻立（663）,663,楷书,17A331,《翰墨瑰宝：上海图书馆藏珍本碑帖丛刊》第二辑,iiif_annotation_target_xywh,iiif_xywh
001_道因法师碑_p0021_c020,端,001_道因法师碑,道因法师碑,21,二十一,774,1024,137,137,"[774, 1024, 137, 137]",766,1017,151,167,"[766, 1017, 151, 167]",749,999,187,187,"[749, 999, 187, 187]",748,989,187,232,"[748, 989, 187, 232]",748,989,187,232,"[748, 989, 187, 232]",offline_local_binary_ring_bottom_guard,assets/page_images/001_道因法师碑/p0021.jpg,2,3,1,http://data.library.sh.cn/bt/resource/work/v1e0qbx3r5wp1uw4,http://iiif.library.sh.cn/api/viewer/17A331,https://iiif.library.sh.cn/p/3/02c55611-7427-4cd0-a2cd-a15b5ccbaa9c,https://iiif.library.sh.cn/c/3/e9cb9eb5-fc66-4246-bb27-e3a53958fd0f,1442,2218,https://iiif.library.sh.cn/c/3/e9cb9eb5-fc66-4246-bb27-e3a53958fd0f/ap/s,https://iiif.library.sh.cn/c/3/e9cb9eb5-fc66-4246-bb27-e3a53958fd0f/ap/c/a/5155d94e-3bc6-45f1-9034-c5868d4c5dfd,20,20,supplementing,"[774, 1024, 911, 1161]","https://iiif.library.sh.cn/c/3/e9cb9eb5-fc66-4246-bb27-e3a53958fd0f#xywh=774,1024,137,137",李俨撰文，欧阳通楷书,欧阳通（楷书）；李儇（撰文）,唐,龙朔三年十月十日刻立（663）,663,楷书,17A331,《翰墨瑰宝：上海图书馆藏珍本碑帖丛刊》第二辑,iiif_annotation_target_xywh,iiif_xywh
001_道因法师碑_p0021_c021,五,001_道因法师碑,道因法师碑,21,二十一,774,1221,137,137,"[774, 1221, 137, 137]",766,1198,151,166,"[766, 1198, 151, 166]",749,1196,187,187,"[749, 1196, 187, 187]",748,1170,187,231,"[748, 1170, 187, 231]",748,1170,187,231,"[748, 1170, 187, 231]",offline_local_binary_ring_bottom_guard,assets/page_images/001_道因法师碑/p0021.jpg,2,4,1,http://data.library.sh.cn/bt/resource/work/v1e0qbx3r5wp1uw4,http://iiif.library.sh.cn/api/viewer/17A331,https://iiif.library.sh.cn/p/3/02c55611-7427-4cd0-a2cd-a15b5ccbaa9c,https://iiif.library.sh.cn/c/3/e9cb9eb5-fc66-4246-bb27-e3a53958fd0f,1442,2218,https://iiif.library.sh.cn/c/3/e9cb9eb5-fc66-4246-bb27-e3a53958fd0f/ap/s,https://iiif.library.sh.cn/c/3/e9cb9eb5-fc66-4246-bb27-e3a53958fd0f/ap/c/a/732b0010-9d29-4a0f-944b-f685558d525f,21,21,supplementing,"[774, 1221, 911, 1358]","https://iiif.library.sh.cn/c/3/e9cb9eb5-fc66-4246-bb27-e3a53958fd0f#xywh=774,1221,137,137",李俨撰文，欧阳通楷书,欧阳通（楷书）；李儇（撰文）,唐,龙朔三年十月十日刻立（663）,663,楷书,17A331,《翰墨瑰宝：上海图书馆藏珍本碑帖丛刊》第二辑,iiif_annotation_target_xywh,iiif_xywh
001_道因法师碑_p0021_c022,篇,001_道因法师碑,道因法师碑,21,二十一,774,1384,137,137,"[774, 1384, 137, 137]",766,1378,151,173,"[766, 1378, 151, 173]",749,1359,187,187,"[749, 1359, 187, 187]",748,1350,187,239,"[748, 1350, 187, 239]",748,1350,187,239,"[748, 1350, 187, 239]",offline_local_binary_ring_bottom_guard,assets/page_images/001_道因法师碑/p0021.jpg,2,5,1,http://data.library.sh.cn/bt/resource/work/v1e0qbx3r5wp1uw4,http://iiif.library.sh.cn/api/viewer/17A331,https://iiif.library.sh.cn/p/3/02c55611-7427-4cd0-a2cd-a15b5ccbaa9c,https://iiif.library.sh.cn/c/3/e9cb9eb5-fc66-4246-bb27-e3a53958fd0f,1442,2218,https://iiif.library.sh.cn/c/3/e9cb9eb5-fc66-4246-bb27-e3a53958fd0f/ap/s,https://iiif.library.sh.cn/c/3/e9cb9eb5-fc66-4246-bb27-e3a53958fd0f/ap/c/a/41798ee9-b0eb-47a7-b1d8-406da437fb6a,22,22,supplementing,"[774, 1384, 911, 1521]","https://iiif.library.sh.cn/c/3/e9cb9eb5-fc66-4246-bb27-e3a53958fd0f#xywh=774,1384,137,137",李俨撰文，欧阳通楷书,欧阳通（楷书）；李儇（撰文）,唐,龙朔三年十月十日刻立（663）,663,楷书,17A331,《翰墨瑰宝：上海图书馆藏珍本碑帖丛刊》第二辑,iiif_annotation_target_xywh,iiif_xywh
001_道因法师碑_p0021_c023,之,001_道因法师碑,道因法师碑,21,二十一,774,1595,137,137,"[774, 1595, 137, 137]",766,1565,151,158,"[766, 1565, 151, 158]",749,1570,187,187,"[749, 1570, 187, 187]",748,1537,187,221,"[748, 1537, 187, 221]",748,1537,187,221,"[748, 1537, 187, 221]",offline_local_binary_ring_bottom_guard,assets/page_images/001_道因法师碑/p0021.jpg,2,6,1,http://data.library.sh.cn/bt/resource/work/v1e0qbx3r5wp1uw4,http://iiif.library.sh.cn/api/viewer/17A331,https://iiif.library.sh.cn/p/3/02c55611-7427-4cd0-a2cd-a15b5ccbaa9c,https://iiif.library.sh.cn/c/3/e9cb9eb5-fc66-4246-bb27-e3a53958fd0f,1442,2218,https://iiif.library.sh.cn/c/3/e9cb9eb5-fc66-4246-bb27-e3a53958fd0f/ap/s,https://iiif.library.sh.cn/c/3/e9cb9eb5-fc66-4246-bb27-e3a53958fd0f/ap/c/a/2e7db6bd-6ba8-48f1-939a-97e9257a4953,23,23,supplementing,"[774, 1595, 911, 1732]","https://iiif.library.sh.cn/c/3/e9cb9eb5-fc66-4246-bb27-e3a53958fd0f#xywh=774,1595,137,137",李俨撰文，欧阳通楷书,欧阳通（楷书）；李儇（撰文）,唐,龙朔三年十月十日刻立（663）,663,楷书,17A331,《翰墨瑰宝：上海图书馆藏珍本碑帖丛刊》第二辑,iiif_annotation_target_xywh,iiif_xywh
001_道因法师碑_p0021_c024,赜,001_道因法师碑,道因法师碑,21,二十一,774,1728,137,137,"[774, 1728, 137, 137]",766,1735,151,123,"[766, 1735, 151, 123]",749,1703,187,187,"[749, 1703, 187, 187]",748,1708,187,177,"[748, 1708, 187, 177]",748,1708,187,177,"[748, 1708, 187, 177]",offline_local_binary_ring_bottom_guard,assets/page_images/001_道因法师碑/p0021.jpg,2,7,1,http://data.library.sh.cn/bt/resource/work/v1e0qbx3r5wp1uw4,http://iiif.library.sh.cn/api/viewer/17A331,https://iiif.library.sh.cn/p/3/02c55611-7427-4cd0-a2cd-a15b5ccbaa9c,https://iiif.library.sh.cn/c/3/e9cb9eb5-fc66-4246-bb27-e3a53958fd0f,1442,2218,https://iiif.library.sh.cn/c/3/e9cb9eb5-fc66-4246-bb27-e3a53958fd0f/ap/s,https://iiif.library.sh.cn/c/3/e9cb9eb5-fc66-4246-bb27-e3a53958fd0f/ap/c/a/5cad5baf-d5ed-4584-a608-44577df596e6,24,24,supplementing,"[774, 1728, 911, 1865]","https://iiif.library.sh.cn/c/3/e9cb9eb5-fc66-4246-bb27-e3a53958fd0f#xywh=774,1728,137,137",李俨撰文，欧阳通楷书,欧阳通（楷书）；李儇（撰文）,唐,龙朔三年十月十日刻立（663）,663,楷书,17A331,《翰墨瑰宝：上海图书馆藏珍本碑帖丛刊》第二辑,iiif_annotation_target_xywh,iiif_xywh
001_道因法师碑_p0021_c025,写,001_道因法师碑,道因法师碑,21,二十一,605,522,144,144,"[605, 522, 144, 144]",597,519,156,150,"[597, 519, 156, 150]",579,496,196,196,"[579, 496, 196, 196]",578,489,194,213,"[578, 489, 194, 213]",578,489,194,213,"[578, 489, 194, 213]",offline_local_binary_ring_bottom_guard,assets/page_images/001_道因法师碑/p0021.jpg,3,0,1,http://data.library.sh.cn/bt/resource/work/v1e0qbx3r5wp1uw4,http://iiif.library.sh.cn/api/viewer/17A331,https://iiif.library.sh.cn/p/3/02c55611-7427-4cd0-a2cd-a15b5ccbaa9c,https://iiif.library.sh.cn/c/3/e9cb9eb5-fc66-4246-bb27-e3a53958fd0f,1442,2218,https://iiif.library.sh.cn/c/3/e9cb9eb5-fc66-4246-bb27-e3a53958fd0f/ap/s,https://iiif.library.sh.cn/c/3/e9cb9eb5-fc66-4246-bb27-e3a53958fd0f/ap/c/a/17d20091-b4b0-47b2-bb2f-0a2235c8a4d1,25,25,supplementing,"[605, 522, 749, 666]","https://iiif.library.sh.cn/c/3/e9cb9eb5-fc66-4246-bb27-e3a53958fd0f#xywh=605,522,144,144",李俨撰文，欧阳通楷书,欧阳通（楷书）；李儇（撰文）,唐,龙朔三年十月十日刻立（663）,663,楷书,17A331,《翰墨瑰宝：上海图书馆藏珍本碑帖丛刊》第二辑,iiif_annotation_target_xywh,iiif_xywh
001_道因法师碑_p0021_c026,瓶,001_道因法师碑,道因法师碑,21,二十一,605,684,144,144,"[605, 684, 144, 144]",597,682,156,149,"[597, 682, 156, 149]",579,658,196,196,"[579, 658, 196, 196]",578,652,194,212,"[578, 652, 194, 212]",578,652,194,212,"[578, 652, 194, 212]",offline_local_binary_ring_bottom_guard,assets/page_images/001_道因法师碑/p0021.jpg,3,1,1,http://data.library.sh.cn/bt/resource/work/v1e0qbx3r5wp1uw4,http://iiif.library.sh.cn/api/viewer/17A331,https://iiif.library.sh.cn/p/3/02c55611-7427-4cd0-a2cd-a15b5ccbaa9c,https://iiif.library.sh.cn/c/3/e9cb9eb5-fc66-4246-bb27-e3a53958fd0f,1442,2218,https://iiif.library.sh.cn/c/3/e9cb9eb5-fc66-4246-bb27-e3a53958fd0f/ap/s,https://iiif.library.sh.cn/c/3/e9cb9eb5-fc66-4246-bb27-e3a53958fd0f/ap/c/a/04775e6c-cd6b-40c6-bd8d-34935e92314c,26,26,supplementing,"[605, 684, 749, 828]","https://iiif.library.sh.cn/c/3/e9cb9eb5-fc66-4246-bb27-e3a53958fd0f#xywh=605,684,144,144",李俨撰文，欧阳通楷书,欧阳通（楷书）；李儇（撰文）,唐,龙朔三年十月十日刻立（663）,663,楷书,17A331,《翰墨瑰宝：上海图书馆藏珍本碑帖丛刊》第二辑,iiif_annotation_target_xywh,iiif_xywh
001_道因法师碑_p0021_c027,均,001_道因法师碑,道因法师碑,21,二十一,605,847,144,144,"[605, 847, 144, 144]",597,844,156,155,"[597, 844, 156, 155]",579,821,196,196,"[579, 821, 196, 196]",578,814,194,219,"[578, 814, 194, 219]",578,814,194,219,"[578, 814, 194, 219]",offline_local_binary_ring_bottom_guard,assets/page_images/001_道因法师碑/p0021.jpg,3,2,1,http://data.library.sh.cn/bt/resource/work/v1e0qbx3r5wp1uw4,http://iiif.library.sh.cn/api/viewer/17A331,https://iiif.library.sh.cn/p/3/02c55611-7427-4cd0-a2cd-a15b5ccbaa9c,https://iiif.library.sh.cn/c/3/e9cb9eb5-fc66-4246-bb27-e3a53958fd0f,1442,2218,https://iiif.library.sh.cn/c/3/e9cb9eb5-fc66-4246-bb27-e3a53958fd0f/ap/s,https://iiif.library.sh.cn/c/3/e9cb9eb5-fc66-4246-bb27-e3a53958fd0f/ap/c/a/4503a604-cd3b-4da2-8f5f-34c341784f89,27,27,supplementing,"[605, 847, 749, 991]","https://iiif.library.sh.cn/c/3/e9cb9eb5-fc66-4246-bb27-e3a53958fd0f#xywh=605,847,144,144",李俨撰文，欧阳通楷书,欧阳通（楷书）；李儇（撰文）,唐,龙朔三年十月十日刻立（663）,663,楷书,17A331,《翰墨瑰宝：上海图书馆藏珍本碑帖丛刊》第二辑,iiif_annotation_target_xywh,iiif_xywh
001_道因法师碑_p0021_c028,美,001_道因法师碑,道因法师碑,21,二十一,605,1020,144,144,"[605, 1020, 144, 144]",597,1013,156,172,"[597, 1013, 156, 172]",579,994,196,196,"[579, 994, 196, 196]",578,983,194,240,"[578, 983, 194, 240]",578,983,194,240,"[578, 983, 194, 240]",offline_local_binary_ring_bottom_guard,assets/page_images/001_道因法师碑/p0021.jpg,3,3,1,http://data.library.sh.cn/bt/resource/work/v1e0qbx3r5wp1uw4,http://iiif.library.sh.cn/api/viewer/17A331,https://iiif.library.sh.cn/p/3/02c55611-7427-4cd0-a2cd-a15b5ccbaa9c,https://iiif.library.sh.cn/c/3/e9cb9eb5-fc66-4246-bb27-e3a53958fd0f,1442,2218,https://iiif.library.sh.cn/c/3/e9cb9eb5-fc66-4246-bb27-e3a53958fd0f/ap/s,https://iiif.library.sh.cn/c/3/e9cb9eb5-fc66-4246-bb27-e3a53958fd0f/ap/c/a/5da11d1d-405c-4662-89c9-138e55320561,28,28,supplementing,"[605, 1020, 749, 1164]","https://iiif.library.sh.cn/c/3/e9cb9eb5-fc66-4246-bb27-e3a53958fd0f#xywh=605,1020,144,144",李俨撰文，欧阳通楷书,欧阳通（楷书）；李儇（撰文）,唐,龙朔三年十月十日刻立（663）,663,楷书,17A331,《翰墨瑰宝：上海图书馆藏珍本碑帖丛刊》第二辑,iiif_annotation_target_xywh,iiif_xywh
001_道因法师碑_p0021_c029,传,001_道因法师碑,道因法师碑,21,二十一,605,1221,144,144,"[605, 1221, 144, 144]",597,1200,156,169,"[597, 1200, 156, 169]",579,1195,196,196,"[579, 1195, 196, 196]",578,1170,194,236,"[578, 1170, 194, 236]",578,1170,194,236,"[578, 1170, 194, 236]",offline_local_binary_ring_bottom_guard,assets/page_images/001_道因法师碑/p0021.jpg,3,4,1,http://data.library.sh.cn/bt/resource/work/v1e0qbx3r5wp1uw4,http://iiif.library.sh.cn/api/viewer/17A331,https://iiif.library.sh.cn/p/3/02c55611-7427-4cd0-a2cd-a15b5ccbaa9c,https://iiif.library.sh.cn/c/3/e9cb9eb5-fc66-4246-bb27-e3a53958fd0f,1442,2218,https://iiif.library.sh.cn/c/3/e9cb9eb5-fc66-4246-bb27-e3a53958fd0f/ap/s,https://iiif.library.sh.cn/c/3/e9cb9eb5-fc66-4246-bb27-e3a53958fd0f/ap/c/a/22cbe386-050b-4607-ba9e-8d7c794b9995,29,29,supplementing,"[605, 1221, 749, 1365]","https://iiif.library.sh.cn/c/3/e9cb9eb5-fc66-4246-bb27-e3a53958fd0f#xywh=605,1221,144,144",李俨撰文，欧阳通楷书,欧阳通（楷书）；李儇（撰文）,唐,龙朔三年十月十日刻立（663）,663,楷书,17A331,《翰墨瑰宝：上海图书馆藏珍本碑帖丛刊》第二辑,iiif_annotation_target_xywh,iiif_xywh
001_道因法师碑_p0021_c030,灯,001_道因法师碑,道因法师碑,21,二十一,605,1388,144,144,"[605, 1388, 144, 144]",597,1384,156,161,"[597, 1384, 156, 161]",579,1362,196,196,"[579, 1362, 196, 196]",578,1354,194,226,"[578, 1354, 194, 226]",578,1354,194,226,"[578, 1354, 194, 226]",offline_local_binary_ring_bottom_guard,assets/page_images/001_道因法师碑/p0021.jpg,3,5,1,http://data.library.sh.cn/bt/resource/work/v1e0qbx3r5wp1uw4,http://iiif.library.sh.cn/api/viewer/17A331,https://iiif.library.sh.cn/p/3/02c55611-7427-4cd0-a2cd-a15b5ccbaa9c,https://iiif.library.sh.cn/c/3/e9cb9eb5-fc66-4246-bb27-e3a53958fd0f,1442,2218,https://iiif.library.sh.cn/c/3/e9cb9eb5-fc66-4246-bb27-e3a53958fd0f/ap/s,https://iiif.library.sh.cn/c/3/e9cb9eb5-fc66-4246-bb27-e3a53958fd0f/ap/c/a/b9af45fe-1b31-426a-a5f7-f8359b1c5ff3,30,30,supplementing,"[605, 1388, 749, 1532]","https://iiif.library.sh.cn/c/3/e9cb9eb5-fc66-4246-bb27-e3a53958fd0f#xywh=605,1388,144,144",李俨撰文，欧阳通楷书,欧阳通（楷书）；李儇（撰文）,唐,龙朔三年十月十日刻立（663）,663,楷书,17A331,《翰墨瑰宝：上海图书馆藏珍本碑帖丛刊》第二辑,iiif_annotation_target_xywh,iiif_xywh
001_道因法师碑_p0021_c031,在,001_道因法师碑,道因法师碑,21,二十一,605,1573,144,144,"[605, 1573, 144, 144]",597,1559,156,156,"[597, 1559, 156, 156]",579,1547,196,196,"[579, 1547, 196, 196]",578,1529,194,220,"[578, 1529, 194, 220]",578,1529,194,220,"[578, 1529, 194, 220]",offline_local_binary_ring_bottom_guard,assets/page_images/001_道因法师碑/p0021.jpg,3,6,1,http://data.library.sh.cn/bt/resource/work/v1e0qbx3r5wp1uw4,http://iiif.library.sh.cn/api/viewer/17A331,https://iiif.library.sh.cn/p/3/02c55611-7427-4cd0-a2cd-a15b5ccbaa9c,https://iiif.library.sh.cn/c/3/e9cb9eb5-fc66-4246-bb27-e3a53958fd0f,1442,2218,https://iiif.library.sh.cn/c/3/e9cb9eb5-fc66-4246-bb27-e3a53958fd0f/ap/s,https://iiif.library.sh.cn/c/3/e9cb9eb5-fc66-4246-bb27-e3a53958fd0f/ap/c/a/7121d098-055b-40a5-adc1-26d8226fd4a2,31,31,supplementing,"[605, 1573, 749, 1717]","https://iiif.library.sh.cn/c/3/e9cb9eb5-fc66-4246-bb27-e3a53958fd0f#xywh=605,1573,144,144",李俨撰文，欧阳通楷书,欧阳通（楷书）；李儇（撰文）,唐,龙朔三年十月十日刻立（663）,663,楷书,17A331,《翰墨瑰宝：上海图书馆藏珍本碑帖丛刊》第二辑,iiif_annotation_target_xywh,iiif_xywh
001_道因法师碑_p0021_c032,照,001_道因法师碑,道因法师碑,21,二十一,605,1727,144,144,"[605, 1727, 144, 144]",597,1728,156,142,"[597, 1728, 156, 142]",579,1701,196,196,"[579, 1701, 196, 196]",578,1697,194,204,"[578, 1697, 194, 204]",578,1697,194,204,"[578, 1697, 194, 204]",offline_local_binary_ring_bottom_guard,assets/page_images/001_道因法师碑/p0021.jpg,3,7,1,http://data.library.sh.cn/bt/resource/work/v1e0qbx3r5wp1uw4,http://iiif.library.sh.cn/api/viewer/17A331,https://iiif.library.sh.cn/p/3/02c55611-7427-4cd0-a2cd-a15b5ccbaa9c,https://iiif.library.sh.cn/c/3/e9cb9eb5-fc66-4246-bb27-e3a53958fd0f,1442,2218,https://iiif.library.sh.cn/c/3/e9cb9eb5-fc66-4246-bb27-e3a53958fd0f/ap/s,https://iiif.library.sh.cn/c/3/e9cb9eb5-fc66-4246-bb27-e3a53958fd0f/ap/c/a/8554bd6e-a444-41e7-bb28-d0f5f179f354,32,32,supplementing,"[605, 1727, 749, 1871]","https://iiif.library.sh.cn/c/3/e9cb9eb5-fc66-4246-bb27-e3a53958fd0f#xywh=605,1727,144,144",李俨撰文，欧阳通楷书,欧阳通（楷书）；李儇（撰文）,唐,龙朔三年十月十日刻立（663）,663,楷书,17A331,《翰墨瑰宝：上海图书馆藏珍本碑帖丛刊》第二辑,iiif_annotation_target_xywh,iiif_xywh
001_道因法师碑_p0021_c033,又,001_道因法师碑,道因法师碑,21,二十一,442,537,136,136,"[442, 537, 136, 136]",424,545,160,120,"[424, 545, 160, 120]",418,513,184,184,"[418, 513, 184, 184]",405,519,198,172,"[405, 519, 198, 172]",405,519,198,172,"[405, 519, 198, 172]",offline_local_binary_ring_bottom_guard,assets/page_images/001_道因法师碑/p0021.jpg,4,0,1,http://data.library.sh.cn/bt/resource/work/v1e0qbx3r5wp1uw4,http://iiif.library.sh.cn/api/viewer/17A331,https://iiif.library.sh.cn/p/3/02c55611-7427-4cd0-a2cd-a15b5ccbaa9c,https://iiif.library.sh.cn/c/3/e9cb9eb5-fc66-4246-bb27-e3a53958fd0f,1442,2218,https://iiif.library.sh.cn/c/3/e9cb9eb5-fc66-4246-bb27-e3a53958fd0f/ap/s,https://iiif.library.sh.cn/c/3/e9cb9eb5-fc66-4246-bb27-e3a53958fd0f/ap/c/a/0469bcfb-a86b-40b4-befa-2fc7afbade59,33,33,supplementing,"[442, 537, 578, 673]","https://iiif.library.sh.cn/c/3/e9cb9eb5-fc66-4246-bb27-e3a53958fd0f#xywh=442,537,136,136",李俨撰文，欧阳通楷书,欧阳通（楷书）；李儇（撰文）,唐,龙朔三年十月十日刻立（663）,663,楷书,17A331,《翰墨瑰宝：上海图书馆藏珍本碑帖丛刊》第二辑,iiif_annotation_target_xywh,iiif_xywh
001_道因法师碑_p0021_c034,于,001_道因法师碑,道因法师碑,21,二十一,442,668,136,136,"[442, 668, 136, 136]",424,677,160,146,"[424, 677, 160, 146]",418,644,184,184,"[418, 644, 184, 184]",405,645,198,210,"[405, 645, 198, 210]",405,645,198,210,"[405, 645, 198, 210]",offline_local_binary_ring_bottom_guard,assets/page_images/001_道因法师碑/p0021.jpg,4,1,1,http://data.library.sh.cn/bt/resource/work/v1e0qbx3r5wp1uw4,http://iiif.library.sh.cn/api/viewer/17A331,https://iiif.library.sh.cn/p/3/02c55611-7427-4cd0-a2cd-a15b5ccbaa9c,https://iiif.library.sh.cn/c/3/e9cb9eb5-fc66-4246-bb27-e3a53958fd0f,1442,2218,https://iiif.library.sh.cn/c/3/e9cb9eb5-fc66-4246-bb27-e3a53958fd0f/ap/s,https://iiif.library.sh.cn/c/3/e9cb9eb5-fc66-4246-bb27-e3a53958fd0f/ap/c/a/e832150a-a08f-4639-a3d7-a5a71f14b627,34,34,supplementing,"[442, 668, 578, 804]","https://iiif.library.sh.cn/c/3/e9cb9eb5-fc66-4246-bb27-e3a53958fd0f#xywh=442,668,136,136",李俨撰文，欧阳通楷书,欧阳通（楷书）；李儇（撰文）,唐,龙朔三年十月十日刻立（663）,663,楷书,17A331,《翰墨瑰宝：上海图书馆藏珍本碑帖丛刊》第二辑,iiif_annotation_target_xywh,iiif_xywh
001_道因法师碑_p0021_c035,彭,001_道因法师碑,道因法师碑,21,二十一,422,846,155,155,"[422, 846, 155, 155]",424,837,160,175,"[424, 837, 160, 175]",394,818,211,211,"[394, 818, 211, 211]",405,805,198,245,"[405, 805, 198, 245]",405,805,198,245,"[405, 805, 198, 245]",offline_local_binary_ring_bottom_guard,assets/page_images/001_道因法师碑/p0021.jpg,4,2,1,http://data.library.sh.cn/bt/resource/work/v1e0qbx3r5wp1uw4,http://iiif.library.sh.cn/api/viewer/17A331,https://iiif.library.sh.cn/p/3/02c55611-7427-4cd0-a2cd-a15b5ccbaa9c,https://iiif.library.sh.cn/c/3/e9cb9eb5-fc66-4246-bb27-e3a53958fd0f,1442,2218,https://iiif.library.sh.cn/c/3/e9cb9eb5-fc66-4246-bb27-e3a53958fd0f/ap/s,https://iiif.library.sh.cn/c/3/e9cb9eb5-fc66-4246-bb27-e3a53958fd0f/ap/c/a/947122a2-573b-40df-99c2-0c8d9e84a1a6,35,35,supplementing,"[422, 846, 577, 1001]","https://iiif.library.sh.cn/c/3/e9cb9eb5-fc66-4246-bb27-e3a53958fd0f#xywh=422,846,155,155",李俨撰文，欧阳通楷书,欧阳通（楷书）；李儇（撰文）,唐,龙朔三年十月十日刻立（663）,663,楷书,17A331,《翰墨瑰宝：上海图书馆藏珍本碑帖丛刊》第二辑,iiif_annotation_target_xywh,iiif_xywh
001_道因法师碑_p0021_c036,城,001_道因法师碑,道因法师碑,21,二十一,422,1038,155,155,"[422, 1038, 155, 155]",424,1027,160,167,"[424, 1027, 160, 167]",394,1010,211,211,"[394, 1010, 211, 211]",405,995,198,236,"[405, 995, 198, 236]",405,995,198,236,"[405, 995, 198, 236]",offline_local_binary_ring_bottom_guard,assets/page_images/001_道因法师碑/p0021.jpg,4,3,1,http://data.library.sh.cn/bt/resource/work/v1e0qbx3r5wp1uw4,http://iiif.library.sh.cn/api/viewer/17A331,https://iiif.library.sh.cn/p/3/02c55611-7427-4cd0-a2cd-a15b5ccbaa9c,https://iiif.library.sh.cn/c/3/e9cb9eb5-fc66-4246-bb27-e3a53958fd0f,1442,2218,https://iiif.library.sh.cn/c/3/e9cb9eb5-fc66-4246-bb27-e3a53958fd0f/ap/s,https://iiif.library.sh.cn/c/3/e9cb9eb5-fc66-4246-bb27-e3a53958fd0f/ap/c/a/89ecd7d4-ebc3-4bbf-8be4-17e50ee437be,36,36,supplementing,"[422, 1038, 577, 1193]","https://iiif.library.sh.cn/c/3/e9cb9eb5-fc66-4246-bb27-e3a53958fd0f#xywh=422,1038,155,155",李俨撰文，欧阳通楷书,欧阳通（楷书）；李儇（撰文）,唐,龙朔三年十月十日刻立（663）,663,楷书,17A331,《翰墨瑰宝：上海图书馆藏珍本碑帖丛刊》第二辑,iiif_annotation_target_xywh,iiif_xywh
001_道因法师碑_p0021_c037,嵩,001_道因法师碑,道因法师碑,21,二十一,422,1209,155,155,"[422, 1209, 155, 155]",424,1209,160,172,"[424, 1209, 160, 172]",394,1181,211,211,"[394, 1181, 211, 211]",405,1177,198,242,"[405, 1177, 198, 242]",405,1177,198,242,"[405, 1177, 198, 242]",offline_local_binary_ring_bottom_guard,assets/page_images/001_道因法师碑/p0021.jpg,4,4,1,http://data.library.sh.cn/bt/resource/work/v1e0qbx3r5wp1uw4,http://iiif.library.sh.cn/api/viewer/17A331,https://iiif.library.sh.cn/p/3/02c55611-7427-4cd0-a2cd-a15b5ccbaa9c,https://iiif.library.sh.cn/c/3/e9cb9eb5-fc66-4246-bb27-e3a53958fd0f,1442,2218,https://iiif.library.sh.cn/c/3/e9cb9eb5-fc66-4246-bb27-e3a53958fd0f/ap/s,https://iiif.library.sh.cn/c/3/e9cb9eb5-fc66-4246-bb27-e3a53958fd0f/ap/c/a/5c8a96f5-a3a0-4da9-b3c1-f5747a848260,37,37,supplementing,"[422, 1209, 577, 1364]","https://iiif.library.sh.cn/c/3/e9cb9eb5-fc66-4246-bb27-e3a53958fd0f#xywh=422,1209,155,155",李俨撰文，欧阳通楷书,欧阳通（楷书）；李儇（撰文）,唐,龙朔三年十月十日刻立（663）,663,楷书,17A331,《翰墨瑰宝：上海图书馆藏珍本碑帖丛刊》第二辑,iiif_annotation_target_xywh,iiif_xywh
001_道因法师碑_p0021_c038,论,001_道因法师碑,道因法师碑,21,二十一,422,1414,155,155,"[422, 1414, 155, 155]",424,1396,160,172,"[424, 1396, 160, 172]",394,1386,211,211,"[394, 1386, 211, 211]",405,1364,198,242,"[405, 1364, 198, 242]",405,1364,198,242,"[405, 1364, 198, 242]",offline_local_binary_ring_bottom_guard,assets/page_images/001_道因法师碑/p0021.jpg,4,5,1,http://data.library.sh.cn/bt/resource/work/v1e0qbx3r5wp1uw4,http://iiif.library.sh.cn/api/viewer/17A331,https://iiif.library.sh.cn/p/3/02c55611-7427-4cd0-a2cd-a15b5ccbaa9c,https://iiif.library.sh.cn/c/3/e9cb9eb5-fc66-4246-bb27-e3a53958fd0f,1442,2218,https://iiif.library.sh.cn/c/3/e9cb9eb5-fc66-4246-bb27-e3a53958fd0f/ap/s,https://iiif.library.sh.cn/c/3/e9cb9eb5-fc66-4246-bb27-e3a53958fd0f/ap/c/a/8409ea11-2093-4412-9fb2-659cae24edb8,38,38,supplementing,"[422, 1414, 577, 1569]","https://iiif.library.sh.cn/c/3/e9cb9eb5-fc66-4246-bb27-e3a53958fd0f#xywh=422,1414,155,155",李俨撰文，欧阳通楷书,欧阳通（楷书）；李儇（撰文）,唐,龙朔三年十月十日刻立（663）,663,楷书,17A331,《翰墨瑰宝：上海图书馆藏珍本碑帖丛刊》第二辑,iiif_annotation_target_xywh,iiif_xywh
001_道因法师碑_p0021_c039,师,001_道因法师碑,道因法师碑,21,二十一,422,1574,169,169,"[422, 1574, 169, 169]",424,1582,160,154,"[424, 1582, 160, 154]",392,1544,229,229,"[392, 1544, 229, 229]",405,1548,198,222,"[405, 1548, 198, 222]",405,1548,198,222,"[405, 1548, 198, 222]",offline_local_binary_ring_bottom_guard,assets/page_images/001_道因法师碑/p0021.jpg,4,6,1,http://data.library.sh.cn/bt/resource/work/v1e0qbx3r5wp1uw4,http://iiif.library.sh.cn/api/viewer/17A331,https://iiif.library.sh.cn/p/3/02c55611-7427-4cd0-a2cd-a15b5ccbaa9c,https://iiif.library.sh.cn/c/3/e9cb9eb5-fc66-4246-bb27-e3a53958fd0f,1442,2218,https://iiif.library.sh.cn/c/3/e9cb9eb5-fc66-4246-bb27-e3a53958fd0f/ap/s,https://iiif.library.sh.cn/c/3/e9cb9eb5-fc66-4246-bb27-e3a53958fd0f/ap/c/a/03268192-7770-4e19-8d45-bcff998643d9,39,39,supplementing,"[422, 1574, 591, 1743]","https://iiif.library.sh.cn/c/3/e9cb9eb5-fc66-4246-bb27-e3a53958fd0f#xywh=422,1574,169,169",李俨撰文，欧阳通楷书,欧阳通（楷书）；李儇（撰文）,唐,龙朔三年十月十日刻立（663）,663,楷书,17A331,《翰墨瑰宝：上海图书馆藏珍本碑帖丛刊》第二辑,iiif_annotation_target_xywh,iiif_xywh
001_道因法师碑_p0021_c040,所,001_道因法师碑,道因法师碑,21,二十一,422,1742,169,169,"[422, 1742, 169, 169]",424,1749,160,155,"[424, 1749, 160, 155]",392,1712,229,229,"[392, 1712, 229, 229]",405,1715,198,223,"[405, 1715, 198, 223]",405,1715,198,223,"[405, 1715, 198, 223]",offline_local_binary_ring_bottom_guard,assets/page_images/001_道因法师碑/p0021.jpg,4,7,1,http://data.library.sh.cn/bt/resource/work/v1e0qbx3r5wp1uw4,http://iiif.library.sh.cn/api/viewer/17A331,https://iiif.library.sh.cn/p/3/02c55611-7427-4cd0-a2cd-a15b5ccbaa9c,https://iiif.library.sh.cn/c/3/e9cb9eb5-fc66-4246-bb27-e3a53958fd0f,1442,2218,https://iiif.library.sh.cn/c/3/e9cb9eb5-fc66-4246-bb27-e3a53958fd0f/ap/s,https://iiif.library.sh.cn/c/3/e9cb9eb5-fc66-4246-bb27-e3a53958fd0f/ap/c/a/1b87dd92-3fda-4686-88c1-07eb022c2c40,40,40,supplementing,"[422, 1742, 591, 1911]","https://iiif.library.sh.cn/c/3/e9cb9eb5-fc66-4246-bb27-e3a53958fd0f#xywh=422,1742,169,169",李俨撰文，欧阳通楷书,欧阳通（楷书）；李儇（撰文）,唐,龙朔三年十月十日刻立（663）,663,楷书,17A331,《翰墨瑰宝：上海图书馆藏珍本碑帖丛刊》第二辑,iiif_annotation_target_xywh,iiif_xywh
001_道因法师碑_p0022_c001,听,001_道因法师碑,道因法师碑,22,二十二,843,513,171,171,"[843, 513, 171, 171]",849,514,159,169,"[849, 514, 159, 169]",812,482,233,233,"[812, 482, 233, 233]",830,478,197,242,"[830, 478, 197, 242]",830,478,197,242,"[830, 478, 197, 242]",offline_local_binary_ring_bottom_guard,assets/page_images/001_道因法师碑/p0022.jpg,0,0,1,http://data.library.sh.cn/bt/resource/work/v1e0qbx3r5wp1uw4,http://iiif.library.sh.cn/api/viewer/17A331,https://iiif.library.sh.cn/p/3/02c55611-7427-4cd0-a2cd-a15b5ccbaa9c,https://iiif.library.sh.cn/c/3/e8d0388c-823a-4a1c-826f-a4072e9fb254,1444,2221,https://iiif.library.sh.cn/c/3/e8d0388c-823a-4a1c-826f-a4072e9fb254/ap/s,https://iiif.library.sh.cn/c/3/e8d0388c-823a-4a1c-826f-a4072e9fb254/ap/c/a/05462e10-421a-49f1-8772-2a9df7bd7107,1,1,supplementing,"[843, 513, 1014, 684]","https://iiif.library.sh.cn/c/3/e8d0388c-823a-4a1c-826f-a4072e9fb254#xywh=843,513,171,171",李俨撰文，欧阳通楷书,欧阳通（楷书）；李儇（撰文）,唐,龙朔三年十月十日刻立（663）,663,楷书,17A331,《翰墨瑰宝：上海图书馆藏珍本碑帖丛刊》第二辑,iiif_annotation_target_xywh,iiif_xywh
001_道因法师碑_p0022_c002,摄,001_道因法师碑,道因法师碑,22,二十二,843,697,171,171,"[843, 697, 171, 171]",849,698,159,171,"[849, 698, 159, 171]",812,666,233,233,"[812, 666, 233, 233]",830,662,197,245,"[830, 662, 197, 245]",830,662,197,245,"[830, 662, 197, 245]",offline_local_binary_ring_bottom_guard,assets/page_images/001_道因法师碑/p0022.jpg,0,1,1,http://data.library.sh.cn/bt/resource/work/v1e0qbx3r5wp1uw4,http://iiif.library.sh.cn/api/viewer/17A331,https://iiif.library.sh.cn/p/3/02c55611-7427-4cd0-a2cd-a15b5ccbaa9c,https://iiif.library.sh.cn/c/3/e8d0388c-823a-4a1c-826f-a4072e9fb254,1444,2221,https://iiif.library.sh.cn/c/3/e8d0388c-823a-4a1c-826f-a4072e9fb254/ap/s,https://iiif.library.sh.cn/c/3/e8d0388c-823a-4a1c-826f-a4072e9fb254/ap/c/a/dea10933-7dde-4d48-847b-a594d6cea82e,2,2,supplementing,"[843, 697, 1014, 868]","https://iiif.library.sh.cn/c/3/e8d0388c-823a-4a1c-826f-a4072e9fb254#xywh=843,697,171,171",李俨撰文，欧阳通楷书,欧阳通（楷书）；李儇（撰文）,唐,龙朔三年十月十日刻立（663）,663,楷书,17A331,《翰墨瑰宝：上海图书馆藏珍本碑帖丛刊》第二辑,iiif_annotation_target_xywh,iiif_xywh
001_道因法师碑_p0022_c003,大,001_道因法师碑,道因法师碑,22,二十二,843,884,171,171,"[843, 884, 171, 171]",849,883,159,163,"[849, 883, 159, 163]",812,853,233,233,"[812, 853, 233, 233]",830,848,197,234,"[830, 848, 197, 234]",830,848,197,234,"[830, 848, 197, 234]",offline_local_binary_ring_bottom_guard,assets/page_images/001_道因法师碑/p0022.jpg,0,2,1,http://data.library.sh.cn/bt/resource/work/v1e0qbx3r5wp1uw4,http://iiif.library.sh.cn/api/viewer/17A331,https://iiif.library.sh.cn/p/3/02c55611-7427-4cd0-a2cd-a15b5ccbaa9c,https://iiif.library.sh.cn/c/3/e8d0388c-823a-4a1c-826f-a4072e9fb254,1444,2221,https://iiif.library.sh.cn/c/3/e8d0388c-823a-4a1c-826f-a4072e9fb254/ap/s,https://iiif.library.sh.cn/c/3/e8d0388c-823a-4a1c-826f-a4072e9fb254/ap/c/a/2124a603-e427-44d2-88d1-177623e51ae2,3,3,supplementing,"[843, 884, 1014, 1055]","https://iiif.library.sh.cn/c/3/e8d0388c-823a-4a1c-826f-a4072e9fb254#xywh=843,884,171,171",李俨撰文，欧阳通楷书,欧阳通（楷书）；李儇（撰文）,唐,龙朔三年十月十日刻立（663）,663,楷书,17A331,《翰墨瑰宝：上海图书馆藏珍本碑帖丛刊》第二辑,iiif_annotation_target_xywh,iiif_xywh
001_道因法师碑_p0022_c004,乘,001_道因法师碑,道因法师碑,22,二十二,843,1051,171,171,"[843, 1051, 171, 171]",849,1060,159,154,"[849, 1060, 159, 154]",812,1020,233,233,"[812, 1020, 233, 233]",830,1026,197,222,"[830, 1026, 197, 222]",830,1026,197,222,"[830, 1026, 197, 222]",offline_local_binary_ring_bottom_guard,assets/page_images/001_道因法师碑/p0022.jpg,0,3,1,http://data.library.sh.cn/bt/resource/work/v1e0qbx3r5wp1uw4,http://iiif.library.sh.cn/api/viewer/17A331,https://iiif.library.sh.cn/p/3/02c55611-7427-4cd0-a2cd-a15b5ccbaa9c,https://iiif.library.sh.cn/c/3/e8d0388c-823a-4a1c-826f-a4072e9fb254,1444,2221,https://iiif.library.sh.cn/c/3/e8d0388c-823a-4a1c-826f-a4072e9fb254/ap/s,https://iiif.library.sh.cn/c/3/e8d0388c-823a-4a1c-826f-a4072e9fb254/ap/c/a/f42ff27a-666a-4a43-aaf7-cf5f977e318e,4,4,supplementing,"[843, 1051, 1014, 1222]","https://iiif.library.sh.cn/c/3/e8d0388c-823a-4a1c-826f-a4072e9fb254#xywh=843,1051,171,171",李俨撰文，欧阳通楷书,欧阳通（楷书）；李儇（撰文）,唐,龙朔三年十月十日刻立（663）,663,楷书,17A331,《翰墨瑰宝：上海图书馆藏珍本碑帖丛刊》第二辑,iiif_annotation_target_xywh,iiif_xywh
001_道因法师碑_p0022_c005,嵩,001_道因法师碑,道因法师碑,22,二十二,843,1220,171,171,"[843, 1220, 171, 171]",849,1228,159,171,"[849, 1228, 159, 171]",812,1189,233,233,"[812, 1189, 233, 233]",830,1190,197,247,"[830, 1190, 197, 247]",830,1190,197,247,"[830, 1190, 197, 247]",offline_local_binary_ring_bottom_guard,assets/page_images/001_道因法师碑/p0022.jpg,0,4,1,http://data.library.sh.cn/bt/resource/work/v1e0qbx3r5wp1uw4,http://iiif.library.sh.cn/api/viewer/17A331,https://iiif.library.sh.cn/p/3/02c55611-7427-4cd0-a2cd-a15b5ccbaa9c,https://iiif.library.sh.cn/c/3/e8d0388c-823a-4a1c-826f-a4072e9fb254,1444,2221,https://iiif.library.sh.cn/c/3/e8d0388c-823a-4a1c-826f-a4072e9fb254/ap/s,https://iiif.library.sh.cn/c/3/e8d0388c-823a-4a1c-826f-a4072e9fb254/ap/c/a/24f98e0b-8aab-46c5-9eb7-0a7f45338bff,5,5,supplementing,"[843, 1220, 1014, 1391]","https://iiif.library.sh.cn/c/3/e8d0388c-823a-4a1c-826f-a4072e9fb254#xywh=843,1220,171,171",李俨撰文，欧阳通楷书,欧阳通（楷书）；李儇（撰文）,唐,龙朔三年十月十日刻立（663）,663,楷书,17A331,《翰墨瑰宝：上海图书馆藏珍本碑帖丛刊》第二辑,iiif_annotation_target_xywh,iiif_xywh
001_道因法师碑_p0022_c006,公,001_道因法师碑,道因法师碑,22,二十二,843,1421,171,171,"[843, 1421, 171, 171]",849,1412,159,149,"[849, 1412, 159, 149]",812,1390,233,233,"[812, 1390, 233, 233]",830,1379,197,215,"[830, 1379, 197, 215]",830,1379,197,215,"[830, 1379, 197, 215]",offline_local_binary_ring_bottom_guard,assets/page_images/001_道因法师碑/p0022.jpg,0,5,1,http://data.library.sh.cn/bt/resource/work/v1e0qbx3r5wp1uw4,http://iiif.library.sh.cn/api/viewer/17A331,https://iiif.library.sh.cn/p/3/02c55611-7427-4cd0-a2cd-a15b5ccbaa9c,https://iiif.library.sh.cn/c/3/e8d0388c-823a-4a1c-826f-a4072e9fb254,1444,2221,https://iiif.library.sh.cn/c/3/e8d0388c-823a-4a1c-826f-a4072e9fb254/ap/s,https://iiif.library.sh.cn/c/3/e8d0388c-823a-4a1c-826f-a4072e9fb254/ap/c/a/521c97a2-08dd-4c97-9d6c-8c017ec5a734,6,6,supplementing,"[843, 1421, 1014, 1592]","https://iiif.library.sh.cn/c/3/e8d0388c-823a-4a1c-826f-a4072e9fb254#xywh=843,1421,171,171",李俨撰文，欧阳通楷书,欧阳通（楷书）；李儇（撰文）,唐,龙朔三年十月十日刻立（663）,663,楷书,17A331,《翰墨瑰宝：上海图书馆藏珍本碑帖丛刊》第二辑,iiif_annotation_target_xywh,iiif_xywh
001_道因法师碑_p0022_c007,懿,001_道因法师碑,道因法师碑,22,二十二,843,1543,171,171,"[843, 1543, 171, 171]",849,1575,159,161,"[849, 1575, 159, 161]",812,1512,233,233,"[812, 1512, 233, 233]",830,1540,197,231,"[830, 1540, 197, 231]",830,1540,197,231,"[830, 1540, 197, 231]",offline_local_binary_ring_bottom_guard,assets/page_images/001_道因法师碑/p0022.jpg,0,6,1,http://data.library.sh.cn/bt/resource/work/v1e0qbx3r5wp1uw4,http://iiif.library.sh.cn/api/viewer/17A331,https://iiif.library.sh.cn/p/3/02c55611-7427-4cd0-a2cd-a15b5ccbaa9c,https://iiif.library.sh.cn/c/3/e8d0388c-823a-4a1c-826f-a4072e9fb254,1444,2221,https://iiif.library.sh.cn/c/3/e8d0388c-823a-4a1c-826f-a4072e9fb254/ap/s,https://iiif.library.sh.cn/c/3/e8d0388c-823a-4a1c-826f-a4072e9fb254/ap/c/a/697924b2-9a1c-425b-b665-5d4732be7bb1,7,7,supplementing,"[843, 1543, 1014, 1714]","https://iiif.library.sh.cn/c/3/e8d0388c-823a-4a1c-826f-a4072e9fb254#xywh=843,1543,171,171",李俨撰文，欧阳通楷书,欧阳通（楷书）；李儇（撰文）,唐,龙朔三年十月十日刻立（663）,663,楷书,17A331,《翰墨瑰宝：上海图书馆藏珍本碑帖丛刊》第二辑,iiif_annotation_target_xywh,iiif_xywh
001_道因法师碑_p0022_c008,德,001_道因法师碑,道因法师碑,22,二十二,843,1773,171,171,"[843, 1773, 171, 171]",849,1753,159,211,"[849, 1753, 159, 211]",812,1742,233,233,"[812, 1742, 233, 233]",830,1718,197,292,"[830, 1718, 197, 292]",830,1718,197,292,"[830, 1718, 197, 292]",offline_local_binary_ring_bottom_guard,assets/page_images/001_道因法师碑/p0022.jpg,0,7,1,http://data.library.sh.cn/bt/resource/work/v1e0qbx3r5wp1uw4,http://iiif.library.sh.cn/api/viewer/17A331,https://iiif.library.sh.cn/p/3/02c55611-7427-4cd0-a2cd-a15b5ccbaa9c,https://iiif.library.sh.cn/c/3/e8d0388c-823a-4a1c-826f-a4072e9fb254,1444,2221,https://iiif.library.sh.cn/c/3/e8d0388c-823a-4a1c-826f-a4072e9fb254/ap/s,https://iiif.library.sh.cn/c/3/e8d0388c-823a-4a1c-826f-a4072e9fb254/ap/c/a/3030807c-24f4-4dc3-8df0-bc3a8349fb4a,8,8,supplementing,"[843, 1773, 1014, 1944]","https://iiif.library.sh.cn/c/3/e8d0388c-823a-4a1c-826f-a4072e9fb254#xywh=843,1773,171,171",李俨撰文，欧阳通楷书,欧阳通（楷书）；李儇（撰文）,唐,龙朔三年十月十日刻立（663）,663,楷书,17A331,《翰墨瑰宝：上海图书馆藏珍本碑帖丛刊》第二辑,iiif_annotation_target_xywh,iiif_xywh
001_道因法师碑_p0022_c009,玄,001_道因法师碑,道因法师碑,22,二十二,685,511,141,141,"[685, 511, 141, 141]",675,513,160,137,"[675, 513, 160, 137]",660,486,191,191,"[660, 486, 191, 191]",656,483,198,197,"[656, 483, 198, 197]",656,483,198,197,"[656, 483, 198, 197]",offline_local_binary_ring_bottom_guard,assets/page_images/001_道因法师碑/p0022.jpg,1,0,1,http://data.library.sh.cn/bt/resource/work/v1e0qbx3r5wp1uw4,http://iiif.library.sh.cn/api/viewer/17A331,https://iiif.library.sh.cn/p/3/02c55611-7427-4cd0-a2cd-a15b5ccbaa9c,https://iiif.library.sh.cn/c/3/e8d0388c-823a-4a1c-826f-a4072e9fb254,1444,2221,https://iiif.library.sh.cn/c/3/e8d0388c-823a-4a1c-826f-a4072e9fb254/ap/s,https://iiif.library.sh.cn/c/3/e8d0388c-823a-4a1c-826f-a4072e9fb254/ap/c/a/900dc924-70ee-4262-a06f-1428cc816a58,9,9,supplementing,"[685, 511, 826, 652]","https://iiif.library.sh.cn/c/3/e8d0388c-823a-4a1c-826f-a4072e9fb254#xywh=685,511,141,141",李俨撰文，欧阳通楷书,欧阳通（楷书）；李儇（撰文）,唐,龙朔三年十月十日刻立（663）,663,楷书,17A331,《翰墨瑰宝：上海图书馆藏珍本碑帖丛刊》第二辑,iiif_annotation_target_xywh,iiif_xywh
001_道因法师碑_p0022_c010,猷,001_道因法师碑,道因法师碑,22,二十二,685,659,141,141,"[685, 659, 141, 141]",675,662,160,139,"[675, 662, 160, 139]",660,634,191,191,"[660, 634, 191, 191]",656,631,198,201,"[656, 631, 198, 201]",656,631,198,201,"[656, 631, 198, 201]",offline_local_binary_ring_bottom_guard,assets/page_images/001_道因法师碑/p0022.jpg,1,1,1,http://data.library.sh.cn/bt/resource/work/v1e0qbx3r5wp1uw4,http://iiif.library.sh.cn/api/viewer/17A331,https://iiif.library.sh.cn/p/3/02c55611-7427-4cd0-a2cd-a15b5ccbaa9c,https://iiif.library.sh.cn/c/3/e8d0388c-823a-4a1c-826f-a4072e9fb254,1444,2221,https://iiif.library.sh.cn/c/3/e8d0388c-823a-4a1c-826f-a4072e9fb254/ap/s,https://iiif.library.sh.cn/c/3/e8d0388c-823a-4a1c-826f-a4072e9fb254/ap/c/a/1158c071-fa83-44cb-9e3a-65e5e6e3a717,10,10,supplementing,"[685, 659, 826, 800]","https://iiif.library.sh.cn/c/3/e8d0388c-823a-4a1c-826f-a4072e9fb254#xywh=685,659,141,141",李俨撰文，欧阳通楷书,欧阳通（楷书）；李儇（撰文）,唐,龙朔三年十月十日刻立（663）,663,楷书,17A331,《翰墨瑰宝：上海图书馆藏珍本碑帖丛刊》第二辑,iiif_annotation_target_xywh,iiif_xywh
001_道因法师碑_p0022_c011,兰,001_道因法师碑,道因法师碑,22,二十二,685,815,141,141,"[685, 815, 141, 141]",675,815,160,163,"[675, 815, 160, 163]",660,790,191,191,"[660, 790, 191, 191]",656,786,198,228,"[656, 786, 198, 228]",656,786,198,228,"[656, 786, 198, 228]",offline_local_binary_ring_bottom_guard,assets/page_images/001_道因法师碑/p0022.jpg,1,2,1,http://data.library.sh.cn/bt/resource/work/v1e0qbx3r5wp1uw4,http://iiif.library.sh.cn/api/viewer/17A331,https://iiif.library.sh.cn/p/3/02c55611-7427-4cd0-a2cd-a15b5ccbaa9c,https://iiif.library.sh.cn/c/3/e8d0388c-823a-4a1c-826f-a4072e9fb254,1444,2221,https://iiif.library.sh.cn/c/3/e8d0388c-823a-4a1c-826f-a4072e9fb254/ap/s,https://iiif.library.sh.cn/c/3/e8d0388c-823a-4a1c-826f-a4072e9fb254/ap/c/a/905edaba-bbd4-4dee-bd77-b02792021d3a,11,11,supplementing,"[685, 815, 826, 956]","https://iiif.library.sh.cn/c/3/e8d0388c-823a-4a1c-826f-a4072e9fb254#xywh=685,815,141,141",李俨撰文，欧阳通楷书,欧阳通（楷书）；李儇（撰文）,唐,龙朔三年十月十日刻立（663）,663,楷书,17A331,《翰墨瑰宝：上海图书馆藏珍本碑帖丛刊》第二辑,iiif_annotation_target_xywh,iiif_xywh
001_道因法师碑_p0022_c012,薰,001_道因法师碑,道因法师碑,22,二十二,685,1015,141,141,"[685, 1015, 141, 141]",675,993,160,174,"[675, 993, 160, 174]",660,990,191,191,"[660, 990, 191, 191]",656,964,198,241,"[656, 964, 198, 241]",656,964,198,241,"[656, 964, 198, 241]",offline_local_binary_ring_bottom_guard,assets/page_images/001_道因法师碑/p0022.jpg,1,3,1,http://data.library.sh.cn/bt/resource/work/v1e0qbx3r5wp1uw4,http://iiif.library.sh.cn/api/viewer/17A331,https://iiif.library.sh.cn/p/3/02c55611-7427-4cd0-a2cd-a15b5ccbaa9c,https://iiif.library.sh.cn/c/3/e8d0388c-823a-4a1c-826f-a4072e9fb254,1444,2221,https://iiif.library.sh.cn/c/3/e8d0388c-823a-4a1c-826f-a4072e9fb254/ap/s,https://iiif.library.sh.cn/c/3/e8d0388c-823a-4a1c-826f-a4072e9fb254/ap/c/a/24f3d1e1-2881-44b4-b680-cee5017a2fad,12,12,supplementing,"[685, 1015, 826, 1156]","https://iiif.library.sh.cn/c/3/e8d0388c-823a-4a1c-826f-a4072e9fb254#xywh=685,1015,141,141",李俨撰文，欧阳通楷书,欧阳通（楷书）；李儇（撰文）,唐,龙朔三年十月十日刻立（663）,663,楷书,17A331,《翰墨瑰宝：上海图书馆藏珍本碑帖丛刊》第二辑,iiif_annotation_target_xywh,iiif_xywh
001_道因法师碑_p0022_c013,月,001_道因法师碑,道因法师碑,22,二十二,685,1194,141,141,"[685, 1194, 141, 141]",675,1182,160,162,"[675, 1182, 160, 162]",660,1169,191,191,"[660, 1169, 191, 191]",656,1153,198,227,"[656, 1153, 198, 227]",656,1153,198,227,"[656, 1153, 198, 227]",offline_local_binary_ring_bottom_guard,assets/page_images/001_道因法师碑/p0022.jpg,1,4,1,http://data.library.sh.cn/bt/resource/work/v1e0qbx3r5wp1uw4,http://iiif.library.sh.cn/api/viewer/17A331,https://iiif.library.sh.cn/p/3/02c55611-7427-4cd0-a2cd-a15b5ccbaa9c,https://iiif.library.sh.cn/c/3/e8d0388c-823a-4a1c-826f-a4072e9fb254,1444,2221,https://iiif.library.sh.cn/c/3/e8d0388c-823a-4a1c-826f-a4072e9fb254/ap/s,https://iiif.library.sh.cn/c/3/e8d0388c-823a-4a1c-826f-a4072e9fb254/ap/c/a/fb96badb-2b3e-4e28-883e-bff82fe53690,13,13,supplementing,"[685, 1194, 826, 1335]","https://iiif.library.sh.cn/c/3/e8d0388c-823a-4a1c-826f-a4072e9fb254#xywh=685,1194,141,141",李俨撰文，欧阳通楷书,欧阳通（楷书）；李儇（撰文）,唐,龙朔三年十月十日刻立（663）,663,楷书,17A331,《翰墨瑰宝：上海图书馆藏珍本碑帖丛刊》第二辑,iiif_annotation_target_xywh,iiif_xywh
001_道因法师碑_p0022_c014,映,001_道因法师碑,道因法师碑,22,二十二,685,1367,141,141,"[685, 1367, 141, 141]",675,1358,160,159,"[675, 1358, 160, 159]",660,1342,191,191,"[660, 1342, 191, 191]",656,1329,198,223,"[656, 1329, 198, 223]",656,1329,198,223,"[656, 1329, 198, 223]",offline_local_binary_ring_bottom_guard,assets/page_images/001_道因法师碑/p0022.jpg,1,5,1,http://data.library.sh.cn/bt/resource/work/v1e0qbx3r5wp1uw4,http://iiif.library.sh.cn/api/viewer/17A331,https://iiif.library.sh.cn/p/3/02c55611-7427-4cd0-a2cd-a15b5ccbaa9c,https://iiif.library.sh.cn/c/3/e8d0388c-823a-4a1c-826f-a4072e9fb254,1444,2221,https://iiif.library.sh.cn/c/3/e8d0388c-823a-4a1c-826f-a4072e9fb254/ap/s,https://iiif.library.sh.cn/c/3/e8d0388c-823a-4a1c-826f-a4072e9fb254/ap/c/a/230ac69a-d2c4-46fb-9da8-d274e89896e0,14,14,supplementing,"[685, 1367, 826, 1508]","https://iiif.library.sh.cn/c/3/e8d0388c-823a-4a1c-826f-a4072e9fb254#xywh=685,1367,141,141",李俨撰文，欧阳通楷书,欧阳通（楷书）；李儇（撰文）,唐,龙朔三年十月十日刻立（663）,663,楷书,17A331,《翰墨瑰宝：上海图书馆藏珍本碑帖丛刊》第二辑,iiif_annotation_target_xywh,iiif_xywh
001_道因法师碑_p0022_c015,门,001_道因法师碑,道因法师碑,22,二十二,685,1539,141,141,"[685, 1539, 141, 141]",675,1530,160,155,"[675, 1530, 160, 155]",660,1514,191,191,"[660, 1514, 191, 191]",656,1501,198,218,"[656, 1501, 198, 218]",656,1501,198,218,"[656, 1501, 198, 218]",offline_local_binary_ring_bottom_guard,assets/page_images/001_道因法师碑/p0022.jpg,1,6,1,http://data.library.sh.cn/bt/resource/work/v1e0qbx3r5wp1uw4,http://iiif.library.sh.cn/api/viewer/17A331,https://iiif.library.sh.cn/p/3/02c55611-7427-4cd0-a2cd-a15b5ccbaa9c,https://iiif.library.sh.cn/c/3/e8d0388c-823a-4a1c-826f-a4072e9fb254,1444,2221,https://iiif.library.sh.cn/c/3/e8d0388c-823a-4a1c-826f-a4072e9fb254/ap/s,https://iiif.library.sh.cn/c/3/e8d0388c-823a-4a1c-826f-a4072e9fb254/ap/c/a/39a3012f-1e6d-4be0-832a-0abfb62207b8,15,15,supplementing,"[685, 1539, 826, 1680]","https://iiif.library.sh.cn/c/3/e8d0388c-823a-4a1c-826f-a4072e9fb254#xywh=685,1539,141,141",李俨撰文，欧阳通楷书,欧阳通（楷书）；李儇（撰文）,唐,龙朔三年十月十日刻立（663）,663,楷书,17A331,《翰墨瑰宝：上海图书馆藏珍本碑帖丛刊》第二辑,iiif_annotation_target_xywh,iiif_xywh
001_道因法师碑_p0022_c016,徒,001_道因法师碑,道因法师碑,22,二十二,685,1704,141,141,"[685, 1704, 141, 141]",675,1699,160,151,"[675, 1699, 160, 151]",660,1679,191,191,"[660, 1679, 191, 191]",656,1670,198,213,"[656, 1670, 198, 213]",656,1670,198,213,"[656, 1670, 198, 213]",offline_local_binary_ring_bottom_guard,assets/page_images/001_道因法师碑/p0022.jpg,1,7,1,http://data.library.sh.cn/bt/resource/work/v1e0qbx3r5wp1uw4,http://iiif.library.sh.cn/api/viewer/17A331,https://iiif.library.sh.cn/p/3/02c55611-7427-4cd0-a2cd-a15b5ccbaa9c,https://iiif.library.sh.cn/c/3/e8d0388c-823a-4a1c-826f-a4072e9fb254,1444,2221,https://iiif.library.sh.cn/c/3/e8d0388c-823a-4a1c-826f-a4072e9fb254/ap/s,https://iiif.library.sh.cn/c/3/e8d0388c-823a-4a1c-826f-a4072e9fb254/ap/c/a/d08c5221-dcf5-467c-babe-3813877aae50,16,16,supplementing,"[685, 1704, 826, 1845]","https://iiif.library.sh.cn/c/3/e8d0388c-823a-4a1c-826f-a4072e9fb254#xywh=685,1704,141,141",李俨撰文，欧阳通楷书,欧阳通（楷书）；李儇（撰文）,唐,龙朔三年十月十日刻立（663）,663,楷书,17A331,《翰墨瑰宝：上海图书馆藏珍本碑帖丛刊》第二辑,iiif_annotation_target_xywh,iiif_xywh
001_道因法师碑_p0022_c017,学,001_道因法师碑,道因法师碑,22,二十二,514,519,135,135,"[514, 519, 135, 135]",506,507,156,159,"[506, 507, 156, 159]",490,495,183,183,"[490, 495, 183, 183]",487,479,194,222,"[487, 479, 194, 222]",487,479,194,222,"[487, 479, 194, 222]",offline_local_binary_ring_bottom_guard,assets/page_images/001_道因法师碑/p0022.jpg,2,0,1,http://data.library.sh.cn/bt/resource/work/v1e0qbx3r5wp1uw4,http://iiif.library.sh.cn/api/viewer/17A331,https://iiif.library.sh.cn/p/3/02c55611-7427-4cd0-a2cd-a15b5ccbaa9c,https://iiif.library.sh.cn/c/3/e8d0388c-823a-4a1c-826f-a4072e9fb254,1444,2221,https://iiif.library.sh.cn/c/3/e8d0388c-823a-4a1c-826f-a4072e9fb254/ap/s,https://iiif.library.sh.cn/c/3/e8d0388c-823a-4a1c-826f-a4072e9fb254/ap/c/a/b1c0f392-c507-4094-b9bf-d258ca1cae22,17,17,supplementing,"[514, 519, 649, 654]","https://iiif.library.sh.cn/c/3/e8d0388c-823a-4a1c-826f-a4072e9fb254#xywh=514,519,135,135",李俨撰文，欧阳通楷书,欧阳通（楷书）；李儇（撰文）,唐,龙朔三年十月十日刻立（663）,663,楷书,17A331,《翰墨瑰宝：上海图书馆藏珍本碑帖丛刊》第二辑,iiif_annotation_target_xywh,iiif_xywh
001_道因法师碑_p0022_c018,侣,001_道因法师碑,道因法师碑,22,二十二,514,691,135,135,"[514, 691, 135, 135]",506,679,156,154,"[506, 679, 156, 154]",490,667,183,183,"[490, 667, 183, 183]",487,651,194,216,"[487, 651, 194, 216]",487,651,194,216,"[487, 651, 194, 216]",offline_local_binary_ring_bottom_guard,assets/page_images/001_道因法师碑/p0022.jpg,2,1,1,http://data.library.sh.cn/bt/resource/work/v1e0qbx3r5wp1uw4,http://iiif.library.sh.cn/api/viewer/17A331,https://iiif.library.sh.cn/p/3/02c55611-7427-4cd0-a2cd-a15b5ccbaa9c,https://iiif.library.sh.cn/c/3/e8d0388c-823a-4a1c-826f-a4072e9fb254,1444,2221,https://iiif.library.sh.cn/c/3/e8d0388c-823a-4a1c-826f-a4072e9fb254/ap/s,https://iiif.library.sh.cn/c/3/e8d0388c-823a-4a1c-826f-a4072e9fb254/ap/c/a/60753d0e-d117-45af-8e36-9d8e8d283d07,18,18,supplementing,"[514, 691, 649, 826]","https://iiif.library.sh.cn/c/3/e8d0388c-823a-4a1c-826f-a4072e9fb254#xywh=514,691,135,135",李俨撰文，欧阳通楷书,欧阳通（楷书）；李儇（撰文）,唐,龙朔三年十月十日刻立（663）,663,楷书,17A331,《翰墨瑰宝：上海图书馆藏珍本碑帖丛刊》第二辑,iiif_annotation_target_xywh,iiif_xywh
001_道因法师碑_p0022_c019,鱼,001_道因法师碑,道因法师碑,22,二十二,514,854,135,135,"[514, 854, 135, 135]",506,847,156,160,"[506, 847, 156, 160]",490,830,183,183,"[490, 830, 183, 183]",487,819,194,223,"[487, 819, 194, 223]",487,819,194,223,"[487, 819, 194, 223]",offline_local_binary_ring_bottom_guard,assets/page_images/001_道因法师碑/p0022.jpg,2,2,1,http://data.library.sh.cn/bt/resource/work/v1e0qbx3r5wp1uw4,http://iiif.library.sh.cn/api/viewer/17A331,https://iiif.library.sh.cn/p/3/02c55611-7427-4cd0-a2cd-a15b5ccbaa9c,https://iiif.library.sh.cn/c/3/e8d0388c-823a-4a1c-826f-a4072e9fb254,1444,2221,https://iiif.library.sh.cn/c/3/e8d0388c-823a-4a1c-826f-a4072e9fb254/ap/s,https://iiif.library.sh.cn/c/3/e8d0388c-823a-4a1c-826f-a4072e9fb254/ap/c/a/f0bae6c2-989c-40b2-8fc7-a0ddb9d8c2fb,19,19,supplementing,"[514, 854, 649, 989]","https://iiif.library.sh.cn/c/3/e8d0388c-823a-4a1c-826f-a4072e9fb254#xywh=514,854,135,135",李俨撰文，欧阳通楷书,欧阳通（楷书）；李儇（撰文）,唐,龙朔三年十月十日刻立（663）,663,楷书,17A331,《翰墨瑰宝：上海图书馆藏珍本碑帖丛刊》第二辑,iiif_annotation_target_xywh,iiif_xywh
001_道因法师碑_p0022_c020,贯,001_道因法师碑,道因法师碑,22,二十二,514,1039,135,135,"[514, 1039, 135, 135]",506,1021,156,171,"[506, 1021, 156, 171]",490,1015,183,183,"[490, 1015, 183, 183]",487,1000,194,230,"[487, 1000, 194, 230]",487,1000,194,230,"[487, 1000, 194, 230]",offline_local_binary_ring_bottom_guard,assets/page_images/001_道因法师碑/p0022.jpg,2,3,1,http://data.library.sh.cn/bt/resource/work/v1e0qbx3r5wp1uw4,http://iiif.library.sh.cn/api/viewer/17A331,https://iiif.library.sh.cn/p/3/02c55611-7427-4cd0-a2cd-a15b5ccbaa9c,https://iiif.library.sh.cn/c/3/e8d0388c-823a-4a1c-826f-a4072e9fb254,1444,2221,https://iiif.library.sh.cn/c/3/e8d0388c-823a-4a1c-826f-a4072e9fb254/ap/s,https://iiif.library.sh.cn/c/3/e8d0388c-823a-4a1c-826f-a4072e9fb254/ap/c/a/802c0d37-2fe9-4223-aae1-2a470e2284ef,20,20,supplementing,"[514, 1039, 649, 1174]","https://iiif.library.sh.cn/c/3/e8d0388c-823a-4a1c-826f-a4072e9fb254#xywh=514,1039,135,135",李俨撰文，欧阳通楷书,欧阳通（楷书）；李儇（撰文）,唐,龙朔三年十月十日刻立（663）,663,楷书,17A331,《翰墨瑰宝：上海图书馆藏珍本碑帖丛刊》第二辑,iiif_annotation_target_xywh,iiif_xywh
001_道因法师碑_p0022_c021,凫,001_道因法师碑,道因法师碑,22,二十二,514,1224,135,135,"[514, 1224, 135, 135]",506,1207,156,177,"[506, 1207, 156, 177]",490,1200,183,183,"[490, 1200, 183, 183]",487,1179,194,244,"[487, 1179, 194, 244]",487,1179,194,244,"[487, 1179, 194, 244]",offline_local_binary_ring_bottom_guard,assets/page_images/001_道因法师碑/p0022.jpg,2,4,1,http://data.library.sh.cn/bt/resource/work/v1e0qbx3r5wp1uw4,http://iiif.library.sh.cn/api/viewer/17A331,https://iiif.library.sh.cn/p/3/02c55611-7427-4cd0-a2cd-a15b5ccbaa9c,https://iiif.library.sh.cn/c/3/e8d0388c-823a-4a1c-826f-a4072e9fb254,1444,2221,https://iiif.library.sh.cn/c/3/e8d0388c-823a-4a1c-826f-a4072e9fb254/ap/s,https://iiif.library.sh.cn/c/3/e8d0388c-823a-4a1c-826f-a4072e9fb254/ap/c/a/5059844e-35e6-4299-8edd-6b8c4f0734d1,21,21,supplementing,"[514, 1224, 649, 1359]","https://iiif.library.sh.cn/c/3/e8d0388c-823a-4a1c-826f-a4072e9fb254#xywh=514,1224,135,135",李俨撰文，欧阳通楷书,欧阳通（楷书）；李儇（撰文）,唐,龙朔三年十月十日刻立（663）,663,楷书,17A331,《翰墨瑰宝：上海图书馆藏珍本碑帖丛刊》第二辑,iiif_annotation_target_xywh,iiif_xywh
001_道因法师碑_p0022_c022,集,001_道因法师碑,道因法师碑,22,二十二,514,1425,135,135,"[514, 1425, 135, 135]",506,1399,156,161,"[506, 1399, 156, 161]",490,1401,183,183,"[490, 1401, 183, 183]",487,1371,194,224,"[487, 1371, 194, 224]",487,1371,194,224,"[487, 1371, 194, 224]",offline_local_binary_ring_bottom_guard,assets/page_images/001_道因法师碑/p0022.jpg,2,5,1,http://data.library.sh.cn/bt/resource/work/v1e0qbx3r5wp1uw4,http://iiif.library.sh.cn/api/viewer/17A331,https://iiif.library.sh.cn/p/3/02c55611-7427-4cd0-a2cd-a15b5ccbaa9c,https://iiif.library.sh.cn/c/3/e8d0388c-823a-4a1c-826f-a4072e9fb254,1444,2221,https://iiif.library.sh.cn/c/3/e8d0388c-823a-4a1c-826f-a4072e9fb254/ap/s,https://iiif.library.sh.cn/c/3/e8d0388c-823a-4a1c-826f-a4072e9fb254/ap/c/a/464477d8-06c1-48e8-8e97-dc666195e962,22,22,supplementing,"[514, 1425, 649, 1560]","https://iiif.library.sh.cn/c/3/e8d0388c-823a-4a1c-826f-a4072e9fb254#xywh=514,1425,135,135",李俨撰文，欧阳通楷书,欧阳通（楷书）；李儇（撰文）,唐,龙朔三年十月十日刻立（663）,663,楷书,17A331,《翰墨瑰宝：上海图书馆藏珍本碑帖丛刊》第二辑,iiif_annotation_target_xywh,iiif_xywh
001_道因法师碑_p0022_c023,讲,001_道因法师碑,道因法师碑,22,二十二,514,1574,135,135,"[514, 1574, 135, 135]",506,1574,156,156,"[506, 1574, 156, 156]",490,1550,183,183,"[490, 1550, 183, 183]",487,1546,194,218,"[487, 1546, 194, 218]",487,1546,194,218,"[487, 1546, 194, 218]",offline_local_binary_ring_bottom_guard,assets/page_images/001_道因法师碑/p0022.jpg,2,6,1,http://data.library.sh.cn/bt/resource/work/v1e0qbx3r5wp1uw4,http://iiif.library.sh.cn/api/viewer/17A331,https://iiif.library.sh.cn/p/3/02c55611-7427-4cd0-a2cd-a15b5ccbaa9c,https://iiif.library.sh.cn/c/3/e8d0388c-823a-4a1c-826f-a4072e9fb254,1444,2221,https://iiif.library.sh.cn/c/3/e8d0388c-823a-4a1c-826f-a4072e9fb254/ap/s,https://iiif.library.sh.cn/c/3/e8d0388c-823a-4a1c-826f-a4072e9fb254/ap/c/a/2ef1c948-96f9-40e8-8e95-4729fde18e18,23,23,supplementing,"[514, 1574, 649, 1709]","https://iiif.library.sh.cn/c/3/e8d0388c-823a-4a1c-826f-a4072e9fb254#xywh=514,1574,135,135",李俨撰文，欧阳通楷书,欧阳通（楷书）；李儇（撰文）,唐,龙朔三年十月十日刻立（663）,663,楷书,17A331,《翰墨瑰宝：上海图书馆藏珍本碑帖丛刊》第二辑,iiif_annotation_target_xywh,iiif_xywh
001_道因法师碑_p0022_c024,室,001_道因法师碑,道因法师碑,22,二十二,514,1765,135,135,"[514, 1765, 135, 135]",506,1745,156,175,"[506, 1745, 156, 175]",490,1741,183,183,"[490, 1741, 183, 183]",487,1717,194,241,"[487, 1717, 194, 241]",487,1717,194,241,"[487, 1717, 194, 241]",offline_local_binary_ring_bottom_guard,assets/page_images/001_道因法师碑/p0022.jpg,2,7,1,http://data.library.sh.cn/bt/resource/work/v1e0qbx3r5wp1uw4,http://iiif.library.sh.cn/api/viewer/17A331,https://iiif.library.sh.cn/p/3/02c55611-7427-4cd0-a2cd-a15b5ccbaa9c,https://iiif.library.sh.cn/c/3/e8d0388c-823a-4a1c-826f-a4072e9fb254,1444,2221,https://iiif.library.sh.cn/c/3/e8d0388c-823a-4a1c-826f-a4072e9fb254/ap/s,https://iiif.library.sh.cn/c/3/e8d0388c-823a-4a1c-826f-a4072e9fb254/ap/c/a/08d011d4-f698-45f7-a12d-7f0b53c284b2,24,24,supplementing,"[514, 1765, 649, 1900]","https://iiif.library.sh.cn/c/3/e8d0388c-823a-4a1c-826f-a4072e9fb254#xywh=514,1765,135,135",李俨撰文，欧阳通楷书,欧阳通（楷书）；李儇（撰文）,唐,龙朔三年十月十日刻立（663）,663,楷书,17A331,《翰墨瑰宝：上海图书馆藏珍本碑帖丛刊》第二辑,iiif_annotation_target_xywh,iiif_xywh
001_道因法师碑_p0022_c025,谈,001_道因法师碑,道因法师碑,22,二十二,345,532,144,144,"[345, 532, 144, 144]",349,546,144,116,"[349, 546, 144, 116]",319,506,196,196,"[319, 506, 196, 196]",332,520,178,168,"[332, 520, 178, 168]",332,520,178,168,"[332, 520, 178, 168]",offline_local_binary_ring_bottom_guard,assets/page_images/001_道因法师碑/p0022.jpg,3,0,1,http://data.library.sh.cn/bt/resource/work/v1e0qbx3r5wp1uw4,http://iiif.library.sh.cn/api/viewer/17A331,https://iiif.library.sh.cn/p/3/02c55611-7427-4cd0-a2cd-a15b5ccbaa9c,https://iiif.library.sh.cn/c/3/e8d0388c-823a-4a1c-826f-a4072e9fb254,1444,2221,https://iiif.library.sh.cn/c/3/e8d0388c-823a-4a1c-826f-a4072e9fb254/ap/s,https://iiif.library.sh.cn/c/3/e8d0388c-823a-4a1c-826f-a4072e9fb254/ap/c/a/a3a426ce-1f55-47af-b423-c741ee2c714f,25,25,supplementing,"[345, 532, 489, 676]","https://iiif.library.sh.cn/c/3/e8d0388c-823a-4a1c-826f-a4072e9fb254#xywh=345,532,144,144",李俨撰文，欧阳通楷书,欧阳通（楷书）；李儇（撰文）,唐,龙朔三年十月十日刻立（663）,663,楷书,17A331,《翰墨瑰宝：上海图书馆藏珍本碑帖丛刊》第二辑,iiif_annotation_target_xywh,iiif_xywh
001_道因法师碑_p0022_c026,筵,001_道因法师碑,道因法师碑,22,二十二,345,657,144,144,"[345, 657, 144, 144]",349,672,144,135,"[349, 672, 144, 135]",319,631,196,196,"[319, 631, 196, 196]",332,642,178,195,"[332, 642, 178, 195]",332,642,178,195,"[332, 642, 178, 195]",offline_local_binary_ring_bottom_guard,assets/page_images/001_道因法师碑/p0022.jpg,3,1,1,http://data.library.sh.cn/bt/resource/work/v1e0qbx3r5wp1uw4,http://iiif.library.sh.cn/api/viewer/17A331,https://iiif.library.sh.cn/p/3/02c55611-7427-4cd0-a2cd-a15b5ccbaa9c,https://iiif.library.sh.cn/c/3/e8d0388c-823a-4a1c-826f-a4072e9fb254,1444,2221,https://iiif.library.sh.cn/c/3/e8d0388c-823a-4a1c-826f-a4072e9fb254/ap/s,https://iiif.library.sh.cn/c/3/e8d0388c-823a-4a1c-826f-a4072e9fb254/ap/c/a/f6681198-4859-4d8c-a920-caec8a381279,26,26,supplementing,"[345, 657, 489, 801]","https://iiif.library.sh.cn/c/3/e8d0388c-823a-4a1c-826f-a4072e9fb254#xywh=345,657,144,144",李俨撰文，欧阳通楷书,欧阳通（楷书）；李儇（撰文）,唐,龙朔三年十月十日刻立（663）,663,楷书,17A331,《翰墨瑰宝：上海图书馆藏珍本碑帖丛刊》第二辑,iiif_annotation_target_xywh,iiif_xywh
001_道因法师碑_p0022_c027,为,001_道因法师碑,道因法师碑,22,二十二,345,825,144,144,"[345, 825, 144, 144]",349,820,144,163,"[349, 820, 144, 163]",319,799,196,196,"[319, 799, 196, 196]",332,790,178,229,"[332, 790, 178, 229]",332,790,178,229,"[332, 790, 178, 229]",offline_local_binary_ring_bottom_guard,assets/page_images/001_道因法师碑/p0022.jpg,3,2,1,http://data.library.sh.cn/bt/resource/work/v1e0qbx3r5wp1uw4,http://iiif.library.sh.cn/api/viewer/17A331,https://iiif.library.sh.cn/p/3/02c55611-7427-4cd0-a2cd-a15b5ccbaa9c,https://iiif.library.sh.cn/c/3/e8d0388c-823a-4a1c-826f-a4072e9fb254,1444,2221,https://iiif.library.sh.cn/c/3/e8d0388c-823a-4a1c-826f-a4072e9fb254/ap/s,https://iiif.library.sh.cn/c/3/e8d0388c-823a-4a1c-826f-a4072e9fb254/ap/c/a/f4a6c339-85a8-430e-9467-4a62c80febac,27,27,supplementing,"[345, 825, 489, 969]","https://iiif.library.sh.cn/c/3/e8d0388c-823a-4a1c-826f-a4072e9fb254#xywh=345,825,144,144",李俨撰文，欧阳通楷书,欧阳通（楷书）；李儇（撰文）,唐,龙朔三年十月十日刻立（663）,663,楷书,17A331,《翰墨瑰宝：上海图书馆藏珍本碑帖丛刊》第二辑,iiif_annotation_target_xywh,iiif_xywh
001_道因法师碑_p0022_c028,之,001_道因法师碑,道因法师碑,22,二十二,345,1011,144,144,"[345, 1011, 144, 144]",349,997,144,164,"[349, 997, 144, 164]",319,985,196,196,"[319, 985, 196, 196]",332,967,178,230,"[332, 967, 178, 230]",332,967,178,230,"[332, 967, 178, 230]",offline_local_binary_ring_bottom_guard,assets/page_images/001_道因法师碑/p0022.jpg,3,3,1,http://data.library.sh.cn/bt/resource/work/v1e0qbx3r5wp1uw4,http://iiif.library.sh.cn/api/viewer/17A331,https://iiif.library.sh.cn/p/3/02c55611-7427-4cd0-a2cd-a15b5ccbaa9c,https://iiif.library.sh.cn/c/3/e8d0388c-823a-4a1c-826f-a4072e9fb254,1444,2221,https://iiif.library.sh.cn/c/3/e8d0388c-823a-4a1c-826f-a4072e9fb254/ap/s,https://iiif.library.sh.cn/c/3/e8d0388c-823a-4a1c-826f-a4072e9fb254/ap/c/a/64dff7e3-3338-4a1d-8d9b-c9089a1e7fae,28,28,supplementing,"[345, 1011, 489, 1155]","https://iiif.library.sh.cn/c/3/e8d0388c-823a-4a1c-826f-a4072e9fb254#xywh=345,1011,144,144",李俨撰文，欧阳通楷书,欧阳通（楷书）；李儇（撰文）,唐,龙朔三年十月十日刻立（663）,663,楷书,17A331,《翰墨瑰宝：上海图书馆藏珍本碑帖丛刊》第二辑,iiif_annotation_target_xywh,iiif_xywh
001_道因法师碑_p0022_c029,嚣,001_道因法师碑,道因法师碑,22,二十二,345,1181,144,144,"[345, 1181, 144, 144]",349,1176,144,174,"[349, 1176, 144, 174]",319,1155,196,196,"[319, 1155, 196, 196]",332,1146,178,242,"[332, 1146, 178, 242]",332,1146,178,242,"[332, 1146, 178, 242]",offline_local_binary_ring_bottom_guard,assets/page_images/001_道因法师碑/p0022.jpg,3,4,1,http://data.library.sh.cn/bt/resource/work/v1e0qbx3r5wp1uw4,http://iiif.library.sh.cn/api/viewer/17A331,https://iiif.library.sh.cn/p/3/02c55611-7427-4cd0-a2cd-a15b5ccbaa9c,https://iiif.library.sh.cn/c/3/e8d0388c-823a-4a1c-826f-a4072e9fb254,1444,2221,https://iiif.library.sh.cn/c/3/e8d0388c-823a-4a1c-826f-a4072e9fb254/ap/s,https://iiif.library.sh.cn/c/3/e8d0388c-823a-4a1c-826f-a4072e9fb254/ap/c/a/3232fa29-921e-4ced-aaee-cd2ed483ec6e,29,29,supplementing,"[345, 1181, 489, 1325]","https://iiif.library.sh.cn/c/3/e8d0388c-823a-4a1c-826f-a4072e9fb254#xywh=345,1181,144,144",李俨撰文，欧阳通楷书,欧阳通（楷书）；李儇（撰文）,唐,龙朔三年十月十日刻立（663）,663,楷书,17A331,《翰墨瑰宝：上海图书馆藏珍本碑帖丛刊》第二辑,iiif_annotation_target_xywh,iiif_xywh
001_道因法师碑_p0022_c030,隘,001_道因法师碑,道因法师碑,22,二十二,345,1393,138,138,"[345, 1393, 138, 138]",349,1365,144,173,"[349, 1365, 144, 173]",320,1368,188,188,"[320, 1368, 188, 188]",332,1353,178,223,"[332, 1353, 178, 223]",332,1353,178,223,"[332, 1353, 178, 223]",offline_local_binary_ring_bottom_guard,assets/page_images/001_道因法师碑/p0022.jpg,3,5,1,http://data.library.sh.cn/bt/resource/work/v1e0qbx3r5wp1uw4,http://iiif.library.sh.cn/api/viewer/17A331,https://iiif.library.sh.cn/p/3/02c55611-7427-4cd0-a2cd-a15b5ccbaa9c,https://iiif.library.sh.cn/c/3/e8d0388c-823a-4a1c-826f-a4072e9fb254,1444,2221,https://iiif.library.sh.cn/c/3/e8d0388c-823a-4a1c-826f-a4072e9fb254/ap/s,https://iiif.library.sh.cn/c/3/e8d0388c-823a-4a1c-826f-a4072e9fb254/ap/c/a/78e5ad97-4ab3-427e-a581-44f02397822e,30,30,supplementing,"[345, 1393, 483, 1531]","https://iiif.library.sh.cn/c/3/e8d0388c-823a-4a1c-826f-a4072e9fb254#xywh=345,1393,138,138",李俨撰文，欧阳通楷书,欧阳通（楷书）；李儇（撰文）,唐,龙朔三年十月十日刻立（663）,663,楷书,17A331,《翰墨瑰宝：上海图书馆藏珍本碑帖丛刊》第二辑,iiif_annotation_target_xywh,iiif_xywh
001_道因法师碑_p0022_c031,遂,001_道因法师碑,道因法师碑,22,二十二,345,1560,138,138,"[345, 1560, 138, 138]",349,1552,144,158,"[349, 1552, 144, 158]",320,1535,188,188,"[320, 1535, 188, 188]",332,1524,178,221,"[332, 1524, 178, 221]",332,1524,178,221,"[332, 1524, 178, 221]",offline_local_binary_ring_bottom_guard,assets/page_images/001_道因法师碑/p0022.jpg,3,6,1,http://data.library.sh.cn/bt/resource/work/v1e0qbx3r5wp1uw4,http://iiif.library.sh.cn/api/viewer/17A331,https://iiif.library.sh.cn/p/3/02c55611-7427-4cd0-a2cd-a15b5ccbaa9c,https://iiif.library.sh.cn/c/3/e8d0388c-823a-4a1c-826f-a4072e9fb254,1444,2221,https://iiif.library.sh.cn/c/3/e8d0388c-823a-4a1c-826f-a4072e9fb254/ap/s,https://iiif.library.sh.cn/c/3/e8d0388c-823a-4a1c-826f-a4072e9fb254/ap/c/a/8c49960f-5889-4773-95f3-3058489c69a3,31,31,supplementing,"[345, 1560, 483, 1698]","https://iiif.library.sh.cn/c/3/e8d0388c-823a-4a1c-826f-a4072e9fb254#xywh=345,1560,138,138",李俨撰文，欧阳通楷书,欧阳通（楷书）；李儇（撰文）,唐,龙朔三年十月十日刻立（663）,663,楷书,17A331,《翰墨瑰宝：上海图书馆藏珍本碑帖丛刊》第二辑,iiif_annotation_target_xywh,iiif_xywh
001_道因法师碑_p0022_c032,依,001_道因法师碑,道因法师碑,22,二十二,357,1743,125,125,"[357, 1743, 125, 125]",349,1724,144,163,"[349, 1724, 144, 163]",334,1720,170,170,"[334, 1720, 170, 170]",332,1698,178,225,"[332, 1698, 178, 225]",332,1698,178,225,"[332, 1698, 178, 225]",offline_local_binary_ring_bottom_guard,assets/page_images/001_道因法师碑/p0022.jpg,3,7,1,http://data.library.sh.cn/bt/resource/work/v1e0qbx3r5wp1uw4,http://iiif.library.sh.cn/api/viewer/17A331,https://iiif.library.sh.cn/p/3/02c55611-7427-4cd0-a2cd-a15b5ccbaa9c,https://iiif.library.sh.cn/c/3/e8d0388c-823a-4a1c-826f-a4072e9fb254,1444,2221,https://iiif.library.sh.cn/c/3/e8d0388c-823a-4a1c-826f-a4072e9fb254/ap/s,https://iiif.library.sh.cn/c/3/e8d0388c-823a-4a1c-826f-a4072e9fb254/ap/c/a/f3e6749d-0764-4639-af94-7486ddb6b245,32,32,supplementing,"[357, 1743, 482, 1868]","https://iiif.library.sh.cn/c/3/e8d0388c-823a-4a1c-826f-a4072e9fb254#xywh=357,1743,125,125",李俨撰文，欧阳通楷书,欧阳通（楷书）；李儇（撰文）,唐,龙朔三年十月十日刻立（663）,663,楷书,17A331,《翰墨瑰宝：上海图书馆藏珍本碑帖丛刊》第二辑,iiif_annotation_target_xywh,iiif_xywh
001_道因法师碑_p0022_c033,科,001_道因法师碑,道因法师碑,22,二十二,196,511,144,144,"[196, 511, 144, 144]",200,505,136,156,"[200, 505, 136, 156]",170,485,196,196,"[170, 485, 196, 196]",184,475,168,220,"[184, 475, 168, 220]",184,475,168,220,"[184, 475, 168, 220]",offline_local_binary_ring_bottom_guard,assets/page_images/001_道因法师碑/p0022.jpg,4,0,1,http://data.library.sh.cn/bt/resource/work/v1e0qbx3r5wp1uw4,http://iiif.library.sh.cn/api/viewer/17A331,https://iiif.library.sh.cn/p/3/02c55611-7427-4cd0-a2cd-a15b5ccbaa9c,https://iiif.library.sh.cn/c/3/e8d0388c-823a-4a1c-826f-a4072e9fb254,1444,2221,https://iiif.library.sh.cn/c/3/e8d0388c-823a-4a1c-826f-a4072e9fb254/ap/s,https://iiif.library.sh.cn/c/3/e8d0388c-823a-4a1c-826f-a4072e9fb254/ap/c/a/7d5776c1-4c2f-458b-b8a6-167f819fbf26,33,33,supplementing,"[196, 511, 340, 655]","https://iiif.library.sh.cn/c/3/e8d0388c-823a-4a1c-826f-a4072e9fb254#xywh=196,511,144,144",李俨撰文，欧阳通楷书,欧阳通（楷书）；李儇（撰文）,唐,龙朔三年十月十日刻立（663）,663,楷书,17A331,《翰墨瑰宝：上海图书馆藏珍本碑帖丛刊》第二辑,iiif_annotation_target_xywh,iiif_xywh
001_道因法师碑_p0022_c034,戒,001_道因法师碑,道因法师碑,22,二十二,196,681,144,144,"[196, 681, 144, 144]",200,675,136,169,"[200, 675, 136, 169]",170,655,196,196,"[170, 655, 196, 196]",184,645,168,236,"[184, 645, 168, 236]",184,645,168,236,"[184, 645, 168, 236]",offline_local_binary_ring_bottom_guard,assets/page_images/001_道因法师碑/p0022.jpg,4,1,1,http://data.library.sh.cn/bt/resource/work/v1e0qbx3r5wp1uw4,http://iiif.library.sh.cn/api/viewer/17A331,https://iiif.library.sh.cn/p/3/02c55611-7427-4cd0-a2cd-a15b5ccbaa9c,https://iiif.library.sh.cn/c/3/e8d0388c-823a-4a1c-826f-a4072e9fb254,1444,2221,https://iiif.library.sh.cn/c/3/e8d0388c-823a-4a1c-826f-a4072e9fb254/ap/s,https://iiif.library.sh.cn/c/3/e8d0388c-823a-4a1c-826f-a4072e9fb254/ap/c/a/4a6c2ff1-b02b-4e72-ae58-a185888723b4,34,34,supplementing,"[196, 681, 340, 825]","https://iiif.library.sh.cn/c/3/e8d0388c-823a-4a1c-826f-a4072e9fb254#xywh=196,681,144,144",李俨撰文，欧阳通楷书,欧阳通（楷书）；李儇（撰文）,唐,龙朔三年十月十日刻立（663）,663,楷书,17A331,《翰墨瑰宝：上海图书馆藏珍本碑帖丛刊》第二辑,iiif_annotation_target_xywh,iiif_xywh
001_道因法师碑_p0022_c035,而,001_道因法师碑,道因法师碑,22,二十二,196,878,144,144,"[196, 878, 144, 144]",200,858,136,162,"[200, 858, 136, 162]",170,852,196,196,"[170, 852, 196, 196]",184,828,168,228,"[184, 828, 168, 228]",184,828,168,228,"[184, 828, 168, 228]",offline_local_binary_ring_bottom_guard,assets/page_images/001_道因法师碑/p0022.jpg,4,2,1,http://data.library.sh.cn/bt/resource/work/v1e0qbx3r5wp1uw4,http://iiif.library.sh.cn/api/viewer/17A331,https://iiif.library.sh.cn/p/3/02c55611-7427-4cd0-a2cd-a15b5ccbaa9c,https://iiif.library.sh.cn/c/3/e8d0388c-823a-4a1c-826f-a4072e9fb254,1444,2221,https://iiif.library.sh.cn/c/3/e8d0388c-823a-4a1c-826f-a4072e9fb254/ap/s,https://iiif.library.sh.cn/c/3/e8d0388c-823a-4a1c-826f-a4072e9fb254/ap/c/a/d5ad4eb0-6c1b-40d4-b9ab-3d82b9c9fe70,35,35,supplementing,"[196, 878, 340, 1022]","https://iiif.library.sh.cn/c/3/e8d0388c-823a-4a1c-826f-a4072e9fb254#xywh=196,878,144,144",李俨撰文，欧阳通楷书,欧阳通（楷书）；李儇（撰文）,唐,龙朔三年十月十日刻立（663）,663,楷书,17A331,《翰墨瑰宝：上海图书馆藏珍本碑帖丛刊》第二辑,iiif_annotation_target_xywh,iiif_xywh
001_道因法师碑_p0022_c036,为,001_道因法师碑,道因法师碑,22,二十二,196,1031,144,144,"[196, 1031, 144, 144]",200,1033,136,148,"[200, 1033, 136, 148]",170,1005,196,196,"[170, 1005, 196, 196]",184,1001,168,213,"[184, 1001, 168, 213]",184,1001,168,213,"[184, 1001, 168, 213]",offline_local_binary_ring_bottom_guard,assets/page_images/001_道因法师碑/p0022.jpg,4,3,1,http://data.library.sh.cn/bt/resource/work/v1e0qbx3r5wp1uw4,http://iiif.library.sh.cn/api/viewer/17A331,https://iiif.library.sh.cn/p/3/02c55611-7427-4cd0-a2cd-a15b5ccbaa9c,https://iiif.library.sh.cn/c/3/e8d0388c-823a-4a1c-826f-a4072e9fb254,1444,2221,https://iiif.library.sh.cn/c/3/e8d0388c-823a-4a1c-826f-a4072e9fb254/ap/s,https://iiif.library.sh.cn/c/3/e8d0388c-823a-4a1c-826f-a4072e9fb254/ap/c/a/4dce1923-08c3-444b-9e5a-975780d28102,36,36,supplementing,"[196, 1031, 340, 1175]","https://iiif.library.sh.cn/c/3/e8d0388c-823a-4a1c-826f-a4072e9fb254#xywh=196,1031,144,144",李俨撰文，欧阳通楷书,欧阳通（楷书）；李儇（撰文）,唐,龙朔三年十月十日刻立（663）,663,楷书,17A331,《翰墨瑰宝：上海图书馆藏珍本碑帖丛刊》第二辑,iiif_annotation_target_xywh,iiif_xywh
001_道因法师碑_p0022_c037,节,001_道因法师碑,道因法师碑,22,二十二,196,1200,144,144,"[196, 1200, 144, 144]",200,1195,136,162,"[200, 1195, 136, 162]",170,1174,196,196,"[170, 1174, 196, 196]",184,1165,168,228,"[184, 1165, 168, 228]",184,1165,168,228,"[184, 1165, 168, 228]",offline_local_binary_ring_bottom_guard,assets/page_images/001_道因法师碑/p0022.jpg,4,4,1,http://data.library.sh.cn/bt/resource/work/v1e0qbx3r5wp1uw4,http://iiif.library.sh.cn/api/viewer/17A331,https://iiif.library.sh.cn/p/3/02c55611-7427-4cd0-a2cd-a15b5ccbaa9c,https://iiif.library.sh.cn/c/3/e8d0388c-823a-4a1c-826f-a4072e9fb254,1444,2221,https://iiif.library.sh.cn/c/3/e8d0388c-823a-4a1c-826f-a4072e9fb254/ap/s,https://iiif.library.sh.cn/c/3/e8d0388c-823a-4a1c-826f-a4072e9fb254/ap/c/a/9cca0276-cbf3-4c9d-bee2-9d55d88b1357,37,37,supplementing,"[196, 1200, 340, 1344]","https://iiif.library.sh.cn/c/3/e8d0388c-823a-4a1c-826f-a4072e9fb254#xywh=196,1200,144,144",李俨撰文，欧阳通楷书,欧阳通（楷书）；李儇（撰文）,唐,龙朔三年十月十日刻立（663）,663,楷书,17A331,《翰墨瑰宝：上海图书馆藏珍本碑帖丛刊》第二辑,iiif_annotation_target_xywh,iiif_xywh
001_道因法师碑_p0022_c038,文,001_道因法师碑,道因法师碑,22,二十二,196,1385,144,144,"[196, 1385, 144, 144]",200,1372,136,160,"[200, 1372, 136, 160]",170,1359,196,196,"[170, 1359, 196, 196]",184,1342,168,225,"[184, 1342, 168, 225]",184,1342,168,225,"[184, 1342, 168, 225]",offline_local_binary_ring_bottom_guard,assets/page_images/001_道因法师碑/p0022.jpg,4,5,1,http://data.library.sh.cn/bt/resource/work/v1e0qbx3r5wp1uw4,http://iiif.library.sh.cn/api/viewer/17A331,https://iiif.library.sh.cn/p/3/02c55611-7427-4cd0-a2cd-a15b5ccbaa9c,https://iiif.library.sh.cn/c/3/e8d0388c-823a-4a1c-826f-a4072e9fb254,1444,2221,https://iiif.library.sh.cn/c/3/e8d0388c-823a-4a1c-826f-a4072e9fb254/ap/s,https://iiif.library.sh.cn/c/3/e8d0388c-823a-4a1c-826f-a4072e9fb254/ap/c/a/ee5a8a01-49ae-4271-bd50-8bd0710408a2,38,38,supplementing,"[196, 1385, 340, 1529]","https://iiif.library.sh.cn/c/3/e8d0388c-823a-4a1c-826f-a4072e9fb254#xywh=196,1385,144,144",李俨撰文，欧阳通楷书,欧阳通（楷书）；李儇（撰文）,唐,龙朔三年十月十日刻立（663）,663,楷书,17A331,《翰墨瑰宝：上海图书馆藏珍本碑帖丛刊》第二辑,iiif_annotation_target_xywh,iiif_xywh
001_道因法师碑_p0022_c039,年,001_道因法师碑,道因法师碑,22,二十二,196,1550,144,144,"[196, 1550, 144, 144]",200,1546,136,162,"[200, 1546, 136, 162]",170,1524,196,196,"[170, 1524, 196, 196]",184,1516,168,228,"[184, 1516, 168, 228]",184,1516,168,228,"[184, 1516, 168, 228]",offline_local_binary_ring_bottom_guard,assets/page_images/001_道因法师碑/p0022.jpg,4,6,1,http://data.library.sh.cn/bt/resource/work/v1e0qbx3r5wp1uw4,http://iiif.library.sh.cn/api/viewer/17A331,https://iiif.library.sh.cn/p/3/02c55611-7427-4cd0-a2cd-a15b5ccbaa9c,https://iiif.library.sh.cn/c/3/e8d0388c-823a-4a1c-826f-a4072e9fb254,1444,2221,https://iiif.library.sh.cn/c/3/e8d0388c-823a-4a1c-826f-a4072e9fb254/ap/s,https://iiif.library.sh.cn/c/3/e8d0388c-823a-4a1c-826f-a4072e9fb254/ap/c/a/232dcf54-2d0b-4fcf-825b-a7c656e13cc4,39,39,supplementing,"[196, 1550, 340, 1694]","https://iiif.library.sh.cn/c/3/e8d0388c-823a-4a1c-826f-a4072e9fb254#xywh=196,1550,144,144",李俨撰文，欧阳通楷书,欧阳通（楷书）；李儇（撰文）,唐,龙朔三年十月十日刻立（663）,663,楷书,17A331,《翰墨瑰宝：上海图书馆藏珍本碑帖丛刊》第二辑,iiif_annotation_target_xywh,iiif_xywh
001_道因法师碑_p0022_c040,少,001_道因法师碑,道因法师碑,22,二十二,196,1735,144,144,"[196, 1735, 144, 144]",200,1722,136,170,"[200, 1722, 136, 170]",170,1709,196,196,"[170, 1709, 196, 196]",184,1692,168,237,"[184, 1692, 168, 237]",184,1692,168,237,"[184, 1692, 168, 237]",offline_local_binary_ring_bottom_guard,assets/page_images/001_道因法师碑/p0022.jpg,4,7,1,http://data.library.sh.cn/bt/resource/work/v1e0qbx3r5wp1uw4,http://iiif.library.sh.cn/api/viewer/17A331,https://iiif.library.sh.cn/p/3/02c55611-7427-4cd0-a2cd-a15b5ccbaa9c,https://iiif.library.sh.cn/c/3/e8d0388c-823a-4a1c-826f-a4072e9fb254,1444,2221,https://iiif.library.sh.cn/c/3/e8d0388c-823a-4a1c-826f-a4072e9fb254/ap/s,https://iiif.library.sh.cn/c/3/e8d0388c-823a-4a1c-826f-a4072e9fb254/ap/c/a/533bf04f-aee9-4723-9a02-bf9c12a67fcd,40,40,supplementing,"[196, 1735, 340, 1879]","https://iiif.library.sh.cn/c/3/e8d0388c-823a-4a1c-826f-a4072e9fb254#xywh=196,1735,144,144",李俨撰文，欧阳通楷书,欧阳通（楷书）；李儇（撰文）,唐,龙朔三年十月十日刻立（663）,663,楷书,17A331,《翰墨瑰宝：上海图书馆藏珍本碑帖丛刊》第二辑,iiif_annotation_target_xywh,iiif_xywh
001_道因法师碑_p0023_c001,沙,001_道因法师碑,道因法师碑,23,二十三,1107,524,163,163,"[1107, 524, 163, 163]",1108,538,161,135,"[1108, 538, 161, 135]",1078,495,221,221,"[1078, 495, 221, 221]",1089,508,199,195,"[1089, 508, 199, 195]",1089,508,199,195,"[1089, 508, 199, 195]",offline_local_binary_ring_bottom_guard,assets/page_images/001_道因法师碑/p0023.jpg,0,0,1,http://data.library.sh.cn/bt/resource/work/v1e0qbx3r5wp1uw4,http://iiif.library.sh.cn/api/viewer/17A331,https://iiif.library.sh.cn/p/3/02c55611-7427-4cd0-a2cd-a15b5ccbaa9c,https://iiif.library.sh.cn/c/3/1baab2f7-4669-4e1f-9664-7a138eb130b6,1444,2218,https://iiif.library.sh.cn/c/3/1baab2f7-4669-4e1f-9664-7a138eb130b6/ap/s,https://iiif.library.sh.cn/c/3/1baab2f7-4669-4e1f-9664-7a138eb130b6/ap/c/a/3e0f6d2f-ddaf-4876-984d-912bb77f2678,1,1,supplementing,"[1107, 524, 1270, 687]","https://iiif.library.sh.cn/c/3/1baab2f7-4669-4e1f-9664-7a138eb130b6#xywh=1107,524,163,163",李俨撰文，欧阳通楷书,欧阳通（楷书）；李儇（撰文）,唐,龙朔三年十月十日刻立（663）,663,楷书,17A331,《翰墨瑰宝：上海图书馆藏珍本碑帖丛刊》第二辑,iiif_annotation_target_xywh,iiif_xywh
001_道因法师碑_p0023_c002,门,001_道因法师碑,道因法师碑,23,二十三,1107,670,163,163,"[1107, 670, 163, 163]",1108,686,161,167,"[1108, 686, 161, 167]",1078,641,221,221,"[1078, 641, 221, 221]",1089,649,199,241,"[1089, 649, 199, 241]",1089,649,199,241,"[1089, 649, 199, 241]",offline_local_binary_ring_bottom_guard,assets/page_images/001_道因法师碑/p0023.jpg,0,1,1,http://data.library.sh.cn/bt/resource/work/v1e0qbx3r5wp1uw4,http://iiif.library.sh.cn/api/viewer/17A331,https://iiif.library.sh.cn/p/3/02c55611-7427-4cd0-a2cd-a15b5ccbaa9c,https://iiif.library.sh.cn/c/3/1baab2f7-4669-4e1f-9664-7a138eb130b6,1444,2218,https://iiif.library.sh.cn/c/3/1baab2f7-4669-4e1f-9664-7a138eb130b6/ap/s,https://iiif.library.sh.cn/c/3/1baab2f7-4669-4e1f-9664-7a138eb130b6/ap/c/a/8682d586-5db9-4c55-8055-0489b8034ea6,2,2,supplementing,"[1107, 670, 1270, 833]","https://iiif.library.sh.cn/c/3/1baab2f7-4669-4e1f-9664-7a138eb130b6#xywh=1107,670,163,163",李俨撰文，欧阳通楷书,欧阳通（楷书）；李儇（撰文）,唐,龙朔三年十月十日刻立（663）,663,楷书,17A331,《翰墨瑰宝：上海图书馆藏珍本碑帖丛刊》第二辑,iiif_annotation_target_xywh,iiif_xywh
001_道因法师碑_p0023_c003,且,001_道因法师碑,道因法师碑,23,二十三,1107,887,163,163,"[1107, 887, 163, 163]",1108,867,161,164,"[1108, 867, 161, 164]",1078,858,221,221,"[1078, 858, 221, 221]",1089,834,199,233,"[1089, 834, 199, 233]",1089,834,199,233,"[1089, 834, 199, 233]",offline_local_binary_ring_bottom_guard,assets/page_images/001_道因法师碑/p0023.jpg,0,2,1,http://data.library.sh.cn/bt/resource/work/v1e0qbx3r5wp1uw4,http://iiif.library.sh.cn/api/viewer/17A331,https://iiif.library.sh.cn/p/3/02c55611-7427-4cd0-a2cd-a15b5ccbaa9c,https://iiif.library.sh.cn/c/3/1baab2f7-4669-4e1f-9664-7a138eb130b6,1444,2218,https://iiif.library.sh.cn/c/3/1baab2f7-4669-4e1f-9664-7a138eb130b6/ap/s,https://iiif.library.sh.cn/c/3/1baab2f7-4669-4e1f-9664-7a138eb130b6/ap/c/a/41d546e7-511f-44bb-aa13-34acb7feab62,3,3,supplementing,"[1107, 887, 1270, 1050]","https://iiif.library.sh.cn/c/3/1baab2f7-4669-4e1f-9664-7a138eb130b6#xywh=1107,887,163,163",李俨撰文，欧阳通楷书,欧阳通（楷书）；李儇（撰文）,唐,龙朔三年十月十日刻立（663）,663,楷书,17A331,《翰墨瑰宝：上海图书馆藏珍本碑帖丛刊》第二辑,iiif_annotation_target_xywh,iiif_xywh
001_道因法师碑_p0023_c004,令,001_道因法师碑,道因法师碑,23,二十三,1107,1026,163,163,"[1107, 1026, 163, 163]",1108,1044,161,149,"[1108, 1044, 161, 149]",1078,997,221,221,"[1078, 997, 221, 221]",1089,1011,199,215,"[1089, 1011, 199, 215]",1089,1011,199,215,"[1089, 1011, 199, 215]",offline_local_binary_ring_bottom_guard,assets/page_images/001_道因法师碑/p0023.jpg,0,3,1,http://data.library.sh.cn/bt/resource/work/v1e0qbx3r5wp1uw4,http://iiif.library.sh.cn/api/viewer/17A331,https://iiif.library.sh.cn/p/3/02c55611-7427-4cd0-a2cd-a15b5ccbaa9c,https://iiif.library.sh.cn/c/3/1baab2f7-4669-4e1f-9664-7a138eb130b6,1444,2218,https://iiif.library.sh.cn/c/3/1baab2f7-4669-4e1f-9664-7a138eb130b6/ap/s,https://iiif.library.sh.cn/c/3/1baab2f7-4669-4e1f-9664-7a138eb130b6/ap/c/a/71aab534-5032-4a41-8f7c-06bef7e84971,4,4,supplementing,"[1107, 1026, 1270, 1189]","https://iiif.library.sh.cn/c/3/1baab2f7-4669-4e1f-9664-7a138eb130b6#xywh=1107,1026,163,163",李俨撰文，欧阳通楷书,欧阳通（楷书）；李儇（撰文）,唐,龙朔三年十月十日刻立（663）,663,楷书,17A331,《翰墨瑰宝：上海图书馆藏珍本碑帖丛刊》第二辑,iiif_annotation_target_xywh,iiif_xywh
001_道因法师碑_p0023_c005,习,001_道因法师碑,道因法师碑,23,二十三,1107,1209,163,163,"[1107, 1209, 163, 163]",1108,1206,161,169,"[1108, 1206, 161, 169]",1078,1180,221,221,"[1078, 1180, 221, 221]",1089,1173,199,239,"[1089, 1173, 199, 239]",1089,1173,199,239,"[1089, 1173, 199, 239]",offline_local_binary_ring_bottom_guard,assets/page_images/001_道因法师碑/p0023.jpg,0,4,1,http://data.library.sh.cn/bt/resource/work/v1e0qbx3r5wp1uw4,http://iiif.library.sh.cn/api/viewer/17A331,https://iiif.library.sh.cn/p/3/02c55611-7427-4cd0-a2cd-a15b5ccbaa9c,https://iiif.library.sh.cn/c/3/1baab2f7-4669-4e1f-9664-7a138eb130b6,1444,2218,https://iiif.library.sh.cn/c/3/1baab2f7-4669-4e1f-9664-7a138eb130b6/ap/s,https://iiif.library.sh.cn/c/3/1baab2f7-4669-4e1f-9664-7a138eb130b6/ap/c/a/aa4179b7-8f17-4bd9-addb-43c22406c4db,5,5,supplementing,"[1107, 1209, 1270, 1372]","https://iiif.library.sh.cn/c/3/1baab2f7-4669-4e1f-9664-7a138eb130b6#xywh=1107,1209,163,163",李俨撰文，欧阳通楷书,欧阳通（楷书）；李儇（撰文）,唐,龙朔三年十月十日刻立（663）,663,楷书,17A331,《翰墨瑰宝：上海图书馆藏珍本碑帖丛刊》第二辑,iiif_annotation_target_xywh,iiif_xywh
001_道因法师碑_p0023_c006,律,001_道因法师碑,道因法师碑,23,二十三,1107,1392,163,163,"[1107, 1392, 163, 163]",1108,1389,161,172,"[1108, 1389, 161, 172]",1078,1363,221,221,"[1078, 1363, 221, 221]",1089,1356,199,243,"[1089, 1356, 199, 243]",1089,1356,199,243,"[1089, 1356, 199, 243]",offline_local_binary_ring_bottom_guard,assets/page_images/001_道因法师碑/p0023.jpg,0,5,1,http://data.library.sh.cn/bt/resource/work/v1e0qbx3r5wp1uw4,http://iiif.library.sh.cn/api/viewer/17A331,https://iiif.library.sh.cn/p/3/02c55611-7427-4cd0-a2cd-a15b5ccbaa9c,https://iiif.library.sh.cn/c/3/1baab2f7-4669-4e1f-9664-7a138eb130b6,1444,2218,https://iiif.library.sh.cn/c/3/1baab2f7-4669-4e1f-9664-7a138eb130b6/ap/s,https://iiif.library.sh.cn/c/3/1baab2f7-4669-4e1f-9664-7a138eb130b6/ap/c/a/9576b68b-2992-4a2f-9afe-e44a67f37f47,6,6,supplementing,"[1107, 1392, 1270, 1555]","https://iiif.library.sh.cn/c/3/1baab2f7-4669-4e1f-9664-7a138eb130b6#xywh=1107,1392,163,163",李俨撰文，欧阳通楷书,欧阳通（楷书）；李儇（撰文）,唐,龙朔三年十月十日刻立（663）,663,楷书,17A331,《翰墨瑰宝：上海图书馆藏珍本碑帖丛刊》第二辑,iiif_annotation_target_xywh,iiif_xywh
001_道因法师碑_p0023_c007,晓,001_道因法师碑,道因法师碑,23,二十三,1107,1581,163,163,"[1107, 1581, 163, 163]",1108,1576,161,178,"[1108, 1576, 161, 178]",1078,1552,221,221,"[1078, 1552, 221, 221]",1089,1543,199,250,"[1089, 1543, 199, 250]",1089,1543,199,250,"[1089, 1543, 199, 250]",offline_local_binary_ring_bottom_guard,assets/page_images/001_道因法师碑/p0023.jpg,0,6,1,http://data.library.sh.cn/bt/resource/work/v1e0qbx3r5wp1uw4,http://iiif.library.sh.cn/api/viewer/17A331,https://iiif.library.sh.cn/p/3/02c55611-7427-4cd0-a2cd-a15b5ccbaa9c,https://iiif.library.sh.cn/c/3/1baab2f7-4669-4e1f-9664-7a138eb130b6,1444,2218,https://iiif.library.sh.cn/c/3/1baab2f7-4669-4e1f-9664-7a138eb130b6/ap/s,https://iiif.library.sh.cn/c/3/1baab2f7-4669-4e1f-9664-7a138eb130b6/ap/c/a/868a1705-9f04-4c71-8a72-f22fa46d5b9a,7,7,supplementing,"[1107, 1581, 1270, 1744]","https://iiif.library.sh.cn/c/3/1baab2f7-4669-4e1f-9664-7a138eb130b6#xywh=1107,1581,163,163",李俨撰文，欧阳通楷书,欧阳通（楷书）；李儇（撰文）,唐,龙朔三年十月十日刻立（663）,663,楷书,17A331,《翰墨瑰宝：上海图书馆藏珍本碑帖丛刊》第二辑,iiif_annotation_target_xywh,iiif_xywh
001_道因法师碑_p0023_c008,四,001_道因法师碑,道因法师碑,23,二十三,1107,1780,163,163,"[1107, 1780, 163, 163]",1108,1770,161,183,"[1108, 1770, 161, 183]",1078,1751,221,221,"[1078, 1751, 221, 221]",1089,1737,199,256,"[1089, 1737, 199, 256]",1089,1737,199,256,"[1089, 1737, 199, 256]",offline_local_binary_ring_bottom_guard,assets/page_images/001_道因法师碑/p0023.jpg,0,7,1,http://data.library.sh.cn/bt/resource/work/v1e0qbx3r5wp1uw4,http://iiif.library.sh.cn/api/viewer/17A331,https://iiif.library.sh.cn/p/3/02c55611-7427-4cd0-a2cd-a15b5ccbaa9c,https://iiif.library.sh.cn/c/3/1baab2f7-4669-4e1f-9664-7a138eb130b6,1444,2218,https://iiif.library.sh.cn/c/3/1baab2f7-4669-4e1f-9664-7a138eb130b6/ap/s,https://iiif.library.sh.cn/c/3/1baab2f7-4669-4e1f-9664-7a138eb130b6/ap/c/a/ca8b11d6-23c7-40d8-9d86-43970af6ebcc,8,8,supplementing,"[1107, 1780, 1270, 1943]","https://iiif.library.sh.cn/c/3/1baab2f7-4669-4e1f-9664-7a138eb130b6#xywh=1107,1780,163,163",李俨撰文，欧阳通楷书,欧阳通（楷书）；李儇（撰文）,唐,龙朔三年十月十日刻立（663）,663,楷书,17A331,《翰墨瑰宝：上海图书馆藏珍本碑帖丛刊》第二辑,iiif_annotation_target_xywh,iiif_xywh
001_道因法师碑_p0023_c009,分,001_道因法师碑,道因法师碑,23,二十三,939,538,148,148,"[939, 538, 148, 148]",934,555,160,114,"[934, 555, 160, 114]",912,511,202,202,"[912, 511, 202, 202]",915,530,198,164,"[915, 530, 198, 164]",915,530,198,164,"[915, 530, 198, 164]",offline_local_binary_ring_bottom_guard,assets/page_images/001_道因法师碑/p0023.jpg,1,0,1,http://data.library.sh.cn/bt/resource/work/v1e0qbx3r5wp1uw4,http://iiif.library.sh.cn/api/viewer/17A331,https://iiif.library.sh.cn/p/3/02c55611-7427-4cd0-a2cd-a15b5ccbaa9c,https://iiif.library.sh.cn/c/3/1baab2f7-4669-4e1f-9664-7a138eb130b6,1444,2218,https://iiif.library.sh.cn/c/3/1baab2f7-4669-4e1f-9664-7a138eb130b6/ap/s,https://iiif.library.sh.cn/c/3/1baab2f7-4669-4e1f-9664-7a138eb130b6/ap/c/a/3fa43cee-9e32-47ef-b6e1-3e12ae78716b,9,9,supplementing,"[939, 538, 1087, 686]","https://iiif.library.sh.cn/c/3/1baab2f7-4669-4e1f-9664-7a138eb130b6#xywh=939,538,148,148",李俨撰文，欧阳通楷书,欧阳通（楷书）；李儇（撰文）,唐,龙朔三年十月十日刻立（663）,663,楷书,17A331,《翰墨瑰宝：上海图书馆藏珍本碑帖丛刊》第二辑,iiif_annotation_target_xywh,iiif_xywh
001_道因法师碑_p0023_c010,者,001_道因法师碑,道因法师碑,23,二十三,939,662,148,148,"[939, 662, 148, 148]",934,681,160,150,"[934, 681, 160, 150]",912,635,202,202,"[912, 635, 202, 202]",915,648,198,216,"[915, 648, 198, 216]",915,648,198,216,"[915, 648, 198, 216]",offline_local_binary_ring_bottom_guard,assets/page_images/001_道因法师碑/p0023.jpg,1,1,1,http://data.library.sh.cn/bt/resource/work/v1e0qbx3r5wp1uw4,http://iiif.library.sh.cn/api/viewer/17A331,https://iiif.library.sh.cn/p/3/02c55611-7427-4cd0-a2cd-a15b5ccbaa9c,https://iiif.library.sh.cn/c/3/1baab2f7-4669-4e1f-9664-7a138eb130b6,1444,2218,https://iiif.library.sh.cn/c/3/1baab2f7-4669-4e1f-9664-7a138eb130b6/ap/s,https://iiif.library.sh.cn/c/3/1baab2f7-4669-4e1f-9664-7a138eb130b6/ap/c/a/5f78c427-82fe-4835-a4dc-3ec334a83184,10,10,supplementing,"[939, 662, 1087, 810]","https://iiif.library.sh.cn/c/3/1baab2f7-4669-4e1f-9664-7a138eb130b6#xywh=939,662,148,148",李俨撰文，欧阳通楷书,欧阳通（楷书）；李儇（撰文）,唐,龙朔三年十月十日刻立（663）,663,楷书,17A331,《翰墨瑰宝：上海图书馆藏珍本碑帖丛刊》第二辑,iiif_annotation_target_xywh,iiif_xywh
001_道因法师碑_p0023_c011,方,001_道因法师碑,道因法师碑,23,二十三,939,865,148,148,"[939, 865, 148, 148]",934,845,160,172,"[934, 845, 160, 172]",912,838,202,202,"[912, 838, 202, 202]",915,815,198,240,"[915, 815, 198, 240]",915,815,198,240,"[915, 815, 198, 240]",offline_local_binary_ring_bottom_guard,assets/page_images/001_道因法师碑/p0023.jpg,1,2,1,http://data.library.sh.cn/bt/resource/work/v1e0qbx3r5wp1uw4,http://iiif.library.sh.cn/api/viewer/17A331,https://iiif.library.sh.cn/p/3/02c55611-7427-4cd0-a2cd-a15b5ccbaa9c,https://iiif.library.sh.cn/c/3/1baab2f7-4669-4e1f-9664-7a138eb130b6,1444,2218,https://iiif.library.sh.cn/c/3/1baab2f7-4669-4e1f-9664-7a138eb130b6/ap/s,https://iiif.library.sh.cn/c/3/1baab2f7-4669-4e1f-9664-7a138eb130b6/ap/c/a/617e87c5-99f1-4d7e-ab9f-5b431fa10769,11,11,supplementing,"[939, 865, 1087, 1013]","https://iiif.library.sh.cn/c/3/1baab2f7-4669-4e1f-9664-7a138eb130b6#xywh=939,865,148,148",李俨撰文，欧阳通楷书,欧阳通（楷书）；李儇（撰文）,唐,龙朔三年十月十日刻立（663）,663,楷书,17A331,《翰墨瑰宝：上海图书馆藏珍本碑帖丛刊》第二辑,iiif_annotation_target_xywh,iiif_xywh
001_道因法师碑_p0023_c012,许,001_道因法师碑,道因法师碑,23,二十三,939,1036,148,148,"[939, 1036, 148, 148]",934,1031,160,161,"[934, 1031, 160, 161]",912,1009,202,202,"[912, 1009, 202, 202]",915,1001,198,226,"[915, 1001, 198, 226]",915,1001,198,226,"[915, 1001, 198, 226]",offline_local_binary_ring_bottom_guard,assets/page_images/001_道因法师碑/p0023.jpg,1,3,1,http://data.library.sh.cn/bt/resource/work/v1e0qbx3r5wp1uw4,http://iiif.library.sh.cn/api/viewer/17A331,https://iiif.library.sh.cn/p/3/02c55611-7427-4cd0-a2cd-a15b5ccbaa9c,https://iiif.library.sh.cn/c/3/1baab2f7-4669-4e1f-9664-7a138eb130b6,1444,2218,https://iiif.library.sh.cn/c/3/1baab2f7-4669-4e1f-9664-7a138eb130b6/ap/s,https://iiif.library.sh.cn/c/3/1baab2f7-4669-4e1f-9664-7a138eb130b6/ap/c/a/2debc4ff-4233-4dbd-964a-0b4d5ddaad15,12,12,supplementing,"[939, 1036, 1087, 1184]","https://iiif.library.sh.cn/c/3/1baab2f7-4669-4e1f-9664-7a138eb130b6#xywh=939,1036,148,148",李俨撰文，欧阳通楷书,欧阳通（楷书）；李儇（撰文）,唐,龙朔三年十月十日刻立（663）,663,楷书,17A331,《翰墨瑰宝：上海图书馆藏珍本碑帖丛刊》第二辑,iiif_annotation_target_xywh,iiif_xywh
001_道因法师碑_p0023_c013,人,001_道因法师碑,道因法师碑,23,二十三,939,1213,148,148,"[939, 1213, 148, 148]",934,1206,160,164,"[934, 1206, 160, 164]",912,1186,202,202,"[912, 1186, 202, 202]",915,1176,198,230,"[915, 1176, 198, 230]",915,1176,198,230,"[915, 1176, 198, 230]",offline_local_binary_ring_bottom_guard,assets/page_images/001_道因法师碑/p0023.jpg,1,4,1,http://data.library.sh.cn/bt/resource/work/v1e0qbx3r5wp1uw4,http://iiif.library.sh.cn/api/viewer/17A331,https://iiif.library.sh.cn/p/3/02c55611-7427-4cd0-a2cd-a15b5ccbaa9c,https://iiif.library.sh.cn/c/3/1baab2f7-4669-4e1f-9664-7a138eb130b6,1444,2218,https://iiif.library.sh.cn/c/3/1baab2f7-4669-4e1f-9664-7a138eb130b6/ap/s,https://iiif.library.sh.cn/c/3/1baab2f7-4669-4e1f-9664-7a138eb130b6/ap/c/a/8cc337fe-1e82-4120-b599-22b2e07a27b1,13,13,supplementing,"[939, 1213, 1087, 1361]","https://iiif.library.sh.cn/c/3/1baab2f7-4669-4e1f-9664-7a138eb130b6#xywh=939,1213,148,148",李俨撰文，欧阳通楷书,欧阳通（楷书）；李儇（撰文）,唐,龙朔三年十月十日刻立（663）,663,楷书,17A331,《翰墨瑰宝：上海图书馆藏珍本碑帖丛刊》第二辑,iiif_annotation_target_xywh,iiif_xywh
001_道因法师碑_p0023_c014,听,001_道因法师碑,道因法师碑,23,二十三,939,1394,148,148,"[939, 1394, 148, 148]",934,1385,160,161,"[934, 1385, 160, 161]",912,1367,202,202,"[912, 1367, 202, 202]",915,1355,198,226,"[915, 1355, 198, 226]",915,1355,198,226,"[915, 1355, 198, 226]",offline_local_binary_ring_bottom_guard,assets/page_images/001_道因法师碑/p0023.jpg,1,5,1,http://data.library.sh.cn/bt/resource/work/v1e0qbx3r5wp1uw4,http://iiif.library.sh.cn/api/viewer/17A331,https://iiif.library.sh.cn/p/3/02c55611-7427-4cd0-a2cd-a15b5ccbaa9c,https://iiif.library.sh.cn/c/3/1baab2f7-4669-4e1f-9664-7a138eb130b6,1444,2218,https://iiif.library.sh.cn/c/3/1baab2f7-4669-4e1f-9664-7a138eb130b6/ap/s,https://iiif.library.sh.cn/c/3/1baab2f7-4669-4e1f-9664-7a138eb130b6/ap/c/a/af3ef5d3-24be-4378-a60d-ac5472989961,14,14,supplementing,"[939, 1394, 1087, 1542]","https://iiif.library.sh.cn/c/3/1baab2f7-4669-4e1f-9664-7a138eb130b6#xywh=939,1394,148,148",李俨撰文，欧阳通楷书,欧阳通（楷书）；李儇（撰文）,唐,龙朔三年十月十日刻立（663）,663,楷书,17A331,《翰墨瑰宝：上海图书馆藏珍本碑帖丛刊》第二辑,iiif_annotation_target_xywh,iiif_xywh
001_道因法师碑_p0023_c015,法,001_道因法师碑,道因法师碑,23,二十三,939,1565,148,148,"[939, 1565, 148, 148]",934,1561,160,171,"[934, 1561, 160, 171]",912,1538,202,202,"[912, 1538, 202, 202]",915,1531,198,239,"[915, 1531, 198, 239]",915,1531,198,239,"[915, 1531, 198, 239]",offline_local_binary_ring_bottom_guard,assets/page_images/001_道因法师碑/p0023.jpg,1,6,1,http://data.library.sh.cn/bt/resource/work/v1e0qbx3r5wp1uw4,http://iiif.library.sh.cn/api/viewer/17A331,https://iiif.library.sh.cn/p/3/02c55611-7427-4cd0-a2cd-a15b5ccbaa9c,https://iiif.library.sh.cn/c/3/1baab2f7-4669-4e1f-9664-7a138eb130b6,1444,2218,https://iiif.library.sh.cn/c/3/1baab2f7-4669-4e1f-9664-7a138eb130b6/ap/s,https://iiif.library.sh.cn/c/3/1baab2f7-4669-4e1f-9664-7a138eb130b6/ap/c/a/d554e50b-d2f2-4675-a925-fc84498d8905,15,15,supplementing,"[939, 1565, 1087, 1713]","https://iiif.library.sh.cn/c/3/1baab2f7-4669-4e1f-9664-7a138eb130b6#xywh=939,1565,148,148",李俨撰文，欧阳通楷书,欧阳通（楷书）；李儇（撰文）,唐,龙朔三年十月十日刻立（663）,663,楷书,17A331,《翰墨瑰宝：上海图书馆藏珍本碑帖丛刊》第二辑,iiif_annotation_target_xywh,iiif_xywh
001_道因法师碑_p0023_c016,师,001_道因法师碑,道因法师碑,23,二十三,939,1766,148,148,"[939, 1766, 148, 148]",934,1748,160,184,"[934, 1748, 160, 184]",912,1739,202,202,"[912, 1739, 202, 202]",915,1718,198,254,"[915, 1718, 198, 254]",915,1718,198,254,"[915, 1718, 198, 254]",offline_local_binary_ring_bottom_guard,assets/page_images/001_道因法师碑/p0023.jpg,1,7,1,http://data.library.sh.cn/bt/resource/work/v1e0qbx3r5wp1uw4,http://iiif.library.sh.cn/api/viewer/17A331,https://iiif.library.sh.cn/p/3/02c55611-7427-4cd0-a2cd-a15b5ccbaa9c,https://iiif.library.sh.cn/c/3/1baab2f7-4669-4e1f-9664-7a138eb130b6,1444,2218,https://iiif.library.sh.cn/c/3/1baab2f7-4669-4e1f-9664-7a138eb130b6/ap/s,https://iiif.library.sh.cn/c/3/1baab2f7-4669-4e1f-9664-7a138eb130b6/ap/c/a/0d26169d-a0cd-4076-be5d-aa0c0487c829,16,16,supplementing,"[939, 1766, 1087, 1914]","https://iiif.library.sh.cn/c/3/1baab2f7-4669-4e1f-9664-7a138eb130b6#xywh=939,1766,148,148",李俨撰文，欧阳通楷书,欧阳通（楷书）；李儇（撰文）,唐,龙朔三年十月十日刻立（663）,663,楷书,17A331,《翰墨瑰宝：上海图书馆藏珍本碑帖丛刊》第二辑,iiif_annotation_target_xywh,iiif_xywh
001_道因法师碑_p0023_c017,夏,001_道因法师碑,道因法师碑,23,二十三,774,522,138,138,"[774, 522, 138, 138]",763,514,157,154,"[763, 514, 157, 154]",749,497,188,188,"[749, 497, 188, 188]",744,486,195,216,"[744, 486, 195, 216]",744,486,195,216,"[744, 486, 195, 216]",offline_local_binary_ring_bottom_guard,assets/page_images/001_道因法师碑/p0023.jpg,2,0,1,http://data.library.sh.cn/bt/resource/work/v1e0qbx3r5wp1uw4,http://iiif.library.sh.cn/api/viewer/17A331,https://iiif.library.sh.cn/p/3/02c55611-7427-4cd0-a2cd-a15b5ccbaa9c,https://iiif.library.sh.cn/c/3/1baab2f7-4669-4e1f-9664-7a138eb130b6,1444,2218,https://iiif.library.sh.cn/c/3/1baab2f7-4669-4e1f-9664-7a138eb130b6/ap/s,https://iiif.library.sh.cn/c/3/1baab2f7-4669-4e1f-9664-7a138eb130b6/ap/c/a/7ded94a8-a4ad-4fd3-91c0-d4a06144e520,17,17,supplementing,"[774, 522, 912, 660]","https://iiif.library.sh.cn/c/3/1baab2f7-4669-4e1f-9664-7a138eb130b6#xywh=774,522,138,138",李俨撰文，欧阳通楷书,欧阳通（楷书）；李儇（撰文）,唐,龙朔三年十月十日刻立（663）,663,楷书,17A331,《翰墨瑰宝：上海图书馆藏珍本碑帖丛刊》第二辑,iiif_annotation_target_xywh,iiif_xywh
001_道因法师碑_p0023_c018,腊,001_道因法师碑,道因法师碑,23,二十三,774,690,138,138,"[774, 690, 138, 138]",763,682,157,158,"[763, 682, 157, 158]",749,665,188,188,"[749, 665, 188, 188]",744,654,195,221,"[744, 654, 195, 221]",744,654,195,221,"[744, 654, 195, 221]",offline_local_binary_ring_bottom_guard,assets/page_images/001_道因法师碑/p0023.jpg,2,1,1,http://data.library.sh.cn/bt/resource/work/v1e0qbx3r5wp1uw4,http://iiif.library.sh.cn/api/viewer/17A331,https://iiif.library.sh.cn/p/3/02c55611-7427-4cd0-a2cd-a15b5ccbaa9c,https://iiif.library.sh.cn/c/3/1baab2f7-4669-4e1f-9664-7a138eb130b6,1444,2218,https://iiif.library.sh.cn/c/3/1baab2f7-4669-4e1f-9664-7a138eb130b6/ap/s,https://iiif.library.sh.cn/c/3/1baab2f7-4669-4e1f-9664-7a138eb130b6/ap/c/a/67e7678f-b605-4b36-bdea-65b106410e11,18,18,supplementing,"[774, 690, 912, 828]","https://iiif.library.sh.cn/c/3/1baab2f7-4669-4e1f-9664-7a138eb130b6#xywh=774,690,138,138",李俨撰文，欧阳通楷书,欧阳通（楷书）；李儇（撰文）,唐,龙朔三年十月十日刻立（663）,663,楷书,17A331,《翰墨瑰宝：上海图书馆藏珍本碑帖丛刊》第二辑,iiif_annotation_target_xywh,iiif_xywh
001_道因法师碑_p0023_c019,虽,001_道因法师碑,道因法师碑,23,二十三,774,865,138,138,"[774, 865, 138, 138]",763,853,157,159,"[763, 853, 157, 159]",749,840,188,188,"[749, 840, 188, 188]",744,825,195,222,"[744, 825, 195, 222]",744,825,195,222,"[744, 825, 195, 222]",offline_local_binary_ring_bottom_guard,assets/page_images/001_道因法师碑/p0023.jpg,2,2,1,http://data.library.sh.cn/bt/resource/work/v1e0qbx3r5wp1uw4,http://iiif.library.sh.cn/api/viewer/17A331,https://iiif.library.sh.cn/p/3/02c55611-7427-4cd0-a2cd-a15b5ccbaa9c,https://iiif.library.sh.cn/c/3/1baab2f7-4669-4e1f-9664-7a138eb130b6,1444,2218,https://iiif.library.sh.cn/c/3/1baab2f7-4669-4e1f-9664-7a138eb130b6/ap/s,https://iiif.library.sh.cn/c/3/1baab2f7-4669-4e1f-9664-7a138eb130b6/ap/c/a/7031cf79-dcb4-4dc5-8bb4-8e86fb64004b,19,19,supplementing,"[774, 865, 912, 1003]","https://iiif.library.sh.cn/c/3/1baab2f7-4669-4e1f-9664-7a138eb130b6#xywh=774,865,138,138",李俨撰文，欧阳通楷书,欧阳通（楷书）；李儇（撰文）,唐,龙朔三年十月十日刻立（663）,663,楷书,17A331,《翰墨瑰宝：上海图书馆藏珍本碑帖丛刊》第二辑,iiif_annotation_target_xywh,iiif_xywh
001_道因法师碑_p0023_c020,幼,001_道因法师碑,道因法师碑,23,二十三,774,1034,138,138,"[774, 1034, 138, 138]",763,1025,157,160,"[763, 1025, 157, 160]",749,1009,188,188,"[749, 1009, 188, 188]",744,997,195,223,"[744, 997, 195, 223]",744,997,195,223,"[744, 997, 195, 223]",offline_local_binary_ring_bottom_guard,assets/page_images/001_道因法师碑/p0023.jpg,2,3,1,http://data.library.sh.cn/bt/resource/work/v1e0qbx3r5wp1uw4,http://iiif.library.sh.cn/api/viewer/17A331,https://iiif.library.sh.cn/p/3/02c55611-7427-4cd0-a2cd-a15b5ccbaa9c,https://iiif.library.sh.cn/c/3/1baab2f7-4669-4e1f-9664-7a138eb130b6,1444,2218,https://iiif.library.sh.cn/c/3/1baab2f7-4669-4e1f-9664-7a138eb130b6/ap/s,https://iiif.library.sh.cn/c/3/1baab2f7-4669-4e1f-9664-7a138eb130b6/ap/c/a/431a889d-028a-44c1-8b0a-847931bd19cb,20,20,supplementing,"[774, 1034, 912, 1172]","https://iiif.library.sh.cn/c/3/1baab2f7-4669-4e1f-9664-7a138eb130b6#xywh=774,1034,138,138",李俨撰文，欧阳通楷书,欧阳通（楷书）；李儇（撰文）,唐,龙朔三年十月十日刻立（663）,663,楷书,17A331,《翰墨瑰宝：上海图书馆藏珍本碑帖丛刊》第二辑,iiif_annotation_target_xywh,iiif_xywh
001_道因法师碑_p0023_c021,业,001_道因法师碑,道因法师碑,23,二十三,774,1211,138,138,"[774, 1211, 138, 138]",763,1199,157,168,"[763, 1199, 157, 168]",749,1186,188,188,"[749, 1186, 188, 188]",744,1175,195,229,"[744, 1175, 195, 229]",744,1175,195,229,"[744, 1175, 195, 229]",offline_local_binary_ring_bottom_guard,assets/page_images/001_道因法师碑/p0023.jpg,2,4,1,http://data.library.sh.cn/bt/resource/work/v1e0qbx3r5wp1uw4,http://iiif.library.sh.cn/api/viewer/17A331,https://iiif.library.sh.cn/p/3/02c55611-7427-4cd0-a2cd-a15b5ccbaa9c,https://iiif.library.sh.cn/c/3/1baab2f7-4669-4e1f-9664-7a138eb130b6,1444,2218,https://iiif.library.sh.cn/c/3/1baab2f7-4669-4e1f-9664-7a138eb130b6/ap/s,https://iiif.library.sh.cn/c/3/1baab2f7-4669-4e1f-9664-7a138eb130b6/ap/c/a/5b1ac1e1-a214-4c18-ae10-a5e6408423fb,21,21,supplementing,"[774, 1211, 912, 1349]","https://iiif.library.sh.cn/c/3/1baab2f7-4669-4e1f-9664-7a138eb130b6#xywh=774,1211,138,138",李俨撰文，欧阳通楷书,欧阳通（楷书）；李儇（撰文）,唐,龙朔三年十月十日刻立（663）,663,楷书,17A331,《翰墨瑰宝：上海图书馆藏珍本碑帖丛刊》第二辑,iiif_annotation_target_xywh,iiif_xywh
001_道因法师碑_p0023_c022,行,001_道因法师碑,道因法师碑,23,二十三,774,1400,138,138,"[774, 1400, 138, 138]",763,1382,157,180,"[763, 1382, 157, 180]",749,1375,188,188,"[749, 1375, 188, 188]",744,1354,195,248,"[744, 1354, 195, 248]",744,1354,195,248,"[744, 1354, 195, 248]",offline_local_binary_ring_bottom_guard,assets/page_images/001_道因法师碑/p0023.jpg,2,5,1,http://data.library.sh.cn/bt/resource/work/v1e0qbx3r5wp1uw4,http://iiif.library.sh.cn/api/viewer/17A331,https://iiif.library.sh.cn/p/3/02c55611-7427-4cd0-a2cd-a15b5ccbaa9c,https://iiif.library.sh.cn/c/3/1baab2f7-4669-4e1f-9664-7a138eb130b6,1444,2218,https://iiif.library.sh.cn/c/3/1baab2f7-4669-4e1f-9664-7a138eb130b6/ap/s,https://iiif.library.sh.cn/c/3/1baab2f7-4669-4e1f-9664-7a138eb130b6/ap/c/a/9f19c116-71ef-4ebe-83cd-56ed03266494,22,22,supplementing,"[774, 1400, 912, 1538]","https://iiif.library.sh.cn/c/3/1baab2f7-4669-4e1f-9664-7a138eb130b6#xywh=774,1400,138,138",李俨撰文，欧阳通楷书,欧阳通（楷书）；李儇（撰文）,唐,龙朔三年十月十日刻立（663）,663,楷书,17A331,《翰墨瑰宝：上海图书馆藏珍本碑帖丛刊》第二辑,iiif_annotation_target_xywh,iiif_xywh
001_道因法师碑_p0023_c023,攸,001_道因法师碑,道因法师碑,23,二十三,756,1592,156,156,"[756, 1592, 156, 156]",763,1576,157,160,"[763, 1576, 157, 160]",728,1564,212,212,"[728, 1564, 212, 212]",744,1544,195,227,"[744, 1544, 195, 227]",744,1544,195,227,"[744, 1544, 195, 227]",offline_local_binary_ring_bottom_guard,assets/page_images/001_道因法师碑/p0023.jpg,2,6,1,http://data.library.sh.cn/bt/resource/work/v1e0qbx3r5wp1uw4,http://iiif.library.sh.cn/api/viewer/17A331,https://iiif.library.sh.cn/p/3/02c55611-7427-4cd0-a2cd-a15b5ccbaa9c,https://iiif.library.sh.cn/c/3/1baab2f7-4669-4e1f-9664-7a138eb130b6,1444,2218,https://iiif.library.sh.cn/c/3/1baab2f7-4669-4e1f-9664-7a138eb130b6/ap/s,https://iiif.library.sh.cn/c/3/1baab2f7-4669-4e1f-9664-7a138eb130b6/ap/c/a/a8379d29-28a1-4e81-8b06-a7f173726f60,23,23,supplementing,"[756, 1592, 912, 1748]","https://iiif.library.sh.cn/c/3/1baab2f7-4669-4e1f-9664-7a138eb130b6#xywh=756,1592,156,156",李俨撰文，欧阳通楷书,欧阳通（楷书）；李儇（撰文）,唐,龙朔三年十月十日刻立（663）,663,楷书,17A331,《翰墨瑰宝：上海图书馆藏珍本碑帖丛刊》第二辑,iiif_annotation_target_xywh,iiif_xywh
001_道因法师碑_p0023_c024,高,001_道因法师碑,道因法师碑,23,二十三,756,1738,156,156,"[756, 1738, 156, 156]",763,1749,157,134,"[763, 1749, 157, 134]",728,1710,212,212,"[728, 1710, 212, 212]",744,1720,195,192,"[744, 1720, 195, 192]",744,1720,195,192,"[744, 1720, 195, 192]",offline_local_binary_ring_bottom_guard,assets/page_images/001_道因法师碑/p0023.jpg,2,7,1,http://data.library.sh.cn/bt/resource/work/v1e0qbx3r5wp1uw4,http://iiif.library.sh.cn/api/viewer/17A331,https://iiif.library.sh.cn/p/3/02c55611-7427-4cd0-a2cd-a15b5ccbaa9c,https://iiif.library.sh.cn/c/3/1baab2f7-4669-4e1f-9664-7a138eb130b6,1444,2218,https://iiif.library.sh.cn/c/3/1baab2f7-4669-4e1f-9664-7a138eb130b6/ap/s,https://iiif.library.sh.cn/c/3/1baab2f7-4669-4e1f-9664-7a138eb130b6/ap/c/a/7d3475f7-126c-4da2-9f42-dbb40cc4bf47,24,24,supplementing,"[756, 1738, 912, 1894]","https://iiif.library.sh.cn/c/3/1baab2f7-4669-4e1f-9664-7a138eb130b6#xywh=756,1738,156,156",李俨撰文，欧阳通楷书,欧阳通（楷书）；李儇（撰文）,唐,龙朔三年十月十日刻立（663）,663,楷书,17A331,《翰墨瑰宝：上海图书馆藏珍本碑帖丛刊》第二辑,iiif_annotation_target_xywh,iiif_xywh
001_道因法师碑_p0023_c025,独,001_道因法师碑,道因法师碑,23,二十三,595,540,152,152,"[595, 540, 152, 152]",597,555,152,122,"[597, 555, 152, 122]",568,513,206,206,"[568, 513, 206, 206]",579,528,188,176,"[579, 528, 188, 176]",579,528,188,176,"[579, 528, 188, 176]",offline_local_binary_ring_bottom_guard,assets/page_images/001_道因法师碑/p0023.jpg,3,0,1,http://data.library.sh.cn/bt/resource/work/v1e0qbx3r5wp1uw4,http://iiif.library.sh.cn/api/viewer/17A331,https://iiif.library.sh.cn/p/3/02c55611-7427-4cd0-a2cd-a15b5ccbaa9c,https://iiif.library.sh.cn/c/3/1baab2f7-4669-4e1f-9664-7a138eb130b6,1444,2218,https://iiif.library.sh.cn/c/3/1baab2f7-4669-4e1f-9664-7a138eb130b6/ap/s,https://iiif.library.sh.cn/c/3/1baab2f7-4669-4e1f-9664-7a138eb130b6/ap/c/a/0fa629c9-7f1e-44ea-be15-c46d375a4e8b,25,25,supplementing,"[595, 540, 747, 692]","https://iiif.library.sh.cn/c/3/1baab2f7-4669-4e1f-9664-7a138eb130b6#xywh=595,540,152,152",李俨撰文，欧阳通楷书,欧阳通（楷书）；李儇（撰文）,唐,龙朔三年十月十日刻立（663）,663,楷书,17A331,《翰墨瑰宝：上海图书馆藏珍本碑帖丛刊》第二辑,iiif_annotation_target_xywh,iiif_xywh
001_道因法师碑_p0023_c026,于,001_道因法师碑,道因法师碑,23,二十三,595,672,152,152,"[595, 672, 152, 152]",597,688,152,149,"[597, 688, 152, 149]",568,645,206,206,"[568, 645, 206, 206]",579,655,188,215,"[579, 655, 188, 215]",579,655,188,215,"[579, 655, 188, 215]",offline_local_binary_ring_bottom_guard,assets/page_images/001_道因法师碑/p0023.jpg,3,1,1,http://data.library.sh.cn/bt/resource/work/v1e0qbx3r5wp1uw4,http://iiif.library.sh.cn/api/viewer/17A331,https://iiif.library.sh.cn/p/3/02c55611-7427-4cd0-a2cd-a15b5ccbaa9c,https://iiif.library.sh.cn/c/3/1baab2f7-4669-4e1f-9664-7a138eb130b6,1444,2218,https://iiif.library.sh.cn/c/3/1baab2f7-4669-4e1f-9664-7a138eb130b6/ap/s,https://iiif.library.sh.cn/c/3/1baab2f7-4669-4e1f-9664-7a138eb130b6/ap/c/a/88274ea9-a02d-427a-9c25-06f1c77f7f4f,26,26,supplementing,"[595, 672, 747, 824]","https://iiif.library.sh.cn/c/3/1baab2f7-4669-4e1f-9664-7a138eb130b6#xywh=595,672,152,152",李俨撰文，欧阳通楷书,欧阳通（楷书）；李儇（撰文）,唐,龙朔三年十月十日刻立（663）,663,楷书,17A331,《翰墨瑰宝：上海图书馆藏珍本碑帖丛刊》第二辑,iiif_annotation_target_xywh,iiif_xywh
001_道因法师碑_p0023_c027,众,001_道因法师碑,道因法师碑,23,二十三,595,863,152,152,"[595, 863, 152, 152]",597,851,152,163,"[597, 851, 152, 163]",568,836,206,206,"[568, 836, 206, 206]",579,820,188,230,"[579, 820, 188, 230]",579,820,188,230,"[579, 820, 188, 230]",offline_local_binary_ring_bottom_guard,assets/page_images/001_道因法师碑/p0023.jpg,3,2,1,http://data.library.sh.cn/bt/resource/work/v1e0qbx3r5wp1uw4,http://iiif.library.sh.cn/api/viewer/17A331,https://iiif.library.sh.cn/p/3/02c55611-7427-4cd0-a2cd-a15b5ccbaa9c,https://iiif.library.sh.cn/c/3/1baab2f7-4669-4e1f-9664-7a138eb130b6,1444,2218,https://iiif.library.sh.cn/c/3/1baab2f7-4669-4e1f-9664-7a138eb130b6/ap/s,https://iiif.library.sh.cn/c/3/1baab2f7-4669-4e1f-9664-7a138eb130b6/ap/c/a/1e1e719d-e266-4077-83d1-3a94965fa8b1,27,27,supplementing,"[595, 863, 747, 1015]","https://iiif.library.sh.cn/c/3/1baab2f7-4669-4e1f-9664-7a138eb130b6#xywh=595,863,152,152",李俨撰文，欧阳通楷书,欧阳通（楷书）；李儇（撰文）,唐,龙朔三年十月十日刻立（663）,663,楷书,17A331,《翰墨瑰宝：上海图书馆藏珍本碑帖丛刊》第二辑,iiif_annotation_target_xywh,iiif_xywh
001_道因法师碑_p0023_c028,中,001_道因法师碑,道因法师碑,23,二十三,595,1028,152,152,"[595, 1028, 152, 152]",597,1029,152,171,"[597, 1029, 152, 171]",568,1001,206,206,"[568, 1001, 206, 206]",579,997,188,241,"[579, 997, 188, 241]",579,997,188,241,"[579, 997, 188, 241]",offline_local_binary_ring_bottom_guard,assets/page_images/001_道因法师碑/p0023.jpg,3,3,1,http://data.library.sh.cn/bt/resource/work/v1e0qbx3r5wp1uw4,http://iiif.library.sh.cn/api/viewer/17A331,https://iiif.library.sh.cn/p/3/02c55611-7427-4cd0-a2cd-a15b5ccbaa9c,https://iiif.library.sh.cn/c/3/1baab2f7-4669-4e1f-9664-7a138eb130b6,1444,2218,https://iiif.library.sh.cn/c/3/1baab2f7-4669-4e1f-9664-7a138eb130b6/ap/s,https://iiif.library.sh.cn/c/3/1baab2f7-4669-4e1f-9664-7a138eb130b6/ap/c/a/01d8ab09-0752-46cf-ba49-31e1fa857c69,28,28,supplementing,"[595, 1028, 747, 1180]","https://iiif.library.sh.cn/c/3/1baab2f7-4669-4e1f-9664-7a138eb130b6#xywh=595,1028,152,152",李俨撰文，欧阳通楷书,欧阳通（楷书）；李儇（撰文）,唐,龙朔三年十月十日刻立（663）,663,楷书,17A331,《翰墨瑰宝：上海图书馆藏珍本碑帖丛刊》第二辑,iiif_annotation_target_xywh,iiif_xywh
001_道因法师碑_p0023_c029,迥,001_道因法师碑,道因法师碑,23,二十三,595,1235,152,152,"[595, 1235, 152, 152]",597,1215,152,165,"[597, 1215, 152, 165]",568,1208,206,206,"[568, 1208, 206, 206]",579,1184,188,232,"[579, 1184, 188, 232]",579,1184,188,232,"[579, 1184, 188, 232]",offline_local_binary_ring_bottom_guard,assets/page_images/001_道因法师碑/p0023.jpg,3,4,1,http://data.library.sh.cn/bt/resource/work/v1e0qbx3r5wp1uw4,http://iiif.library.sh.cn/api/viewer/17A331,https://iiif.library.sh.cn/p/3/02c55611-7427-4cd0-a2cd-a15b5ccbaa9c,https://iiif.library.sh.cn/c/3/1baab2f7-4669-4e1f-9664-7a138eb130b6,1444,2218,https://iiif.library.sh.cn/c/3/1baab2f7-4669-4e1f-9664-7a138eb130b6/ap/s,https://iiif.library.sh.cn/c/3/1baab2f7-4669-4e1f-9664-7a138eb130b6/ap/c/a/b2a2a526-67dd-4b26-8032-cbfa8f699ea1,29,29,supplementing,"[595, 1235, 747, 1387]","https://iiif.library.sh.cn/c/3/1baab2f7-4669-4e1f-9664-7a138eb130b6#xywh=595,1235,152,152",李俨撰文，欧阳通楷书,欧阳通（楷书）；李儇（撰文）,唐,龙朔三年十月十日刻立（663）,663,楷书,17A331,《翰墨瑰宝：上海图书馆藏珍本碑帖丛刊》第二辑,iiif_annotation_target_xywh,iiif_xywh
001_道因法师碑_p0023_c030,见,001_道因法师碑,道因法师碑,23,二十三,595,1388,152,152,"[595, 1388, 152, 152]",597,1394,152,153,"[597, 1394, 152, 153]",568,1361,206,206,"[568, 1361, 206, 206]",579,1360,188,221,"[579, 1360, 188, 221]",579,1360,188,221,"[579, 1360, 188, 221]",offline_local_binary_ring_bottom_guard,assets/page_images/001_道因法师碑/p0023.jpg,3,5,1,http://data.library.sh.cn/bt/resource/work/v1e0qbx3r5wp1uw4,http://iiif.library.sh.cn/api/viewer/17A331,https://iiif.library.sh.cn/p/3/02c55611-7427-4cd0-a2cd-a15b5ccbaa9c,https://iiif.library.sh.cn/c/3/1baab2f7-4669-4e1f-9664-7a138eb130b6,1444,2218,https://iiif.library.sh.cn/c/3/1baab2f7-4669-4e1f-9664-7a138eb130b6/ap/s,https://iiif.library.sh.cn/c/3/1baab2f7-4669-4e1f-9664-7a138eb130b6/ap/c/a/85dfb1d9-4d34-4992-a01b-d5e697e183bc,30,30,supplementing,"[595, 1388, 747, 1540]","https://iiif.library.sh.cn/c/3/1baab2f7-4669-4e1f-9664-7a138eb130b6#xywh=595,1388,152,152",李俨撰文，欧阳通楷书,欧阳通（楷书）；李儇（撰文）,唐,龙朔三年十月十日刻立（663）,663,楷书,17A331,《翰墨瑰宝：上海图书馆藏珍本碑帖丛刊》第二辑,iiif_annotation_target_xywh,iiif_xywh
001_道因法师碑_p0023_c031,推,001_道因法师碑,道因法师碑,23,二十三,595,1567,152,152,"[595, 1567, 152, 152]",597,1561,152,167,"[597, 1561, 152, 167]",568,1540,206,206,"[568, 1540, 206, 206]",579,1530,188,235,"[579, 1530, 188, 235]",579,1530,188,235,"[579, 1530, 188, 235]",offline_local_binary_ring_bottom_guard,assets/page_images/001_道因法师碑/p0023.jpg,3,6,1,http://data.library.sh.cn/bt/resource/work/v1e0qbx3r5wp1uw4,http://iiif.library.sh.cn/api/viewer/17A331,https://iiif.library.sh.cn/p/3/02c55611-7427-4cd0-a2cd-a15b5ccbaa9c,https://iiif.library.sh.cn/c/3/1baab2f7-4669-4e1f-9664-7a138eb130b6,1444,2218,https://iiif.library.sh.cn/c/3/1baab2f7-4669-4e1f-9664-7a138eb130b6/ap/s,https://iiif.library.sh.cn/c/3/1baab2f7-4669-4e1f-9664-7a138eb130b6/ap/c/a/ec8702f0-52fd-4697-ad2e-6b735e88e9fa,31,31,supplementing,"[595, 1567, 747, 1719]","https://iiif.library.sh.cn/c/3/1baab2f7-4669-4e1f-9664-7a138eb130b6#xywh=595,1567,152,152",李俨撰文，欧阳通楷书,欧阳通（楷书）；李儇（撰文）,唐,龙朔三年十月十日刻立（663）,663,楷书,17A331,《翰墨瑰宝：上海图书馆藏珍本碑帖丛刊》第二辑,iiif_annotation_target_xywh,iiif_xywh
001_道因法师碑_p0023_c032,挹,001_道因法师碑,道因法师碑,23,二十三,595,1752,152,152,"[595, 1752, 152, 152]",597,1743,152,170,"[597, 1743, 152, 170]",568,1725,206,206,"[568, 1725, 206, 206]",579,1712,188,238,"[579, 1712, 188, 238]",579,1712,188,238,"[579, 1712, 188, 238]",offline_local_binary_ring_bottom_guard,assets/page_images/001_道因法师碑/p0023.jpg,3,7,1,http://data.library.sh.cn/bt/resource/work/v1e0qbx3r5wp1uw4,http://iiif.library.sh.cn/api/viewer/17A331,https://iiif.library.sh.cn/p/3/02c55611-7427-4cd0-a2cd-a15b5ccbaa9c,https://iiif.library.sh.cn/c/3/1baab2f7-4669-4e1f-9664-7a138eb130b6,1444,2218,https://iiif.library.sh.cn/c/3/1baab2f7-4669-4e1f-9664-7a138eb130b6/ap/s,https://iiif.library.sh.cn/c/3/1baab2f7-4669-4e1f-9664-7a138eb130b6/ap/c/a/3cd544b9-ef9e-4f6d-9f41-7916cd5d32eb,32,32,supplementing,"[595, 1752, 747, 1904]","https://iiif.library.sh.cn/c/3/1baab2f7-4669-4e1f-9664-7a138eb130b6#xywh=595,1752,152,152",李俨撰文，欧阳通楷书,欧阳通（楷书）；李儇（撰文）,唐,龙朔三年十月十日刻立（663）,663,楷书,17A331,《翰墨瑰宝：上海图书馆藏珍本碑帖丛刊》第二辑,iiif_annotation_target_xywh,iiif_xywh
001_道因法师碑_p0023_c033,每,001_道因法师碑,道因法师碑,23,二十三,440,530,140,140,"[440, 530, 140, 140]",436,547,148,106,"[436, 547, 148, 106]",415,505,190,190,"[415, 505, 190, 190]",418,524,184,152,"[418, 524, 184, 152]",418,524,184,152,"[418, 524, 184, 152]",offline_local_binary_ring_bottom_guard,assets/page_images/001_道因法师碑/p0023.jpg,4,0,1,http://data.library.sh.cn/bt/resource/work/v1e0qbx3r5wp1uw4,http://iiif.library.sh.cn/api/viewer/17A331,https://iiif.library.sh.cn/p/3/02c55611-7427-4cd0-a2cd-a15b5ccbaa9c,https://iiif.library.sh.cn/c/3/1baab2f7-4669-4e1f-9664-7a138eb130b6,1444,2218,https://iiif.library.sh.cn/c/3/1baab2f7-4669-4e1f-9664-7a138eb130b6/ap/s,https://iiif.library.sh.cn/c/3/1baab2f7-4669-4e1f-9664-7a138eb130b6/ap/c/a/566913b2-7d4e-4ac3-9b0a-4a8e3ddd7985,33,33,supplementing,"[440, 530, 580, 670]","https://iiif.library.sh.cn/c/3/1baab2f7-4669-4e1f-9664-7a138eb130b6#xywh=440,530,140,140",李俨撰文，欧阳通楷书,欧阳通（楷书）；李儇（撰文）,唐,龙朔三年十月十日刻立（663）,663,楷书,17A331,《翰墨瑰宝：上海图书馆藏珍本碑帖丛刊》第二辑,iiif_annotation_target_xywh,iiif_xywh
001_道因法师碑_p0023_c034,敷,001_道因法师碑,道因法师碑,23,二十三,440,645,140,140,"[440, 645, 140, 140]",436,664,148,143,"[436, 664, 148, 143]",415,620,190,190,"[415, 620, 190, 190]",418,633,184,205,"[418, 633, 184, 205]",418,633,184,205,"[418, 633, 184, 205]",offline_local_binary_ring_bottom_guard,assets/page_images/001_道因法师碑/p0023.jpg,4,1,1,http://data.library.sh.cn/bt/resource/work/v1e0qbx3r5wp1uw4,http://iiif.library.sh.cn/api/viewer/17A331,https://iiif.library.sh.cn/p/3/02c55611-7427-4cd0-a2cd-a15b5ccbaa9c,https://iiif.library.sh.cn/c/3/1baab2f7-4669-4e1f-9664-7a138eb130b6,1444,2218,https://iiif.library.sh.cn/c/3/1baab2f7-4669-4e1f-9664-7a138eb130b6/ap/s,https://iiif.library.sh.cn/c/3/1baab2f7-4669-4e1f-9664-7a138eb130b6/ap/c/a/9f260c94-a82b-486f-8a40-0e091af2da90,34,34,supplementing,"[440, 645, 580, 785]","https://iiif.library.sh.cn/c/3/1baab2f7-4669-4e1f-9664-7a138eb130b6#xywh=440,645,140,140",李俨撰文，欧阳通楷书,欧阳通（楷书）；李儇（撰文）,唐,龙朔三年十月十日刻立（663）,663,楷书,17A331,《翰墨瑰宝：上海图书馆藏珍本碑帖丛刊》第二辑,iiif_annotation_target_xywh,iiif_xywh
001_道因法师碑_p0023_c035,摄,001_道因法师碑,道因法师碑,23,二十三,440,841,140,140,"[440, 841, 140, 140]",436,820,148,173,"[436, 820, 148, 173]",415,816,190,190,"[415, 816, 190, 190]",418,791,184,240,"[418, 791, 184, 240]",418,791,184,240,"[418, 791, 184, 240]",offline_local_binary_ring_bottom_guard,assets/page_images/001_道因法师碑/p0023.jpg,4,2,1,http://data.library.sh.cn/bt/resource/work/v1e0qbx3r5wp1uw4,http://iiif.library.sh.cn/api/viewer/17A331,https://iiif.library.sh.cn/p/3/02c55611-7427-4cd0-a2cd-a15b5ccbaa9c,https://iiif.library.sh.cn/c/3/1baab2f7-4669-4e1f-9664-7a138eb130b6,1444,2218,https://iiif.library.sh.cn/c/3/1baab2f7-4669-4e1f-9664-7a138eb130b6/ap/s,https://iiif.library.sh.cn/c/3/1baab2f7-4669-4e1f-9664-7a138eb130b6/ap/c/a/19483135-77a6-4681-b06f-78a263f76362,35,35,supplementing,"[440, 841, 580, 981]","https://iiif.library.sh.cn/c/3/1baab2f7-4669-4e1f-9664-7a138eb130b6#xywh=440,841,140,140",李俨撰文，欧阳通楷书,欧阳通（楷书）；李儇（撰文）,唐,龙朔三年十月十日刻立（663）,663,楷书,17A331,《翰墨瑰宝：上海图书馆藏珍本碑帖丛刊》第二辑,iiif_annotation_target_xywh,iiif_xywh
001_道因法师碑_p0023_c036,论,001_道因法师碑,道因法师碑,23,二十三,440,1020,140,140,"[440, 1020, 140, 140]",436,1008,148,171,"[436, 1008, 148, 171]",415,995,190,190,"[415, 995, 190, 190]",418,979,184,238,"[418, 979, 184, 238]",418,979,184,238,"[418, 979, 184, 238]",offline_local_binary_ring_bottom_guard,assets/page_images/001_道因法师碑/p0023.jpg,4,3,1,http://data.library.sh.cn/bt/resource/work/v1e0qbx3r5wp1uw4,http://iiif.library.sh.cn/api/viewer/17A331,https://iiif.library.sh.cn/p/3/02c55611-7427-4cd0-a2cd-a15b5ccbaa9c,https://iiif.library.sh.cn/c/3/1baab2f7-4669-4e1f-9664-7a138eb130b6,1444,2218,https://iiif.library.sh.cn/c/3/1baab2f7-4669-4e1f-9664-7a138eb130b6/ap/s,https://iiif.library.sh.cn/c/3/1baab2f7-4669-4e1f-9664-7a138eb130b6/ap/c/a/a3bbdeb1-7feb-4c97-aeca-87fe1282064b,36,36,supplementing,"[440, 1020, 580, 1160]","https://iiif.library.sh.cn/c/3/1baab2f7-4669-4e1f-9664-7a138eb130b6#xywh=440,1020,140,140",李俨撰文，欧阳通楷书,欧阳通（楷书）；李儇（撰文）,唐,龙朔三年十月十日刻立（663）,663,楷书,17A331,《翰墨瑰宝：上海图书馆藏珍本碑帖丛刊》第二辑,iiif_annotation_target_xywh,iiif_xywh
001_道因法师碑_p0023_c037,即,001_道因法师碑,道因法师碑,23,二十三,440,1213,140,140,"[440, 1213, 140, 140]",436,1194,148,179,"[436, 1194, 148, 179]",415,1188,190,190,"[415, 1188, 190, 190]",418,1165,184,247,"[418, 1165, 184, 247]",418,1165,184,247,"[418, 1165, 184, 247]",offline_local_binary_ring_bottom_guard,assets/page_images/001_道因法师碑/p0023.jpg,4,4,1,http://data.library.sh.cn/bt/resource/work/v1e0qbx3r5wp1uw4,http://iiif.library.sh.cn/api/viewer/17A331,https://iiif.library.sh.cn/p/3/02c55611-7427-4cd0-a2cd-a15b5ccbaa9c,https://iiif.library.sh.cn/c/3/1baab2f7-4669-4e1f-9664-7a138eb130b6,1444,2218,https://iiif.library.sh.cn/c/3/1baab2f7-4669-4e1f-9664-7a138eb130b6/ap/s,https://iiif.library.sh.cn/c/3/1baab2f7-4669-4e1f-9664-7a138eb130b6/ap/c/a/315610b8-2e18-40c2-85c3-bae908af50c2,37,37,supplementing,"[440, 1213, 580, 1353]","https://iiif.library.sh.cn/c/3/1baab2f7-4669-4e1f-9664-7a138eb130b6#xywh=440,1213,140,140",李俨撰文，欧阳通楷书,欧阳通（楷书）；李儇（撰文）,唐,龙朔三年十月十日刻立（663）,663,楷书,17A331,《翰墨瑰宝：上海图书馆藏珍本碑帖丛刊》第二辑,iiif_annotation_target_xywh,iiif_xywh
001_道因法师碑_p0023_c038,令,001_道因法师碑,道因法师碑,23,二十三,440,1408,140,140,"[440, 1408, 140, 140]",436,1387,148,156,"[436, 1387, 148, 156]",415,1383,190,190,"[415, 1383, 190, 190]",418,1358,184,219,"[418, 1358, 184, 219]",418,1358,184,219,"[418, 1358, 184, 219]",offline_local_binary_ring_bottom_guard,assets/page_images/001_道因法师碑/p0023.jpg,4,5,1,http://data.library.sh.cn/bt/resource/work/v1e0qbx3r5wp1uw4,http://iiif.library.sh.cn/api/viewer/17A331,https://iiif.library.sh.cn/p/3/02c55611-7427-4cd0-a2cd-a15b5ccbaa9c,https://iiif.library.sh.cn/c/3/1baab2f7-4669-4e1f-9664-7a138eb130b6,1444,2218,https://iiif.library.sh.cn/c/3/1baab2f7-4669-4e1f-9664-7a138eb130b6/ap/s,https://iiif.library.sh.cn/c/3/1baab2f7-4669-4e1f-9664-7a138eb130b6/ap/c/a/55dc0a94-a27e-49c6-bf92-f3349575b899,38,38,supplementing,"[440, 1408, 580, 1548]","https://iiif.library.sh.cn/c/3/1baab2f7-4669-4e1f-9664-7a138eb130b6#xywh=440,1408,140,140",李俨撰文，欧阳通楷书,欧阳通（楷书）；李儇（撰文）,唐,龙朔三年十月十日刻立（663）,663,楷书,17A331,《翰墨瑰宝：上海图书馆藏珍本碑帖丛刊》第二辑,iiif_annotation_target_xywh,iiif_xywh
001_道因法师碑_p0023_c039,覆,001_道因法师碑,道因法师碑,23,二十三,440,1552,140,140,"[440, 1552, 140, 140]",436,1557,148,152,"[436, 1557, 148, 152]",415,1527,190,190,"[415, 1527, 190, 190]",418,1524,184,218,"[418, 1524, 184, 218]",418,1524,184,218,"[418, 1524, 184, 218]",offline_local_binary_ring_bottom_guard,assets/page_images/001_道因法师碑/p0023.jpg,4,6,1,http://data.library.sh.cn/bt/resource/work/v1e0qbx3r5wp1uw4,http://iiif.library.sh.cn/api/viewer/17A331,https://iiif.library.sh.cn/p/3/02c55611-7427-4cd0-a2cd-a15b5ccbaa9c,https://iiif.library.sh.cn/c/3/1baab2f7-4669-4e1f-9664-7a138eb130b6,1444,2218,https://iiif.library.sh.cn/c/3/1baab2f7-4669-4e1f-9664-7a138eb130b6/ap/s,https://iiif.library.sh.cn/c/3/1baab2f7-4669-4e1f-9664-7a138eb130b6/ap/c/a/5b49bb39-a2fe-42f2-bb41-971029b8ffb1,39,39,supplementing,"[440, 1552, 580, 1692]","https://iiif.library.sh.cn/c/3/1baab2f7-4669-4e1f-9664-7a138eb130b6#xywh=440,1552,140,140",李俨撰文，欧阳通楷书,欧阳通（楷书）；李儇（撰文）,唐,龙朔三年十月十日刻立（663）,663,楷书,17A331,《翰墨瑰宝：上海图书馆藏珍本碑帖丛刊》第二辑,iiif_annotation_target_xywh,iiif_xywh
001_道因法师碑_p0023_c040,讲,001_道因法师碑,道因法师碑,23,二十三,440,1740,140,140,"[440, 1740, 140, 140]",436,1724,148,172,"[436, 1724, 148, 172]",415,1715,190,190,"[415, 1715, 190, 190]",418,1695,184,239,"[418, 1695, 184, 239]",418,1695,184,239,"[418, 1695, 184, 239]",offline_local_binary_ring_bottom_guard,assets/page_images/001_道因法师碑/p0023.jpg,4,7,1,http://data.library.sh.cn/bt/resource/work/v1e0qbx3r5wp1uw4,http://iiif.library.sh.cn/api/viewer/17A331,https://iiif.library.sh.cn/p/3/02c55611-7427-4cd0-a2cd-a15b5ccbaa9c,https://iiif.library.sh.cn/c/3/1baab2f7-4669-4e1f-9664-7a138eb130b6,1444,2218,https://iiif.library.sh.cn/c/3/1baab2f7-4669-4e1f-9664-7a138eb130b6/ap/s,https://iiif.library.sh.cn/c/3/1baab2f7-4669-4e1f-9664-7a138eb130b6/ap/c/a/1105f5f6-e18c-4bfe-9b65-6b34f032d852,40,40,supplementing,"[440, 1740, 580, 1880]","https://iiif.library.sh.cn/c/3/1baab2f7-4669-4e1f-9664-7a138eb130b6#xywh=440,1740,140,140",李俨撰文，欧阳通楷书,欧阳通（楷书）；李儇（撰文）,唐,龙朔三年十月十日刻立（663）,663,楷书,17A331,《翰墨瑰宝：上海图书馆藏珍本碑帖丛刊》第二辑,iiif_annotation_target_xywh,iiif_xywh
001_道因法师碑_p0024_c001,而,001_道因法师碑,道因法师碑,24,二十四,844,502,161,161,"[844, 502, 161, 161]",843,518,163,129,"[843, 518, 163, 129]",815,473,219,219,"[815, 473, 219, 219]",823,490,203,185,"[823, 490, 203, 185]",823,490,203,185,"[823, 490, 203, 185]",offline_local_binary_ring_bottom_guard,assets/page_images/001_道因法师碑/p0024.jpg,0,0,1,http://data.library.sh.cn/bt/resource/work/v1e0qbx3r5wp1uw4,http://iiif.library.sh.cn/api/viewer/17A331,https://iiif.library.sh.cn/p/3/02c55611-7427-4cd0-a2cd-a15b5ccbaa9c,https://iiif.library.sh.cn/c/3/b4c3082b-8569-4a1f-ab2c-a941afea33d1,1444,2221,https://iiif.library.sh.cn/c/3/b4c3082b-8569-4a1f-ab2c-a941afea33d1/ap/s,https://iiif.library.sh.cn/c/3/b4c3082b-8569-4a1f-ab2c-a941afea33d1/ap/c/a/1c84039b-65d8-4313-b007-f301ef4c1f93,1,1,supplementing,"[844, 502, 1005, 663]","https://iiif.library.sh.cn/c/3/b4c3082b-8569-4a1f-ab2c-a941afea33d1#xywh=844,502,161,161",李俨撰文，欧阳通楷书,欧阳通（楷书）；李儇（撰文）,唐,龙朔三年十月十日刻立（663）,663,楷书,17A331,《翰墨瑰宝：上海图书馆藏珍本碑帖丛刊》第二辑,iiif_annotation_target_xywh,iiif_xywh
001_道因法师碑_p0024_c002,披,001_道因法师碑,道因法师碑,24,二十四,844,642,161,161,"[844, 642, 161, 161]",843,659,163,148,"[843, 659, 163, 148]",815,613,219,219,"[815, 613, 219, 219]",823,626,203,214,"[823, 626, 203, 214]",823,626,203,214,"[823, 626, 203, 214]",offline_local_binary_ring_bottom_guard,assets/page_images/001_道因法师碑/p0024.jpg,0,1,1,http://data.library.sh.cn/bt/resource/work/v1e0qbx3r5wp1uw4,http://iiif.library.sh.cn/api/viewer/17A331,https://iiif.library.sh.cn/p/3/02c55611-7427-4cd0-a2cd-a15b5ccbaa9c,https://iiif.library.sh.cn/c/3/b4c3082b-8569-4a1f-ab2c-a941afea33d1,1444,2221,https://iiif.library.sh.cn/c/3/b4c3082b-8569-4a1f-ab2c-a941afea33d1/ap/s,https://iiif.library.sh.cn/c/3/b4c3082b-8569-4a1f-ab2c-a941afea33d1/ap/c/a/28480416-c02a-49d3-bc8c-b878045ebccf,2,2,supplementing,"[844, 642, 1005, 803]","https://iiif.library.sh.cn/c/3/b4c3082b-8569-4a1f-ab2c-a941afea33d1#xywh=844,642,161,161",李俨撰文，欧阳通楷书,欧阳通（楷书）；李儇（撰文）,唐,龙朔三年十月十日刻立（663）,663,楷书,17A331,《翰墨瑰宝：上海图书馆藏珍本碑帖丛刊》第二辑,iiif_annotation_target_xywh,iiif_xywh
001_道因法师碑_p0024_c003,演,001_道因法师碑,道因法师碑,24,二十四,844,823,161,161,"[844, 823, 161, 161]",843,821,163,175,"[843, 821, 163, 175]",815,794,219,219,"[815, 794, 219, 219]",823,788,203,246,"[823, 788, 203, 246]",823,788,203,246,"[823, 788, 203, 246]",offline_local_binary_ring_bottom_guard,assets/page_images/001_道因法师碑/p0024.jpg,0,2,1,http://data.library.sh.cn/bt/resource/work/v1e0qbx3r5wp1uw4,http://iiif.library.sh.cn/api/viewer/17A331,https://iiif.library.sh.cn/p/3/02c55611-7427-4cd0-a2cd-a15b5ccbaa9c,https://iiif.library.sh.cn/c/3/b4c3082b-8569-4a1f-ab2c-a941afea33d1,1444,2221,https://iiif.library.sh.cn/c/3/b4c3082b-8569-4a1f-ab2c-a941afea33d1/ap/s,https://iiif.library.sh.cn/c/3/b4c3082b-8569-4a1f-ab2c-a941afea33d1/ap/c/a/1f29b42b-51a0-45ab-9e30-1d57fa880b44,3,3,supplementing,"[844, 823, 1005, 984]","https://iiif.library.sh.cn/c/3/b4c3082b-8569-4a1f-ab2c-a941afea33d1#xywh=844,823,161,161",李俨撰文，欧阳通楷书,欧阳通（楷书）；李儇（撰文）,唐,龙朔三年十月十日刻立（663）,663,楷书,17A331,《翰墨瑰宝：上海图书馆藏珍本碑帖丛刊》第二辑,iiif_annotation_target_xywh,iiif_xywh
001_道因法师碑_p0024_c004,详,001_道因法师碑,道因法师碑,24,二十四,844,1024,161,161,"[844, 1024, 161, 161]",843,1012,163,173,"[843, 1012, 163, 173]",815,995,219,219,"[815, 995, 219, 219]",823,979,203,244,"[823, 979, 203, 244]",823,979,203,244,"[823, 979, 203, 244]",offline_local_binary_ring_bottom_guard,assets/page_images/001_道因法师碑/p0024.jpg,0,3,1,http://data.library.sh.cn/bt/resource/work/v1e0qbx3r5wp1uw4,http://iiif.library.sh.cn/api/viewer/17A331,https://iiif.library.sh.cn/p/3/02c55611-7427-4cd0-a2cd-a15b5ccbaa9c,https://iiif.library.sh.cn/c/3/b4c3082b-8569-4a1f-ab2c-a941afea33d1,1444,2221,https://iiif.library.sh.cn/c/3/b4c3082b-8569-4a1f-ab2c-a941afea33d1/ap/s,https://iiif.library.sh.cn/c/3/b4c3082b-8569-4a1f-ab2c-a941afea33d1/ap/c/a/f059c414-f00a-429b-b01d-3c62a6a2518a,4,4,supplementing,"[844, 1024, 1005, 1185]","https://iiif.library.sh.cn/c/3/b4c3082b-8569-4a1f-ab2c-a941afea33d1#xywh=844,1024,161,161",李俨撰文，欧阳通楷书,欧阳通（楷书）；李儇（撰文）,唐,龙朔三年十月十日刻立（663）,663,楷书,17A331,《翰墨瑰宝：上海图书馆藏珍本碑帖丛刊》第二辑,iiif_annotation_target_xywh,iiif_xywh
001_道因法师碑_p0024_c005,悉,001_道因法师碑,道因法师碑,24,二十四,844,1201,161,161,"[844, 1201, 161, 161]",843,1200,163,160,"[843, 1200, 163, 160]",815,1172,219,219,"[815, 1172, 219, 219]",823,1167,203,228,"[823, 1167, 203, 228]",823,1167,203,228,"[823, 1167, 203, 228]",offline_local_binary_ring_bottom_guard,assets/page_images/001_道因法师碑/p0024.jpg,0,4,1,http://data.library.sh.cn/bt/resource/work/v1e0qbx3r5wp1uw4,http://iiif.library.sh.cn/api/viewer/17A331,https://iiif.library.sh.cn/p/3/02c55611-7427-4cd0-a2cd-a15b5ccbaa9c,https://iiif.library.sh.cn/c/3/b4c3082b-8569-4a1f-ab2c-a941afea33d1,1444,2221,https://iiif.library.sh.cn/c/3/b4c3082b-8569-4a1f-ab2c-a941afea33d1/ap/s,https://iiif.library.sh.cn/c/3/b4c3082b-8569-4a1f-ab2c-a941afea33d1/ap/c/a/3028412a-193f-413e-a34d-bdd25582d7d8,5,5,supplementing,"[844, 1201, 1005, 1362]","https://iiif.library.sh.cn/c/3/b4c3082b-8569-4a1f-ab2c-a941afea33d1#xywh=844,1201,161,161",李俨撰文，欧阳通楷书,欧阳通（楷书）；李儇（撰文）,唐,龙朔三年十月十日刻立（663）,663,楷书,17A331,《翰墨瑰宝：上海图书馆藏珍本碑帖丛刊》第二辑,iiif_annotation_target_xywh,iiif_xywh
001_道因法师碑_p0024_c006,词,001_道因法师碑,道因法师碑,24,二十四,844,1372,161,161,"[844, 1372, 161, 161]",843,1374,163,172,"[843, 1374, 163, 172]",815,1343,219,219,"[815, 1343, 219, 219]",823,1339,203,245,"[823, 1339, 203, 245]",823,1339,203,245,"[823, 1339, 203, 245]",offline_local_binary_ring_bottom_guard,assets/page_images/001_道因法师碑/p0024.jpg,0,5,1,http://data.library.sh.cn/bt/resource/work/v1e0qbx3r5wp1uw4,http://iiif.library.sh.cn/api/viewer/17A331,https://iiif.library.sh.cn/p/3/02c55611-7427-4cd0-a2cd-a15b5ccbaa9c,https://iiif.library.sh.cn/c/3/b4c3082b-8569-4a1f-ab2c-a941afea33d1,1444,2221,https://iiif.library.sh.cn/c/3/b4c3082b-8569-4a1f-ab2c-a941afea33d1/ap/s,https://iiif.library.sh.cn/c/3/b4c3082b-8569-4a1f-ab2c-a941afea33d1/ap/c/a/590c4594-b077-40f4-89f9-b371bea80222,6,6,supplementing,"[844, 1372, 1005, 1533]","https://iiif.library.sh.cn/c/3/b4c3082b-8569-4a1f-ab2c-a941afea33d1#xywh=844,1372,161,161",李俨撰文，欧阳通楷书,欧阳通（楷书）；李儇（撰文）,唐,龙朔三年十月十日刻立（663）,663,楷书,17A331,《翰墨瑰宝：上海图书馆藏珍本碑帖丛刊》第二辑,iiif_annotation_target_xywh,iiif_xywh
001_道因法师碑_p0024_c007,韵,001_道因法师碑,道因法师碑,24,二十四,844,1573,161,161,"[844, 1573, 161, 161]",843,1560,163,170,"[843, 1560, 163, 170]",815,1544,219,219,"[815, 1544, 219, 219]",823,1527,203,240,"[823, 1527, 203, 240]",823,1527,203,240,"[823, 1527, 203, 240]",offline_local_binary_ring_bottom_guard,assets/page_images/001_道因法师碑/p0024.jpg,0,6,1,http://data.library.sh.cn/bt/resource/work/v1e0qbx3r5wp1uw4,http://iiif.library.sh.cn/api/viewer/17A331,https://iiif.library.sh.cn/p/3/02c55611-7427-4cd0-a2cd-a15b5ccbaa9c,https://iiif.library.sh.cn/c/3/b4c3082b-8569-4a1f-ab2c-a941afea33d1,1444,2221,https://iiif.library.sh.cn/c/3/b4c3082b-8569-4a1f-ab2c-a941afea33d1/ap/s,https://iiif.library.sh.cn/c/3/b4c3082b-8569-4a1f-ab2c-a941afea33d1/ap/c/a/159f4c86-56c8-4f22-aa95-353d73a1af7b,7,7,supplementing,"[844, 1573, 1005, 1734]","https://iiif.library.sh.cn/c/3/b4c3082b-8569-4a1f-ab2c-a941afea33d1#xywh=844,1573,161,161",李俨撰文，欧阳通楷书,欧阳通（楷书）；李儇（撰文）,唐,龙朔三年十月十日刻立（663）,663,楷书,17A331,《翰墨瑰宝：上海图书馆藏珍本碑帖丛刊》第二辑,iiif_annotation_target_xywh,iiif_xywh
001_道因法师碑_p0024_c008,清,001_道因法师碑,道因法师碑,24,二十四,844,1740,161,161,"[844, 1740, 161, 161]",843,1744,163,153,"[843, 1744, 163, 153]",815,1711,219,219,"[815, 1711, 219, 219]",823,1710,203,221,"[823, 1710, 203, 221]",823,1710,203,221,"[823, 1710, 203, 221]",offline_local_binary_ring_bottom_guard,assets/page_images/001_道因法师碑/p0024.jpg,0,7,1,http://data.library.sh.cn/bt/resource/work/v1e0qbx3r5wp1uw4,http://iiif.library.sh.cn/api/viewer/17A331,https://iiif.library.sh.cn/p/3/02c55611-7427-4cd0-a2cd-a15b5ccbaa9c,https://iiif.library.sh.cn/c/3/b4c3082b-8569-4a1f-ab2c-a941afea33d1,1444,2221,https://iiif.library.sh.cn/c/3/b4c3082b-8569-4a1f-ab2c-a941afea33d1/ap/s,https://iiif.library.sh.cn/c/3/b4c3082b-8569-4a1f-ab2c-a941afea33d1/ap/c/a/c03fff4e-219f-4be9-a38a-3b3f3ea2cb90,8,8,supplementing,"[844, 1740, 1005, 1901]","https://iiif.library.sh.cn/c/3/b4c3082b-8569-4a1f-ab2c-a941afea33d1#xywh=844,1740,161,161",李俨撰文，欧阳通楷书,欧阳通（楷书）；李儇（撰文）,唐,龙朔三年十月十日刻立（663）,663,楷书,17A331,《翰墨瑰宝：上海图书馆藏珍本碑帖丛刊》第二辑,iiif_annotation_target_xywh,iiif_xywh
001_道因法师碑_p0024_c009,畅,001_道因法师碑,道因法师碑,24,二十四,677,516,139,139,"[677, 516, 139, 139]",673,520,156,131,"[673, 520, 156, 131]",652,491,189,189,"[652, 491, 189, 189]",654,491,194,189,"[654, 491, 194, 189]",654,491,194,189,"[654, 491, 194, 189]",offline_local_binary_ring_bottom_guard,assets/page_images/001_道因法师碑/p0024.jpg,1,0,1,http://data.library.sh.cn/bt/resource/work/v1e0qbx3r5wp1uw4,http://iiif.library.sh.cn/api/viewer/17A331,https://iiif.library.sh.cn/p/3/02c55611-7427-4cd0-a2cd-a15b5ccbaa9c,https://iiif.library.sh.cn/c/3/b4c3082b-8569-4a1f-ab2c-a941afea33d1,1444,2221,https://iiif.library.sh.cn/c/3/b4c3082b-8569-4a1f-ab2c-a941afea33d1/ap/s,https://iiif.library.sh.cn/c/3/b4c3082b-8569-4a1f-ab2c-a941afea33d1/ap/c/a/f250cbf9-6f53-4638-b507-abe49c2fca0e,9,9,supplementing,"[677, 516, 816, 655]","https://iiif.library.sh.cn/c/3/b4c3082b-8569-4a1f-ab2c-a941afea33d1#xywh=677,516,139,139",李俨撰文，欧阳通楷书,欧阳通（楷书）；李儇（撰文）,唐,龙朔三年十月十日刻立（663）,663,楷书,17A331,《翰墨瑰宝：上海图书馆藏珍本碑帖丛刊》第二辑,iiif_annotation_target_xywh,iiif_xywh
001_道因法师碑_p0024_c010,诸,001_道因法师碑,道因法师碑,24,二十四,677,658,139,139,"[677, 658, 139, 139]",673,663,156,148,"[673, 663, 156, 148]",652,633,189,189,"[652, 633, 189, 189]",654,630,194,214,"[654, 630, 194, 214]",654,630,194,214,"[654, 630, 194, 214]",offline_local_binary_ring_bottom_guard,assets/page_images/001_道因法师碑/p0024.jpg,1,1,1,http://data.library.sh.cn/bt/resource/work/v1e0qbx3r5wp1uw4,http://iiif.library.sh.cn/api/viewer/17A331,https://iiif.library.sh.cn/p/3/02c55611-7427-4cd0-a2cd-a15b5ccbaa9c,https://iiif.library.sh.cn/c/3/b4c3082b-8569-4a1f-ab2c-a941afea33d1,1444,2221,https://iiif.library.sh.cn/c/3/b4c3082b-8569-4a1f-ab2c-a941afea33d1/ap/s,https://iiif.library.sh.cn/c/3/b4c3082b-8569-4a1f-ab2c-a941afea33d1/ap/c/a/bbd56c1a-cfcb-45a7-9650-c0d034302a77,10,10,supplementing,"[677, 658, 816, 797]","https://iiif.library.sh.cn/c/3/b4c3082b-8569-4a1f-ab2c-a941afea33d1#xywh=677,658,139,139",李俨撰文，欧阳通楷书,欧阳通（楷书）；李儇（撰文）,唐,龙朔三年十月十日刻立（663）,663,楷书,17A331,《翰墨瑰宝：上海图书馆藏珍本碑帖丛刊》第二辑,iiif_annotation_target_xywh,iiif_xywh
001_道因法师碑_p0024_c011,方,001_道因法师碑,道因法师碑,24,二十四,677,837,139,139,"[677, 837, 139, 139]",673,824,156,164,"[673, 824, 156, 164]",652,812,189,189,"[652, 812, 189, 189]",654,796,194,228,"[654, 796, 194, 228]",654,796,194,228,"[654, 796, 194, 228]",offline_local_binary_ring_bottom_guard,assets/page_images/001_道因法师碑/p0024.jpg,1,2,1,http://data.library.sh.cn/bt/resource/work/v1e0qbx3r5wp1uw4,http://iiif.library.sh.cn/api/viewer/17A331,https://iiif.library.sh.cn/p/3/02c55611-7427-4cd0-a2cd-a15b5ccbaa9c,https://iiif.library.sh.cn/c/3/b4c3082b-8569-4a1f-ab2c-a941afea33d1,1444,2221,https://iiif.library.sh.cn/c/3/b4c3082b-8569-4a1f-ab2c-a941afea33d1/ap/s,https://iiif.library.sh.cn/c/3/b4c3082b-8569-4a1f-ab2c-a941afea33d1/ap/c/a/67e8ef26-9ef0-4e8b-85af-59c5ebec3319,11,11,supplementing,"[677, 837, 816, 976]","https://iiif.library.sh.cn/c/3/b4c3082b-8569-4a1f-ab2c-a941afea33d1#xywh=677,837,139,139",李俨撰文，欧阳通楷书,欧阳通（楷书）；李儇（撰文）,唐,龙朔三年十月十日刻立（663）,663,楷书,17A331,《翰墨瑰宝：上海图书馆藏珍本碑帖丛刊》第二辑,iiif_annotation_target_xywh,iiif_xywh
001_道因法师碑_p0024_c012,翘,001_道因法师碑,道因法师碑,24,二十四,677,1014,139,139,"[677, 1014, 139, 139]",673,1003,156,173,"[673, 1003, 156, 173]",652,989,189,189,"[652, 989, 189, 189]",654,975,194,239,"[654, 975, 194, 239]",654,975,194,239,"[654, 975, 194, 239]",offline_local_binary_ring_bottom_guard,assets/page_images/001_道因法师碑/p0024.jpg,1,3,1,http://data.library.sh.cn/bt/resource/work/v1e0qbx3r5wp1uw4,http://iiif.library.sh.cn/api/viewer/17A331,https://iiif.library.sh.cn/p/3/02c55611-7427-4cd0-a2cd-a15b5ccbaa9c,https://iiif.library.sh.cn/c/3/b4c3082b-8569-4a1f-ab2c-a941afea33d1,1444,2221,https://iiif.library.sh.cn/c/3/b4c3082b-8569-4a1f-ab2c-a941afea33d1/ap/s,https://iiif.library.sh.cn/c/3/b4c3082b-8569-4a1f-ab2c-a941afea33d1/ap/c/a/891639cc-3083-4eba-9c60-2ff583d76618,12,12,supplementing,"[677, 1014, 816, 1153]","https://iiif.library.sh.cn/c/3/b4c3082b-8569-4a1f-ab2c-a941afea33d1#xywh=677,1014,139,139",李俨撰文，欧阳通楷书,欧阳通（楷书）；李儇（撰文）,唐,龙朔三年十月十日刻立（663）,663,楷书,17A331,《翰墨瑰宝：上海图书馆藏珍本碑帖丛刊》第二辑,iiif_annotation_target_xywh,iiif_xywh
001_道因法师碑_p0024_c013,俊,001_道因法师碑,道因法师碑,24,二十四,677,1215,139,139,"[677, 1215, 139, 139]",673,1191,156,167,"[673, 1191, 156, 167]",652,1190,189,189,"[652, 1190, 189, 189]",654,1163,194,232,"[654, 1163, 194, 232]",654,1163,194,232,"[654, 1163, 194, 232]",offline_local_binary_ring_bottom_guard,assets/page_images/001_道因法师碑/p0024.jpg,1,4,1,http://data.library.sh.cn/bt/resource/work/v1e0qbx3r5wp1uw4,http://iiif.library.sh.cn/api/viewer/17A331,https://iiif.library.sh.cn/p/3/02c55611-7427-4cd0-a2cd-a15b5ccbaa9c,https://iiif.library.sh.cn/c/3/b4c3082b-8569-4a1f-ab2c-a941afea33d1,1444,2221,https://iiif.library.sh.cn/c/3/b4c3082b-8569-4a1f-ab2c-a941afea33d1/ap/s,https://iiif.library.sh.cn/c/3/b4c3082b-8569-4a1f-ab2c-a941afea33d1/ap/c/a/34ceca4e-b7c9-44e8-888f-ebbdd1a03990,13,13,supplementing,"[677, 1215, 816, 1354]","https://iiif.library.sh.cn/c/3/b4c3082b-8569-4a1f-ab2c-a941afea33d1#xywh=677,1215,139,139",李俨撰文，欧阳通楷书,欧阳通（楷书）；李儇（撰文）,唐,龙朔三年十月十日刻立（663）,663,楷书,17A331,《翰墨瑰宝：上海图书馆藏珍本碑帖丛刊》第二辑,iiif_annotation_target_xywh,iiif_xywh
001_道因法师碑_p0024_c014,靡,001_道因法师碑,道因法师碑,24,二十四,677,1376,139,139,"[677, 1376, 139, 139]",673,1372,156,156,"[673, 1372, 156, 156]",652,1351,189,189,"[652, 1351, 189, 189]",654,1344,194,218,"[654, 1344, 194, 218]",654,1344,194,218,"[654, 1344, 194, 218]",offline_local_binary_ring_bottom_guard,assets/page_images/001_道因法师碑/p0024.jpg,1,5,1,http://data.library.sh.cn/bt/resource/work/v1e0qbx3r5wp1uw4,http://iiif.library.sh.cn/api/viewer/17A331,https://iiif.library.sh.cn/p/3/02c55611-7427-4cd0-a2cd-a15b5ccbaa9c,https://iiif.library.sh.cn/c/3/b4c3082b-8569-4a1f-ab2c-a941afea33d1,1444,2221,https://iiif.library.sh.cn/c/3/b4c3082b-8569-4a1f-ab2c-a941afea33d1/ap/s,https://iiif.library.sh.cn/c/3/b4c3082b-8569-4a1f-ab2c-a941afea33d1/ap/c/a/42000704-42e9-4089-b46f-73a82973381d,14,14,supplementing,"[677, 1376, 816, 1515]","https://iiif.library.sh.cn/c/3/b4c3082b-8569-4a1f-ab2c-a941afea33d1#xywh=677,1376,139,139",李俨撰文，欧阳通楷书,欧阳通（楷书）；李儇（撰文）,唐,龙朔三年十月十日刻立（663）,663,楷书,17A331,《翰墨瑰宝：上海图书馆藏珍本碑帖丛刊》第二辑,iiif_annotation_target_xywh,iiif_xywh
001_道因法师碑_p0024_c015,弗,001_道因法师碑,道因法师碑,24,二十四,677,1555,139,139,"[677, 1555, 139, 139]",673,1542,156,168,"[673, 1542, 156, 168]",652,1530,189,189,"[652, 1530, 189, 189]",654,1514,194,233,"[654, 1514, 194, 233]",654,1514,194,233,"[654, 1514, 194, 233]",offline_local_binary_ring_bottom_guard,assets/page_images/001_道因法师碑/p0024.jpg,1,6,1,http://data.library.sh.cn/bt/resource/work/v1e0qbx3r5wp1uw4,http://iiif.library.sh.cn/api/viewer/17A331,https://iiif.library.sh.cn/p/3/02c55611-7427-4cd0-a2cd-a15b5ccbaa9c,https://iiif.library.sh.cn/c/3/b4c3082b-8569-4a1f-ab2c-a941afea33d1,1444,2221,https://iiif.library.sh.cn/c/3/b4c3082b-8569-4a1f-ab2c-a941afea33d1/ap/s,https://iiif.library.sh.cn/c/3/b4c3082b-8569-4a1f-ab2c-a941afea33d1/ap/c/a/45d6b871-a8e6-4b91-842c-782a93fd8eb9,15,15,supplementing,"[677, 1555, 816, 1694]","https://iiif.library.sh.cn/c/3/b4c3082b-8569-4a1f-ab2c-a941afea33d1#xywh=677,1555,139,139",李俨撰文，欧阳通楷书,欧阳通（楷书）；李儇（撰文）,唐,龙朔三年十月十日刻立（663）,663,楷书,17A331,《翰墨瑰宝：上海图书馆藏珍本碑帖丛刊》第二辑,iiif_annotation_target_xywh,iiif_xywh
001_道因法师碑_p0024_c016,归,001_道因法师碑,道因法师碑,24,二十四,677,1740,139,139,"[677, 1740, 139, 139]",673,1724,156,171,"[673, 1724, 156, 171]",652,1715,189,189,"[652, 1715, 189, 189]",654,1699,194,234,"[654, 1699, 194, 234]",654,1699,194,234,"[654, 1699, 194, 234]",offline_local_binary_ring_bottom_guard,assets/page_images/001_道因法师碑/p0024.jpg,1,7,1,http://data.library.sh.cn/bt/resource/work/v1e0qbx3r5wp1uw4,http://iiif.library.sh.cn/api/viewer/17A331,https://iiif.library.sh.cn/p/3/02c55611-7427-4cd0-a2cd-a15b5ccbaa9c,https://iiif.library.sh.cn/c/3/b4c3082b-8569-4a1f-ab2c-a941afea33d1,1444,2221,https://iiif.library.sh.cn/c/3/b4c3082b-8569-4a1f-ab2c-a941afea33d1/ap/s,https://iiif.library.sh.cn/c/3/b4c3082b-8569-4a1f-ab2c-a941afea33d1/ap/c/a/14cfe820-7991-4de2-a4e0-d31513342382,16,16,supplementing,"[677, 1740, 816, 1879]","https://iiif.library.sh.cn/c/3/b4c3082b-8569-4a1f-ab2c-a941afea33d1#xywh=677,1740,139,139",李俨撰文，欧阳通楷书,欧阳通（楷书）；李儇（撰文）,唐,龙朔三年十月十日刻立（663）,663,楷书,17A331,《翰墨瑰宝：上海图书馆藏珍本碑帖丛刊》第二辑,iiif_annotation_target_xywh,iiif_xywh
001_道因法师碑_p0024_c017,仰,001_道因法师碑,道因法师碑,24,二十四,510,516,151,151,"[510, 516, 151, 151]",504,521,155,141,"[504, 521, 155, 141]",483,489,205,205,"[483, 489, 205, 205]",485,490,193,203,"[485, 490, 193, 203]",485,490,193,203,"[485, 490, 193, 203]",offline_local_binary_ring_bottom_guard,assets/page_images/001_道因法师碑/p0024.jpg,2,0,1,http://data.library.sh.cn/bt/resource/work/v1e0qbx3r5wp1uw4,http://iiif.library.sh.cn/api/viewer/17A331,https://iiif.library.sh.cn/p/3/02c55611-7427-4cd0-a2cd-a15b5ccbaa9c,https://iiif.library.sh.cn/c/3/b4c3082b-8569-4a1f-ab2c-a941afea33d1,1444,2221,https://iiif.library.sh.cn/c/3/b4c3082b-8569-4a1f-ab2c-a941afea33d1/ap/s,https://iiif.library.sh.cn/c/3/b4c3082b-8569-4a1f-ab2c-a941afea33d1/ap/c/a/fa452686-a27b-4406-83b4-a11cc02496a8,17,17,supplementing,"[510, 516, 661, 667]","https://iiif.library.sh.cn/c/3/b4c3082b-8569-4a1f-ab2c-a941afea33d1#xywh=510,516,151,151",李俨撰文，欧阳通楷书,欧阳通（楷书）；李儇（撰文）,唐,龙朔三年十月十日刻立（663）,663,楷书,17A331,《翰墨瑰宝：上海图书馆藏珍本碑帖丛刊》第二辑,iiif_annotation_target_xywh,iiif_xywh
001_道因法师碑_p0024_c018,于,001_道因法师碑,道因法师碑,24,二十四,510,670,151,151,"[510, 670, 151, 151]",504,675,155,147,"[504, 675, 155, 147]",483,643,205,205,"[483, 643, 205, 205]",485,643,193,211,"[485, 643, 193, 211]",485,643,193,211,"[485, 643, 193, 211]",offline_local_binary_ring_bottom_guard,assets/page_images/001_道因法师碑/p0024.jpg,2,1,1,http://data.library.sh.cn/bt/resource/work/v1e0qbx3r5wp1uw4,http://iiif.library.sh.cn/api/viewer/17A331,https://iiif.library.sh.cn/p/3/02c55611-7427-4cd0-a2cd-a15b5ccbaa9c,https://iiif.library.sh.cn/c/3/b4c3082b-8569-4a1f-ab2c-a941afea33d1,1444,2221,https://iiif.library.sh.cn/c/3/b4c3082b-8569-4a1f-ab2c-a941afea33d1/ap/s,https://iiif.library.sh.cn/c/3/b4c3082b-8569-4a1f-ab2c-a941afea33d1/ap/c/a/68d26170-0748-420a-949e-2396c46e68a9,18,18,supplementing,"[510, 670, 661, 821]","https://iiif.library.sh.cn/c/3/b4c3082b-8569-4a1f-ab2c-a941afea33d1#xywh=510,670,151,151",李俨撰文，欧阳通楷书,欧阳通（楷书）；李儇（撰文）,唐,龙朔三年十月十日刻立（663）,663,楷书,17A331,《翰墨瑰宝：上海图书馆藏珍本碑帖丛刊》第二辑,iiif_annotation_target_xywh,iiif_xywh
001_道因法师碑_p0024_c019,是,001_道因法师碑,道因法师碑,24,二十四,510,835,151,151,"[510, 835, 151, 151]",504,835,155,159,"[504, 835, 155, 159]",483,808,205,205,"[483, 808, 205, 205]",485,804,193,225,"[485, 804, 193, 225]",485,804,193,225,"[485, 804, 193, 225]",offline_local_binary_ring_bottom_guard,assets/page_images/001_道因法师碑/p0024.jpg,2,2,1,http://data.library.sh.cn/bt/resource/work/v1e0qbx3r5wp1uw4,http://iiif.library.sh.cn/api/viewer/17A331,https://iiif.library.sh.cn/p/3/02c55611-7427-4cd0-a2cd-a15b5ccbaa9c,https://iiif.library.sh.cn/c/3/b4c3082b-8569-4a1f-ab2c-a941afea33d1,1444,2221,https://iiif.library.sh.cn/c/3/b4c3082b-8569-4a1f-ab2c-a941afea33d1/ap/s,https://iiif.library.sh.cn/c/3/b4c3082b-8569-4a1f-ab2c-a941afea33d1/ap/c/a/f271bb95-3795-4482-8260-3cdf45ef2d25,19,19,supplementing,"[510, 835, 661, 986]","https://iiif.library.sh.cn/c/3/b4c3082b-8569-4a1f-ab2c-a941afea33d1#xywh=510,835,151,151",李俨撰文，欧阳通楷书,欧阳通（楷书）；李儇（撰文）,唐,龙朔三年十月十日刻立（663）,663,楷书,17A331,《翰墨瑰宝：上海图书馆藏珍本碑帖丛刊》第二辑,iiif_annotation_target_xywh,iiif_xywh
001_道因法师碑_p0024_c020,遍,001_道因法师碑,道因法师碑,24,二十四,510,1016,151,151,"[510, 1016, 151, 151]",504,1008,155,170,"[504, 1008, 155, 170]",483,989,205,205,"[483, 989, 205, 205]",485,977,193,238,"[485, 977, 193, 238]",485,977,193,238,"[485, 977, 193, 238]",offline_local_binary_ring_bottom_guard,assets/page_images/001_道因法师碑/p0024.jpg,2,3,1,http://data.library.sh.cn/bt/resource/work/v1e0qbx3r5wp1uw4,http://iiif.library.sh.cn/api/viewer/17A331,https://iiif.library.sh.cn/p/3/02c55611-7427-4cd0-a2cd-a15b5ccbaa9c,https://iiif.library.sh.cn/c/3/b4c3082b-8569-4a1f-ab2c-a941afea33d1,1444,2221,https://iiif.library.sh.cn/c/3/b4c3082b-8569-4a1f-ab2c-a941afea33d1/ap/s,https://iiif.library.sh.cn/c/3/b4c3082b-8569-4a1f-ab2c-a941afea33d1/ap/c/a/24ced659-d723-4eb3-9531-f6a420c724ad,20,20,supplementing,"[510, 1016, 661, 1167]","https://iiif.library.sh.cn/c/3/b4c3082b-8569-4a1f-ab2c-a941afea33d1#xywh=510,1016,151,151",李俨撰文，欧阳通楷书,欧阳通（楷书）；李儇（撰文）,唐,龙朔三年十月十日刻立（663）,663,楷书,17A331,《翰墨瑰宝：上海图书馆藏珍本碑帖丛刊》第二辑,iiif_annotation_target_xywh,iiif_xywh
001_道因法师碑_p0024_c021,窥,001_道因法师碑,道因法师碑,24,二十四,510,1203,151,151,"[510, 1203, 151, 151]",504,1192,155,169,"[504, 1192, 155, 169]",483,1176,205,205,"[483, 1176, 205, 205]",485,1161,193,237,"[485, 1161, 193, 237]",485,1161,193,237,"[485, 1161, 193, 237]",offline_local_binary_ring_bottom_guard,assets/page_images/001_道因法师碑/p0024.jpg,2,4,1,http://data.library.sh.cn/bt/resource/work/v1e0qbx3r5wp1uw4,http://iiif.library.sh.cn/api/viewer/17A331,https://iiif.library.sh.cn/p/3/02c55611-7427-4cd0-a2cd-a15b5ccbaa9c,https://iiif.library.sh.cn/c/3/b4c3082b-8569-4a1f-ab2c-a941afea33d1,1444,2221,https://iiif.library.sh.cn/c/3/b4c3082b-8569-4a1f-ab2c-a941afea33d1/ap/s,https://iiif.library.sh.cn/c/3/b4c3082b-8569-4a1f-ab2c-a941afea33d1/ap/c/a/18061f7a-1dd4-4ae4-977f-a9bd2ad8c5a0,21,21,supplementing,"[510, 1203, 661, 1354]","https://iiif.library.sh.cn/c/3/b4c3082b-8569-4a1f-ab2c-a941afea33d1#xywh=510,1203,151,151",李俨撰文，欧阳通楷书,欧阳通（楷书）；李儇（撰文）,唐,龙朔三年十月十日刻立（663）,663,楷书,17A331,《翰墨瑰宝：上海图书馆藏珍本碑帖丛刊》第二辑,iiif_annotation_target_xywh,iiif_xywh
001_道因法师碑_p0024_c022,释,001_道因法师碑,道因法师碑,24,二十四,510,1382,151,151,"[510, 1382, 151, 151]",504,1375,155,161,"[504, 1375, 155, 161]",483,1355,205,205,"[483, 1355, 205, 205]",485,1344,193,227,"[485, 1344, 193, 227]",485,1344,193,227,"[485, 1344, 193, 227]",offline_local_binary_ring_bottom_guard,assets/page_images/001_道因法师碑/p0024.jpg,2,5,1,http://data.library.sh.cn/bt/resource/work/v1e0qbx3r5wp1uw4,http://iiif.library.sh.cn/api/viewer/17A331,https://iiif.library.sh.cn/p/3/02c55611-7427-4cd0-a2cd-a15b5ccbaa9c,https://iiif.library.sh.cn/c/3/b4c3082b-8569-4a1f-ab2c-a941afea33d1,1444,2221,https://iiif.library.sh.cn/c/3/b4c3082b-8569-4a1f-ab2c-a941afea33d1/ap/s,https://iiif.library.sh.cn/c/3/b4c3082b-8569-4a1f-ab2c-a941afea33d1/ap/c/a/e26199d7-4384-42cc-9fae-f0f8789a9785,22,22,supplementing,"[510, 1382, 661, 1533]","https://iiif.library.sh.cn/c/3/b4c3082b-8569-4a1f-ab2c-a941afea33d1#xywh=510,1382,151,151",李俨撰文，欧阳通楷书,欧阳通（楷书）；李儇（撰文）,唐,龙朔三年十月十日刻立（663）,663,楷书,17A331,《翰墨瑰宝：上海图书馆藏珍本碑帖丛刊》第二辑,iiif_annotation_target_xywh,iiif_xywh
001_道因法师碑_p0024_c023,典,001_道因法师碑,道因法师碑,24,二十四,510,1553,151,151,"[510, 1553, 151, 151]",504,1550,155,154,"[504, 1550, 155, 154]",483,1526,205,205,"[483, 1526, 205, 205]",485,1519,193,219,"[485, 1519, 193, 219]",485,1519,193,219,"[485, 1519, 193, 219]",offline_local_binary_ring_bottom_guard,assets/page_images/001_道因法师碑/p0024.jpg,2,6,1,http://data.library.sh.cn/bt/resource/work/v1e0qbx3r5wp1uw4,http://iiif.library.sh.cn/api/viewer/17A331,https://iiif.library.sh.cn/p/3/02c55611-7427-4cd0-a2cd-a15b5ccbaa9c,https://iiif.library.sh.cn/c/3/b4c3082b-8569-4a1f-ab2c-a941afea33d1,1444,2221,https://iiif.library.sh.cn/c/3/b4c3082b-8569-4a1f-ab2c-a941afea33d1/ap/s,https://iiif.library.sh.cn/c/3/b4c3082b-8569-4a1f-ab2c-a941afea33d1/ap/c/a/e921c4e1-0204-415e-8c5b-a93d4f2a6f84,23,23,supplementing,"[510, 1553, 661, 1704]","https://iiif.library.sh.cn/c/3/b4c3082b-8569-4a1f-ab2c-a941afea33d1#xywh=510,1553,151,151",李俨撰文，欧阳通楷书,欧阳通（楷书）；李儇（撰文）,唐,龙朔三年十月十日刻立（663）,663,楷书,17A331,《翰墨瑰宝：上海图书馆藏珍本碑帖丛刊》第二辑,iiif_annotation_target_xywh,iiif_xywh
001_道因法师碑_p0024_c024,咸,001_道因法师碑,道因法师碑,24,二十四,510,1717,151,151,"[510, 1717, 151, 151]",504,1717,155,151,"[504, 1717, 155, 151]",483,1690,205,205,"[483, 1690, 205, 205]",485,1686,193,215,"[485, 1686, 193, 215]",485,1686,193,215,"[485, 1686, 193, 215]",offline_local_binary_ring_bottom_guard,assets/page_images/001_道因法师碑/p0024.jpg,2,7,1,http://data.library.sh.cn/bt/resource/work/v1e0qbx3r5wp1uw4,http://iiif.library.sh.cn/api/viewer/17A331,https://iiif.library.sh.cn/p/3/02c55611-7427-4cd0-a2cd-a15b5ccbaa9c,https://iiif.library.sh.cn/c/3/b4c3082b-8569-4a1f-ab2c-a941afea33d1,1444,2221,https://iiif.library.sh.cn/c/3/b4c3082b-8569-4a1f-ab2c-a941afea33d1/ap/s,https://iiif.library.sh.cn/c/3/b4c3082b-8569-4a1f-ab2c-a941afea33d1/ap/c/a/c827552e-b85d-4cbb-92de-7a7fd0bfb06f,24,24,supplementing,"[510, 1717, 661, 1868]","https://iiif.library.sh.cn/c/3/b4c3082b-8569-4a1f-ab2c-a941afea33d1#xywh=510,1717,151,151",李俨撰文，欧阳通楷书,欧阳通（楷书）；李儇（撰文）,唐,龙朔三年十月十日刻立（663）,663,楷书,17A331,《翰墨瑰宝：上海图书馆藏珍本碑帖丛刊》第二辑,iiif_annotation_target_xywh,iiif_xywh
001_道因法师碑_p0024_c025,通,001_道因法师碑,道因法师碑,24,二十四,323,533,173,173,"[323, 533, 173, 173]",334,556,157,127,"[334, 556, 157, 127]",292,502,235,235,"[292, 502, 235, 235]",315,528,195,183,"[315, 528, 195, 183]",315,528,195,183,"[315, 528, 195, 183]",offline_local_binary_ring_bottom_guard,assets/page_images/001_道因法师碑/p0024.jpg,3,0,1,http://data.library.sh.cn/bt/resource/work/v1e0qbx3r5wp1uw4,http://iiif.library.sh.cn/api/viewer/17A331,https://iiif.library.sh.cn/p/3/02c55611-7427-4cd0-a2cd-a15b5ccbaa9c,https://iiif.library.sh.cn/c/3/b4c3082b-8569-4a1f-ab2c-a941afea33d1,1444,2221,https://iiif.library.sh.cn/c/3/b4c3082b-8569-4a1f-ab2c-a941afea33d1/ap/s,https://iiif.library.sh.cn/c/3/b4c3082b-8569-4a1f-ab2c-a941afea33d1/ap/c/a/8b9a1845-b2da-4a38-9e4e-bd41077a1239,25,25,supplementing,"[323, 533, 496, 706]","https://iiif.library.sh.cn/c/3/b4c3082b-8569-4a1f-ab2c-a941afea33d1#xywh=323,533,173,173",李俨撰文，欧阳通楷书,欧阳通（楷书）；李儇（撰文）,唐,龙朔三年十月十日刻立（663）,663,楷书,17A331,《翰墨瑰宝：上海图书馆藏珍本碑帖丛刊》第二辑,iiif_annotation_target_xywh,iiif_xywh
001_道因法师碑_p0024_c026,密,001_道因法师碑,道因法师碑,24,二十四,323,672,173,173,"[323, 672, 173, 173]",334,695,157,143,"[334, 695, 157, 143]",292,641,235,235,"[292, 641, 235, 235]",315,664,195,205,"[315, 664, 195, 205]",315,664,195,205,"[315, 664, 195, 205]",offline_local_binary_ring_bottom_guard,assets/page_images/001_道因法师碑/p0024.jpg,3,1,1,http://data.library.sh.cn/bt/resource/work/v1e0qbx3r5wp1uw4,http://iiif.library.sh.cn/api/viewer/17A331,https://iiif.library.sh.cn/p/3/02c55611-7427-4cd0-a2cd-a15b5ccbaa9c,https://iiif.library.sh.cn/c/3/b4c3082b-8569-4a1f-ab2c-a941afea33d1,1444,2221,https://iiif.library.sh.cn/c/3/b4c3082b-8569-4a1f-ab2c-a941afea33d1/ap/s,https://iiif.library.sh.cn/c/3/b4c3082b-8569-4a1f-ab2c-a941afea33d1/ap/c/a/b2cbbb29-d4c5-4e13-bf94-e6910ec9aecc,26,26,supplementing,"[323, 672, 496, 845]","https://iiif.library.sh.cn/c/3/b4c3082b-8569-4a1f-ab2c-a941afea33d1#xywh=323,672,173,173",李俨撰文，欧阳通楷书,欧阳通（楷书）；李儇（撰文）,唐,龙朔三年十月十日刻立（663）,663,楷书,17A331,《翰墨瑰宝：上海图书馆藏珍本碑帖丛刊》第二辑,iiif_annotation_target_xywh,iiif_xywh
001_道因法师碑_p0024_c027,藏,001_道因法师碑,道因法师碑,24,二十四,323,843,173,173,"[323, 843, 173, 173]",334,851,157,170,"[334, 851, 157, 170]",292,812,235,235,"[292, 812, 235, 235]",315,814,195,244,"[315, 814, 195, 244]",315,814,195,244,"[315, 814, 195, 244]",offline_local_binary_ring_bottom_guard,assets/page_images/001_道因法师碑/p0024.jpg,3,2,1,http://data.library.sh.cn/bt/resource/work/v1e0qbx3r5wp1uw4,http://iiif.library.sh.cn/api/viewer/17A331,https://iiif.library.sh.cn/p/3/02c55611-7427-4cd0-a2cd-a15b5ccbaa9c,https://iiif.library.sh.cn/c/3/b4c3082b-8569-4a1f-ab2c-a941afea33d1,1444,2221,https://iiif.library.sh.cn/c/3/b4c3082b-8569-4a1f-ab2c-a941afea33d1/ap/s,https://iiif.library.sh.cn/c/3/b4c3082b-8569-4a1f-ab2c-a941afea33d1/ap/c/a/f63a891b-7d97-46a4-a054-9c8bbfe5cf29,27,27,supplementing,"[323, 843, 496, 1016]","https://iiif.library.sh.cn/c/3/b4c3082b-8569-4a1f-ab2c-a941afea33d1#xywh=323,843,173,173",李俨撰文，欧阳通楷书,欧阳通（楷书）；李儇（撰文）,唐,龙朔三年十月十日刻立（663）,663,楷书,17A331,《翰墨瑰宝：上海图书馆藏珍本碑帖丛刊》第二辑,iiif_annotation_target_xywh,iiif_xywh
001_道因法师碑_p0024_c028,五,001_道因法师碑,道因法师碑,24,二十四,323,1040,173,173,"[323, 1040, 173, 173]",334,1035,157,154,"[334, 1035, 157, 154]",292,1009,235,235,"[292, 1009, 235, 235]",315,1001,195,222,"[315, 1001, 195, 222]",315,1001,195,222,"[315, 1001, 195, 222]",offline_local_binary_ring_bottom_guard,assets/page_images/001_道因法师碑/p0024.jpg,3,3,1,http://data.library.sh.cn/bt/resource/work/v1e0qbx3r5wp1uw4,http://iiif.library.sh.cn/api/viewer/17A331,https://iiif.library.sh.cn/p/3/02c55611-7427-4cd0-a2cd-a15b5ccbaa9c,https://iiif.library.sh.cn/c/3/b4c3082b-8569-4a1f-ab2c-a941afea33d1,1444,2221,https://iiif.library.sh.cn/c/3/b4c3082b-8569-4a1f-ab2c-a941afea33d1/ap/s,https://iiif.library.sh.cn/c/3/b4c3082b-8569-4a1f-ab2c-a941afea33d1/ap/c/a/a08dab54-3f45-47a9-a3ef-29087e6b9c86,28,28,supplementing,"[323, 1040, 496, 1213]","https://iiif.library.sh.cn/c/3/b4c3082b-8569-4a1f-ab2c-a941afea33d1#xywh=323,1040,173,173",李俨撰文，欧阳通楷书,欧阳通（楷书）；李儇（撰文）,唐,龙朔三年十月十日刻立（663）,663,楷书,17A331,《翰墨瑰宝：上海图书馆藏珍本碑帖丛刊》第二辑,iiif_annotation_target_xywh,iiif_xywh
001_道因法师碑_p0024_c029,乘,001_道因法师碑,道因法师碑,24,二十四,323,1179,173,173,"[323, 1179, 173, 173]",334,1203,157,149,"[334, 1203, 157, 149]",292,1148,235,235,"[292, 1148, 235, 235]",315,1170,195,215,"[315, 1170, 195, 215]",315,1170,195,215,"[315, 1170, 195, 215]",offline_local_binary_ring_bottom_guard,assets/page_images/001_道因法师碑/p0024.jpg,3,4,1,http://data.library.sh.cn/bt/resource/work/v1e0qbx3r5wp1uw4,http://iiif.library.sh.cn/api/viewer/17A331,https://iiif.library.sh.cn/p/3/02c55611-7427-4cd0-a2cd-a15b5ccbaa9c,https://iiif.library.sh.cn/c/3/b4c3082b-8569-4a1f-ab2c-a941afea33d1,1444,2221,https://iiif.library.sh.cn/c/3/b4c3082b-8569-4a1f-ab2c-a941afea33d1/ap/s,https://iiif.library.sh.cn/c/3/b4c3082b-8569-4a1f-ab2c-a941afea33d1/ap/c/a/9d3088e5-271a-4129-9072-8bb9ace4c028,29,29,supplementing,"[323, 1179, 496, 1352]","https://iiif.library.sh.cn/c/3/b4c3082b-8569-4a1f-ab2c-a941afea33d1#xywh=323,1179,173,173",李俨撰文，欧阳通楷书,欧阳通（楷书）；李儇（撰文）,唐,龙朔三年十月十日刻立（663）,663,楷书,17A331,《翰墨瑰宝：上海图书馆藏珍本碑帖丛刊》第二辑,iiif_annotation_target_xywh,iiif_xywh
001_道因法师碑_p0024_c030,之,001_道因法师碑,道因法师碑,24,二十四,323,1366,173,173,"[323, 1366, 173, 173]",334,1366,157,171,"[334, 1366, 157, 171]",292,1335,235,235,"[292, 1335, 235, 235]",315,1331,195,244,"[315, 1331, 195, 244]",315,1331,195,244,"[315, 1331, 195, 244]",offline_local_binary_ring_bottom_guard,assets/page_images/001_道因法师碑/p0024.jpg,3,5,1,http://data.library.sh.cn/bt/resource/work/v1e0qbx3r5wp1uw4,http://iiif.library.sh.cn/api/viewer/17A331,https://iiif.library.sh.cn/p/3/02c55611-7427-4cd0-a2cd-a15b5ccbaa9c,https://iiif.library.sh.cn/c/3/b4c3082b-8569-4a1f-ab2c-a941afea33d1,1444,2221,https://iiif.library.sh.cn/c/3/b4c3082b-8569-4a1f-ab2c-a941afea33d1/ap/s,https://iiif.library.sh.cn/c/3/b4c3082b-8569-4a1f-ab2c-a941afea33d1/ap/c/a/dbbc61e9-d962-4736-b3b6-e645eaf96765,30,30,supplementing,"[323, 1366, 496, 1539]","https://iiif.library.sh.cn/c/3/b4c3082b-8569-4a1f-ab2c-a941afea33d1#xywh=323,1366,173,173",李俨撰文，欧阳通楷书,欧阳通（楷书）；李儇（撰文）,唐,龙朔三年十月十日刻立（663）,663,楷书,17A331,《翰墨瑰宝：上海图书馆藏珍本碑帖丛刊》第二辑,iiif_annotation_target_xywh,iiif_xywh
001_道因法师碑_p0024_c031,说,001_道因法师碑,道因法师碑,24,二十四,323,1549,173,173,"[323, 1549, 173, 173]",334,1552,157,178,"[334, 1552, 157, 178]",292,1518,235,235,"[292, 1518, 235, 235]",315,1514,195,255,"[315, 1514, 195, 255]",315,1514,195,255,"[315, 1514, 195, 255]",offline_local_binary_ring_bottom_guard,assets/page_images/001_道因法师碑/p0024.jpg,3,6,1,http://data.library.sh.cn/bt/resource/work/v1e0qbx3r5wp1uw4,http://iiif.library.sh.cn/api/viewer/17A331,https://iiif.library.sh.cn/p/3/02c55611-7427-4cd0-a2cd-a15b5ccbaa9c,https://iiif.library.sh.cn/c/3/b4c3082b-8569-4a1f-ab2c-a941afea33d1,1444,2221,https://iiif.library.sh.cn/c/3/b4c3082b-8569-4a1f-ab2c-a941afea33d1/ap/s,https://iiif.library.sh.cn/c/3/b4c3082b-8569-4a1f-ab2c-a941afea33d1/ap/c/a/ed2bbb42-664e-4ed6-adec-706d2e496fad,31,31,supplementing,"[323, 1549, 496, 1722]","https://iiif.library.sh.cn/c/3/b4c3082b-8569-4a1f-ab2c-a941afea33d1#xywh=323,1549,173,173",李俨撰文，欧阳通楷书,欧阳通（楷书）；李儇（撰文）,唐,龙朔三年十月十日刻立（663）,663,楷书,17A331,《翰墨瑰宝：上海图书馆藏珍本碑帖丛刊》第二辑,iiif_annotation_target_xywh,iiif_xywh
001_道因法师碑_p0024_c032,四,001_道因法师碑,道因法师碑,24,二十四,323,1754,173,173,"[323, 1754, 173, 173]",334,1746,157,189,"[334, 1746, 157, 189]",292,1723,235,235,"[292, 1723, 235, 235]",315,1711,195,266,"[315, 1711, 195, 266]",315,1711,195,266,"[315, 1711, 195, 266]",offline_local_binary_ring_bottom_guard,assets/page_images/001_道因法师碑/p0024.jpg,3,7,1,http://data.library.sh.cn/bt/resource/work/v1e0qbx3r5wp1uw4,http://iiif.library.sh.cn/api/viewer/17A331,https://iiif.library.sh.cn/p/3/02c55611-7427-4cd0-a2cd-a15b5ccbaa9c,https://iiif.library.sh.cn/c/3/b4c3082b-8569-4a1f-ab2c-a941afea33d1,1444,2221,https://iiif.library.sh.cn/c/3/b4c3082b-8569-4a1f-ab2c-a941afea33d1/ap/s,https://iiif.library.sh.cn/c/3/b4c3082b-8569-4a1f-ab2c-a941afea33d1/ap/c/a/55d07153-eea1-4fab-8601-b7915c98d5b4,32,32,supplementing,"[323, 1754, 496, 1927]","https://iiif.library.sh.cn/c/3/b4c3082b-8569-4a1f-ab2c-a941afea33d1#xywh=323,1754,173,173",李俨撰文，欧阳通楷书,欧阳通（楷书）；李儇（撰文）,唐,龙朔三年十月十日刻立（663）,663,楷书,17A331,《翰墨瑰宝：上海图书馆藏珍本碑帖丛刊》第二辑,iiif_annotation_target_xywh,iiif_xywh
001_道因法师碑_p0024_c033,印,001_道因法师碑,道因法师碑,24,二十四,180,531,118,118,"[180, 531, 118, 118]",170,517,151,146,"[170, 517, 151, 146]",159,510,160,160,"[159, 510, 160, 160]",152,493,187,202,"[152, 493, 187, 202]",152,493,187,202,"[152, 493, 187, 202]",offline_local_binary_ring_bottom_guard,assets/page_images/001_道因法师碑/p0024.jpg,4,0,1,http://data.library.sh.cn/bt/resource/work/v1e0qbx3r5wp1uw4,http://iiif.library.sh.cn/api/viewer/17A331,https://iiif.library.sh.cn/p/3/02c55611-7427-4cd0-a2cd-a15b5ccbaa9c,https://iiif.library.sh.cn/c/3/b4c3082b-8569-4a1f-ab2c-a941afea33d1,1444,2221,https://iiif.library.sh.cn/c/3/b4c3082b-8569-4a1f-ab2c-a941afea33d1/ap/s,https://iiif.library.sh.cn/c/3/b4c3082b-8569-4a1f-ab2c-a941afea33d1/ap/c/a/4205327a-b409-4b76-8f40-0a834ecc2579,33,33,supplementing,"[180, 531, 298, 649]","https://iiif.library.sh.cn/c/3/b4c3082b-8569-4a1f-ab2c-a941afea33d1#xywh=180,531,118,118",李俨撰文，欧阳通楷书,欧阳通（楷书）；李儇（撰文）,唐,龙朔三年十月十日刻立（663）,663,楷书,17A331,《翰墨瑰宝：上海图书馆藏珍本碑帖丛刊》第二辑,iiif_annotation_target_xywh,iiif_xywh
001_道因法师碑_p0024_c034,之,001_道因法师碑,道因法师碑,24,二十四,180,690,118,118,"[180, 690, 118, 118]",170,676,151,160,"[170, 676, 151, 160]",159,669,160,160,"[159, 669, 160, 160]",152,652,187,219,"[152, 652, 187, 219]",152,652,187,219,"[152, 652, 187, 219]",offline_local_binary_ring_bottom_guard,assets/page_images/001_道因法师碑/p0024.jpg,4,1,1,http://data.library.sh.cn/bt/resource/work/v1e0qbx3r5wp1uw4,http://iiif.library.sh.cn/api/viewer/17A331,https://iiif.library.sh.cn/p/3/02c55611-7427-4cd0-a2cd-a15b5ccbaa9c,https://iiif.library.sh.cn/c/3/b4c3082b-8569-4a1f-ab2c-a941afea33d1,1444,2221,https://iiif.library.sh.cn/c/3/b4c3082b-8569-4a1f-ab2c-a941afea33d1/ap/s,https://iiif.library.sh.cn/c/3/b4c3082b-8569-4a1f-ab2c-a941afea33d1/ap/c/a/2fafaa87-323b-48ac-8665-e13b120eed49,34,34,supplementing,"[180, 690, 298, 808]","https://iiif.library.sh.cn/c/3/b4c3082b-8569-4a1f-ab2c-a941afea33d1#xywh=180,690,118,118",李俨撰文，欧阳通楷书,欧阳通（楷书）；李儇（撰文）,唐,龙朔三年十月十日刻立（663）,663,楷书,17A331,《翰墨瑰宝：上海图书馆藏珍本碑帖丛刊》第二辑,iiif_annotation_target_xywh,iiif_xywh
001_道因法师碑_p0024_c035,宗,001_道因法师碑,道因法师碑,24,二十四,180,877,118,118,"[180, 877, 118, 118]",170,850,151,172,"[170, 850, 151, 172]",159,856,160,160,"[159, 856, 160, 160]",152,826,187,234,"[152, 826, 187, 234]",152,826,187,234,"[152, 826, 187, 234]",offline_local_binary_ring_bottom_guard,assets/page_images/001_道因法师碑/p0024.jpg,4,2,1,http://data.library.sh.cn/bt/resource/work/v1e0qbx3r5wp1uw4,http://iiif.library.sh.cn/api/viewer/17A331,https://iiif.library.sh.cn/p/3/02c55611-7427-4cd0-a2cd-a15b5ccbaa9c,https://iiif.library.sh.cn/c/3/b4c3082b-8569-4a1f-ab2c-a941afea33d1,1444,2221,https://iiif.library.sh.cn/c/3/b4c3082b-8569-4a1f-ab2c-a941afea33d1/ap/s,https://iiif.library.sh.cn/c/3/b4c3082b-8569-4a1f-ab2c-a941afea33d1/ap/c/a/08060583-cb62-466b-a674-6ff0ba052180,35,35,supplementing,"[180, 877, 298, 995]","https://iiif.library.sh.cn/c/3/b4c3082b-8569-4a1f-ab2c-a941afea33d1#xywh=180,877,118,118",李俨撰文，欧阳通楷书,欧阳通（楷书）；李儇（撰文）,唐,龙朔三年十月十日刻立（663）,663,楷书,17A331,《翰墨瑰宝：上海图书馆藏珍本碑帖丛刊》第二辑,iiif_annotation_target_xywh,iiif_xywh
001_道因法师碑_p0024_c036,照,001_道因法师碑,道因法师碑,24,二十四,180,1063,118,118,"[180, 1063, 118, 118]",170,1036,151,158,"[170, 1036, 151, 158]",159,1042,160,160,"[159, 1042, 160, 160]",152,1012,187,217,"[152, 1012, 187, 217]",152,1012,187,217,"[152, 1012, 187, 217]",offline_local_binary_ring_bottom_guard,assets/page_images/001_道因法师碑/p0024.jpg,4,3,1,http://data.library.sh.cn/bt/resource/work/v1e0qbx3r5wp1uw4,http://iiif.library.sh.cn/api/viewer/17A331,https://iiif.library.sh.cn/p/3/02c55611-7427-4cd0-a2cd-a15b5ccbaa9c,https://iiif.library.sh.cn/c/3/b4c3082b-8569-4a1f-ab2c-a941afea33d1,1444,2221,https://iiif.library.sh.cn/c/3/b4c3082b-8569-4a1f-ab2c-a941afea33d1/ap/s,https://iiif.library.sh.cn/c/3/b4c3082b-8569-4a1f-ab2c-a941afea33d1/ap/c/a/a832aefc-c2aa-456c-b08a-757a2ae837ab,36,36,supplementing,"[180, 1063, 298, 1181]","https://iiif.library.sh.cn/c/3/b4c3082b-8569-4a1f-ab2c-a941afea33d1#xywh=180,1063,118,118",李俨撰文，欧阳通楷书,欧阳通（楷书）；李儇（撰文）,唐,龙朔三年十月十日刻立（663）,663,楷书,17A331,《翰墨瑰宝：上海图书馆藏珍本碑帖丛刊》第二辑,iiif_annotation_target_xywh,iiif_xywh
001_道因法师碑_p0024_c037,尽,001_道因法师碑,道因法师碑,24,二十四,180,1208,143,143,"[180, 1208, 143, 143]",170,1208,151,172,"[170, 1208, 151, 172]",154,1182,195,195,"[154, 1182, 195, 195]",152,1179,187,239,"[152, 1179, 187, 239]",152,1179,187,239,"[152, 1179, 187, 239]",offline_local_binary_ring_bottom_guard,assets/page_images/001_道因法师碑/p0024.jpg,4,4,1,http://data.library.sh.cn/bt/resource/work/v1e0qbx3r5wp1uw4,http://iiif.library.sh.cn/api/viewer/17A331,https://iiif.library.sh.cn/p/3/02c55611-7427-4cd0-a2cd-a15b5ccbaa9c,https://iiif.library.sh.cn/c/3/b4c3082b-8569-4a1f-ab2c-a941afea33d1,1444,2221,https://iiif.library.sh.cn/c/3/b4c3082b-8569-4a1f-ab2c-a941afea33d1/ap/s,https://iiif.library.sh.cn/c/3/b4c3082b-8569-4a1f-ab2c-a941afea33d1/ap/c/a/2945546b-ea64-41eb-b757-72a999b5f21d,37,37,supplementing,"[180, 1208, 323, 1351]","https://iiif.library.sh.cn/c/3/b4c3082b-8569-4a1f-ab2c-a941afea33d1#xywh=180,1208,143,143",李俨撰文，欧阳通楷书,欧阳通（楷书）；李儇（撰文）,唐,龙朔三年十月十日刻立（663）,663,楷书,17A331,《翰墨瑰宝：上海图书馆藏珍本碑帖丛刊》第二辑,iiif_annotation_target_xywh,iiif_xywh
001_道因法师碑_p0024_c038,几,001_道因法师碑,道因法师碑,24,二十四,180,1423,143,143,"[180, 1423, 143, 143]",170,1395,151,177,"[170, 1395, 151, 177]",154,1397,195,195,"[154, 1397, 195, 195]",152,1366,187,245,"[152, 1366, 187, 245]",152,1366,187,245,"[152, 1366, 187, 245]",offline_local_binary_ring_bottom_guard,assets/page_images/001_道因法师碑/p0024.jpg,4,5,1,http://data.library.sh.cn/bt/resource/work/v1e0qbx3r5wp1uw4,http://iiif.library.sh.cn/api/viewer/17A331,https://iiif.library.sh.cn/p/3/02c55611-7427-4cd0-a2cd-a15b5ccbaa9c,https://iiif.library.sh.cn/c/3/b4c3082b-8569-4a1f-ab2c-a941afea33d1,1444,2221,https://iiif.library.sh.cn/c/3/b4c3082b-8569-4a1f-ab2c-a941afea33d1/ap/s,https://iiif.library.sh.cn/c/3/b4c3082b-8569-4a1f-ab2c-a941afea33d1/ap/c/a/5c5ca412-0419-4b36-8a0c-7e1874c73476,38,38,supplementing,"[180, 1423, 323, 1566]","https://iiif.library.sh.cn/c/3/b4c3082b-8569-4a1f-ab2c-a941afea33d1#xywh=180,1423,143,143",李俨撰文，欧阳通楷书,欧阳通（楷书）；李儇（撰文）,唐,龙朔三年十月十日刻立（663）,663,楷书,17A331,《翰墨瑰宝：上海图书馆藏珍本碑帖丛刊》第二辑,iiif_annotation_target_xywh,iiif_xywh
001_道因法师碑_p0024_c039,初,001_道因法师碑,道因法师碑,24,二十四,180,1593,143,143,"[180, 1593, 143, 143]",170,1586,151,152,"[170, 1586, 151, 152]",154,1567,195,195,"[154, 1567, 195, 195]",152,1557,187,214,"[152, 1557, 187, 214]",152,1557,187,214,"[152, 1557, 187, 214]",offline_local_binary_ring_bottom_guard,assets/page_images/001_道因法师碑/p0024.jpg,4,6,1,http://data.library.sh.cn/bt/resource/work/v1e0qbx3r5wp1uw4,http://iiif.library.sh.cn/api/viewer/17A331,https://iiif.library.sh.cn/p/3/02c55611-7427-4cd0-a2cd-a15b5ccbaa9c,https://iiif.library.sh.cn/c/3/b4c3082b-8569-4a1f-ab2c-a941afea33d1,1444,2221,https://iiif.library.sh.cn/c/3/b4c3082b-8569-4a1f-ab2c-a941afea33d1/ap/s,https://iiif.library.sh.cn/c/3/b4c3082b-8569-4a1f-ab2c-a941afea33d1/ap/c/a/64fcdb1f-92be-4fc7-96e5-3a103781daf9,39,39,supplementing,"[180, 1593, 323, 1736]","https://iiif.library.sh.cn/c/3/b4c3082b-8569-4a1f-ab2c-a941afea33d1#xywh=180,1593,143,143",李俨撰文，欧阳通楷书,欧阳通（楷书）；李儇（撰文）,唐,龙朔三年十月十日刻立（663）,663,楷书,17A331,《翰墨瑰宝：上海图书馆藏珍本碑帖丛刊》第二辑,iiif_annotation_target_xywh,iiif_xywh
001_道因法师碑_p0024_c040,言,001_道因法师碑,道因法师碑,24,二十四,180,1754,143,143,"[180, 1754, 143, 143]",170,1751,151,149,"[170, 1751, 151, 149]",154,1728,195,195,"[154, 1728, 195, 195]",152,1722,187,211,"[152, 1722, 187, 211]",152,1722,187,211,"[152, 1722, 187, 211]",offline_local_binary_ring_bottom_guard,assets/page_images/001_道因法师碑/p0024.jpg,4,7,1,http://data.library.sh.cn/bt/resource/work/v1e0qbx3r5wp1uw4,http://iiif.library.sh.cn/api/viewer/17A331,https://iiif.library.sh.cn/p/3/02c55611-7427-4cd0-a2cd-a15b5ccbaa9c,https://iiif.library.sh.cn/c/3/b4c3082b-8569-4a1f-ab2c-a941afea33d1,1444,2221,https://iiif.library.sh.cn/c/3/b4c3082b-8569-4a1f-ab2c-a941afea33d1/ap/s,https://iiif.library.sh.cn/c/3/b4c3082b-8569-4a1f-ab2c-a941afea33d1/ap/c/a/9d1fcba3-6b51-4a9e-a272-0aaeff83541c,40,40,supplementing,"[180, 1754, 323, 1897]","https://iiif.library.sh.cn/c/3/b4c3082b-8569-4a1f-ab2c-a941afea33d1#xywh=180,1754,143,143",李俨撰文，欧阳通楷书,欧阳通（楷书）；李儇（撰文）,唐,龙朔三年十月十日刻立（663）,663,楷书,17A331,《翰墨瑰宝：上海图书馆藏珍本碑帖丛刊》第二辑,iiif_annotation_target_xywh,iiif_xywh
