work_index,work_id,title,canvas_index,canvas_label,fetched_annotation_pages,raw_annotation_count,kept_single_char_xywh_count,missing_xywh_count,multi_or_non_single_text_count,status
1,001_道因法师碑,道因法师碑,1,一,1,0,0,0,0,NO_SINGLE_CHAR_XYWH
1,001_道因法师碑,道因法师碑,2,二,1,0,0,0,0,NO_SINGLE_CHAR_XYWH
1,001_道因法师碑,道因法师碑,3,三,1,0,0,0,0,NO_SINGLE_CHAR_XYWH
1,001_道因法师碑,道因法师碑,4,四,1,0,0,0,0,NO_SINGLE_CHAR_XYWH
1,001_道因法师碑,道因法师碑,5,五,1,7,7,0,0,PASS
1,001_道因法师碑,道因法师碑,6,六,1,34,34,0,0,PASS
1,001_道因法师碑,道因法师碑,7,七,1,29,29,0,0,PASS
1,001_道因法师碑,道因法师碑,8,八,1,40,40,0,0,PASS
1,001_道因法师碑,道因法师碑,9,九,1,40,40,0,0,PASS
1,001_道因法师碑,道因法师碑,10,十,1,40,40,0,0,PASS
1,001_道因法师碑,道因法师碑,11,十一,1,40,40,0,0,PASS
1,001_道因法师碑,道因法师碑,12,十二,1,40,40,0,0,PASS
1,001_道因法师碑,道因法师碑,13,十三,1,40,40,0,0,PASS
1,001_道因法师碑,道因法师碑,14,十四,1,40,40,0,0,PASS
1,001_道因法师碑,道因法师碑,15,十五,1,40,40,0,0,PASS
1,001_道因法师碑,道因法师碑,16,十六,1,40,40,0,0,PASS
1,001_道因法师碑,道因法师碑,17,十七,1,40,40,0,0,PASS
1,001_道因法师碑,道因法师碑,18,十八,1,40,40,0,0,PASS
1,001_道因法师碑,道因法师碑,19,十九,1,40,40,0,0,PASS
1,001_道因法师碑,道因法师碑,20,二十,1,40,40,0,0,PASS
1,001_道因法师碑,道因法师碑,21,二十一,1,40,40,0,0,PASS
1,001_道因法师碑,道因法师碑,22,二十二,1,40,40,0,0,PASS
1,001_道因法师碑,道因法师碑,23,二十三,1,40,40,0,0,PASS
1,001_道因法师碑,道因法师碑,24,二十四,1,40,40,0,0,PASS
1,001_道因法师碑,道因法师碑,25,二十五,1,40,40,0,0,PASS
1,001_道因法师碑,道因法师碑,26,二十六,1,40,40,0,0,PASS
1,001_道因法师碑,道因法师碑,27,二十七,1,40,40,0,0,PASS
1,001_道因法师碑,道因法师碑,28,二十八,1,40,40,0,0,PASS
1,001_道因法师碑,道因法师碑,29,二十九,1,40,40,0,0,PASS
1,001_道因法师碑,道因法师碑,30,三十,1,40,40,0,0,PASS
1,001_道因法师碑,道因法师碑,31,三十一,1,39,39,0,0,PASS
1,001_道因法师碑,道因法师碑,32,三十二,1,40,40,0,0,PASS
1,001_道因法师碑,道因法师碑,33,三十三,1,40,40,0,0,PASS
1,001_道因法师碑,道因法师碑,34,三十四,1,40,40,0,0,PASS
1,001_道因法师碑,道因法师碑,35,三十五,1,40,40,0,0,PASS
1,001_道因法师碑,道因法师碑,36,三十六,1,40,40,0,0,PASS
1,001_道因法师碑,道因法师碑,37,三十七,1,40,40,0,0,PASS
1,001_道因法师碑,道因法师碑,38,三十八,1,40,40,0,0,PASS
1,001_道因法师碑,道因法师碑,39,三十九,1,40,40,0,0,PASS
1,001_道因法师碑,道因法师碑,40,四十,1,40,40,0,0,PASS
1,001_道因法师碑,道因法师碑,41,四十一,1,40,40,0,0,PASS
1,001_道因法师碑,道因法师碑,42,四十二,1,40,40,0,0,PASS
1,001_道因法师碑,道因法师碑,43,四十三,1,40,40,0,0,PASS
1,001_道因法师碑,道因法师碑,44,四十四,1,39,39,0,0,PASS
1,001_道因法师碑,道因法师碑,45,四十五,1,39,39,0,0,PASS
1,001_道因法师碑,道因法师碑,46,四十六,1,37,37,0,0,PASS
1,001_道因法师碑,道因法师碑,47,四十七,1,39,39,0,0,PASS
1,001_道因法师碑,道因法师碑,48,四十八,1,40,40,0,0,PASS
1,001_道因法师碑,道因法师碑,49,四十九,1,40,40,0,0,PASS
1,001_道因法师碑,道因法师碑,50,五十,1,40,40,0,0,PASS
1,001_道因法师碑,道因法师碑,51,五十一,1,40,40,0,0,PASS
1,001_道因法师碑,道因法师碑,52,五十二,1,40,40,0,0,PASS
1,001_道因法师碑,道因法师碑,53,五十三,1,40,40,0,0,PASS
1,001_道因法师碑,道因法师碑,54,五十四,1,40,40,0,0,PASS
1,001_道因法师碑,道因法师碑,55,五十五,1,40,40,0,0,PASS
1,001_道因法师碑,道因法师碑,56,五十六,1,40,40,0,0,PASS
1,001_道因法师碑,道因法师碑,57,五十七,1,38,38,0,0,PASS
1,001_道因法师碑,道因法师碑,58,五十八,1,40,40,0,0,PASS
1,001_道因法师碑,道因法师碑,59,五十九,1,40,40,0,0,PASS
1,001_道因法师碑,道因法师碑,60,六十,1,40,40,0,0,PASS
1,001_道因法师碑,道因法师碑,61,六十一,1,40,40,0,0,PASS
1,001_道因法师碑,道因法师碑,62,六十二,1,38,38,0,0,PASS
1,001_道因法师碑,道因法师碑,63,六十三,1,40,40,0,0,PASS
1,001_道因法师碑,道因法师碑,64,六十四,1,34,34,0,0,PASS
1,001_道因法师碑,道因法师碑,65,六十五,1,9,9,0,0,PASS
1,001_道因法师碑,道因法师碑,66,六十六,1,0,0,0,0,NO_SINGLE_CHAR_XYWH
1,001_道因法师碑,道因法师碑,67,六十七,1,0,0,0,0,NO_SINGLE_CHAR_XYWH
1,001_道因法师碑,道因法师碑,68,六十八,1,0,0,0,0,NO_SINGLE_CHAR_XYWH
1,001_道因法师碑,道因法师碑,69,六十九,1,0,0,0,0,NO_SINGLE_CHAR_XYWH
1,001_道因法师碑,道因法师碑,70,七十,1,0,0,0,0,NO_SINGLE_CHAR_XYWH
1,001_道因法师碑,道因法师碑,71,七十一,1,0,0,0,0,NO_SINGLE_CHAR_XYWH
1,001_道因法师碑,道因法师碑,72,七十二,1,0,0,0,0,NO_SINGLE_CHAR_XYWH
2,002_礼器碑并阴,礼器碑并阴,1,一,1,0,0,0,0,NO_SINGLE_CHAR_XYWH
2,002_礼器碑并阴,礼器碑并阴,2,二,1,0,0,0,0,NO_SINGLE_CHAR_XYWH
2,002_礼器碑并阴,礼器碑并阴,3,三,1,0,0,0,0,NO_SINGLE_CHAR_XYWH
2,002_礼器碑并阴,礼器碑并阴,4,四,1,18,18,0,0,PASS
2,002_礼器碑并阴,礼器碑并阴,5,五,1,18,18,0,0,PASS
2,002_礼器碑并阴,礼器碑并阴,6,六,1,18,18,0,0,PASS
2,002_礼器碑并阴,礼器碑并阴,7,七,1,18,18,0,0,PASS
2,002_礼器碑并阴,礼器碑并阴,8,八,1,18,18,0,0,PASS
2,002_礼器碑并阴,礼器碑并阴,9,九,1,18,18,0,0,PASS
2,002_礼器碑并阴,礼器碑并阴,10,十,1,18,18,0,0,PASS
2,002_礼器碑并阴,礼器碑并阴,11,十一,1,18,18,0,0,PASS
2,002_礼器碑并阴,礼器碑并阴,12,十二,1,18,18,0,0,PASS
2,002_礼器碑并阴,礼器碑并阴,13,十三,1,18,18,0,0,PASS
2,002_礼器碑并阴,礼器碑并阴,14,十四,1,18,18,0,0,PASS
2,002_礼器碑并阴,礼器碑并阴,15,十五,1,18,18,0,0,PASS
2,002_礼器碑并阴,礼器碑并阴,16,十六,1,18,18,0,0,PASS
2,002_礼器碑并阴,礼器碑并阴,17,十七,1,14,14,0,0,PASS
2,002_礼器碑并阴,礼器碑并阴,18,十八,1,18,18,0,0,PASS
2,002_礼器碑并阴,礼器碑并阴,19,十九,1,18,18,0,0,PASS
2,002_礼器碑并阴,礼器碑并阴,20,二十,1,18,18,0,0,PASS
2,002_礼器碑并阴,礼器碑并阴,21,二十一,1,18,18,0,0,PASS
2,002_礼器碑并阴,礼器碑并阴,22,二十二,1,18,18,0,0,PASS
2,002_礼器碑并阴,礼器碑并阴,23,二十三,1,18,18,0,0,PASS
2,002_礼器碑并阴,礼器碑并阴,24,二十四,1,18,18,0,0,PASS
2,002_礼器碑并阴,礼器碑并阴,25,二十五,1,18,18,0,0,PASS
2,002_礼器碑并阴,礼器碑并阴,26,二十六,1,18,18,0,0,PASS
2,002_礼器碑并阴,礼器碑并阴,27,二十七,1,18,18,0,0,PASS
2,002_礼器碑并阴,礼器碑并阴,28,二十八,1,18,18,0,0,PASS
2,002_礼器碑并阴,礼器碑并阴,29,二十九,1,17,17,0,0,PASS
2,002_礼器碑并阴,礼器碑并阴,30,三十,1,16,16,0,0,PASS
2,002_礼器碑并阴,礼器碑并阴,31,三十一,1,17,17,0,0,PASS
2,002_礼器碑并阴,礼器碑并阴,32,三十二,1,17,17,0,0,PASS
2,002_礼器碑并阴,礼器碑并阴,33,三十三,1,16,16,0,0,PASS
2,002_礼器碑并阴,礼器碑并阴,34,三十四,1,16,16,0,0,PASS
2,002_礼器碑并阴,礼器碑并阴,35,三十五,1,0,0,0,0,NO_SINGLE_CHAR_XYWH
2,002_礼器碑并阴,礼器碑并阴,36,三十六,1,0,0,0,0,NO_SINGLE_CHAR_XYWH
2,002_礼器碑并阴,礼器碑并阴,37,三十七,1,0,0,0,0,NO_SINGLE_CHAR_XYWH
2,002_礼器碑并阴,礼器碑并阴,38,三十八,1,0,0,0,0,NO_SINGLE_CHAR_XYWH
2,002_礼器碑并阴,礼器碑并阴,39,三十九,1,0,0,0,0,NO_SINGLE_CHAR_XYWH
2,002_礼器碑并阴,礼器碑并阴,40,四十,1,21,21,0,0,PASS
2,002_礼器碑并阴,礼器碑并阴,41,四十一,1,17,17,0,0,PASS
2,002_礼器碑并阴,礼器碑并阴,42,四十二,1,15,15,0,0,PASS
2,002_礼器碑并阴,礼器碑并阴,43,四十三,1,18,18,0,0,PASS
2,002_礼器碑并阴,礼器碑并阴,44,四十四,1,16,16,0,0,PASS
2,002_礼器碑并阴,礼器碑并阴,45,四十五,1,17,17,0,0,PASS
2,002_礼器碑并阴,礼器碑并阴,46,四十六,1,16,16,0,0,PASS
2,002_礼器碑并阴,礼器碑并阴,47,四十七,1,12,12,0,0,PASS
2,002_礼器碑并阴,礼器碑并阴,48,四十八,1,14,14,0,0,PASS
2,002_礼器碑并阴,礼器碑并阴,49,四十九,1,27,27,0,0,PASS
2,002_礼器碑并阴,礼器碑并阴,50,五十,1,18,18,0,0,PASS
2,002_礼器碑并阴,礼器碑并阴,51,五十一,1,14,14,0,0,PASS
2,002_礼器碑并阴,礼器碑并阴,52,五十二,1,16,16,0,0,PASS
2,002_礼器碑并阴,礼器碑并阴,53,五十三,1,15,15,0,0,PASS
2,002_礼器碑并阴,礼器碑并阴,54,五十四,1,16,16,0,0,PASS
2,002_礼器碑并阴,礼器碑并阴,55,五十五,1,17,17,0,0,PASS
2,002_礼器碑并阴,礼器碑并阴,56,五十六,1,17,17,0,0,PASS
2,002_礼器碑并阴,礼器碑并阴,57,五十七,1,16,16,0,0,PASS
2,002_礼器碑并阴,礼器碑并阴,58,五十八,1,16,16,0,0,PASS
2,002_礼器碑并阴,礼器碑并阴,59,五十九,1,15,15,0,0,PASS
2,002_礼器碑并阴,礼器碑并阴,60,六十,1,16,16,0,0,PASS
2,002_礼器碑并阴,礼器碑并阴,61,六十一,1,15,15,0,0,PASS
2,002_礼器碑并阴,礼器碑并阴,62,六十二,1,17,17,0,0,PASS
2,002_礼器碑并阴,礼器碑并阴,63,六十三,1,16,16,0,0,PASS
2,002_礼器碑并阴,礼器碑并阴,64,六十四,1,17,17,0,0,PASS
2,002_礼器碑并阴,礼器碑并阴,65,六十五,1,16,16,0,0,PASS
2,002_礼器碑并阴,礼器碑并阴,66,六十六,1,20,20,0,0,PASS
2,002_礼器碑并阴,礼器碑并阴,67,六十七,1,21,21,0,0,PASS
2,002_礼器碑并阴,礼器碑并阴,68,六十八,1,18,18,0,0,PASS
2,002_礼器碑并阴,礼器碑并阴,69,六十九,1,16,16,0,0,PASS
2,002_礼器碑并阴,礼器碑并阴,70,七十,1,16,16,0,0,PASS
2,002_礼器碑并阴,礼器碑并阴,71,七十一,1,12,12,0,0,PASS
2,002_礼器碑并阴,礼器碑并阴,72,七十二,1,0,0,0,0,NO_SINGLE_CHAR_XYWH
2,002_礼器碑并阴,礼器碑并阴,73,七十三,1,0,0,0,0,NO_SINGLE_CHAR_XYWH
2,002_礼器碑并阴,礼器碑并阴,74,七十四,1,0,0,0,0,NO_SINGLE_CHAR_XYWH
3,003_龙藏寺碑,龙藏寺碑,1,一,1,0,0,0,0,NO_SINGLE_CHAR_XYWH
3,003_龙藏寺碑,龙藏寺碑,2,二,1,0,0,0,0,NO_SINGLE_CHAR_XYWH
3,003_龙藏寺碑,龙藏寺碑,3,三,1,0,0,0,0,NO_SINGLE_CHAR_XYWH
3,003_龙藏寺碑,龙藏寺碑,4,四,1,0,0,0,0,NO_SINGLE_CHAR_XYWH
3,003_龙藏寺碑,龙藏寺碑,5,五,1,0,0,0,0,NO_SINGLE_CHAR_XYWH
3,003_龙藏寺碑,龙藏寺碑,6,六,1,24,24,0,0,PASS
3,003_龙藏寺碑,龙藏寺碑,7,七,1,24,24,0,0,PASS
3,003_龙藏寺碑,龙藏寺碑,8,八,1,24,24,0,0,PASS
3,003_龙藏寺碑,龙藏寺碑,9,九,1,24,24,0,0,PASS
3,003_龙藏寺碑,龙藏寺碑,10,十,1,24,24,0,0,PASS
3,003_龙藏寺碑,龙藏寺碑,11,十一,1,24,24,0,0,PASS
3,003_龙藏寺碑,龙藏寺碑,12,十二,1,24,24,0,0,PASS
3,003_龙藏寺碑,龙藏寺碑,13,十三,1,24,24,0,0,PASS
3,003_龙藏寺碑,龙藏寺碑,14,十四,1,24,24,0,0,PASS
3,003_龙藏寺碑,龙藏寺碑,15,十五,1,24,24,0,0,PASS
3,003_龙藏寺碑,龙藏寺碑,16,十六,1,24,24,0,0,PASS
3,003_龙藏寺碑,龙藏寺碑,17,十七,1,24,24,0,0,PASS
3,003_龙藏寺碑,龙藏寺碑,18,十八,1,24,24,0,0,PASS
3,003_龙藏寺碑,龙藏寺碑,19,十九,1,24,24,0,0,PASS
3,003_龙藏寺碑,龙藏寺碑,20,二十,1,24,24,0,0,PASS
3,003_龙藏寺碑,龙藏寺碑,21,二十一,1,24,24,0,0,PASS
3,003_龙藏寺碑,龙藏寺碑,22,二十二,1,24,24,0,0,PASS
3,003_龙藏寺碑,龙藏寺碑,23,二十三,1,24,24,0,0,PASS
3,003_龙藏寺碑,龙藏寺碑,24,二十四,1,24,24,0,0,PASS
3,003_龙藏寺碑,龙藏寺碑,25,二十五,1,24,24,0,0,PASS
3,003_龙藏寺碑,龙藏寺碑,26,二十六,1,24,24,0,0,PASS
3,003_龙藏寺碑,龙藏寺碑,27,二十七,1,24,24,0,0,PASS
3,003_龙藏寺碑,龙藏寺碑,28,二十八,1,24,24,0,0,PASS
3,003_龙藏寺碑,龙藏寺碑,29,二十九,1,24,24,0,0,PASS
3,003_龙藏寺碑,龙藏寺碑,30,三十,1,24,24,0,0,PASS
3,003_龙藏寺碑,龙藏寺碑,31,三十一,1,24,24,0,0,PASS
3,003_龙藏寺碑,龙藏寺碑,32,三十二,1,24,24,0,0,PASS
3,003_龙藏寺碑,龙藏寺碑,33,三十三,1,24,24,0,0,PASS
3,003_龙藏寺碑,龙藏寺碑,34,三十四,1,24,24,0,0,PASS
3,003_龙藏寺碑,龙藏寺碑,35,三十五,1,24,24,0,0,PASS
3,003_龙藏寺碑,龙藏寺碑,36,三十六,1,24,24,0,0,PASS
3,003_龙藏寺碑,龙藏寺碑,37,三十七,1,24,24,0,0,PASS
3,003_龙藏寺碑,龙藏寺碑,38,三十八,1,24,24,0,0,PASS
3,003_龙藏寺碑,龙藏寺碑,39,三十九,1,24,24,0,0,PASS
3,003_龙藏寺碑,龙藏寺碑,40,四十,1,24,24,0,0,PASS
3,003_龙藏寺碑,龙藏寺碑,41,四十一,1,24,24,0,0,PASS
3,003_龙藏寺碑,龙藏寺碑,42,四十二,1,24,24,0,0,PASS
3,003_龙藏寺碑,龙藏寺碑,43,四十三,1,24,24,0,0,PASS
3,003_龙藏寺碑,龙藏寺碑,44,四十四,1,23,23,0,0,PASS
3,003_龙藏寺碑,龙藏寺碑,45,四十五,1,24,24,0,0,PASS
3,003_龙藏寺碑,龙藏寺碑,46,四十六,1,24,24,0,0,PASS
3,003_龙藏寺碑,龙藏寺碑,47,四十七,1,24,24,0,0,PASS
3,003_龙藏寺碑,龙藏寺碑,48,四十八,1,24,24,0,0,PASS
3,003_龙藏寺碑,龙藏寺碑,49,四十九,1,24,24,0,0,PASS
3,003_龙藏寺碑,龙藏寺碑,50,五十,1,24,24,0,0,PASS
3,003_龙藏寺碑,龙藏寺碑,51,五十一,1,24,24,0,0,PASS
3,003_龙藏寺碑,龙藏寺碑,52,五十二,1,24,24,0,0,PASS
3,003_龙藏寺碑,龙藏寺碑,53,五十三,1,24,24,0,0,PASS
3,003_龙藏寺碑,龙藏寺碑,54,五十四,1,23,23,0,0,PASS
3,003_龙藏寺碑,龙藏寺碑,55,五十五,1,23,23,0,0,PASS
3,003_龙藏寺碑,龙藏寺碑,56,五十六,1,23,23,0,0,PASS
3,003_龙藏寺碑,龙藏寺碑,57,五十七,1,24,24,0,0,PASS
3,003_龙藏寺碑,龙藏寺碑,58,五十八,1,24,24,0,0,PASS
3,003_龙藏寺碑,龙藏寺碑,59,五十九,1,24,24,0,0,PASS
3,003_龙藏寺碑,龙藏寺碑,60,六十,1,24,24,0,0,PASS
3,003_龙藏寺碑,龙藏寺碑,61,六十一,1,24,24,0,0,PASS
3,003_龙藏寺碑,龙藏寺碑,62,六十二,1,24,24,0,0,PASS
3,003_龙藏寺碑,龙藏寺碑,63,六十三,1,24,24,0,0,PASS
3,003_龙藏寺碑,龙藏寺碑,64,六十四,1,23,23,0,0,PASS
3,003_龙藏寺碑,龙藏寺碑,65,六十五,1,15,15,0,0,PASS
3,003_龙藏寺碑,龙藏寺碑,66,六十六,1,0,0,0,0,NO_SINGLE_CHAR_XYWH
3,003_龙藏寺碑,龙藏寺碑,67,六十七,1,0,0,0,0,NO_SINGLE_CHAR_XYWH
3,003_龙藏寺碑,龙藏寺碑,68,六十八,1,0,0,0,0,NO_SINGLE_CHAR_XYWH
3,003_龙藏寺碑,龙藏寺碑,69,六十九,1,0,0,0,0,NO_SINGLE_CHAR_XYWH
3,003_龙藏寺碑,龙藏寺碑,70,七十,1,0,0,0,0,NO_SINGLE_CHAR_XYWH
3,003_龙藏寺碑,龙藏寺碑,71,七十一,1,0,0,0,0,NO_SINGLE_CHAR_XYWH
3,003_龙藏寺碑,龙藏寺碑,72,七十二,1,0,0,0,0,NO_SINGLE_CHAR_XYWH
3,003_龙藏寺碑,龙藏寺碑,73,七十三,1,0,0,0,0,NO_SINGLE_CHAR_XYWH
3,003_龙藏寺碑,龙藏寺碑,74,七十四,1,0,0,0,0,NO_SINGLE_CHAR_XYWH
3,003_龙藏寺碑,龙藏寺碑,75,七十五,1,0,0,0,0,NO_SINGLE_CHAR_XYWH
3,003_龙藏寺碑,龙藏寺碑,76,七十六,1,0,0,0,0,NO_SINGLE_CHAR_XYWH
3,003_龙藏寺碑,龙藏寺碑,77,七十七,1,0,0,0,0,NO_SINGLE_CHAR_XYWH
3,003_龙藏寺碑,龙藏寺碑,78,七十八,1,0,0,0,0,NO_SINGLE_CHAR_XYWH
3,003_龙藏寺碑,龙藏寺碑,79,七十九,1,0,0,0,0,NO_SINGLE_CHAR_XYWH
3,003_龙藏寺碑,龙藏寺碑,80,八十,1,0,0,0,0,NO_SINGLE_CHAR_XYWH
3,003_龙藏寺碑,龙藏寺碑,81,八十一,1,0,0,0,0,NO_SINGLE_CHAR_XYWH
3,003_龙藏寺碑,龙藏寺碑,82,八十二,1,0,0,0,0,NO_SINGLE_CHAR_XYWH
3,003_龙藏寺碑,龙藏寺碑,83,八十三,1,0,0,0,0,NO_SINGLE_CHAR_XYWH
4,004_麓山寺碑并阴,麓山寺碑并阴,1,一,1,0,0,0,0,NO_SINGLE_CHAR_XYWH
4,004_麓山寺碑并阴,麓山寺碑并阴,2,二,1,0,0,0,0,NO_SINGLE_CHAR_XYWH
4,004_麓山寺碑并阴,麓山寺碑并阴,3,三,1,0,0,0,0,NO_SINGLE_CHAR_XYWH
4,004_麓山寺碑并阴,麓山寺碑并阴,4,四,1,0,0,0,0,NO_SINGLE_CHAR_XYWH
4,004_麓山寺碑并阴,麓山寺碑并阴,5,五,1,0,0,0,0,NO_SINGLE_CHAR_XYWH
4,004_麓山寺碑并阴,麓山寺碑并阴,6,六,1,0,0,0,0,NO_SINGLE_CHAR_XYWH
4,004_麓山寺碑并阴,麓山寺碑并阴,7,七,1,0,0,0,0,NO_SINGLE_CHAR_XYWH
4,004_麓山寺碑并阴,麓山寺碑并阴,8,八,1,0,0,0,0,NO_SINGLE_CHAR_XYWH
4,004_麓山寺碑并阴,麓山寺碑并阴,9,九,1,0,0,0,0,NO_SINGLE_CHAR_XYWH
4,004_麓山寺碑并阴,麓山寺碑并阴,10,十,1,18,18,0,0,PASS
4,004_麓山寺碑并阴,麓山寺碑并阴,11,十一,1,18,18,0,0,PASS
4,004_麓山寺碑并阴,麓山寺碑并阴,12,十二,1,19,19,0,0,PASS
4,004_麓山寺碑并阴,麓山寺碑并阴,13,十三,1,18,18,0,0,PASS
4,004_麓山寺碑并阴,麓山寺碑并阴,14,十四,1,18,18,0,0,PASS
4,004_麓山寺碑并阴,麓山寺碑并阴,15,十五,1,18,18,0,0,PASS
4,004_麓山寺碑并阴,麓山寺碑并阴,16,十六,1,18,18,0,0,PASS
4,004_麓山寺碑并阴,麓山寺碑并阴,17,十七,1,18,18,0,0,PASS
4,004_麓山寺碑并阴,麓山寺碑并阴,18,十八,1,18,18,0,0,PASS
4,004_麓山寺碑并阴,麓山寺碑并阴,19,十九,1,18,18,0,0,PASS
4,004_麓山寺碑并阴,麓山寺碑并阴,20,二十,1,18,18,0,0,PASS
4,004_麓山寺碑并阴,麓山寺碑并阴,21,二十一,1,18,18,0,0,PASS
4,004_麓山寺碑并阴,麓山寺碑并阴,22,二十二,1,12,12,0,0,PASS
4,004_麓山寺碑并阴,麓山寺碑并阴,23,二十三,1,18,18,0,0,PASS
4,004_麓山寺碑并阴,麓山寺碑并阴,24,二十四,1,18,18,0,0,PASS
4,004_麓山寺碑并阴,麓山寺碑并阴,25,二十五,1,18,18,0,0,PASS
4,004_麓山寺碑并阴,麓山寺碑并阴,26,二十六,1,18,18,0,0,PASS
4,004_麓山寺碑并阴,麓山寺碑并阴,27,二十七,1,18,18,0,0,PASS
4,004_麓山寺碑并阴,麓山寺碑并阴,28,二十八,1,18,18,0,0,PASS
4,004_麓山寺碑并阴,麓山寺碑并阴,29,二十九,1,18,18,0,0,PASS
4,004_麓山寺碑并阴,麓山寺碑并阴,30,三十,1,18,18,0,0,PASS
4,004_麓山寺碑并阴,麓山寺碑并阴,31,三十一,1,18,18,0,0,PASS
4,004_麓山寺碑并阴,麓山寺碑并阴,32,三十二,1,18,18,0,0,PASS
4,004_麓山寺碑并阴,麓山寺碑并阴,33,三十三,1,18,18,0,0,PASS
4,004_麓山寺碑并阴,麓山寺碑并阴,34,三十四,1,18,18,0,0,PASS
4,004_麓山寺碑并阴,麓山寺碑并阴,35,三十五,1,18,18,0,0,PASS
4,004_麓山寺碑并阴,麓山寺碑并阴,36,三十六,1,18,18,0,0,PASS
4,004_麓山寺碑并阴,麓山寺碑并阴,37,三十七,1,18,18,0,0,PASS
4,004_麓山寺碑并阴,麓山寺碑并阴,38,三十八,1,18,18,0,0,PASS
4,004_麓山寺碑并阴,麓山寺碑并阴,39,三十九,1,18,18,0,0,PASS
4,004_麓山寺碑并阴,麓山寺碑并阴,40,四十,1,18,18,0,0,PASS
4,004_麓山寺碑并阴,麓山寺碑并阴,41,四十一,1,18,18,0,0,PASS
4,004_麓山寺碑并阴,麓山寺碑并阴,42,四十二,1,18,18,0,0,PASS
4,004_麓山寺碑并阴,麓山寺碑并阴,43,四十三,1,18,18,0,0,PASS
4,004_麓山寺碑并阴,麓山寺碑并阴,44,四十四,1,18,18,0,0,PASS
4,004_麓山寺碑并阴,麓山寺碑并阴,45,四十五,1,18,18,0,0,PASS
4,004_麓山寺碑并阴,麓山寺碑并阴,46,四十六,1,18,18,0,0,PASS
4,004_麓山寺碑并阴,麓山寺碑并阴,47,四十七,1,17,17,0,0,PASS
4,004_麓山寺碑并阴,麓山寺碑并阴,48,四十八,1,18,18,0,0,PASS
4,004_麓山寺碑并阴,麓山寺碑并阴,49,四十九,1,18,18,0,0,PASS
4,004_麓山寺碑并阴,麓山寺碑并阴,50,五十,1,18,18,0,0,PASS
4,004_麓山寺碑并阴,麓山寺碑并阴,51,五十一,1,18,18,0,0,PASS
4,004_麓山寺碑并阴,麓山寺碑并阴,52,五十二,1,18,18,0,0,PASS
4,004_麓山寺碑并阴,麓山寺碑并阴,53,五十三,1,18,18,0,0,PASS
4,004_麓山寺碑并阴,麓山寺碑并阴,54,五十四,1,18,18,0,0,PASS
4,004_麓山寺碑并阴,麓山寺碑并阴,55,五十五,1,18,18,0,0,PASS
4,004_麓山寺碑并阴,麓山寺碑并阴,56,五十六,1,18,18,0,0,PASS
4,004_麓山寺碑并阴,麓山寺碑并阴,57,五十七,1,18,18,0,0,PASS
4,004_麓山寺碑并阴,麓山寺碑并阴,58,五十八,1,18,18,0,0,PASS
4,004_麓山寺碑并阴,麓山寺碑并阴,59,五十九,1,18,18,0,0,PASS
4,004_麓山寺碑并阴,麓山寺碑并阴,60,六十,1,18,18,0,0,PASS
4,004_麓山寺碑并阴,麓山寺碑并阴,61,六十一,1,18,18,0,0,PASS
4,004_麓山寺碑并阴,麓山寺碑并阴,62,六十二,1,18,18,0,0,PASS
4,004_麓山寺碑并阴,麓山寺碑并阴,63,六十三,1,18,18,0,0,PASS
4,004_麓山寺碑并阴,麓山寺碑并阴,64,六十四,1,33,33,0,0,PASS
4,004_麓山寺碑并阴,麓山寺碑并阴,65,六十五,1,18,18,0,0,PASS
4,004_麓山寺碑并阴,麓山寺碑并阴,66,六十六,1,18,18,0,0,PASS
4,004_麓山寺碑并阴,麓山寺碑并阴,67,六十七,1,18,18,0,0,PASS
4,004_麓山寺碑并阴,麓山寺碑并阴,68,六十八,1,18,18,0,0,PASS
4,004_麓山寺碑并阴,麓山寺碑并阴,69,六十九,1,18,18,0,0,PASS
4,004_麓山寺碑并阴,麓山寺碑并阴,70,七十,1,18,18,0,0,PASS
4,004_麓山寺碑并阴,麓山寺碑并阴,71,七十一,1,18,18,0,0,PASS
4,004_麓山寺碑并阴,麓山寺碑并阴,72,七十二,1,18,18,0,0,PASS
4,004_麓山寺碑并阴,麓山寺碑并阴,73,七十三,1,18,18,0,0,PASS
4,004_麓山寺碑并阴,麓山寺碑并阴,74,七十四,1,19,19,0,0,PASS
4,004_麓山寺碑并阴,麓山寺碑并阴,75,七十五,1,18,18,0,0,PASS
4,004_麓山寺碑并阴,麓山寺碑并阴,76,七十六,1,18,18,0,0,PASS
4,004_麓山寺碑并阴,麓山寺碑并阴,77,七十七,1,18,18,0,0,PASS
4,004_麓山寺碑并阴,麓山寺碑并阴,78,七十八,1,18,18,0,0,PASS
4,004_麓山寺碑并阴,麓山寺碑并阴,79,七十九,1,19,19,0,0,PASS
4,004_麓山寺碑并阴,麓山寺碑并阴,80,八十,1,18,18,0,0,PASS
4,004_麓山寺碑并阴,麓山寺碑并阴,81,八十一,1,19,19,0,0,PASS
4,004_麓山寺碑并阴,麓山寺碑并阴,82,八十二,1,18,18,0,0,PASS
4,004_麓山寺碑并阴,麓山寺碑并阴,83,八十三,1,16,16,0,0,PASS
4,004_麓山寺碑并阴,麓山寺碑并阴,84,八十四,1,16,16,0,0,PASS
4,004_麓山寺碑并阴,麓山寺碑并阴,85,八十五,1,16,16,0,0,PASS
4,004_麓山寺碑并阴,麓山寺碑并阴,86,八十六,1,17,17,0,0,PASS
4,004_麓山寺碑并阴,麓山寺碑并阴,87,八十七,1,18,18,0,0,PASS
4,004_麓山寺碑并阴,麓山寺碑并阴,88,八十八,1,14,14,0,0,PASS
4,004_麓山寺碑并阴,麓山寺碑并阴,89,八十九,1,0,0,0,0,NO_SINGLE_CHAR_XYWH
4,004_麓山寺碑并阴,麓山寺碑并阴,90,九十,1,22,22,0,0,PASS
4,004_麓山寺碑并阴,麓山寺碑并阴,91,九十一,1,28,28,0,0,PASS
4,004_麓山寺碑并阴,麓山寺碑并阴,92,九十二,1,19,19,0,0,PASS
4,004_麓山寺碑并阴,麓山寺碑并阴,93,九十三,1,25,25,0,0,PASS
4,004_麓山寺碑并阴,麓山寺碑并阴,94,九十四,1,24,24,0,0,PASS
4,004_麓山寺碑并阴,麓山寺碑并阴,95,九十五,1,17,17,0,0,PASS
4,004_麓山寺碑并阴,麓山寺碑并阴,96,九十六,1,23,23,0,0,PASS
4,004_麓山寺碑并阴,麓山寺碑并阴,97,九十七,1,27,27,0,0,PASS
4,004_麓山寺碑并阴,麓山寺碑并阴,98,九十八,1,24,24,0,0,PASS
4,004_麓山寺碑并阴,麓山寺碑并阴,99,九十九,1,24,24,0,0,PASS
4,004_麓山寺碑并阴,麓山寺碑并阴,100,一百,1,28,28,0,0,PASS
4,004_麓山寺碑并阴,麓山寺碑并阴,101,一百零一,1,25,25,0,0,PASS
4,004_麓山寺碑并阴,麓山寺碑并阴,102,一百零二,1,33,33,0,0,PASS
4,004_麓山寺碑并阴,麓山寺碑并阴,103,一百零三,1,30,30,0,0,PASS
4,004_麓山寺碑并阴,麓山寺碑并阴,104,一百零四,1,11,11,0,0,PASS
4,004_麓山寺碑并阴,麓山寺碑并阴,105,一百零五,1,8,8,0,0,PASS
4,004_麓山寺碑并阴,麓山寺碑并阴,106,一百零六,1,11,11,0,0,PASS
4,004_麓山寺碑并阴,麓山寺碑并阴,107,一百零七,1,5,5,0,0,PASS
4,004_麓山寺碑并阴,麓山寺碑并阴,108,一百零八,1,12,12,0,0,PASS
4,004_麓山寺碑并阴,麓山寺碑并阴,109,一百零九,1,11,11,0,0,PASS
4,004_麓山寺碑并阴,麓山寺碑并阴,110,一百一十,1,0,0,0,0,NO_SINGLE_CHAR_XYWH
4,004_麓山寺碑并阴,麓山寺碑并阴,111,一百一十一,1,0,0,0,0,NO_SINGLE_CHAR_XYWH
4,004_麓山寺碑并阴,麓山寺碑并阴,112,一百一十二,1,0,0,0,0,NO_SINGLE_CHAR_XYWH
4,004_麓山寺碑并阴,麓山寺碑并阴,113,一百一十三,1,0,0,0,0,NO_SINGLE_CHAR_XYWH
5,005_虞恭公温彦博碑,虞恭公温彦博碑,1,一,1,0,0,0,0,NO_SINGLE_CHAR_XYWH
5,005_虞恭公温彦博碑,虞恭公温彦博碑,2,二,1,0,0,0,0,NO_SINGLE_CHAR_XYWH
5,005_虞恭公温彦博碑,虞恭公温彦博碑,3,三,1,0,0,0,0,NO_SINGLE_CHAR_XYWH
5,005_虞恭公温彦博碑,虞恭公温彦博碑,4,四,1,4,4,0,0,PASS
5,005_虞恭公温彦博碑,虞恭公温彦博碑,5,五,1,4,4,0,0,PASS
5,005_虞恭公温彦博碑,虞恭公温彦博碑,6,六,1,4,4,0,0,PASS
5,005_虞恭公温彦博碑,虞恭公温彦博碑,7,七,1,4,4,0,0,PASS
5,005_虞恭公温彦博碑,虞恭公温彦博碑,8,八,1,26,26,0,0,PASS
5,005_虞恭公温彦博碑,虞恭公温彦博碑,9,九,1,31,31,0,0,PASS
5,005_虞恭公温彦博碑,虞恭公温彦博碑,10,十,1,30,30,0,0,PASS
5,005_虞恭公温彦博碑,虞恭公温彦博碑,11,十一,1,31,31,0,0,PASS
5,005_虞恭公温彦博碑,虞恭公温彦博碑,12,十二,1,31,31,0,0,PASS
5,005_虞恭公温彦博碑,虞恭公温彦博碑,13,十三,1,30,30,0,0,PASS
5,005_虞恭公温彦博碑,虞恭公温彦博碑,14,十四,1,31,31,0,0,PASS
5,005_虞恭公温彦博碑,虞恭公温彦博碑,15,十五,1,31,31,0,0,PASS
5,005_虞恭公温彦博碑,虞恭公温彦博碑,16,十六,1,32,32,0,0,PASS
5,005_虞恭公温彦博碑,虞恭公温彦博碑,17,十七,1,32,32,0,0,PASS
5,005_虞恭公温彦博碑,虞恭公温彦博碑,18,十八,1,32,32,0,0,PASS
5,005_虞恭公温彦博碑,虞恭公温彦博碑,19,十九,1,32,32,0,0,PASS
5,005_虞恭公温彦博碑,虞恭公温彦博碑,20,二十,1,32,32,0,0,PASS
5,005_虞恭公温彦博碑,虞恭公温彦博碑,21,二十一,1,32,32,0,0,PASS
5,005_虞恭公温彦博碑,虞恭公温彦博碑,22,二十二,1,32,32,0,0,PASS
5,005_虞恭公温彦博碑,虞恭公温彦博碑,23,二十三,1,33,33,0,0,PASS
5,005_虞恭公温彦博碑,虞恭公温彦博碑,24,二十四,1,31,31,0,0,PASS
5,005_虞恭公温彦博碑,虞恭公温彦博碑,25,二十五,1,32,32,0,0,PASS
5,005_虞恭公温彦博碑,虞恭公温彦博碑,26,二十六,1,32,32,0,0,PASS
5,005_虞恭公温彦博碑,虞恭公温彦博碑,27,二十七,1,32,32,0,0,PASS
5,005_虞恭公温彦博碑,虞恭公温彦博碑,28,二十八,1,30,30,0,0,PASS
5,005_虞恭公温彦博碑,虞恭公温彦博碑,29,二十九,1,31,31,0,0,PASS
5,005_虞恭公温彦博碑,虞恭公温彦博碑,30,三十,1,31,31,0,0,PASS
5,005_虞恭公温彦博碑,虞恭公温彦博碑,31,三十一,1,30,30,0,0,PASS
5,005_虞恭公温彦博碑,虞恭公温彦博碑,32,三十二,1,31,31,0,0,PASS
5,005_虞恭公温彦博碑,虞恭公温彦博碑,33,三十三,1,31,31,0,0,PASS
5,005_虞恭公温彦博碑,虞恭公温彦博碑,34,三十四,1,30,30,0,0,PASS
5,005_虞恭公温彦博碑,虞恭公温彦博碑,35,三十五,1,0,0,0,0,NO_SINGLE_CHAR_XYWH
5,005_虞恭公温彦博碑,虞恭公温彦博碑,36,三十六,1,0,0,0,0,NO_SINGLE_CHAR_XYWH
5,005_虞恭公温彦博碑,虞恭公温彦博碑,37,三十七,1,0,0,0,0,NO_SINGLE_CHAR_XYWH
5,005_虞恭公温彦博碑,虞恭公温彦博碑,38,三十八,1,0,0,0,0,NO_SINGLE_CHAR_XYWH
5,005_虞恭公温彦博碑,虞恭公温彦博碑,39,三十九,1,0,0,0,0,NO_SINGLE_CHAR_XYWH
5,005_虞恭公温彦博碑,虞恭公温彦博碑,40,四十,1,0,0,0,0,NO_SINGLE_CHAR_XYWH
5,005_虞恭公温彦博碑,虞恭公温彦博碑,41,四十一,1,0,0,0,0,NO_SINGLE_CHAR_XYWH
5,005_虞恭公温彦博碑,虞恭公温彦博碑,42,四十二,1,0,0,0,0,NO_SINGLE_CHAR_XYWH
5,005_虞恭公温彦博碑,虞恭公温彦博碑,43,四十三,1,0,0,0,0,NO_SINGLE_CHAR_XYWH
5,005_虞恭公温彦博碑,虞恭公温彦博碑,44,四十四,1,0,0,0,0,NO_SINGLE_CHAR_XYWH
5,005_虞恭公温彦博碑,虞恭公温彦博碑,45,四十五,1,0,0,0,0,NO_SINGLE_CHAR_XYWH
5,005_虞恭公温彦博碑,虞恭公温彦博碑,46,四十六,1,0,0,0,0,NO_SINGLE_CHAR_XYWH
5,005_虞恭公温彦博碑,虞恭公温彦博碑,47,四十七,1,0,0,0,0,NO_SINGLE_CHAR_XYWH
5,005_虞恭公温彦博碑,虞恭公温彦博碑,48,四十八,1,0,0,0,0,NO_SINGLE_CHAR_XYWH
5,005_虞恭公温彦博碑,虞恭公温彦博碑,49,四十九,1,0,0,0,0,NO_SINGLE_CHAR_XYWH
5,005_虞恭公温彦博碑,虞恭公温彦博碑,50,五十,1,0,0,0,0,NO_SINGLE_CHAR_XYWH
5,005_虞恭公温彦博碑,虞恭公温彦博碑,51,五十一,1,0,0,0,0,NO_SINGLE_CHAR_XYWH
5,005_虞恭公温彦博碑,虞恭公温彦博碑,52,五十二,1,0,0,0,0,NO_SINGLE_CHAR_XYWH
5,005_虞恭公温彦博碑,虞恭公温彦博碑,53,五十三,1,0,0,0,0,NO_SINGLE_CHAR_XYWH
5,005_虞恭公温彦博碑,虞恭公温彦博碑,54,五十四,1,0,0,0,0,NO_SINGLE_CHAR_XYWH
5,005_虞恭公温彦博碑,虞恭公温彦博碑,55,五十五,1,0,0,0,0,NO_SINGLE_CHAR_XYWH
6,006_史晨后碑,史晨后碑,1,一,1,0,0,0,0,NO_SINGLE_CHAR_XYWH
6,006_史晨后碑,史晨后碑,2,二,1,0,0,0,0,NO_SINGLE_CHAR_XYWH
6,006_史晨后碑,史晨后碑,3,三,1,0,0,0,0,NO_SINGLE_CHAR_XYWH
6,006_史晨后碑,史晨后碑,4,四,1,0,0,0,0,NO_SINGLE_CHAR_XYWH
6,006_史晨后碑,史晨后碑,5,五,1,0,0,0,0,NO_SINGLE_CHAR_XYWH
6,006_史晨后碑,史晨后碑,6,六,1,0,0,0,0,NO_SINGLE_CHAR_XYWH
6,006_史晨后碑,史晨后碑,7,七,1,0,0,0,0,NO_SINGLE_CHAR_XYWH
6,006_史晨后碑,史晨后碑,8,八,1,0,0,0,0,NO_SINGLE_CHAR_XYWH
6,006_史晨后碑,史晨后碑,9,九,1,0,0,0,0,NO_SINGLE_CHAR_XYWH
6,006_史晨后碑,史晨后碑,10,十,1,0,0,0,0,NO_SINGLE_CHAR_XYWH
6,006_史晨后碑,史晨后碑,11,十一,1,32,32,0,0,PASS
6,006_史晨后碑,史晨后碑,12,十二,1,15,15,0,0,PASS
6,006_史晨后碑,史晨后碑,13,十三,1,15,15,0,0,PASS
6,006_史晨后碑,史晨后碑,14,十四,1,15,15,0,0,PASS
6,006_史晨后碑,史晨后碑,15,十五,1,15,15,0,0,PASS
6,006_史晨后碑,史晨后碑,16,十六,1,15,15,0,0,PASS
6,006_史晨后碑,史晨后碑,17,十七,1,15,15,0,0,PASS
6,006_史晨后碑,史晨后碑,18,十八,1,15,15,0,0,PASS
6,006_史晨后碑,史晨后碑,19,十九,1,15,15,0,0,PASS
6,006_史晨后碑,史晨后碑,20,二十,1,12,12,0,0,PASS
6,006_史晨后碑,史晨后碑,21,二十一,1,15,15,0,0,PASS
6,006_史晨后碑,史晨后碑,22,二十二,1,15,15,0,0,PASS
6,006_史晨后碑,史晨后碑,23,二十三,1,15,15,0,0,PASS
6,006_史晨后碑,史晨后碑,24,二十四,1,15,15,0,0,PASS
6,006_史晨后碑,史晨后碑,25,二十五,1,15,15,0,0,PASS
6,006_史晨后碑,史晨后碑,26,二十六,1,15,15,0,0,PASS
6,006_史晨后碑,史晨后碑,27,二十七,1,15,15,0,0,PASS
6,006_史晨后碑,史晨后碑,28,二十八,1,15,15,0,0,PASS
6,006_史晨后碑,史晨后碑,29,二十九,1,15,15,0,0,PASS
6,006_史晨后碑,史晨后碑,30,三十,1,11,11,0,0,PASS
6,006_史晨后碑,史晨后碑,31,三十一,1,15,15,0,0,PASS
6,006_史晨后碑,史晨后碑,32,三十二,1,15,15,0,0,PASS
6,006_史晨后碑,史晨后碑,33,三十三,1,15,15,0,0,PASS
6,006_史晨后碑,史晨后碑,34,三十四,1,15,15,0,0,PASS
6,006_史晨后碑,史晨后碑,35,三十五,1,15,15,0,0,PASS
6,006_史晨后碑,史晨后碑,36,三十六,1,15,15,0,0,PASS
6,006_史晨后碑,史晨后碑,37,三十七,1,14,14,0,0,PASS
6,006_史晨后碑,史晨后碑,38,三十八,1,15,15,0,0,PASS
6,006_史晨后碑,史晨后碑,39,三十九,1,15,15,0,0,PASS
6,006_史晨后碑,史晨后碑,40,四十,1,11,11,0,0,PASS
6,006_史晨后碑,史晨后碑,41,四十一,1,36,36,0,0,PASS
6,006_史晨后碑,史晨后碑,42,四十二,1,36,36,0,0,PASS
6,006_史晨后碑,史晨后碑,43,四十三,1,0,0,0,0,NO_SINGLE_CHAR_XYWH
6,006_史晨后碑,史晨后碑,44,四十四,1,0,0,0,0,NO_SINGLE_CHAR_XYWH
6,006_史晨后碑,史晨后碑,45,四十五,1,0,0,0,0,NO_SINGLE_CHAR_XYWH
6,006_史晨后碑,史晨后碑,46,四十六,1,0,0,0,0,NO_SINGLE_CHAR_XYWH
6,006_史晨后碑,史晨后碑,47,四十七,1,0,0,0,0,NO_SINGLE_CHAR_XYWH
6,006_史晨后碑,史晨后碑,48,四十八,1,0,0,0,0,NO_SINGLE_CHAR_XYWH
6,006_史晨后碑,史晨后碑,49,四十九,1,0,0,0,0,NO_SINGLE_CHAR_XYWH
6,006_史晨后碑,史晨后碑,50,五十,1,0,0,0,0,NO_SINGLE_CHAR_XYWH
6,006_史晨后碑,史晨后碑,51,五十一,1,0,0,0,0,NO_SINGLE_CHAR_XYWH
6,006_史晨后碑,史晨后碑,52,五十二,1,0,0,0,0,NO_SINGLE_CHAR_XYWH
6,006_史晨后碑,史晨后碑,53,五十三,1,0,0,0,0,NO_SINGLE_CHAR_XYWH
6,006_史晨后碑,史晨后碑,54,五十四,1,0,0,0,0,NO_SINGLE_CHAR_XYWH
7,007_伊阙佛龛碑,伊阙佛龛碑,1,一,1,0,0,0,0,NO_SINGLE_CHAR_XYWH
7,007_伊阙佛龛碑,伊阙佛龛碑,2,二,1,0,0,0,0,NO_SINGLE_CHAR_XYWH
7,007_伊阙佛龛碑,伊阙佛龛碑,3,三,1,0,0,0,0,NO_SINGLE_CHAR_XYWH
7,007_伊阙佛龛碑,伊阙佛龛碑,4,四,1,0,0,0,0,NO_SINGLE_CHAR_XYWH
7,007_伊阙佛龛碑,伊阙佛龛碑,5,五,1,0,0,0,0,NO_SINGLE_CHAR_XYWH
7,007_伊阙佛龛碑,伊阙佛龛碑,6,六,1,0,0,0,0,NO_SINGLE_CHAR_XYWH
7,007_伊阙佛龛碑,伊阙佛龛碑,7,七,1,0,0,0,0,NO_SINGLE_CHAR_XYWH
7,007_伊阙佛龛碑,伊阙佛龛碑,8,八,1,0,0,0,0,NO_SINGLE_CHAR_XYWH
7,007_伊阙佛龛碑,伊阙佛龛碑,9,九,1,0,0,0,0,NO_SINGLE_CHAR_XYWH
7,007_伊阙佛龛碑,伊阙佛龛碑,10,十,1,15,15,0,0,PASS
7,007_伊阙佛龛碑,伊阙佛龛碑,11,十一,1,15,15,0,0,PASS
7,007_伊阙佛龛碑,伊阙佛龛碑,12,十二,1,15,15,0,0,PASS
7,007_伊阙佛龛碑,伊阙佛龛碑,13,十三,1,15,15,0,0,PASS
7,007_伊阙佛龛碑,伊阙佛龛碑,14,十四,1,15,15,0,0,PASS
7,007_伊阙佛龛碑,伊阙佛龛碑,15,十五,1,15,15,0,0,PASS
7,007_伊阙佛龛碑,伊阙佛龛碑,16,十六,1,16,16,0,0,PASS
7,007_伊阙佛龛碑,伊阙佛龛碑,17,十七,1,15,15,0,0,PASS
7,007_伊阙佛龛碑,伊阙佛龛碑,18,十八,1,15,15,0,0,PASS
7,007_伊阙佛龛碑,伊阙佛龛碑,19,十九,1,15,15,0,0,PASS
7,007_伊阙佛龛碑,伊阙佛龛碑,20,二十,1,15,15,0,0,PASS
7,007_伊阙佛龛碑,伊阙佛龛碑,21,二十一,1,15,15,0,0,PASS
7,007_伊阙佛龛碑,伊阙佛龛碑,22,二十二,1,15,15,0,0,PASS
7,007_伊阙佛龛碑,伊阙佛龛碑,23,二十三,1,15,15,0,0,PASS
7,007_伊阙佛龛碑,伊阙佛龛碑,24,二十四,1,15,15,0,0,PASS
7,007_伊阙佛龛碑,伊阙佛龛碑,25,二十五,1,15,15,0,0,PASS
7,007_伊阙佛龛碑,伊阙佛龛碑,26,二十六,1,15,15,0,0,PASS
7,007_伊阙佛龛碑,伊阙佛龛碑,27,二十七,1,15,15,0,0,PASS
7,007_伊阙佛龛碑,伊阙佛龛碑,28,二十八,1,15,15,0,0,PASS
7,007_伊阙佛龛碑,伊阙佛龛碑,29,二十九,1,15,15,0,0,PASS
7,007_伊阙佛龛碑,伊阙佛龛碑,30,三十,1,15,15,0,0,PASS
7,007_伊阙佛龛碑,伊阙佛龛碑,31,三十一,1,15,15,0,0,PASS
7,007_伊阙佛龛碑,伊阙佛龛碑,32,三十二,1,15,15,0,0,PASS
7,007_伊阙佛龛碑,伊阙佛龛碑,33,三十三,1,15,15,0,0,PASS
7,007_伊阙佛龛碑,伊阙佛龛碑,34,三十四,1,15,15,0,0,PASS
7,007_伊阙佛龛碑,伊阙佛龛碑,35,三十五,1,15,15,0,0,PASS
7,007_伊阙佛龛碑,伊阙佛龛碑,36,三十六,1,15,15,0,0,PASS
7,007_伊阙佛龛碑,伊阙佛龛碑,37,三十七,1,15,15,0,0,PASS
7,007_伊阙佛龛碑,伊阙佛龛碑,38,三十八,1,15,15,0,0,PASS
7,007_伊阙佛龛碑,伊阙佛龛碑,39,三十九,1,14,14,0,0,PASS
7,007_伊阙佛龛碑,伊阙佛龛碑,40,四十,1,15,15,0,0,PASS
7,007_伊阙佛龛碑,伊阙佛龛碑,41,四十一,1,15,15,0,0,PASS
7,007_伊阙佛龛碑,伊阙佛龛碑,42,四十二,1,15,15,0,0,PASS
7,007_伊阙佛龛碑,伊阙佛龛碑,43,四十三,1,15,15,0,0,PASS
7,007_伊阙佛龛碑,伊阙佛龛碑,44,四十四,1,15,15,0,0,PASS
7,007_伊阙佛龛碑,伊阙佛龛碑,45,四十五,1,15,15,0,0,PASS
7,007_伊阙佛龛碑,伊阙佛龛碑,46,四十六,1,15,15,0,0,PASS
7,007_伊阙佛龛碑,伊阙佛龛碑,47,四十七,1,15,15,0,0,PASS
7,007_伊阙佛龛碑,伊阙佛龛碑,48,四十八,1,15,15,0,0,PASS
7,007_伊阙佛龛碑,伊阙佛龛碑,49,四十九,1,15,15,0,0,PASS
7,007_伊阙佛龛碑,伊阙佛龛碑,50,五十,1,15,15,0,0,PASS
7,007_伊阙佛龛碑,伊阙佛龛碑,51,五十一,1,15,15,0,0,PASS
7,007_伊阙佛龛碑,伊阙佛龛碑,52,五十二,1,15,15,0,0,PASS
7,007_伊阙佛龛碑,伊阙佛龛碑,53,五十三,1,15,15,0,0,PASS
7,007_伊阙佛龛碑,伊阙佛龛碑,54,五十四,1,15,15,0,0,PASS
7,007_伊阙佛龛碑,伊阙佛龛碑,55,五十五,1,15,15,0,0,PASS
7,007_伊阙佛龛碑,伊阙佛龛碑,56,五十六,1,15,15,0,0,PASS
7,007_伊阙佛龛碑,伊阙佛龛碑,57,五十七,1,15,15,0,0,PASS
7,007_伊阙佛龛碑,伊阙佛龛碑,58,五十八,1,15,15,0,0,PASS
7,007_伊阙佛龛碑,伊阙佛龛碑,59,五十九,1,15,15,0,0,PASS
7,007_伊阙佛龛碑,伊阙佛龛碑,60,六十,1,15,15,0,0,PASS
7,007_伊阙佛龛碑,伊阙佛龛碑,61,六十一,1,15,15,0,0,PASS
7,007_伊阙佛龛碑,伊阙佛龛碑,62,六十二,1,15,15,0,0,PASS
7,007_伊阙佛龛碑,伊阙佛龛碑,63,六十三,1,15,15,0,0,PASS
7,007_伊阙佛龛碑,伊阙佛龛碑,64,六十四,1,15,15,0,0,PASS
7,007_伊阙佛龛碑,伊阙佛龛碑,65,六十五,1,15,15,0,0,PASS
7,007_伊阙佛龛碑,伊阙佛龛碑,66,六十六,1,16,16,0,0,PASS
7,007_伊阙佛龛碑,伊阙佛龛碑,67,六十七,1,15,15,0,0,PASS
7,007_伊阙佛龛碑,伊阙佛龛碑,68,六十八,1,15,15,0,0,PASS
7,007_伊阙佛龛碑,伊阙佛龛碑,69,六十九,1,15,15,0,0,PASS
7,007_伊阙佛龛碑,伊阙佛龛碑,70,七十,1,15,15,0,0,PASS
7,007_伊阙佛龛碑,伊阙佛龛碑,71,七十一,1,15,15,0,0,PASS
7,007_伊阙佛龛碑,伊阙佛龛碑,72,七十二,1,15,15,0,0,PASS
7,007_伊阙佛龛碑,伊阙佛龛碑,73,七十三,1,15,15,0,0,PASS
7,007_伊阙佛龛碑,伊阙佛龛碑,74,七十四,1,15,15,0,0,PASS
7,007_伊阙佛龛碑,伊阙佛龛碑,75,七十五,1,15,15,0,0,PASS
7,007_伊阙佛龛碑,伊阙佛龛碑,76,七十六,1,15,15,0,0,PASS
7,007_伊阙佛龛碑,伊阙佛龛碑,77,七十七,1,15,15,0,0,PASS
7,007_伊阙佛龛碑,伊阙佛龛碑,78,七十八,1,15,15,0,0,PASS
7,007_伊阙佛龛碑,伊阙佛龛碑,79,七十九,1,15,15,0,0,PASS
7,007_伊阙佛龛碑,伊阙佛龛碑,80,八十,1,15,15,0,0,PASS
7,007_伊阙佛龛碑,伊阙佛龛碑,81,八十一,1,15,15,0,0,PASS
7,007_伊阙佛龛碑,伊阙佛龛碑,82,八十二,1,15,15,0,0,PASS
7,007_伊阙佛龛碑,伊阙佛龛碑,83,八十三,1,15,15,0,0,PASS
7,007_伊阙佛龛碑,伊阙佛龛碑,84,八十四,1,15,15,0,0,PASS
7,007_伊阙佛龛碑,伊阙佛龛碑,85,八十五,1,15,15,0,0,PASS
7,007_伊阙佛龛碑,伊阙佛龛碑,86,八十六,1,15,15,0,0,PASS
7,007_伊阙佛龛碑,伊阙佛龛碑,87,八十七,1,15,15,0,0,PASS
7,007_伊阙佛龛碑,伊阙佛龛碑,88,八十八,1,15,15,0,0,PASS
7,007_伊阙佛龛碑,伊阙佛龛碑,89,八十九,1,15,15,0,0,PASS
7,007_伊阙佛龛碑,伊阙佛龛碑,90,九十,1,15,15,0,0,PASS
7,007_伊阙佛龛碑,伊阙佛龛碑,91,九十一,1,15,15,0,0,PASS
7,007_伊阙佛龛碑,伊阙佛龛碑,92,九十二,1,14,14,0,0,PASS
7,007_伊阙佛龛碑,伊阙佛龛碑,93,九十三,1,15,15,0,0,PASS
7,007_伊阙佛龛碑,伊阙佛龛碑,94,九十四,1,15,15,0,0,PASS
7,007_伊阙佛龛碑,伊阙佛龛碑,95,九十五,1,15,15,0,0,PASS
7,007_伊阙佛龛碑,伊阙佛龛碑,96,九十六,1,15,15,0,0,PASS
7,007_伊阙佛龛碑,伊阙佛龛碑,97,九十七,1,15,15,0,0,PASS
7,007_伊阙佛龛碑,伊阙佛龛碑,98,九十八,1,15,15,0,0,PASS
7,007_伊阙佛龛碑,伊阙佛龛碑,99,九十九,1,15,15,0,0,PASS
7,007_伊阙佛龛碑,伊阙佛龛碑,100,一百,1,15,15,0,0,PASS
7,007_伊阙佛龛碑,伊阙佛龛碑,101,一百零一,1,15,15,0,0,PASS
7,007_伊阙佛龛碑,伊阙佛龛碑,102,一百零二,1,15,15,0,0,PASS
7,007_伊阙佛龛碑,伊阙佛龛碑,103,一百零三,1,15,15,0,0,PASS
7,007_伊阙佛龛碑,伊阙佛龛碑,104,一百零四,1,15,15,0,0,PASS
7,007_伊阙佛龛碑,伊阙佛龛碑,105,一百零五,1,15,15,0,0,PASS
7,007_伊阙佛龛碑,伊阙佛龛碑,106,一百零六,1,15,15,0,0,PASS
7,007_伊阙佛龛碑,伊阙佛龛碑,107,一百零七,1,15,15,0,0,PASS
7,007_伊阙佛龛碑,伊阙佛龛碑,108,一百零八,1,15,15,0,0,PASS
7,007_伊阙佛龛碑,伊阙佛龛碑,109,一百零九,1,15,15,0,0,PASS
7,007_伊阙佛龛碑,伊阙佛龛碑,110,一百一十,1,15,15,0,0,PASS
7,007_伊阙佛龛碑,伊阙佛龛碑,111,一百一十一,1,16,16,0,0,PASS
7,007_伊阙佛龛碑,伊阙佛龛碑,112,一百一十二,1,15,15,0,0,PASS
7,007_伊阙佛龛碑,伊阙佛龛碑,113,一百一十三,1,15,15,0,0,PASS
7,007_伊阙佛龛碑,伊阙佛龛碑,114,一百一十四,1,15,15,0,0,PASS
7,007_伊阙佛龛碑,伊阙佛龛碑,115,一百一十五,1,12,12,0,0,PASS
7,007_伊阙佛龛碑,伊阙佛龛碑,116,一百一十六,1,0,0,0,0,NO_SINGLE_CHAR_XYWH
7,007_伊阙佛龛碑,伊阙佛龛碑,117,一百一十七,1,57,57,0,0,PASS
7,007_伊阙佛龛碑,伊阙佛龛碑,118,一百一十八,1,38,38,0,0,PASS
7,007_伊阙佛龛碑,伊阙佛龛碑,119,一百一十九,1,0,0,0,0,NO_SINGLE_CHAR_XYWH
7,007_伊阙佛龛碑,伊阙佛龛碑,120,一百二十,1,0,0,0,0,NO_SINGLE_CHAR_XYWH
7,007_伊阙佛龛碑,伊阙佛龛碑,121,一百二十一,1,0,0,0,0,NO_SINGLE_CHAR_XYWH
7,007_伊阙佛龛碑,伊阙佛龛碑,122,一百二十二,1,0,0,0,0,NO_SINGLE_CHAR_XYWH
7,007_伊阙佛龛碑,伊阙佛龛碑,123,一百二十三,1,0,0,0,0,NO_SINGLE_CHAR_XYWH
7,007_伊阙佛龛碑,伊阙佛龛碑,124,一百二十四,1,0,0,0,0,NO_SINGLE_CHAR_XYWH
8,008_天发神谶碑,天发神谶碑,1,一,1,0,0,0,0,NO_SINGLE_CHAR_XYWH
8,008_天发神谶碑,天发神谶碑,2,二,1,0,0,0,0,NO_SINGLE_CHAR_XYWH
8,008_天发神谶碑,天发神谶碑,3,三,1,0,0,0,0,NO_SINGLE_CHAR_XYWH
8,008_天发神谶碑,天发神谶碑,4,四,1,0,0,0,0,NO_SINGLE_CHAR_XYWH
8,008_天发神谶碑,天发神谶碑,5,五,1,0,0,0,0,NO_SINGLE_CHAR_XYWH
8,008_天发神谶碑,天发神谶碑,6,六,1,0,0,0,0,NO_SINGLE_CHAR_XYWH
8,008_天发神谶碑,天发神谶碑,7,七,1,0,0,0,0,NO_SINGLE_CHAR_XYWH
8,008_天发神谶碑,天发神谶碑,8,八,1,0,0,0,0,NO_SINGLE_CHAR_XYWH
8,008_天发神谶碑,天发神谶碑,9,九,1,0,0,0,0,NO_SINGLE_CHAR_XYWH
8,008_天发神谶碑,天发神谶碑,10,十,1,0,0,0,0,NO_SINGLE_CHAR_XYWH
8,008_天发神谶碑,天发神谶碑,11,十一,1,0,0,0,0,NO_SINGLE_CHAR_XYWH
8,008_天发神谶碑,天发神谶碑,12,十二,1,5,5,0,0,PASS
8,008_天发神谶碑,天发神谶碑,13,十三,1,5,5,0,0,PASS
8,008_天发神谶碑,天发神谶碑,14,十四,1,5,5,0,0,PASS
8,008_天发神谶碑,天发神谶碑,15,十五,1,6,6,0,0,PASS
8,008_天发神谶碑,天发神谶碑,16,十六,1,4,4,0,0,PASS
8,008_天发神谶碑,天发神谶碑,17,十七,1,5,5,0,0,PASS
8,008_天发神谶碑,天发神谶碑,18,十八,1,3,3,0,0,PASS
8,008_天发神谶碑,天发神谶碑,19,十九,1,5,5,0,0,PASS
8,008_天发神谶碑,天发神谶碑,20,二十,1,5,5,0,0,PASS
8,008_天发神谶碑,天发神谶碑,21,二十一,1,6,6,0,0,PASS
8,008_天发神谶碑,天发神谶碑,22,二十二,1,2,2,0,0,PASS
8,008_天发神谶碑,天发神谶碑,23,二十三,1,3,3,0,0,PASS
8,008_天发神谶碑,天发神谶碑,24,二十四,1,0,0,0,0,NO_SINGLE_CHAR_XYWH
8,008_天发神谶碑,天发神谶碑,25,二十五,1,6,6,0,0,PASS
8,008_天发神谶碑,天发神谶碑,26,二十六,1,5,5,0,0,PASS
8,008_天发神谶碑,天发神谶碑,27,二十七,1,5,5,0,0,PASS
8,008_天发神谶碑,天发神谶碑,28,二十八,1,5,5,0,0,PASS
8,008_天发神谶碑,天发神谶碑,29,二十九,1,5,5,0,0,PASS
8,008_天发神谶碑,天发神谶碑,30,三十,1,5,5,0,0,PASS
8,008_天发神谶碑,天发神谶碑,31,三十一,1,5,5,0,0,PASS
8,008_天发神谶碑,天发神谶碑,32,三十二,1,3,3,0,0,PASS
8,008_天发神谶碑,天发神谶碑,33,三十三,1,6,6,0,0,PASS
8,008_天发神谶碑,天发神谶碑,34,三十四,1,5,5,0,0,PASS
8,008_天发神谶碑,天发神谶碑,35,三十五,1,6,6,0,0,PASS
8,008_天发神谶碑,天发神谶碑,36,三十六,1,5,5,0,0,PASS
8,008_天发神谶碑,天发神谶碑,37,三十七,1,5,5,0,0,PASS
8,008_天发神谶碑,天发神谶碑,38,三十八,1,5,5,0,0,PASS
8,008_天发神谶碑,天发神谶碑,39,三十九,1,5,5,0,0,PASS
8,008_天发神谶碑,天发神谶碑,40,四十,1,5,5,0,0,PASS
8,008_天发神谶碑,天发神谶碑,41,四十一,1,5,5,0,0,PASS
8,008_天发神谶碑,天发神谶碑,42,四十二,1,6,6,0,0,PASS
8,008_天发神谶碑,天发神谶碑,43,四十三,1,5,5,0,0,PASS
8,008_天发神谶碑,天发神谶碑,44,四十四,1,5,5,0,0,PASS
8,008_天发神谶碑,天发神谶碑,45,四十五,1,5,5,0,0,PASS
8,008_天发神谶碑,天发神谶碑,46,四十六,1,6,6,0,0,PASS
8,008_天发神谶碑,天发神谶碑,47,四十七,1,6,6,0,0,PASS
8,008_天发神谶碑,天发神谶碑,48,四十八,1,5,5,0,0,PASS
8,008_天发神谶碑,天发神谶碑,49,四十九,1,6,6,0,0,PASS
8,008_天发神谶碑,天发神谶碑,50,五十,1,5,5,0,0,PASS
8,008_天发神谶碑,天发神谶碑,51,五十一,1,5,5,0,0,PASS
8,008_天发神谶碑,天发神谶碑,52,五十二,1,5,5,0,0,PASS
8,008_天发神谶碑,天发神谶碑,53,五十三,1,5,5,0,0,PASS
8,008_天发神谶碑,天发神谶碑,54,五十四,1,4,4,0,0,PASS
8,008_天发神谶碑,天发神谶碑,55,五十五,1,2,2,0,0,PASS
8,008_天发神谶碑,天发神谶碑,56,五十六,1,2,2,0,0,PASS
8,008_天发神谶碑,天发神谶碑,57,五十七,1,5,5,0,0,PASS
8,008_天发神谶碑,天发神谶碑,58,五十八,1,1,1,0,0,PASS
8,008_天发神谶碑,天发神谶碑,59,五十九,1,3,3,0,0,PASS
8,008_天发神谶碑,天发神谶碑,60,六十,1,6,6,0,0,PASS
8,008_天发神谶碑,天发神谶碑,61,六十一,1,18,18,0,0,PASS
8,008_天发神谶碑,天发神谶碑,62,六十二,1,18,18,0,0,PASS
8,008_天发神谶碑,天发神谶碑,63,六十三,1,17,17,0,0,PASS
8,008_天发神谶碑,天发神谶碑,64,六十四,1,16,16,0,0,PASS
8,008_天发神谶碑,天发神谶碑,65,六十五,1,17,17,0,0,PASS
8,008_天发神谶碑,天发神谶碑,66,六十六,1,17,17,0,0,PASS
8,008_天发神谶碑,天发神谶碑,67,六十七,1,13,13,0,0,PASS
8,008_天发神谶碑,天发神谶碑,68,六十八,1,11,11,0,0,PASS
8,008_天发神谶碑,天发神谶碑,69,六十九,1,12,12,0,0,PASS
8,008_天发神谶碑,天发神谶碑,70,七十,1,15,15,0,0,PASS
8,008_天发神谶碑,天发神谶碑,71,七十一,1,10,10,0,0,PASS
8,008_天发神谶碑,天发神谶碑,72,七十二,1,0,0,0,0,NO_SINGLE_CHAR_XYWH
8,008_天发神谶碑,天发神谶碑,73,七十三,1,0,0,0,0,NO_SINGLE_CHAR_XYWH
8,008_天发神谶碑,天发神谶碑,74,七十四,1,0,0,0,0,NO_SINGLE_CHAR_XYWH
8,008_天发神谶碑,天发神谶碑,75,七十五,1,0,0,0,0,NO_SINGLE_CHAR_XYWH
8,008_天发神谶碑,天发神谶碑,76,七十六,1,0,0,0,0,NO_SINGLE_CHAR_XYWH
8,008_天发神谶碑,天发神谶碑,77,七十七,1,0,0,0,0,NO_SINGLE_CHAR_XYWH
8,008_天发神谶碑,天发神谶碑,78,七十八,1,0,0,0,0,NO_SINGLE_CHAR_XYWH
8,008_天发神谶碑,天发神谶碑,79,七十九,1,0,0,0,0,NO_SINGLE_CHAR_XYWH
8,008_天发神谶碑,天发神谶碑,80,八十,1,0,0,0,0,NO_SINGLE_CHAR_XYWH
8,008_天发神谶碑,天发神谶碑,81,八十一,1,0,0,0,0,NO_SINGLE_CHAR_XYWH
8,008_天发神谶碑,天发神谶碑,82,八十二,1,0,0,0,0,NO_SINGLE_CHAR_XYWH
9,009_唐俭碑,唐俭碑,1,一,1,0,0,0,0,NO_SINGLE_CHAR_XYWH
9,009_唐俭碑,唐俭碑,2,二,1,0,0,0,0,NO_SINGLE_CHAR_XYWH
9,009_唐俭碑,唐俭碑,3,三,1,0,0,0,0,NO_SINGLE_CHAR_XYWH
9,009_唐俭碑,唐俭碑,4,四,1,32,32,0,0,PASS
9,009_唐俭碑,唐俭碑,5,五,1,32,32,0,0,PASS
9,009_唐俭碑,唐俭碑,6,六,1,32,32,0,0,PASS
9,009_唐俭碑,唐俭碑,7,七,1,32,32,0,0,PASS
9,009_唐俭碑,唐俭碑,8,八,1,32,32,0,0,PASS
9,009_唐俭碑,唐俭碑,9,九,1,29,29,0,0,PASS
9,009_唐俭碑,唐俭碑,10,十,1,32,32,0,0,PASS
9,009_唐俭碑,唐俭碑,11,十一,1,31,31,0,0,PASS
9,009_唐俭碑,唐俭碑,12,十二,1,29,29,0,0,PASS
9,009_唐俭碑,唐俭碑,13,十三,1,30,30,0,0,PASS
9,009_唐俭碑,唐俭碑,14,十四,1,32,32,0,0,PASS
9,009_唐俭碑,唐俭碑,15,十五,1,30,30,0,0,PASS
9,009_唐俭碑,唐俭碑,16,十六,1,30,30,0,0,PASS
9,009_唐俭碑,唐俭碑,17,十七,1,31,31,0,0,PASS
9,009_唐俭碑,唐俭碑,18,十八,1,32,32,0,0,PASS
9,009_唐俭碑,唐俭碑,19,十九,1,29,29,0,0,PASS
9,009_唐俭碑,唐俭碑,20,二十,1,29,29,0,0,PASS
9,009_唐俭碑,唐俭碑,21,二十一,1,32,32,0,0,PASS
9,009_唐俭碑,唐俭碑,22,二十二,1,30,30,0,0,PASS
9,009_唐俭碑,唐俭碑,23,二十三,1,32,32,0,0,PASS
9,009_唐俭碑,唐俭碑,24,二十四,1,32,32,0,0,PASS
9,009_唐俭碑,唐俭碑,25,二十五,1,32,32,0,0,PASS
9,009_唐俭碑,唐俭碑,26,二十六,1,32,32,0,0,PASS
9,009_唐俭碑,唐俭碑,27,二十七,1,32,32,0,0,PASS
9,009_唐俭碑,唐俭碑,28,二十八,1,32,32,0,0,PASS
9,009_唐俭碑,唐俭碑,29,二十九,1,32,32,0,0,PASS
9,009_唐俭碑,唐俭碑,30,三十,1,32,32,0,0,PASS
9,009_唐俭碑,唐俭碑,31,三十一,1,28,28,0,0,PASS
9,009_唐俭碑,唐俭碑,32,三十二,1,30,30,0,0,PASS
9,009_唐俭碑,唐俭碑,33,三十三,1,32,32,0,0,PASS
9,009_唐俭碑,唐俭碑,34,三十四,1,22,22,0,0,PASS
9,009_唐俭碑,唐俭碑,35,三十五,1,29,29,0,0,PASS
9,009_唐俭碑,唐俭碑,36,三十六,1,32,32,0,0,PASS
9,009_唐俭碑,唐俭碑,37,三十七,1,32,32,0,0,PASS
9,009_唐俭碑,唐俭碑,38,三十八,1,32,32,0,0,PASS
9,009_唐俭碑,唐俭碑,39,三十九,1,32,32,0,0,PASS
9,009_唐俭碑,唐俭碑,40,四十,1,28,28,0,0,PASS
9,009_唐俭碑,唐俭碑,41,四十一,1,31,31,0,0,PASS
9,009_唐俭碑,唐俭碑,42,四十二,1,32,32,0,0,PASS
9,009_唐俭碑,唐俭碑,43,四十三,1,31,31,0,0,PASS
9,009_唐俭碑,唐俭碑,44,四十四,1,0,0,0,0,NO_SINGLE_CHAR_XYWH
9,009_唐俭碑,唐俭碑,45,四十五,1,0,0,0,0,NO_SINGLE_CHAR_XYWH
9,009_唐俭碑,唐俭碑,46,四十六,1,0,0,0,0,NO_SINGLE_CHAR_XYWH
9,009_唐俭碑,唐俭碑,47,四十七,1,0,0,0,0,NO_SINGLE_CHAR_XYWH
9,009_唐俭碑,唐俭碑,48,四十八,1,0,0,0,0,NO_SINGLE_CHAR_XYWH
9,009_唐俭碑,唐俭碑,49,四十九,1,0,0,0,0,NO_SINGLE_CHAR_XYWH
10,010_赵清献公碑,赵清献公碑,1,一,1,0,0,0,0,NO_SINGLE_CHAR_XYWH
10,010_赵清献公碑,赵清献公碑,2,二,1,0,0,0,0,NO_SINGLE_CHAR_XYWH
10,010_赵清献公碑,赵清献公碑,3,三,1,0,0,0,0,NO_SINGLE_CHAR_XYWH
10,010_赵清献公碑,赵清献公碑,4,四,1,0,0,0,0,NO_SINGLE_CHAR_XYWH
10,010_赵清献公碑,赵清献公碑,5,五,1,0,0,0,0,NO_SINGLE_CHAR_XYWH
10,010_赵清献公碑,赵清献公碑,6,六,1,0,0,0,0,NO_SINGLE_CHAR_XYWH
10,010_赵清献公碑,赵清献公碑,7,七,1,0,0,0,0,NO_SINGLE_CHAR_XYWH
10,010_赵清献公碑,赵清献公碑,8,八,1,0,0,0,0,NO_SINGLE_CHAR_XYWH
10,010_赵清献公碑,赵清献公碑,9,九,1,0,0,0,0,NO_SINGLE_CHAR_XYWH
10,010_赵清献公碑,赵清献公碑,10,十,1,45,45,0,0,PASS
10,010_赵清献公碑,赵清献公碑,11,十一,1,35,35,0,0,PASS
10,010_赵清献公碑,赵清献公碑,12,十二,1,40,40,0,0,PASS
10,010_赵清献公碑,赵清献公碑,13,十三,1,37,37,0,0,PASS
10,010_赵清献公碑,赵清献公碑,14,十四,1,39,39,0,0,PASS
10,010_赵清献公碑,赵清献公碑,15,十五,1,34,34,0,0,PASS
10,010_赵清献公碑,赵清献公碑,16,十六,1,42,42,0,0,PASS
10,010_赵清献公碑,赵清献公碑,17,十七,1,45,45,0,0,PASS
10,010_赵清献公碑,赵清献公碑,18,十八,1,45,45,0,0,PASS
10,010_赵清献公碑,赵清献公碑,19,十九,1,42,42,0,0,PASS
10,010_赵清献公碑,赵清献公碑,20,二十,1,45,45,0,0,PASS
10,010_赵清献公碑,赵清献公碑,21,二十一,1,45,45,0,0,PASS
10,010_赵清献公碑,赵清献公碑,22,二十二,1,45,45,0,0,PASS
10,010_赵清献公碑,赵清献公碑,23,二十三,1,45,45,0,0,PASS
10,010_赵清献公碑,赵清献公碑,24,二十四,1,45,45,0,0,PASS
10,010_赵清献公碑,赵清献公碑,25,二十五,1,45,45,0,0,PASS
10,010_赵清献公碑,赵清献公碑,26,二十六,1,45,45,0,0,PASS
10,010_赵清献公碑,赵清献公碑,27,二十七,1,45,45,0,0,PASS
10,010_赵清献公碑,赵清献公碑,28,二十八,1,45,45,0,0,PASS
10,010_赵清献公碑,赵清献公碑,29,二十九,1,45,45,0,0,PASS
10,010_赵清献公碑,赵清献公碑,30,三十,1,42,42,0,0,PASS
10,010_赵清献公碑,赵清献公碑,31,三十一,1,45,45,0,0,PASS
10,010_赵清献公碑,赵清献公碑,32,三十二,1,42,42,0,0,PASS
10,010_赵清献公碑,赵清献公碑,33,三十三,1,45,45,0,0,PASS
10,010_赵清献公碑,赵清献公碑,34,三十四,1,45,45,0,0,PASS
10,010_赵清献公碑,赵清献公碑,35,三十五,1,45,45,0,0,PASS
10,010_赵清献公碑,赵清献公碑,36,三十六,1,45,45,0,0,PASS
10,010_赵清献公碑,赵清献公碑,37,三十七,1,45,45,0,0,PASS
10,010_赵清献公碑,赵清献公碑,38,三十八,1,44,44,0,0,PASS
10,010_赵清献公碑,赵清献公碑,39,三十九,1,44,44,0,0,PASS
10,010_赵清献公碑,赵清献公碑,40,四十,1,43,43,0,0,PASS
10,010_赵清献公碑,赵清献公碑,41,四十一,1,45,45,0,0,PASS
10,010_赵清献公碑,赵清献公碑,42,四十二,1,40,40,0,0,PASS
10,010_赵清献公碑,赵清献公碑,43,四十三,1,39,39,0,0,PASS
10,010_赵清献公碑,赵清献公碑,44,四十四,1,45,45,0,0,PASS
10,010_赵清献公碑,赵清献公碑,45,四十五,1,41,41,0,0,PASS
10,010_赵清献公碑,赵清献公碑,46,四十六,1,43,43,0,0,PASS
10,010_赵清献公碑,赵清献公碑,47,四十七,1,45,45,0,0,PASS
10,010_赵清献公碑,赵清献公碑,48,四十八,1,45,45,0,0,PASS
10,010_赵清献公碑,赵清献公碑,49,四十九,1,44,44,0,0,PASS
10,010_赵清献公碑,赵清献公碑,50,五十,1,42,42,0,0,PASS
10,010_赵清献公碑,赵清献公碑,51,五十一,1,45,45,0,0,PASS
10,010_赵清献公碑,赵清献公碑,52,五十二,1,45,45,0,0,PASS
10,010_赵清献公碑,赵清献公碑,53,五十三,1,34,34,0,0,PASS
10,010_赵清献公碑,赵清献公碑,54,五十四,1,45,45,0,0,PASS
10,010_赵清献公碑,赵清献公碑,55,五十五,1,35,35,0,0,PASS
10,010_赵清献公碑,赵清献公碑,56,五十六,1,26,26,0,0,PASS
10,010_赵清献公碑,赵清献公碑,57,五十七,1,27,27,0,0,PASS
10,010_赵清献公碑,赵清献公碑,58,五十八,1,27,27,0,0,PASS
10,010_赵清献公碑,赵清献公碑,59,五十九,1,44,44,0,0,PASS
10,010_赵清献公碑,赵清献公碑,60,六十,1,27,27,0,0,PASS
10,010_赵清献公碑,赵清献公碑,61,六十一,1,35,35,0,0,PASS
10,010_赵清献公碑,赵清献公碑,62,六十二,1,45,45,0,0,PASS
10,010_赵清献公碑,赵清献公碑,63,六十三,1,45,45,0,0,PASS
10,010_赵清献公碑,赵清献公碑,64,六十四,1,43,43,0,0,PASS
10,010_赵清献公碑,赵清献公碑,65,六十五,1,23,23,0,0,PASS
10,010_赵清献公碑,赵清献公碑,66,六十六,1,41,41,0,0,PASS
10,010_赵清献公碑,赵清献公碑,67,六十七,1,45,45,0,0,PASS
10,010_赵清献公碑,赵清献公碑,68,六十八,1,35,35,0,0,PASS
10,010_赵清献公碑,赵清献公碑,69,六十九,1,16,16,0,0,PASS
10,010_赵清献公碑,赵清献公碑,70,七十,1,34,34,0,0,PASS
10,010_赵清献公碑,赵清献公碑,71,七十一,1,0,0,0,0,NO_SINGLE_CHAR_XYWH
10,010_赵清献公碑,赵清献公碑,72,七十二,1,0,0,0,0,NO_SINGLE_CHAR_XYWH
10,010_赵清献公碑,赵清献公碑,73,七十三,1,0,0,0,0,NO_SINGLE_CHAR_XYWH
10,010_赵清献公碑,赵清献公碑,74,七十四,1,0,0,0,0,NO_SINGLE_CHAR_XYWH
10,010_赵清献公碑,赵清献公碑,75,七十五,1,0,0,0,0,NO_SINGLE_CHAR_XYWH
10,010_赵清献公碑,赵清献公碑,76,七十六,1,0,0,0,0,NO_SINGLE_CHAR_XYWH
10,010_赵清献公碑,赵清献公碑,77,七十七,1,0,0,0,0,NO_SINGLE_CHAR_XYWH
10,010_赵清献公碑,赵清献公碑,78,七十八,1,0,0,0,0,NO_SINGLE_CHAR_XYWH
10,010_赵清献公碑,赵清献公碑,79,七十九,1,0,0,0,0,NO_SINGLE_CHAR_XYWH
10,010_赵清献公碑,赵清献公碑,80,八十,1,0,0,0,0,NO_SINGLE_CHAR_XYWH
10,010_赵清献公碑,赵清献公碑,81,八十一,1,0,0,0,0,NO_SINGLE_CHAR_XYWH
10,010_赵清献公碑,赵清献公碑,82,八十二,1,0,0,0,0,NO_SINGLE_CHAR_XYWH
11,011_皇甫诞碑,皇甫诞碑,1,一,1,0,0,0,0,NO_SINGLE_CHAR_XYWH
11,011_皇甫诞碑,皇甫诞碑,2,二,1,0,0,0,0,NO_SINGLE_CHAR_XYWH
11,011_皇甫诞碑,皇甫诞碑,3,三,1,0,0,0,0,NO_SINGLE_CHAR_XYWH
11,011_皇甫诞碑,皇甫诞碑,4,四,1,0,0,0,0,NO_SINGLE_CHAR_XYWH
11,011_皇甫诞碑,皇甫诞碑,5,五,1,0,0,0,0,NO_SINGLE_CHAR_XYWH
11,011_皇甫诞碑,皇甫诞碑,6,六,1,32,32,0,0,PASS
11,011_皇甫诞碑,皇甫诞碑,7,七,1,35,35,0,0,PASS
11,011_皇甫诞碑,皇甫诞碑,8,八,1,40,40,0,0,PASS
11,011_皇甫诞碑,皇甫诞碑,9,九,1,40,40,0,0,PASS
11,011_皇甫诞碑,皇甫诞碑,10,十,1,40,40,0,0,PASS
11,011_皇甫诞碑,皇甫诞碑,11,十一,1,40,40,0,0,PASS
11,011_皇甫诞碑,皇甫诞碑,12,十二,1,40,40,0,0,PASS
11,011_皇甫诞碑,皇甫诞碑,13,十三,1,40,40,0,0,PASS
11,011_皇甫诞碑,皇甫诞碑,14,十四,1,40,40,0,0,PASS
11,011_皇甫诞碑,皇甫诞碑,15,十五,1,40,40,0,0,PASS
11,011_皇甫诞碑,皇甫诞碑,16,十六,1,40,39,0,1,PASS
11,011_皇甫诞碑,皇甫诞碑,17,十七,1,40,40,0,0,PASS
11,011_皇甫诞碑,皇甫诞碑,18,十八,1,40,40,0,0,PASS
11,011_皇甫诞碑,皇甫诞碑,19,十九,1,40,38,0,2,PASS
11,011_皇甫诞碑,皇甫诞碑,20,二十,1,40,40,0,0,PASS
11,011_皇甫诞碑,皇甫诞碑,21,二十一,1,40,40,0,0,PASS
11,011_皇甫诞碑,皇甫诞碑,22,二十二,1,40,40,0,0,PASS
11,011_皇甫诞碑,皇甫诞碑,23,二十三,1,40,40,0,0,PASS
11,011_皇甫诞碑,皇甫诞碑,24,二十四,1,40,40,0,0,PASS
11,011_皇甫诞碑,皇甫诞碑,25,二十五,1,40,40,0,0,PASS
11,011_皇甫诞碑,皇甫诞碑,26,二十六,1,40,40,0,0,PASS
11,011_皇甫诞碑,皇甫诞碑,27,二十七,1,40,39,0,1,PASS
11,011_皇甫诞碑,皇甫诞碑,28,二十八,1,40,40,0,0,PASS
11,011_皇甫诞碑,皇甫诞碑,29,二十九,1,40,40,0,0,PASS
11,011_皇甫诞碑,皇甫诞碑,30,三十,1,40,40,0,0,PASS
11,011_皇甫诞碑,皇甫诞碑,31,三十一,1,40,40,0,0,PASS
11,011_皇甫诞碑,皇甫诞碑,32,三十二,1,40,40,0,0,PASS
11,011_皇甫诞碑,皇甫诞碑,33,三十三,1,40,40,0,0,PASS
11,011_皇甫诞碑,皇甫诞碑,34,三十四,1,40,40,0,0,PASS
11,011_皇甫诞碑,皇甫诞碑,35,三十五,1,40,39,0,1,PASS
11,011_皇甫诞碑,皇甫诞碑,36,三十六,1,40,40,0,0,PASS
11,011_皇甫诞碑,皇甫诞碑,37,三十七,1,40,40,0,0,PASS
11,011_皇甫诞碑,皇甫诞碑,38,三十八,1,40,40,0,0,PASS
11,011_皇甫诞碑,皇甫诞碑,39,三十九,1,37,37,0,0,PASS
11,011_皇甫诞碑,皇甫诞碑,40,四十,1,40,40,0,0,PASS
11,011_皇甫诞碑,皇甫诞碑,41,四十一,1,40,40,0,0,PASS
11,011_皇甫诞碑,皇甫诞碑,42,四十二,1,40,40,0,0,PASS
11,011_皇甫诞碑,皇甫诞碑,43,四十三,1,40,40,0,0,PASS
11,011_皇甫诞碑,皇甫诞碑,44,四十四,1,39,39,0,0,PASS
11,011_皇甫诞碑,皇甫诞碑,45,四十五,1,3,3,0,0,PASS
11,011_皇甫诞碑,皇甫诞碑,46,四十六,1,0,0,0,0,NO_SINGLE_CHAR_XYWH
11,011_皇甫诞碑,皇甫诞碑,47,四十七,1,0,0,0,0,NO_SINGLE_CHAR_XYWH
11,011_皇甫诞碑,皇甫诞碑,48,四十八,1,0,0,0,0,NO_SINGLE_CHAR_XYWH
11,011_皇甫诞碑,皇甫诞碑,49,四十九,1,0,0,0,0,NO_SINGLE_CHAR_XYWH
11,011_皇甫诞碑,皇甫诞碑,50,五十,1,0,0,0,0,NO_SINGLE_CHAR_XYWH
11,011_皇甫诞碑,皇甫诞碑,51,五十一,1,0,0,0,0,NO_SINGLE_CHAR_XYWH
11,011_皇甫诞碑,皇甫诞碑,52,五十二,1,0,0,0,0,NO_SINGLE_CHAR_XYWH
11,011_皇甫诞碑,皇甫诞碑,53,五十三,1,0,0,0,0,NO_SINGLE_CHAR_XYWH
11,011_皇甫诞碑,皇甫诞碑,54,五十四,1,0,0,0,0,NO_SINGLE_CHAR_XYWH
12,012_龙藏寺碑,龙藏寺碑,1,一,1,0,0,0,0,NO_SINGLE_CHAR_XYWH
12,012_龙藏寺碑,龙藏寺碑,2,二,1,0,0,0,0,NO_SINGLE_CHAR_XYWH
12,012_龙藏寺碑,龙藏寺碑,3,三,1,0,0,0,0,NO_SINGLE_CHAR_XYWH
12,012_龙藏寺碑,龙藏寺碑,4,四,1,0,0,0,0,NO_SINGLE_CHAR_XYWH
12,012_龙藏寺碑,龙藏寺碑,5,五,1,0,0,0,0,NO_SINGLE_CHAR_XYWH
12,012_龙藏寺碑,龙藏寺碑,6,六,1,0,0,0,0,NO_SINGLE_CHAR_XYWH
12,012_龙藏寺碑,龙藏寺碑,7,七,1,32,32,0,0,PASS
12,012_龙藏寺碑,龙藏寺碑,8,八,1,32,32,0,0,PASS
12,012_龙藏寺碑,龙藏寺碑,9,九,1,32,32,0,0,PASS
12,012_龙藏寺碑,龙藏寺碑,10,十,1,32,32,0,0,PASS
12,012_龙藏寺碑,龙藏寺碑,11,十一,1,32,32,0,0,PASS
12,012_龙藏寺碑,龙藏寺碑,12,十二,1,32,32,0,0,PASS
12,012_龙藏寺碑,龙藏寺碑,13,十三,1,31,31,0,0,PASS
12,012_龙藏寺碑,龙藏寺碑,14,十四,1,32,32,0,0,PASS
12,012_龙藏寺碑,龙藏寺碑,15,十五,1,32,32,0,0,PASS
12,012_龙藏寺碑,龙藏寺碑,16,十六,1,32,32,0,0,PASS
12,012_龙藏寺碑,龙藏寺碑,17,十七,1,32,32,0,0,PASS
12,012_龙藏寺碑,龙藏寺碑,18,十八,1,32,32,0,0,PASS
12,012_龙藏寺碑,龙藏寺碑,19,十九,1,32,32,0,0,PASS
12,012_龙藏寺碑,龙藏寺碑,20,二十,1,32,32,0,0,PASS
12,012_龙藏寺碑,龙藏寺碑,21,二十一,1,32,32,0,0,PASS
12,012_龙藏寺碑,龙藏寺碑,22,二十二,1,32,32,0,0,PASS
12,012_龙藏寺碑,龙藏寺碑,23,二十三,1,32,32,0,0,PASS
12,012_龙藏寺碑,龙藏寺碑,24,二十四,1,32,32,0,0,PASS
12,012_龙藏寺碑,龙藏寺碑,25,二十五,1,32,32,0,0,PASS
12,012_龙藏寺碑,龙藏寺碑,26,二十六,1,32,32,0,0,PASS
12,012_龙藏寺碑,龙藏寺碑,27,二十七,1,32,32,0,0,PASS
12,012_龙藏寺碑,龙藏寺碑,28,二十八,1,32,32,0,0,PASS
12,012_龙藏寺碑,龙藏寺碑,29,二十九,1,32,32,0,0,PASS
12,012_龙藏寺碑,龙藏寺碑,30,三十,1,32,32,0,0,PASS
12,012_龙藏寺碑,龙藏寺碑,31,三十一,1,32,32,0,0,PASS
12,012_龙藏寺碑,龙藏寺碑,32,三十二,1,32,32,0,0,PASS
12,012_龙藏寺碑,龙藏寺碑,33,三十三,1,32,32,0,0,PASS
12,012_龙藏寺碑,龙藏寺碑,34,三十四,1,32,32,0,0,PASS
12,012_龙藏寺碑,龙藏寺碑,35,三十五,1,32,32,0,0,PASS
12,012_龙藏寺碑,龙藏寺碑,36,三十六,1,32,32,0,0,PASS
12,012_龙藏寺碑,龙藏寺碑,37,三十七,1,32,32,0,0,PASS
12,012_龙藏寺碑,龙藏寺碑,38,三十八,1,32,32,0,0,PASS
12,012_龙藏寺碑,龙藏寺碑,39,三十九,1,32,32,0,0,PASS
12,012_龙藏寺碑,龙藏寺碑,40,四十,1,32,32,0,0,PASS
12,012_龙藏寺碑,龙藏寺碑,41,四十一,1,32,32,0,0,PASS
12,012_龙藏寺碑,龙藏寺碑,42,四十二,1,32,32,0,0,PASS
12,012_龙藏寺碑,龙藏寺碑,43,四十三,1,31,31,0,0,PASS
12,012_龙藏寺碑,龙藏寺碑,44,四十四,1,32,32,0,0,PASS
12,012_龙藏寺碑,龙藏寺碑,45,四十五,1,32,32,0,0,PASS
12,012_龙藏寺碑,龙藏寺碑,46,四十六,1,32,32,0,0,PASS
12,012_龙藏寺碑,龙藏寺碑,47,四十七,1,32,32,0,0,PASS
12,012_龙藏寺碑,龙藏寺碑,48,四十八,1,32,32,0,0,PASS
12,012_龙藏寺碑,龙藏寺碑,49,四十九,1,32,32,0,0,PASS
12,012_龙藏寺碑,龙藏寺碑,50,五十,1,32,32,0,0,PASS
12,012_龙藏寺碑,龙藏寺碑,51,五十一,1,25,25,0,0,PASS
12,012_龙藏寺碑,龙藏寺碑,52,五十二,1,17,17,0,0,PASS
12,012_龙藏寺碑,龙藏寺碑,53,五十三,1,0,0,0,0,NO_SINGLE_CHAR_XYWH
12,012_龙藏寺碑,龙藏寺碑,54,五十四,1,0,0,0,0,NO_SINGLE_CHAR_XYWH
12,012_龙藏寺碑,龙藏寺碑,55,五十五,1,0,0,0,0,NO_SINGLE_CHAR_XYWH
12,012_龙藏寺碑,龙藏寺碑,56,五十六,1,0,0,0,0,NO_SINGLE_CHAR_XYWH
12,012_龙藏寺碑,龙藏寺碑,57,五十七,1,0,0,0,0,NO_SINGLE_CHAR_XYWH
13,013_鲁峻碑,鲁峻碑,1,一,1,0,0,0,0,NO_SINGLE_CHAR_XYWH
13,013_鲁峻碑,鲁峻碑,2,二,1,0,0,0,0,NO_SINGLE_CHAR_XYWH
13,013_鲁峻碑,鲁峻碑,3,三,1,0,0,0,0,NO_SINGLE_CHAR_XYWH
13,013_鲁峻碑,鲁峻碑,4,四,1,0,0,0,0,NO_SINGLE_CHAR_XYWH
13,013_鲁峻碑,鲁峻碑,5,五,1,0,0,0,0,NO_SINGLE_CHAR_XYWH
13,013_鲁峻碑,鲁峻碑,6,六,1,8,8,0,0,PASS
13,013_鲁峻碑,鲁峻碑,7,七,1,8,8,0,0,PASS
13,013_鲁峻碑,鲁峻碑,8,八,1,6,6,0,0,PASS
13,013_鲁峻碑,鲁峻碑,9,九,1,7,7,0,0,PASS
13,013_鲁峻碑,鲁峻碑,10,十,1,8,8,0,0,PASS
13,013_鲁峻碑,鲁峻碑,11,十一,1,8,8,0,0,PASS
13,013_鲁峻碑,鲁峻碑,12,十二,1,8,8,0,0,PASS
13,013_鲁峻碑,鲁峻碑,13,十三,1,7,7,0,0,PASS
13,013_鲁峻碑,鲁峻碑,14,十四,1,8,8,0,0,PASS
13,013_鲁峻碑,鲁峻碑,15,十五,1,8,8,0,0,PASS
13,013_鲁峻碑,鲁峻碑,16,十六,1,7,7,0,0,PASS
13,013_鲁峻碑,鲁峻碑,17,十七,1,8,8,0,0,PASS
13,013_鲁峻碑,鲁峻碑,18,十八,1,8,8,0,0,PASS
13,013_鲁峻碑,鲁峻碑,19,十九,1,8,8,0,0,PASS
13,013_鲁峻碑,鲁峻碑,20,二十,1,8,8,0,0,PASS
13,013_鲁峻碑,鲁峻碑,21,二十一,1,8,8,0,0,PASS
13,013_鲁峻碑,鲁峻碑,22,二十二,1,8,8,0,0,PASS
13,013_鲁峻碑,鲁峻碑,23,二十三,1,8,8,0,0,PASS
13,013_鲁峻碑,鲁峻碑,24,二十四,1,8,8,0,0,PASS
13,013_鲁峻碑,鲁峻碑,25,二十五,1,7,7,0,0,PASS
13,013_鲁峻碑,鲁峻碑,26,二十六,1,8,8,0,0,PASS
13,013_鲁峻碑,鲁峻碑,27,二十七,1,8,8,0,0,PASS
13,013_鲁峻碑,鲁峻碑,28,二十八,1,8,8,0,0,PASS
13,013_鲁峻碑,鲁峻碑,29,二十九,1,8,8,0,0,PASS
13,013_鲁峻碑,鲁峻碑,30,三十,1,8,8,0,0,PASS
13,013_鲁峻碑,鲁峻碑,31,三十一,1,8,8,0,0,PASS
13,013_鲁峻碑,鲁峻碑,32,三十二,1,8,8,0,0,PASS
13,013_鲁峻碑,鲁峻碑,33,三十三,1,8,8,0,0,PASS
13,013_鲁峻碑,鲁峻碑,34,三十四,1,8,8,0,0,PASS
13,013_鲁峻碑,鲁峻碑,35,三十五,1,8,8,0,0,PASS
13,013_鲁峻碑,鲁峻碑,36,三十六,1,8,8,0,0,PASS
13,013_鲁峻碑,鲁峻碑,37,三十七,1,8,8,0,0,PASS
13,013_鲁峻碑,鲁峻碑,38,三十八,1,8,8,0,0,PASS
13,013_鲁峻碑,鲁峻碑,39,三十九,1,8,8,0,0,PASS
13,013_鲁峻碑,鲁峻碑,40,四十,1,8,8,0,0,PASS
13,013_鲁峻碑,鲁峻碑,41,四十一,1,8,8,0,0,PASS
13,013_鲁峻碑,鲁峻碑,42,四十二,1,8,8,0,0,PASS
13,013_鲁峻碑,鲁峻碑,43,四十三,1,8,8,0,0,PASS
13,013_鲁峻碑,鲁峻碑,44,四十四,1,8,8,0,0,PASS
13,013_鲁峻碑,鲁峻碑,45,四十五,1,7,7,0,0,PASS
13,013_鲁峻碑,鲁峻碑,46,四十六,1,8,8,0,0,PASS
13,013_鲁峻碑,鲁峻碑,47,四十七,1,8,8,0,0,PASS
13,013_鲁峻碑,鲁峻碑,48,四十八,1,8,8,0,0,PASS
13,013_鲁峻碑,鲁峻碑,49,四十九,1,6,6,0,0,PASS
13,013_鲁峻碑,鲁峻碑,50,五十,1,8,8,0,0,PASS
13,013_鲁峻碑,鲁峻碑,51,五十一,1,8,8,0,0,PASS
13,013_鲁峻碑,鲁峻碑,52,五十二,1,8,8,0,0,PASS
13,013_鲁峻碑,鲁峻碑,53,五十三,1,8,8,0,0,PASS
13,013_鲁峻碑,鲁峻碑,54,五十四,1,8,8,0,0,PASS
13,013_鲁峻碑,鲁峻碑,55,五十五,1,8,8,0,0,PASS
13,013_鲁峻碑,鲁峻碑,56,五十六,1,8,8,0,0,PASS
13,013_鲁峻碑,鲁峻碑,57,五十七,1,6,6,0,0,PASS
13,013_鲁峻碑,鲁峻碑,58,五十八,1,8,8,0,0,PASS
13,013_鲁峻碑,鲁峻碑,59,五十九,1,8,8,0,0,PASS
13,013_鲁峻碑,鲁峻碑,60,六十,1,8,8,0,0,PASS
13,013_鲁峻碑,鲁峻碑,61,六十一,1,6,6,0,0,PASS
13,013_鲁峻碑,鲁峻碑,62,六十二,1,8,8,0,0,PASS
13,013_鲁峻碑,鲁峻碑,63,六十三,1,7,7,0,0,PASS
13,013_鲁峻碑,鲁峻碑,64,六十四,1,8,8,0,0,PASS
13,013_鲁峻碑,鲁峻碑,65,六十五,1,8,8,0,0,PASS
13,013_鲁峻碑,鲁峻碑,66,六十六,1,8,8,0,0,PASS
13,013_鲁峻碑,鲁峻碑,67,六十七,1,8,8,0,0,PASS
13,013_鲁峻碑,鲁峻碑,68,六十八,1,8,8,0,0,PASS
13,013_鲁峻碑,鲁峻碑,69,六十九,1,7,7,0,0,PASS
13,013_鲁峻碑,鲁峻碑,70,七十,1,8,8,0,0,PASS
13,013_鲁峻碑,鲁峻碑,71,七十一,1,4,4,0,0,PASS
13,013_鲁峻碑,鲁峻碑,72,七十二,1,0,0,0,0,NO_SINGLE_CHAR_XYWH
13,013_鲁峻碑,鲁峻碑,73,七十三,1,0,0,0,0,NO_SINGLE_CHAR_XYWH
13,013_鲁峻碑,鲁峻碑,74,七十四,1,0,0,0,0,NO_SINGLE_CHAR_XYWH
13,013_鲁峻碑,鲁峻碑,75,七十五,1,0,0,0,0,NO_SINGLE_CHAR_XYWH
14,014_颜真卿李玄靖碑,颜真卿李玄靖碑,1,顏真卿李玄靖碑册一,0,0,0,0,0,NO_SINGLE_CHAR_XYWH
14,014_颜真卿李玄靖碑,颜真卿李玄靖碑,2,顏真卿李玄靖碑册二,0,0,0,0,0,NO_SINGLE_CHAR_XYWH
15,015_史晨前碑,史晨前碑,1,一,1,0,0,0,0,NO_SINGLE_CHAR_XYWH
15,015_史晨前碑,史晨前碑,2,二,1,0,0,0,0,NO_SINGLE_CHAR_XYWH
15,015_史晨前碑,史晨前碑,3,三,1,0,0,0,0,NO_SINGLE_CHAR_XYWH
15,015_史晨前碑,史晨前碑,4,四,1,0,0,0,0,NO_SINGLE_CHAR_XYWH
15,015_史晨前碑,史晨前碑,5,五,1,0,0,0,0,NO_SINGLE_CHAR_XYWH
15,015_史晨前碑,史晨前碑,6,六,1,18,18,0,0,PASS
15,015_史晨前碑,史晨前碑,7,七,1,14,14,0,0,PASS
15,015_史晨前碑,史晨前碑,8,八,1,18,18,0,0,PASS
15,015_史晨前碑,史晨前碑,9,九,1,18,18,0,0,PASS
15,015_史晨前碑,史晨前碑,10,十,1,18,18,0,0,PASS
15,015_史晨前碑,史晨前碑,11,十一,1,18,18,0,0,PASS
15,015_史晨前碑,史晨前碑,12,十二,1,18,18,0,0,PASS
15,015_史晨前碑,史晨前碑,13,十三,1,18,18,0,0,PASS
15,015_史晨前碑,史晨前碑,14,十四,1,18,18,0,0,PASS
15,015_史晨前碑,史晨前碑,15,十五,1,18,18,0,0,PASS
15,015_史晨前碑,史晨前碑,16,十六,1,18,18,0,0,PASS
15,015_史晨前碑,史晨前碑,17,十七,1,18,18,0,0,PASS
15,015_史晨前碑,史晨前碑,18,十八,1,18,18,0,0,PASS
15,015_史晨前碑,史晨前碑,19,十九,1,18,18,0,0,PASS
15,015_史晨前碑,史晨前碑,20,二十,1,18,18,0,0,PASS
15,015_史晨前碑,史晨前碑,21,二十一,1,18,18,0,0,PASS
15,015_史晨前碑,史晨前碑,22,二十二,1,18,18,0,0,PASS
15,015_史晨前碑,史晨前碑,23,二十三,1,17,17,0,0,PASS
15,015_史晨前碑,史晨前碑,24,二十四,1,18,18,0,0,PASS
15,015_史晨前碑,史晨前碑,25,二十五,1,18,18,0,0,PASS
15,015_史晨前碑,史晨前碑,26,二十六,1,0,0,0,0,NO_SINGLE_CHAR_XYWH
15,015_史晨前碑,史晨前碑,27,二十七,1,18,18,0,0,PASS
15,015_史晨前碑,史晨前碑,28,二十八,1,18,18,0,0,PASS
15,015_史晨前碑,史晨前碑,29,二十九,1,15,15,0,0,PASS
15,015_史晨前碑,史晨前碑,30,三十,1,18,18,0,0,PASS
15,015_史晨前碑,史晨前碑,31,三十一,1,18,18,0,0,PASS
15,015_史晨前碑,史晨前碑,32,三十二,1,18,18,0,0,PASS
15,015_史晨前碑,史晨前碑,33,三十三,1,18,18,0,0,PASS
15,015_史晨前碑,史晨前碑,34,三十四,1,18,18,0,0,PASS
15,015_史晨前碑,史晨前碑,35,三十五,1,16,16,0,0,PASS
15,015_史晨前碑,史晨前碑,36,三十六,1,2,2,0,0,PASS
15,015_史晨前碑,史晨前碑,37,三十七,1,0,0,0,0,NO_SINGLE_CHAR_XYWH
15,015_史晨前碑,史晨前碑,38,三十八,1,0,0,0,0,NO_SINGLE_CHAR_XYWH
15,015_史晨前碑,史晨前碑,39,三十九,1,0,0,0,0,NO_SINGLE_CHAR_XYWH
15,015_史晨前碑,史晨前碑,40,四十,1,0,0,0,0,NO_SINGLE_CHAR_XYWH
16,016_上尊号碑受禅表合册,上尊号碑受禅表合册,1,一,1,0,0,0,0,NO_SINGLE_CHAR_XYWH
16,016_上尊号碑受禅表合册,上尊号碑受禅表合册,2,二,1,0,0,0,0,NO_SINGLE_CHAR_XYWH
16,016_上尊号碑受禅表合册,上尊号碑受禅表合册,3,三,1,0,0,0,0,NO_SINGLE_CHAR_XYWH
16,016_上尊号碑受禅表合册,上尊号碑受禅表合册,4,四,1,0,0,0,0,NO_SINGLE_CHAR_XYWH
16,016_上尊号碑受禅表合册,上尊号碑受禅表合册,5,五,1,5,5,0,0,PASS
16,016_上尊号碑受禅表合册,上尊号碑受禅表合册,6,六,1,0,0,0,0,NO_SINGLE_CHAR_XYWH
16,016_上尊号碑受禅表合册,上尊号碑受禅表合册,7,七,1,0,0,0,0,NO_SINGLE_CHAR_XYWH
16,016_上尊号碑受禅表合册,上尊号碑受禅表合册,8,八,1,2,2,0,0,PASS
16,016_上尊号碑受禅表合册,上尊号碑受禅表合册,9,九,1,2,2,0,0,PASS
16,016_上尊号碑受禅表合册,上尊号碑受禅表合册,10,十,1,2,2,0,0,PASS
16,016_上尊号碑受禅表合册,上尊号碑受禅表合册,11,十一,1,2,2,0,0,PASS
16,016_上尊号碑受禅表合册,上尊号碑受禅表合册,12,十二,1,15,15,0,0,PASS
16,016_上尊号碑受禅表合册,上尊号碑受禅表合册,13,十三,1,15,15,0,0,PASS
16,016_上尊号碑受禅表合册,上尊号碑受禅表合册,14,十四,1,15,15,0,0,PASS
16,016_上尊号碑受禅表合册,上尊号碑受禅表合册,15,十五,1,15,15,0,0,PASS
16,016_上尊号碑受禅表合册,上尊号碑受禅表合册,16,十六,1,15,15,0,0,PASS
16,016_上尊号碑受禅表合册,上尊号碑受禅表合册,17,十七,1,15,15,0,0,PASS
16,016_上尊号碑受禅表合册,上尊号碑受禅表合册,18,十八,1,15,15,0,0,PASS
16,016_上尊号碑受禅表合册,上尊号碑受禅表合册,19,十九,1,15,15,0,0,PASS
16,016_上尊号碑受禅表合册,上尊号碑受禅表合册,20,二十,1,15,15,0,0,PASS
16,016_上尊号碑受禅表合册,上尊号碑受禅表合册,21,二十一,1,15,15,0,0,PASS
16,016_上尊号碑受禅表合册,上尊号碑受禅表合册,22,二十二,1,15,15,0,0,PASS
16,016_上尊号碑受禅表合册,上尊号碑受禅表合册,23,二十三,1,15,15,0,0,PASS
16,016_上尊号碑受禅表合册,上尊号碑受禅表合册,24,二十四,1,16,16,0,0,PASS
16,016_上尊号碑受禅表合册,上尊号碑受禅表合册,25,二十五,1,15,15,0,0,PASS
16,016_上尊号碑受禅表合册,上尊号碑受禅表合册,26,二十六,1,15,15,0,0,PASS
16,016_上尊号碑受禅表合册,上尊号碑受禅表合册,27,二十七,1,15,15,0,0,PASS
16,016_上尊号碑受禅表合册,上尊号碑受禅表合册,28,二十八,1,15,15,0,0,PASS
16,016_上尊号碑受禅表合册,上尊号碑受禅表合册,29,二十九,1,15,15,0,0,PASS
16,016_上尊号碑受禅表合册,上尊号碑受禅表合册,30,三十,1,15,15,0,0,PASS
16,016_上尊号碑受禅表合册,上尊号碑受禅表合册,31,三十一,1,15,15,0,0,PASS
16,016_上尊号碑受禅表合册,上尊号碑受禅表合册,32,三十二,1,15,15,0,0,PASS
16,016_上尊号碑受禅表合册,上尊号碑受禅表合册,33,三十三,1,15,15,0,0,PASS
16,016_上尊号碑受禅表合册,上尊号碑受禅表合册,34,三十四,1,1,1,0,0,PASS
16,016_上尊号碑受禅表合册,上尊号碑受禅表合册,35,三十五,1,0,0,0,0,NO_SINGLE_CHAR_XYWH
16,016_上尊号碑受禅表合册,上尊号碑受禅表合册,36,三十六,1,0,0,0,0,NO_SINGLE_CHAR_XYWH
16,016_上尊号碑受禅表合册,上尊号碑受禅表合册,37,三十七,1,0,0,0,0,NO_SINGLE_CHAR_XYWH
16,016_上尊号碑受禅表合册,上尊号碑受禅表合册,38,三十八,1,0,0,0,0,NO_SINGLE_CHAR_XYWH
16,016_上尊号碑受禅表合册,上尊号碑受禅表合册,39,三十九,1,0,0,0,0,NO_SINGLE_CHAR_XYWH
16,016_上尊号碑受禅表合册,上尊号碑受禅表合册,40,四十,1,0,0,0,0,NO_SINGLE_CHAR_XYWH
16,016_上尊号碑受禅表合册,上尊号碑受禅表合册,41,四十一,1,0,0,0,0,NO_SINGLE_CHAR_XYWH
16,016_上尊号碑受禅表合册,上尊号碑受禅表合册,42,四十二,1,0,0,0,0,NO_SINGLE_CHAR_XYWH
16,016_上尊号碑受禅表合册,上尊号碑受禅表合册,43,四十三,1,0,0,0,0,NO_SINGLE_CHAR_XYWH
16,016_上尊号碑受禅表合册,上尊号碑受禅表合册,44,四十四,1,18,18,0,0,PASS
16,016_上尊号碑受禅表合册,上尊号碑受禅表合册,45,四十五,1,18,18,0,0,PASS
16,016_上尊号碑受禅表合册,上尊号碑受禅表合册,46,四十六,1,18,18,0,0,PASS
16,016_上尊号碑受禅表合册,上尊号碑受禅表合册,47,四十七,1,18,18,0,0,PASS
16,016_上尊号碑受禅表合册,上尊号碑受禅表合册,48,四十八,1,15,15,0,0,PASS
16,016_上尊号碑受禅表合册,上尊号碑受禅表合册,49,四十九,1,16,16,0,0,PASS
16,016_上尊号碑受禅表合册,上尊号碑受禅表合册,50,五十,1,18,18,0,0,PASS
16,016_上尊号碑受禅表合册,上尊号碑受禅表合册,51,五十一,1,18,18,0,0,PASS
16,016_上尊号碑受禅表合册,上尊号碑受禅表合册,52,五十二,1,18,18,0,0,PASS
16,016_上尊号碑受禅表合册,上尊号碑受禅表合册,53,五十三,1,18,18,0,0,PASS
16,016_上尊号碑受禅表合册,上尊号碑受禅表合册,54,五十四,1,18,18,0,0,PASS
16,016_上尊号碑受禅表合册,上尊号碑受禅表合册,55,五十五,1,17,17,0,0,PASS
16,016_上尊号碑受禅表合册,上尊号碑受禅表合册,56,五十六,1,18,18,0,0,PASS
16,016_上尊号碑受禅表合册,上尊号碑受禅表合册,57,五十七,1,18,18,0,0,PASS
16,016_上尊号碑受禅表合册,上尊号碑受禅表合册,58,五十八,1,18,18,0,0,PASS
16,016_上尊号碑受禅表合册,上尊号碑受禅表合册,59,五十九,1,18,18,0,0,PASS
16,016_上尊号碑受禅表合册,上尊号碑受禅表合册,60,六十,1,18,18,0,0,PASS
16,016_上尊号碑受禅表合册,上尊号碑受禅表合册,61,六十一,1,17,17,0,0,PASS
16,016_上尊号碑受禅表合册,上尊号碑受禅表合册,62,六十二,1,18,18,0,0,PASS
16,016_上尊号碑受禅表合册,上尊号碑受禅表合册,63,六十三,1,18,18,0,0,PASS
16,016_上尊号碑受禅表合册,上尊号碑受禅表合册,64,六十四,1,18,18,0,0,PASS
16,016_上尊号碑受禅表合册,上尊号碑受禅表合册,65,六十五,1,18,18,0,0,PASS
16,016_上尊号碑受禅表合册,上尊号碑受禅表合册,66,六十六,1,18,18,0,0,PASS
16,016_上尊号碑受禅表合册,上尊号碑受禅表合册,67,六十七,1,0,0,0,0,NO_SINGLE_CHAR_XYWH
16,016_上尊号碑受禅表合册,上尊号碑受禅表合册,68,六十八,1,0,0,0,0,NO_SINGLE_CHAR_XYWH
16,016_上尊号碑受禅表合册,上尊号碑受禅表合册,69,六十九,1,0,0,0,0,NO_SINGLE_CHAR_XYWH
16,016_上尊号碑受禅表合册,上尊号碑受禅表合册,70,七十,1,0,0,0,0,NO_SINGLE_CHAR_XYWH
16,016_上尊号碑受禅表合册,上尊号碑受禅表合册,71,七十一,1,0,0,0,0,NO_SINGLE_CHAR_XYWH
16,016_上尊号碑受禅表合册,上尊号碑受禅表合册,72,七十二,1,0,0,0,0,NO_SINGLE_CHAR_XYWH
16,016_上尊号碑受禅表合册,上尊号碑受禅表合册,73,七十三,1,0,0,0,0,NO_SINGLE_CHAR_XYWH
16,016_上尊号碑受禅表合册,上尊号碑受禅表合册,74,七十四,1,0,0,0,0,NO_SINGLE_CHAR_XYWH
17,017_张猛龙碑并阴,张猛龙碑并阴,1,一,1,0,0,0,0,NO_SINGLE_CHAR_XYWH
17,017_张猛龙碑并阴,张猛龙碑并阴,2,二,1,0,0,0,0,NO_SINGLE_CHAR_XYWH
17,017_张猛龙碑并阴,张猛龙碑并阴,3,三,1,0,0,0,0,NO_SINGLE_CHAR_XYWH
17,017_张猛龙碑并阴,张猛龙碑并阴,4,四,1,28,27,0,1,PASS
17,017_张猛龙碑并阴,张猛龙碑并阴,5,五,1,27,27,0,0,PASS
17,017_张猛龙碑并阴,张猛龙碑并阴,6,六,1,28,28,0,0,PASS
17,017_张猛龙碑并阴,张猛龙碑并阴,7,七,1,28,28,0,0,PASS
17,017_张猛龙碑并阴,张猛龙碑并阴,8,八,1,28,28,0,0,PASS
17,017_张猛龙碑并阴,张猛龙碑并阴,9,九,1,28,28,0,0,PASS
17,017_张猛龙碑并阴,张猛龙碑并阴,10,十,1,28,28,0,0,PASS
17,017_张猛龙碑并阴,张猛龙碑并阴,11,十一,1,28,28,0,0,PASS
17,017_张猛龙碑并阴,张猛龙碑并阴,12,十二,1,28,28,0,0,PASS
17,017_张猛龙碑并阴,张猛龙碑并阴,13,十三,1,28,28,0,0,PASS
17,017_张猛龙碑并阴,张猛龙碑并阴,14,十四,1,26,26,0,0,PASS
17,017_张猛龙碑并阴,张猛龙碑并阴,15,十五,1,16,16,0,0,PASS
17,017_张猛龙碑并阴,张猛龙碑并阴,16,十六,1,28,28,0,0,PASS
17,017_张猛龙碑并阴,张猛龙碑并阴,17,十七,1,28,28,0,0,PASS
17,017_张猛龙碑并阴,张猛龙碑并阴,18,十八,1,28,28,0,0,PASS
17,017_张猛龙碑并阴,张猛龙碑并阴,19,十九,1,28,28,0,0,PASS
17,017_张猛龙碑并阴,张猛龙碑并阴,20,二十,1,28,28,0,0,PASS
17,017_张猛龙碑并阴,张猛龙碑并阴,21,二十一,1,28,28,0,0,PASS
17,017_张猛龙碑并阴,张猛龙碑并阴,22,二十二,1,28,28,0,0,PASS
17,017_张猛龙碑并阴,张猛龙碑并阴,23,二十三,1,28,28,0,0,PASS
17,017_张猛龙碑并阴,张猛龙碑并阴,24,二十四,1,28,28,0,0,PASS
17,017_张猛龙碑并阴,张猛龙碑并阴,25,二十五,1,28,28,0,0,PASS
17,017_张猛龙碑并阴,张猛龙碑并阴,26,二十六,1,28,28,0,0,PASS
17,017_张猛龙碑并阴,张猛龙碑并阴,27,二十七,1,28,28,0,0,PASS
17,017_张猛龙碑并阴,张猛龙碑并阴,28,二十八,1,28,28,0,0,PASS
17,017_张猛龙碑并阴,张猛龙碑并阴,29,二十九,1,28,28,0,0,PASS
17,017_张猛龙碑并阴,张猛龙碑并阴,30,三十,1,28,28,0,0,PASS
17,017_张猛龙碑并阴,张猛龙碑并阴,31,三十一,1,23,23,0,0,PASS
17,017_张猛龙碑并阴,张猛龙碑并阴,32,三十二,1,28,28,0,0,PASS
17,017_张猛龙碑并阴,张猛龙碑并阴,33,三十三,1,28,28,0,0,PASS
17,017_张猛龙碑并阴,张猛龙碑并阴,34,三十四,1,28,28,0,0,PASS
17,017_张猛龙碑并阴,张猛龙碑并阴,35,三十五,1,28,28,0,0,PASS
17,017_张猛龙碑并阴,张猛龙碑并阴,36,三十六,1,28,28,0,0,PASS
17,017_张猛龙碑并阴,张猛龙碑并阴,37,三十七,1,28,28,0,0,PASS
17,017_张猛龙碑并阴,张猛龙碑并阴,38,三十八,1,28,28,0,0,PASS
17,017_张猛龙碑并阴,张猛龙碑并阴,39,三十九,1,20,20,0,0,PASS
17,017_张猛龙碑并阴,张猛龙碑并阴,40,四十,1,33,33,0,0,PASS
17,017_张猛龙碑并阴,张猛龙碑并阴,41,四十一,1,28,28,0,0,PASS
17,017_张猛龙碑并阴,张猛龙碑并阴,42,四十二,1,35,35,0,0,PASS
17,017_张猛龙碑并阴,张猛龙碑并阴,43,四十三,1,0,0,0,0,NO_SINGLE_CHAR_XYWH
17,017_张猛龙碑并阴,张猛龙碑并阴,44,四十四,1,15,15,0,0,PASS
17,017_张猛龙碑并阴,张猛龙碑并阴,45,四十五,1,13,13,0,0,PASS
17,017_张猛龙碑并阴,张猛龙碑并阴,46,四十六,1,21,21,0,0,PASS
17,017_张猛龙碑并阴,张猛龙碑并阴,47,四十七,1,17,17,0,0,PASS
17,017_张猛龙碑并阴,张猛龙碑并阴,48,四十八,1,23,23,0,0,PASS
17,017_张猛龙碑并阴,张猛龙碑并阴,49,四十九,1,23,23,0,0,PASS
17,017_张猛龙碑并阴,张猛龙碑并阴,50,五十,1,24,24,0,0,PASS
17,017_张猛龙碑并阴,张猛龙碑并阴,51,五十一,1,22,22,0,0,PASS
17,017_张猛龙碑并阴,张猛龙碑并阴,52,五十二,1,22,22,0,0,PASS
17,017_张猛龙碑并阴,张猛龙碑并阴,53,五十三,1,45,45,0,0,PASS
17,017_张猛龙碑并阴,张猛龙碑并阴,54,五十四,1,48,48,0,0,PASS
17,017_张猛龙碑并阴,张猛龙碑并阴,55,五十五,1,49,49,0,0,PASS
17,017_张猛龙碑并阴,张猛龙碑并阴,56,五十六,1,48,48,0,0,PASS
17,017_张猛龙碑并阴,张猛龙碑并阴,57,五十七,1,24,24,0,0,PASS
17,017_张猛龙碑并阴,张猛龙碑并阴,58,五十八,1,22,22,0,0,PASS
17,017_张猛龙碑并阴,张猛龙碑并阴,59,五十九,1,22,22,0,0,PASS
17,017_张猛龙碑并阴,张猛龙碑并阴,60,六十,1,22,22,0,0,PASS
17,017_张猛龙碑并阴,张猛龙碑并阴,61,六十一,1,19,19,0,0,PASS
17,017_张猛龙碑并阴,张猛龙碑并阴,62,六十二,1,25,25,0,0,PASS
17,017_张猛龙碑并阴,张猛龙碑并阴,63,六十三,1,27,27,0,0,PASS
17,017_张猛龙碑并阴,张猛龙碑并阴,64,六十四,1,21,21,0,0,PASS
17,017_张猛龙碑并阴,张猛龙碑并阴,65,六十五,1,22,22,0,0,PASS
17,017_张猛龙碑并阴,张猛龙碑并阴,66,六十六,1,24,24,0,0,PASS
17,017_张猛龙碑并阴,张猛龙碑并阴,67,六十七,1,18,18,0,0,PASS
17,017_张猛龙碑并阴,张猛龙碑并阴,68,六十八,1,0,0,0,0,NO_SINGLE_CHAR_XYWH
17,017_张猛龙碑并阴,张猛龙碑并阴,69,六十九,1,0,0,0,0,NO_SINGLE_CHAR_XYWH
17,017_张猛龙碑并阴,张猛龙碑并阴,70,七十,1,0,0,0,0,NO_SINGLE_CHAR_XYWH
17,017_张猛龙碑并阴,张猛龙碑并阴,71,七十一,1,0,0,0,0,NO_SINGLE_CHAR_XYWH
17,017_张猛龙碑并阴,张猛龙碑并阴,72,七十二,1,0,0,0,0,NO_SINGLE_CHAR_XYWH
17,017_张猛龙碑并阴,张猛龙碑并阴,73,七十三,1,0,0,0,0,NO_SINGLE_CHAR_XYWH
17,017_张猛龙碑并阴,张猛龙碑并阴,74,七十四,1,0,0,0,0,NO_SINGLE_CHAR_XYWH
17,017_张猛龙碑并阴,张猛龙碑并阴,75,七十五,1,0,0,0,0,NO_SINGLE_CHAR_XYWH
17,017_张猛龙碑并阴,张猛龙碑并阴,76,七十六,1,0,0,0,0,NO_SINGLE_CHAR_XYWH
17,017_张猛龙碑并阴,张猛龙碑并阴,77,七十七,1,0,0,0,0,NO_SINGLE_CHAR_XYWH
17,017_张猛龙碑并阴,张猛龙碑并阴,78,七十八,1,0,0,0,0,NO_SINGLE_CHAR_XYWH
17,017_张猛龙碑并阴,张猛龙碑并阴,79,七十九,1,0,0,0,0,NO_SINGLE_CHAR_XYWH
17,017_张猛龙碑并阴,张猛龙碑并阴,80,八十,1,0,0,0,0,NO_SINGLE_CHAR_XYWH
17,017_张猛龙碑并阴,张猛龙碑并阴,81,八十一,1,0,0,0,0,NO_SINGLE_CHAR_XYWH
17,017_张猛龙碑并阴,张猛龙碑并阴,82,八十二,1,0,0,0,0,NO_SINGLE_CHAR_XYWH
17,017_张猛龙碑并阴,张猛龙碑并阴,83,八十三,1,0,0,0,0,NO_SINGLE_CHAR_XYWH
18,018_中岳嵩高灵庙碑并额,中岳嵩高灵庙碑并额,1,一,1,0,0,0,0,NO_SINGLE_CHAR_XYWH
18,018_中岳嵩高灵庙碑并额,中岳嵩高灵庙碑并额,2,二,1,0,0,0,0,NO_SINGLE_CHAR_XYWH
18,018_中岳嵩高灵庙碑并额,中岳嵩高灵庙碑并额,3,三,1,0,0,0,0,NO_SINGLE_CHAR_XYWH
18,018_中岳嵩高灵庙碑并额,中岳嵩高灵庙碑并额,4,四,1,2,2,0,0,PASS
18,018_中岳嵩高灵庙碑并额,中岳嵩高灵庙碑并额,5,五,1,2,2,0,0,PASS
18,018_中岳嵩高灵庙碑并额,中岳嵩高灵庙碑并额,6,六,1,2,2,0,0,PASS
18,018_中岳嵩高灵庙碑并额,中岳嵩高灵庙碑并额,7,七,1,2,2,0,0,PASS
18,018_中岳嵩高灵庙碑并额,中岳嵩高灵庙碑并额,8,八,1,18,18,0,0,PASS
18,018_中岳嵩高灵庙碑并额,中岳嵩高灵庙碑并额,9,九,1,18,18,0,0,PASS
18,018_中岳嵩高灵庙碑并额,中岳嵩高灵庙碑并额,10,十,1,18,18,0,0,PASS
18,018_中岳嵩高灵庙碑并额,中岳嵩高灵庙碑并额,11,十一,1,18,18,0,0,PASS
18,018_中岳嵩高灵庙碑并额,中岳嵩高灵庙碑并额,12,十二,1,18,18,0,0,PASS
18,018_中岳嵩高灵庙碑并额,中岳嵩高灵庙碑并额,13,十三,1,18,18,0,0,PASS
18,018_中岳嵩高灵庙碑并额,中岳嵩高灵庙碑并额,14,十四,1,18,18,0,0,PASS
18,018_中岳嵩高灵庙碑并额,中岳嵩高灵庙碑并额,15,十五,1,18,18,0,0,PASS
18,018_中岳嵩高灵庙碑并额,中岳嵩高灵庙碑并额,16,十六,1,18,18,0,0,PASS
18,018_中岳嵩高灵庙碑并额,中岳嵩高灵庙碑并额,17,十七,1,18,18,0,0,PASS
18,018_中岳嵩高灵庙碑并额,中岳嵩高灵庙碑并额,18,十八,1,18,18,0,0,PASS
18,018_中岳嵩高灵庙碑并额,中岳嵩高灵庙碑并额,19,十九,1,18,18,0,0,PASS
18,018_中岳嵩高灵庙碑并额,中岳嵩高灵庙碑并额,20,二十,1,18,18,0,0,PASS
18,018_中岳嵩高灵庙碑并额,中岳嵩高灵庙碑并额,21,二十一,1,18,18,0,0,PASS
18,018_中岳嵩高灵庙碑并额,中岳嵩高灵庙碑并额,22,二十二,1,18,18,0,0,PASS
18,018_中岳嵩高灵庙碑并额,中岳嵩高灵庙碑并额,23,二十三,1,18,18,0,0,PASS
18,018_中岳嵩高灵庙碑并额,中岳嵩高灵庙碑并额,24,二十四,1,18,18,0,0,PASS
18,018_中岳嵩高灵庙碑并额,中岳嵩高灵庙碑并额,25,二十五,1,18,18,0,0,PASS
18,018_中岳嵩高灵庙碑并额,中岳嵩高灵庙碑并额,26,二十六,1,18,18,0,0,PASS
18,018_中岳嵩高灵庙碑并额,中岳嵩高灵庙碑并额,27,二十七,1,18,18,0,0,PASS
18,018_中岳嵩高灵庙碑并额,中岳嵩高灵庙碑并额,28,二十八,1,18,18,0,0,PASS
18,018_中岳嵩高灵庙碑并额,中岳嵩高灵庙碑并额,29,二十九,1,18,18,0,0,PASS
18,018_中岳嵩高灵庙碑并额,中岳嵩高灵庙碑并额,30,三十,1,18,18,0,0,PASS
18,018_中岳嵩高灵庙碑并额,中岳嵩高灵庙碑并额,31,三十一,1,18,18,0,0,PASS
18,018_中岳嵩高灵庙碑并额,中岳嵩高灵庙碑并额,32,三十二,1,18,18,0,0,PASS
18,018_中岳嵩高灵庙碑并额,中岳嵩高灵庙碑并额,33,三十三,1,18,18,0,0,PASS
18,018_中岳嵩高灵庙碑并额,中岳嵩高灵庙碑并额,34,三十四,1,18,18,0,0,PASS
18,018_中岳嵩高灵庙碑并额,中岳嵩高灵庙碑并额,35,三十五,1,18,18,0,0,PASS
18,018_中岳嵩高灵庙碑并额,中岳嵩高灵庙碑并额,36,三十六,1,18,18,0,0,PASS
18,018_中岳嵩高灵庙碑并额,中岳嵩高灵庙碑并额,37,三十七,1,18,18,0,0,PASS
18,018_中岳嵩高灵庙碑并额,中岳嵩高灵庙碑并额,38,三十八,1,18,18,0,0,PASS
18,018_中岳嵩高灵庙碑并额,中岳嵩高灵庙碑并额,39,三十九,1,18,18,0,0,PASS
18,018_中岳嵩高灵庙碑并额,中岳嵩高灵庙碑并额,40,四十,1,18,18,0,0,PASS
18,018_中岳嵩高灵庙碑并额,中岳嵩高灵庙碑并额,41,四十一,1,18,18,0,0,PASS
18,018_中岳嵩高灵庙碑并额,中岳嵩高灵庙碑并额,42,四十二,1,18,18,0,0,PASS
18,018_中岳嵩高灵庙碑并额,中岳嵩高灵庙碑并额,43,四十三,1,18,18,0,0,PASS
18,018_中岳嵩高灵庙碑并额,中岳嵩高灵庙碑并额,44,四十四,1,16,16,0,0,PASS
18,018_中岳嵩高灵庙碑并额,中岳嵩高灵庙碑并额,45,四十五,1,18,18,0,0,PASS
18,018_中岳嵩高灵庙碑并额,中岳嵩高灵庙碑并额,46,四十六,1,18,18,0,0,PASS
18,018_中岳嵩高灵庙碑并额,中岳嵩高灵庙碑并额,47,四十七,1,18,18,0,0,PASS
18,018_中岳嵩高灵庙碑并额,中岳嵩高灵庙碑并额,48,四十八,1,18,18,0,0,PASS
18,018_中岳嵩高灵庙碑并额,中岳嵩高灵庙碑并额,49,四十九,1,18,18,0,0,PASS
18,018_中岳嵩高灵庙碑并额,中岳嵩高灵庙碑并额,50,五十,1,18,18,0,0,PASS
18,018_中岳嵩高灵庙碑并额,中岳嵩高灵庙碑并额,51,五十一,1,18,18,0,0,PASS
18,018_中岳嵩高灵庙碑并额,中岳嵩高灵庙碑并额,52,五十二,1,18,18,0,0,PASS
18,018_中岳嵩高灵庙碑并额,中岳嵩高灵庙碑并额,53,五十三,1,5,5,0,0,PASS
18,018_中岳嵩高灵庙碑并额,中岳嵩高灵庙碑并额,54,五十四,1,0,0,0,0,NO_SINGLE_CHAR_XYWH
18,018_中岳嵩高灵庙碑并额,中岳嵩高灵庙碑并额,55,五十五,1,0,0,0,0,NO_SINGLE_CHAR_XYWH
19,019_虞恭公温彦博碑,虞恭公温彦博碑,1,一,1,0,0,0,0,NO_SINGLE_CHAR_XYWH
19,019_虞恭公温彦博碑,虞恭公温彦博碑,2,二,1,0,0,0,0,NO_SINGLE_CHAR_XYWH
19,019_虞恭公温彦博碑,虞恭公温彦博碑,3,三,1,0,0,0,0,NO_SINGLE_CHAR_XYWH
19,019_虞恭公温彦博碑,虞恭公温彦博碑,4,四,1,0,0,0,0,NO_SINGLE_CHAR_XYWH
19,019_虞恭公温彦博碑,虞恭公温彦博碑,5,五,1,26,26,0,0,PASS
19,019_虞恭公温彦博碑,虞恭公温彦博碑,6,六,1,32,32,0,0,PASS
19,019_虞恭公温彦博碑,虞恭公温彦博碑,7,七,1,40,40,0,0,PASS
19,019_虞恭公温彦博碑,虞恭公温彦博碑,8,八,1,40,40,0,0,PASS
19,019_虞恭公温彦博碑,虞恭公温彦博碑,9,九,1,40,40,0,0,PASS
19,019_虞恭公温彦博碑,虞恭公温彦博碑,10,十,1,40,40,0,0,PASS
19,019_虞恭公温彦博碑,虞恭公温彦博碑,11,十一,1,40,40,0,0,PASS
19,019_虞恭公温彦博碑,虞恭公温彦博碑,12,十二,1,40,40,0,0,PASS
19,019_虞恭公温彦博碑,虞恭公温彦博碑,13,十三,1,40,40,0,0,PASS
19,019_虞恭公温彦博碑,虞恭公温彦博碑,14,十四,1,40,40,0,0,PASS
19,019_虞恭公温彦博碑,虞恭公温彦博碑,15,十五,1,40,40,0,0,PASS
19,019_虞恭公温彦博碑,虞恭公温彦博碑,16,十六,1,40,40,0,0,PASS
19,019_虞恭公温彦博碑,虞恭公温彦博碑,17,十七,1,40,40,0,0,PASS
19,019_虞恭公温彦博碑,虞恭公温彦博碑,18,十八,1,40,40,0,0,PASS
19,019_虞恭公温彦博碑,虞恭公温彦博碑,19,十九,1,40,40,0,0,PASS
19,019_虞恭公温彦博碑,虞恭公温彦博碑,20,二十,1,40,40,0,0,PASS
19,019_虞恭公温彦博碑,虞恭公温彦博碑,21,二十一,1,40,40,0,0,PASS
19,019_虞恭公温彦博碑,虞恭公温彦博碑,22,二十二,1,40,40,0,0,PASS
19,019_虞恭公温彦博碑,虞恭公温彦博碑,23,二十三,1,40,40,0,0,PASS
19,019_虞恭公温彦博碑,虞恭公温彦博碑,24,二十四,1,40,40,0,0,PASS
19,019_虞恭公温彦博碑,虞恭公温彦博碑,25,二十五,1,28,28,0,0,PASS
19,019_虞恭公温彦博碑,虞恭公温彦博碑,26,二十六,1,32,32,0,0,PASS
19,019_虞恭公温彦博碑,虞恭公温彦博碑,27,二十七,1,25,25,0,0,PASS
19,019_虞恭公温彦博碑,虞恭公温彦博碑,28,二十八,1,88,88,0,0,PASS
19,019_虞恭公温彦博碑,虞恭公温彦博碑,29,二十九,1,0,0,0,0,NO_SINGLE_CHAR_XYWH
19,019_虞恭公温彦博碑,虞恭公温彦博碑,30,三十,1,0,0,0,0,NO_SINGLE_CHAR_XYWH
19,019_虞恭公温彦博碑,虞恭公温彦博碑,31,三十一,1,0,0,0,0,NO_SINGLE_CHAR_XYWH
19,019_虞恭公温彦博碑,虞恭公温彦博碑,32,三十二,1,0,0,0,0,NO_SINGLE_CHAR_XYWH
19,019_虞恭公温彦博碑,虞恭公温彦博碑,33,三十三,1,0,0,0,0,NO_SINGLE_CHAR_XYWH
19,019_虞恭公温彦博碑,虞恭公温彦博碑,34,三十四,1,0,0,0,0,NO_SINGLE_CHAR_XYWH
19,019_虞恭公温彦博碑,虞恭公温彦博碑,35,三十五,1,0,0,0,0,NO_SINGLE_CHAR_XYWH
20,020_化度寺邕禅师舍利塔铭,化度寺邕禅师舍利塔铭,1,一,1,0,0,0,0,NO_SINGLE_CHAR_XYWH
20,020_化度寺邕禅师舍利塔铭,化度寺邕禅师舍利塔铭,2,二,1,0,0,0,0,NO_SINGLE_CHAR_XYWH
20,020_化度寺邕禅师舍利塔铭,化度寺邕禅师舍利塔铭,3,三,1,0,0,0,0,NO_SINGLE_CHAR_XYWH
20,020_化度寺邕禅师舍利塔铭,化度寺邕禅师舍利塔铭,4,四,1,0,0,0,0,NO_SINGLE_CHAR_XYWH
20,020_化度寺邕禅师舍利塔铭,化度寺邕禅师舍利塔铭,5,五,1,0,0,0,0,NO_SINGLE_CHAR_XYWH
20,020_化度寺邕禅师舍利塔铭,化度寺邕禅师舍利塔铭,6,六,1,0,0,0,0,NO_SINGLE_CHAR_XYWH
20,020_化度寺邕禅师舍利塔铭,化度寺邕禅师舍利塔铭,7,七,1,0,0,0,0,NO_SINGLE_CHAR_XYWH
20,020_化度寺邕禅师舍利塔铭,化度寺邕禅师舍利塔铭,8,八,1,0,0,0,0,NO_SINGLE_CHAR_XYWH
20,020_化度寺邕禅师舍利塔铭,化度寺邕禅师舍利塔铭,9,九,1,47,47,0,0,PASS
20,020_化度寺邕禅师舍利塔铭,化度寺邕禅师舍利塔铭,10,十,1,60,60,0,0,PASS
20,020_化度寺邕禅师舍利塔铭,化度寺邕禅师舍利塔铭,11,十一,1,60,60,0,0,PASS
20,020_化度寺邕禅师舍利塔铭,化度寺邕禅师舍利塔铭,12,十二,1,60,60,0,0,PASS
20,020_化度寺邕禅师舍利塔铭,化度寺邕禅师舍利塔铭,13,十三,1,60,60,0,0,PASS
20,020_化度寺邕禅师舍利塔铭,化度寺邕禅师舍利塔铭,14,十四,1,60,60,0,0,PASS
20,020_化度寺邕禅师舍利塔铭,化度寺邕禅师舍利塔铭,15,十五,1,60,60,0,0,PASS
20,020_化度寺邕禅师舍利塔铭,化度寺邕禅师舍利塔铭,16,十六,1,60,60,0,0,PASS
20,020_化度寺邕禅师舍利塔铭,化度寺邕禅师舍利塔铭,17,十七,1,60,60,0,0,PASS
20,020_化度寺邕禅师舍利塔铭,化度寺邕禅师舍利塔铭,18,十八,1,60,60,0,0,PASS
20,020_化度寺邕禅师舍利塔铭,化度寺邕禅师舍利塔铭,19,十九,1,60,60,0,0,PASS
20,020_化度寺邕禅师舍利塔铭,化度寺邕禅师舍利塔铭,20,二十,1,60,60,0,0,PASS
20,020_化度寺邕禅师舍利塔铭,化度寺邕禅师舍利塔铭,21,二十一,1,60,60,0,0,PASS
20,020_化度寺邕禅师舍利塔铭,化度寺邕禅师舍利塔铭,22,二十二,1,54,54,0,0,PASS
20,020_化度寺邕禅师舍利塔铭,化度寺邕禅师舍利塔铭,23,二十三,1,60,60,0,0,PASS
20,020_化度寺邕禅师舍利塔铭,化度寺邕禅师舍利塔铭,24,二十四,1,60,60,0,0,PASS
20,020_化度寺邕禅师舍利塔铭,化度寺邕禅师舍利塔铭,25,二十五,1,61,61,0,0,PASS
20,020_化度寺邕禅师舍利塔铭,化度寺邕禅师舍利塔铭,26,二十六,1,60,60,0,0,PASS
20,020_化度寺邕禅师舍利塔铭,化度寺邕禅师舍利塔铭,27,二十七,1,18,18,0,0,PASS
20,020_化度寺邕禅师舍利塔铭,化度寺邕禅师舍利塔铭,28,二十八,1,0,0,0,0,NO_SINGLE_CHAR_XYWH
20,020_化度寺邕禅师舍利塔铭,化度寺邕禅师舍利塔铭,29,二十九,1,0,0,0,0,NO_SINGLE_CHAR_XYWH
20,020_化度寺邕禅师舍利塔铭,化度寺邕禅师舍利塔铭,30,三十,1,0,0,0,0,NO_SINGLE_CHAR_XYWH
20,020_化度寺邕禅师舍利塔铭,化度寺邕禅师舍利塔铭,31,三十一,1,0,0,0,0,NO_SINGLE_CHAR_XYWH
20,020_化度寺邕禅师舍利塔铭,化度寺邕禅师舍利塔铭,32,三十二,1,0,0,0,0,NO_SINGLE_CHAR_XYWH
20,020_化度寺邕禅师舍利塔铭,化度寺邕禅师舍利塔铭,33,三十三,1,0,0,0,0,NO_SINGLE_CHAR_XYWH
20,020_化度寺邕禅师舍利塔铭,化度寺邕禅师舍利塔铭,34,三十四,1,0,0,0,0,NO_SINGLE_CHAR_XYWH
20,020_化度寺邕禅师舍利塔铭,化度寺邕禅师舍利塔铭,35,三十五,1,0,0,0,0,NO_SINGLE_CHAR_XYWH
20,020_化度寺邕禅师舍利塔铭,化度寺邕禅师舍利塔铭,36,三十六,1,0,0,0,0,NO_SINGLE_CHAR_XYWH
20,020_化度寺邕禅师舍利塔铭,化度寺邕禅师舍利塔铭,37,三十七,1,0,0,0,0,NO_SINGLE_CHAR_XYWH
20,020_化度寺邕禅师舍利塔铭,化度寺邕禅师舍利塔铭,38,三十八,1,0,0,0,0,NO_SINGLE_CHAR_XYWH
20,020_化度寺邕禅师舍利塔铭,化度寺邕禅师舍利塔铭,39,三十九,1,0,0,0,0,NO_SINGLE_CHAR_XYWH
20,020_化度寺邕禅师舍利塔铭,化度寺邕禅师舍利塔铭,40,四十,1,0,0,0,0,NO_SINGLE_CHAR_XYWH
20,020_化度寺邕禅师舍利塔铭,化度寺邕禅师舍利塔铭,41,四十一,1,0,0,0,0,NO_SINGLE_CHAR_XYWH
20,020_化度寺邕禅师舍利塔铭,化度寺邕禅师舍利塔铭,42,四十二,1,0,0,0,0,NO_SINGLE_CHAR_XYWH
20,020_化度寺邕禅师舍利塔铭,化度寺邕禅师舍利塔铭,43,四十三,1,0,0,0,0,NO_SINGLE_CHAR_XYWH
20,020_化度寺邕禅师舍利塔铭,化度寺邕禅师舍利塔铭,44,四十四,1,0,0,0,0,NO_SINGLE_CHAR_XYWH
20,020_化度寺邕禅师舍利塔铭,化度寺邕禅师舍利塔铭,45,四十五,1,0,0,0,0,NO_SINGLE_CHAR_XYWH
20,020_化度寺邕禅师舍利塔铭,化度寺邕禅师舍利塔铭,46,四十六,1,0,0,0,0,NO_SINGLE_CHAR_XYWH
20,020_化度寺邕禅师舍利塔铭,化度寺邕禅师舍利塔铭,47,四十七,1,0,0,0,0,NO_SINGLE_CHAR_XYWH
20,020_化度寺邕禅师舍利塔铭,化度寺邕禅师舍利塔铭,48,四十八,1,0,0,0,0,NO_SINGLE_CHAR_XYWH
20,020_化度寺邕禅师舍利塔铭,化度寺邕禅师舍利塔铭,49,四十九,1,0,0,0,0,NO_SINGLE_CHAR_XYWH
21,021_孔羡碑,孔羡碑,1,一,1,0,0,0,0,NO_SINGLE_CHAR_XYWH
21,021_孔羡碑,孔羡碑,2,二,1,0,0,0,0,NO_SINGLE_CHAR_XYWH
21,021_孔羡碑,孔羡碑,3,三,1,13,13,0,0,PASS
21,021_孔羡碑,孔羡碑,4,四,1,29,29,0,0,PASS
21,021_孔羡碑,孔羡碑,5,五,1,28,28,0,0,PASS
21,021_孔羡碑,孔羡碑,6,六,1,28,28,0,0,PASS
21,021_孔羡碑,孔羡碑,7,七,1,27,27,0,0,PASS
21,021_孔羡碑,孔羡碑,8,八,1,28,28,0,0,PASS
21,021_孔羡碑,孔羡碑,9,九,1,28,28,0,0,PASS
21,021_孔羡碑,孔羡碑,10,十,1,28,28,0,0,PASS
21,021_孔羡碑,孔羡碑,11,十一,1,28,28,0,0,PASS
21,021_孔羡碑,孔羡碑,12,十二,1,28,28,0,0,PASS
21,021_孔羡碑,孔羡碑,13,十三,1,28,28,0,0,PASS
21,021_孔羡碑,孔羡碑,14,十四,1,28,28,0,0,PASS
21,021_孔羡碑,孔羡碑,15,十五,1,28,28,0,0,PASS
21,021_孔羡碑,孔羡碑,16,十六,1,28,28,0,0,PASS
21,021_孔羡碑,孔羡碑,17,十七,1,28,28,0,0,PASS
21,021_孔羡碑,孔羡碑,18,十八,1,27,27,0,0,PASS
21,021_孔羡碑,孔羡碑,19,十九,1,28,28,0,0,PASS
21,021_孔羡碑,孔羡碑,20,二十,1,28,28,0,0,PASS
21,021_孔羡碑,孔羡碑,21,二十一,1,28,28,0,0,PASS
21,021_孔羡碑,孔羡碑,22,二十二,1,28,28,0,0,PASS
21,021_孔羡碑,孔羡碑,23,二十三,1,28,28,0,0,PASS
21,021_孔羡碑,孔羡碑,24,二十四,1,28,28,0,0,PASS
21,021_孔羡碑,孔羡碑,25,二十五,1,28,28,0,0,PASS
21,021_孔羡碑,孔羡碑,26,二十六,1,28,28,0,0,PASS
21,021_孔羡碑,孔羡碑,27,二十七,1,28,28,0,0,PASS
21,021_孔羡碑,孔羡碑,28,二十八,1,28,28,0,0,PASS
21,021_孔羡碑,孔羡碑,29,二十九,1,28,28,0,0,PASS
21,021_孔羡碑,孔羡碑,30,三十,1,28,28,0,0,PASS
21,021_孔羡碑,孔羡碑,31,三十一,1,28,28,0,0,PASS
21,021_孔羡碑,孔羡碑,32,三十二,1,20,20,0,0,PASS
21,021_孔羡碑,孔羡碑,33,三十三,1,10,10,0,0,PASS
21,021_孔羡碑,孔羡碑,34,三十四,1,0,0,0,0,NO_SINGLE_CHAR_XYWH
21,021_孔羡碑,孔羡碑,35,三十五,1,0,0,0,0,NO_SINGLE_CHAR_XYWH
22,022_王居士砖塔铭,王居士砖塔铭,1,一,1,0,0,0,0,NO_SINGLE_CHAR_XYWH
22,022_王居士砖塔铭,王居士砖塔铭,2,二,1,0,0,0,0,NO_SINGLE_CHAR_XYWH
22,022_王居士砖塔铭,王居士砖塔铭,3,三,1,0,0,0,0,NO_SINGLE_CHAR_XYWH
22,022_王居士砖塔铭,王居士砖塔铭,4,四,1,0,0,0,0,NO_SINGLE_CHAR_XYWH
22,022_王居士砖塔铭,王居士砖塔铭,5,五,1,19,19,0,0,PASS
22,022_王居士砖塔铭,王居士砖塔铭,6,六,1,28,28,0,0,PASS
22,022_王居士砖塔铭,王居士砖塔铭,7,七,1,27,27,0,0,PASS
22,022_王居士砖塔铭,王居士砖塔铭,8,八,1,28,28,0,0,PASS
22,022_王居士砖塔铭,王居士砖塔铭,9,九,1,28,28,0,0,PASS
22,022_王居士砖塔铭,王居士砖塔铭,10,十,1,28,28,0,0,PASS
22,022_王居士砖塔铭,王居士砖塔铭,11,十一,1,26,26,0,0,PASS
22,022_王居士砖塔铭,王居士砖塔铭,12,十二,1,28,28,0,0,PASS
22,022_王居士砖塔铭,王居士砖塔铭,13,十三,1,26,26,0,0,PASS
22,022_王居士砖塔铭,王居士砖塔铭,14,十四,1,28,28,0,0,PASS
22,022_王居士砖塔铭,王居士砖塔铭,15,十五,1,13,13,0,0,PASS
22,022_王居士砖塔铭,王居士砖塔铭,16,十六,1,0,0,0,0,NO_SINGLE_CHAR_XYWH
22,022_王居士砖塔铭,王居士砖塔铭,17,十七,1,0,0,0,0,NO_SINGLE_CHAR_XYWH
22,022_王居士砖塔铭,王居士砖塔铭,18,十八,1,0,0,0,0,NO_SINGLE_CHAR_XYWH
22,022_王居士砖塔铭,王居士砖塔铭,19,十九,1,32,32,0,0,PASS
22,022_王居士砖塔铭,王居士砖塔铭,20,二十,1,32,32,0,0,PASS
22,022_王居士砖塔铭,王居士砖塔铭,21,二十一,1,32,32,0,0,PASS
22,022_王居士砖塔铭,王居士砖塔铭,22,二十二,1,26,26,0,0,PASS
22,022_王居士砖塔铭,王居士砖塔铭,23,二十三,1,31,31,0,0,PASS
22,022_王居士砖塔铭,王居士砖塔铭,24,二十四,1,0,0,0,0,NO_SINGLE_CHAR_XYWH
22,022_王居士砖塔铭,王居士砖塔铭,25,二十五,1,0,0,0,0,NO_SINGLE_CHAR_XYWH
22,022_王居士砖塔铭,王居士砖塔铭,26,二十六,1,0,0,0,0,NO_SINGLE_CHAR_XYWH
22,022_王居士砖塔铭,王居士砖塔铭,27,二十七,1,0,0,0,0,NO_SINGLE_CHAR_XYWH
22,022_王居士砖塔铭,王居士砖塔铭,28,二十八,1,0,0,0,0,NO_SINGLE_CHAR_XYWH
22,022_王居士砖塔铭,王居士砖塔铭,29,二十九,1,0,0,0,0,NO_SINGLE_CHAR_XYWH
23,023_圭峰定慧禅师碑,圭峰定慧禅师碑,1,一,1,0,0,0,0,NO_SINGLE_CHAR_XYWH
23,023_圭峰定慧禅师碑,圭峰定慧禅师碑,2,二,1,0,0,0,0,NO_SINGLE_CHAR_XYWH
23,023_圭峰定慧禅师碑,圭峰定慧禅师碑,3,三,1,0,0,0,0,NO_SINGLE_CHAR_XYWH
23,023_圭峰定慧禅师碑,圭峰定慧禅师碑,4,四,1,0,0,0,0,NO_SINGLE_CHAR_XYWH
23,023_圭峰定慧禅师碑,圭峰定慧禅师碑,5,五,1,0,0,0,0,NO_SINGLE_CHAR_XYWH
23,023_圭峰定慧禅师碑,圭峰定慧禅师碑,6,六,1,0,0,0,0,NO_SINGLE_CHAR_XYWH
23,023_圭峰定慧禅师碑,圭峰定慧禅师碑,7,七,1,0,0,0,0,NO_SINGLE_CHAR_XYWH
23,023_圭峰定慧禅师碑,圭峰定慧禅师碑,8,八,1,27,27,0,0,PASS
23,023_圭峰定慧禅师碑,圭峰定慧禅师碑,9,九,1,22,22,0,0,PASS
23,023_圭峰定慧禅师碑,圭峰定慧禅师碑,10,十,1,28,28,0,0,PASS
23,023_圭峰定慧禅师碑,圭峰定慧禅师碑,11,十一,1,18,18,0,0,PASS
23,023_圭峰定慧禅师碑,圭峰定慧禅师碑,12,十二,1,25,25,0,0,PASS
23,023_圭峰定慧禅师碑,圭峰定慧禅师碑,13,十三,1,28,28,0,0,PASS
23,023_圭峰定慧禅师碑,圭峰定慧禅师碑,14,十四,1,28,28,0,0,PASS
23,023_圭峰定慧禅师碑,圭峰定慧禅师碑,15,十五,1,28,28,0,0,PASS
23,023_圭峰定慧禅师碑,圭峰定慧禅师碑,16,十六,1,28,28,0,0,PASS
23,023_圭峰定慧禅师碑,圭峰定慧禅师碑,17,十七,1,28,28,0,0,PASS
23,023_圭峰定慧禅师碑,圭峰定慧禅师碑,18,十八,1,28,28,0,0,PASS
23,023_圭峰定慧禅师碑,圭峰定慧禅师碑,19,十九,1,28,28,0,0,PASS
23,023_圭峰定慧禅师碑,圭峰定慧禅师碑,20,二十,1,28,28,0,0,PASS
23,023_圭峰定慧禅师碑,圭峰定慧禅师碑,21,二十一,1,28,28,0,0,PASS
23,023_圭峰定慧禅师碑,圭峰定慧禅师碑,22,二十二,1,28,28,0,0,PASS
23,023_圭峰定慧禅师碑,圭峰定慧禅师碑,23,二十三,1,25,25,0,0,PASS
23,023_圭峰定慧禅师碑,圭峰定慧禅师碑,24,二十四,1,26,26,0,0,PASS
23,023_圭峰定慧禅师碑,圭峰定慧禅师碑,25,二十五,1,28,28,0,0,PASS
23,023_圭峰定慧禅师碑,圭峰定慧禅师碑,26,二十六,1,28,28,0,0,PASS
23,023_圭峰定慧禅师碑,圭峰定慧禅师碑,27,二十七,1,28,28,0,0,PASS
23,023_圭峰定慧禅师碑,圭峰定慧禅师碑,28,二十八,1,26,26,0,0,PASS
23,023_圭峰定慧禅师碑,圭峰定慧禅师碑,29,二十九,1,28,28,0,0,PASS
23,023_圭峰定慧禅师碑,圭峰定慧禅师碑,30,三十,1,28,28,0,0,PASS
23,023_圭峰定慧禅师碑,圭峰定慧禅师碑,31,三十一,1,28,28,0,0,PASS
23,023_圭峰定慧禅师碑,圭峰定慧禅师碑,32,三十二,1,28,28,0,0,PASS
23,023_圭峰定慧禅师碑,圭峰定慧禅师碑,33,三十三,1,25,25,0,0,PASS
23,023_圭峰定慧禅师碑,圭峰定慧禅师碑,34,三十四,1,28,28,0,0,PASS
23,023_圭峰定慧禅师碑,圭峰定慧禅师碑,35,三十五,1,28,28,0,0,PASS
23,023_圭峰定慧禅师碑,圭峰定慧禅师碑,36,三十六,1,28,28,0,0,PASS
23,023_圭峰定慧禅师碑,圭峰定慧禅师碑,37,三十七,1,24,24,0,0,PASS
23,023_圭峰定慧禅师碑,圭峰定慧禅师碑,38,三十八,1,28,28,0,0,PASS
23,023_圭峰定慧禅师碑,圭峰定慧禅师碑,39,三十九,1,28,28,0,0,PASS
23,023_圭峰定慧禅师碑,圭峰定慧禅师碑,40,四十,1,28,28,0,0,PASS
23,023_圭峰定慧禅师碑,圭峰定慧禅师碑,41,四十一,1,28,28,0,0,PASS
23,023_圭峰定慧禅师碑,圭峰定慧禅师碑,42,四十二,1,28,28,0,0,PASS
23,023_圭峰定慧禅师碑,圭峰定慧禅师碑,43,四十三,1,28,28,0,0,PASS
23,023_圭峰定慧禅师碑,圭峰定慧禅师碑,44,四十四,1,28,28,0,0,PASS
23,023_圭峰定慧禅师碑,圭峰定慧禅师碑,45,四十五,1,28,28,0,0,PASS
23,023_圭峰定慧禅师碑,圭峰定慧禅师碑,46,四十六,1,26,26,0,0,PASS
23,023_圭峰定慧禅师碑,圭峰定慧禅师碑,47,四十七,1,28,28,0,0,PASS
23,023_圭峰定慧禅师碑,圭峰定慧禅师碑,48,四十八,1,26,26,0,0,PASS
23,023_圭峰定慧禅师碑,圭峰定慧禅师碑,49,四十九,1,26,26,0,0,PASS
23,023_圭峰定慧禅师碑,圭峰定慧禅师碑,50,五十,1,26,26,0,0,PASS
23,023_圭峰定慧禅师碑,圭峰定慧禅师碑,51,五十一,1,28,28,0,0,PASS
23,023_圭峰定慧禅师碑,圭峰定慧禅师碑,52,五十二,1,28,28,0,0,PASS
23,023_圭峰定慧禅师碑,圭峰定慧禅师碑,53,五十三,1,24,24,0,0,PASS
23,023_圭峰定慧禅师碑,圭峰定慧禅师碑,54,五十四,1,28,28,0,0,PASS
23,023_圭峰定慧禅师碑,圭峰定慧禅师碑,55,五十五,1,28,28,0,0,PASS
23,023_圭峰定慧禅师碑,圭峰定慧禅师碑,56,五十六,1,28,28,0,0,PASS
23,023_圭峰定慧禅师碑,圭峰定慧禅师碑,57,五十七,1,28,28,0,0,PASS
23,023_圭峰定慧禅师碑,圭峰定慧禅师碑,58,五十八,1,28,28,0,0,PASS
23,023_圭峰定慧禅师碑,圭峰定慧禅师碑,59,五十九,1,25,25,0,0,PASS
23,023_圭峰定慧禅师碑,圭峰定慧禅师碑,60,六十,1,28,28,0,0,PASS
23,023_圭峰定慧禅师碑,圭峰定慧禅师碑,61,六十一,1,22,22,0,0,PASS
23,023_圭峰定慧禅师碑,圭峰定慧禅师碑,62,六十二,1,28,28,0,0,PASS
23,023_圭峰定慧禅师碑,圭峰定慧禅师碑,63,六十三,1,28,28,0,0,PASS
23,023_圭峰定慧禅师碑,圭峰定慧禅师碑,64,六十四,1,28,28,0,0,PASS
23,023_圭峰定慧禅师碑,圭峰定慧禅师碑,65,六十五,1,28,28,0,0,PASS
23,023_圭峰定慧禅师碑,圭峰定慧禅师碑,66,六十六,1,28,28,0,0,PASS
23,023_圭峰定慧禅师碑,圭峰定慧禅师碑,67,六十七,1,28,28,0,0,PASS
23,023_圭峰定慧禅师碑,圭峰定慧禅师碑,68,六十八,1,26,26,0,0,PASS
23,023_圭峰定慧禅师碑,圭峰定慧禅师碑,69,六十九,1,28,28,0,0,PASS
23,023_圭峰定慧禅师碑,圭峰定慧禅师碑,70,七十,1,25,25,0,0,PASS
23,023_圭峰定慧禅师碑,圭峰定慧禅师碑,71,七十一,1,28,28,0,0,PASS
23,023_圭峰定慧禅师碑,圭峰定慧禅师碑,72,七十二,1,28,28,0,0,PASS
23,023_圭峰定慧禅师碑,圭峰定慧禅师碑,73,七十三,1,27,27,0,0,PASS
23,023_圭峰定慧禅师碑,圭峰定慧禅师碑,74,七十四,1,25,25,0,0,PASS
23,023_圭峰定慧禅师碑,圭峰定慧禅师碑,75,七十五,1,28,28,0,0,PASS
23,023_圭峰定慧禅师碑,圭峰定慧禅师碑,76,七十六,1,28,28,0,0,PASS
23,023_圭峰定慧禅师碑,圭峰定慧禅师碑,77,七十七,1,28,28,0,0,PASS
23,023_圭峰定慧禅师碑,圭峰定慧禅师碑,78,七十八,1,28,28,0,0,PASS
23,023_圭峰定慧禅师碑,圭峰定慧禅师碑,79,七十九,1,25,25,0,0,PASS
23,023_圭峰定慧禅师碑,圭峰定慧禅师碑,80,八十,1,28,28,0,0,PASS
23,023_圭峰定慧禅师碑,圭峰定慧禅师碑,81,八十一,1,24,24,0,0,PASS
23,023_圭峰定慧禅师碑,圭峰定慧禅师碑,82,八十二,1,30,30,0,0,PASS
23,023_圭峰定慧禅师碑,圭峰定慧禅师碑,83,八十三,1,28,28,0,0,PASS
23,023_圭峰定慧禅师碑,圭峰定慧禅师碑,84,八十四,1,35,35,0,0,PASS
23,023_圭峰定慧禅师碑,圭峰定慧禅师碑,85,八十五,1,25,25,0,0,PASS
23,023_圭峰定慧禅师碑,圭峰定慧禅师碑,86,八十六,1,0,0,0,0,NO_SINGLE_CHAR_XYWH
23,023_圭峰定慧禅师碑,圭峰定慧禅师碑,87,八十七,1,0,0,0,0,NO_SINGLE_CHAR_XYWH
23,023_圭峰定慧禅师碑,圭峰定慧禅师碑,88,八十八,1,0,0,0,0,NO_SINGLE_CHAR_XYWH
23,023_圭峰定慧禅师碑,圭峰定慧禅师碑,89,八十九,1,0,0,0,0,NO_SINGLE_CHAR_XYWH
23,023_圭峰定慧禅师碑,圭峰定慧禅师碑,90,九十,1,0,0,0,0,NO_SINGLE_CHAR_XYWH
23,023_圭峰定慧禅师碑,圭峰定慧禅师碑,91,九十一,1,0,0,0,0,NO_SINGLE_CHAR_XYWH
24,024_张从申书李玄靖碑,张从申书李玄靖碑,1,一,1,0,0,0,0,NO_SINGLE_CHAR_XYWH
24,024_张从申书李玄靖碑,张从申书李玄靖碑,2,二,1,0,0,0,0,NO_SINGLE_CHAR_XYWH
24,024_张从申书李玄靖碑,张从申书李玄靖碑,3,三,1,21,21,0,0,PASS
24,024_张从申书李玄靖碑,张从申书李玄靖碑,4,四,1,15,15,0,0,PASS
24,024_张从申书李玄靖碑,张从申书李玄靖碑,5,五,1,28,28,0,0,PASS
24,024_张从申书李玄靖碑,张从申书李玄靖碑,6,六,1,27,27,0,0,PASS
24,024_张从申书李玄靖碑,张从申书李玄靖碑,7,七,1,28,28,0,0,PASS
24,024_张从申书李玄靖碑,张从申书李玄靖碑,8,八,1,28,28,0,0,PASS
24,024_张从申书李玄靖碑,张从申书李玄靖碑,9,九,1,28,28,0,0,PASS
24,024_张从申书李玄靖碑,张从申书李玄靖碑,10,十,1,28,28,0,0,PASS
24,024_张从申书李玄靖碑,张从申书李玄靖碑,11,十一,1,28,28,0,0,PASS
24,024_张从申书李玄靖碑,张从申书李玄靖碑,12,十二,1,28,28,0,0,PASS
24,024_张从申书李玄靖碑,张从申书李玄靖碑,13,十三,1,28,28,0,0,PASS
24,024_张从申书李玄靖碑,张从申书李玄靖碑,14,十四,1,28,28,0,0,PASS
24,024_张从申书李玄靖碑,张从申书李玄靖碑,15,十五,1,28,28,0,0,PASS
24,024_张从申书李玄靖碑,张从申书李玄靖碑,16,十六,1,28,28,0,0,PASS
24,024_张从申书李玄靖碑,张从申书李玄靖碑,17,十七,1,28,28,0,0,PASS
24,024_张从申书李玄靖碑,张从申书李玄靖碑,18,十八,1,29,29,0,0,PASS
24,024_张从申书李玄靖碑,张从申书李玄靖碑,19,十九,1,28,28,0,0,PASS
24,024_张从申书李玄靖碑,张从申书李玄靖碑,20,二十,1,28,28,0,0,PASS
24,024_张从申书李玄靖碑,张从申书李玄靖碑,21,二十一,1,28,28,0,0,PASS
24,024_张从申书李玄靖碑,张从申书李玄靖碑,22,二十二,1,28,28,0,0,PASS
24,024_张从申书李玄靖碑,张从申书李玄靖碑,23,二十三,1,28,28,0,0,PASS
24,024_张从申书李玄靖碑,张从申书李玄靖碑,24,二十四,1,29,29,0,0,PASS
24,024_张从申书李玄靖碑,张从申书李玄靖碑,25,二十五,1,28,28,0,0,PASS
24,024_张从申书李玄靖碑,张从申书李玄靖碑,26,二十六,1,27,27,0,0,PASS
24,024_张从申书李玄靖碑,张从申书李玄靖碑,27,二十七,1,26,26,0,0,PASS
24,024_张从申书李玄靖碑,张从申书李玄靖碑,28,二十八,1,27,27,0,0,PASS
24,024_张从申书李玄靖碑,张从申书李玄靖碑,29,二十九,1,27,27,0,0,PASS
24,024_张从申书李玄靖碑,张从申书李玄靖碑,30,三十,1,23,23,0,0,PASS
24,024_张从申书李玄靖碑,张从申书李玄靖碑,31,三十一,1,27,27,0,0,PASS
24,024_张从申书李玄靖碑,张从申书李玄靖碑,32,三十二,1,23,23,0,0,PASS
24,024_张从申书李玄靖碑,张从申书李玄靖碑,33,三十三,1,27,27,0,0,PASS
24,024_张从申书李玄靖碑,张从申书李玄靖碑,34,三十四,1,8,8,0,0,PASS
24,024_张从申书李玄靖碑,张从申书李玄靖碑,35,三十五,1,10,10,0,0,PASS
24,024_张从申书李玄靖碑,张从申书李玄靖碑,36,三十六,1,0,0,0,0,NO_SINGLE_CHAR_XYWH
24,024_张从申书李玄靖碑,张从申书李玄靖碑,37,三十七,1,0,0,0,0,NO_SINGLE_CHAR_XYWH
25,025_集王羲之书三藏圣教序,集王羲之书三藏圣教序,1,一,1,0,0,0,0,NO_SINGLE_CHAR_XYWH
25,025_集王羲之书三藏圣教序,集王羲之书三藏圣教序,2,二,1,0,0,0,0,NO_SINGLE_CHAR_XYWH
25,025_集王羲之书三藏圣教序,集王羲之书三藏圣教序,3,三,1,0,0,0,0,NO_SINGLE_CHAR_XYWH
25,025_集王羲之书三藏圣教序,集王羲之书三藏圣教序,4,四,1,0,0,0,0,NO_SINGLE_CHAR_XYWH
25,025_集王羲之书三藏圣教序,集王羲之书三藏圣教序,5,五,1,0,0,0,0,NO_SINGLE_CHAR_XYWH
25,025_集王羲之书三藏圣教序,集王羲之书三藏圣教序,6,六,1,40,40,0,0,PASS
25,025_集王羲之书三藏圣教序,集王羲之书三藏圣教序,7,七,1,55,55,0,0,PASS
25,025_集王羲之书三藏圣教序,集王羲之书三藏圣教序,8,八,1,55,55,0,0,PASS
25,025_集王羲之书三藏圣教序,集王羲之书三藏圣教序,9,九,1,55,55,0,0,PASS
25,025_集王羲之书三藏圣教序,集王羲之书三藏圣教序,10,十,1,55,55,0,0,PASS
25,025_集王羲之书三藏圣教序,集王羲之书三藏圣教序,11,十一,1,55,55,0,0,PASS
25,025_集王羲之书三藏圣教序,集王羲之书三藏圣教序,12,十二,1,55,55,0,0,PASS
25,025_集王羲之书三藏圣教序,集王羲之书三藏圣教序,13,十三,1,55,55,0,0,PASS
25,025_集王羲之书三藏圣教序,集王羲之书三藏圣教序,14,十四,1,56,56,0,0,PASS
25,025_集王羲之书三藏圣教序,集王羲之书三藏圣教序,15,十五,1,55,55,0,0,PASS
25,025_集王羲之书三藏圣教序,集王羲之书三藏圣教序,16,十六,1,54,54,0,0,PASS
25,025_集王羲之书三藏圣教序,集王羲之书三藏圣教序,17,十七,1,55,55,0,0,PASS
25,025_集王羲之书三藏圣教序,集王羲之书三藏圣教序,18,十八,1,55,55,0,0,PASS
25,025_集王羲之书三藏圣教序,集王羲之书三藏圣教序,19,十九,1,55,55,0,0,PASS
25,025_集王羲之书三藏圣教序,集王羲之书三藏圣教序,20,二十,1,55,55,0,0,PASS
25,025_集王羲之书三藏圣教序,集王羲之书三藏圣教序,21,二十一,1,53,53,0,0,PASS
25,025_集王羲之书三藏圣教序,集王羲之书三藏圣教序,22,二十二,1,53,53,0,0,PASS
25,025_集王羲之书三藏圣教序,集王羲之书三藏圣教序,23,二十三,1,55,55,0,0,PASS
25,025_集王羲之书三藏圣教序,集王羲之书三藏圣教序,24,二十四,1,56,56,0,0,PASS
25,025_集王羲之书三藏圣教序,集王羲之书三藏圣教序,25,二十五,1,57,57,0,0,PASS
25,025_集王羲之书三藏圣教序,集王羲之书三藏圣教序,26,二十六,1,46,46,0,0,PASS
25,025_集王羲之书三藏圣教序,集王羲之书三藏圣教序,27,二十七,1,55,55,0,0,PASS
25,025_集王羲之书三藏圣教序,集王羲之书三藏圣教序,28,二十八,1,55,55,0,0,PASS
25,025_集王羲之书三藏圣教序,集王羲之书三藏圣教序,29,二十九,1,57,57,0,0,PASS
25,025_集王羲之书三藏圣教序,集王羲之书三藏圣教序,30,三十,1,48,48,0,0,PASS
25,025_集王羲之书三藏圣教序,集王羲之书三藏圣教序,31,三十一,1,55,55,0,0,PASS
25,025_集王羲之书三藏圣教序,集王羲之书三藏圣教序,32,三十二,1,54,54,0,0,PASS
25,025_集王羲之书三藏圣教序,集王羲之书三藏圣教序,33,三十三,1,50,50,0,0,PASS
25,025_集王羲之书三藏圣教序,集王羲之书三藏圣教序,34,三十四,1,45,45,0,0,PASS
25,025_集王羲之书三藏圣教序,集王羲之书三藏圣教序,35,三十五,1,55,55,0,0,PASS
25,025_集王羲之书三藏圣教序,集王羲之书三藏圣教序,36,三十六,1,53,53,0,0,PASS
25,025_集王羲之书三藏圣教序,集王羲之书三藏圣教序,37,三十七,1,56,56,0,0,PASS
25,025_集王羲之书三藏圣教序,集王羲之书三藏圣教序,38,三十八,1,56,56,0,0,PASS
25,025_集王羲之书三藏圣教序,集王羲之书三藏圣教序,39,三十九,1,46,46,0,0,PASS
25,025_集王羲之书三藏圣教序,集王羲之书三藏圣教序,40,四十,1,39,39,0,0,PASS
25,025_集王羲之书三藏圣教序,集王羲之书三藏圣教序,41,四十一,1,49,49,0,0,PASS
25,025_集王羲之书三藏圣教序,集王羲之书三藏圣教序,42,四十二,1,0,0,0,0,NO_SINGLE_CHAR_XYWH
25,025_集王羲之书三藏圣教序,集王羲之书三藏圣教序,43,四十三,1,0,0,0,0,NO_SINGLE_CHAR_XYWH
25,025_集王羲之书三藏圣教序,集王羲之书三藏圣教序,44,四十四,1,0,0,0,0,NO_SINGLE_CHAR_XYWH
25,025_集王羲之书三藏圣教序,集王羲之书三藏圣教序,45,四十五,1,0,0,0,0,NO_SINGLE_CHAR_XYWH
25,025_集王羲之书三藏圣教序,集王羲之书三藏圣教序,46,四十六,1,0,0,0,0,NO_SINGLE_CHAR_XYWH
25,025_集王羲之书三藏圣教序,集王羲之书三藏圣教序,47,四十七,1,0,0,0,0,NO_SINGLE_CHAR_XYWH
26,026_麻姑山仙坛记,麻姑山仙坛记,1,一,1,0,0,0,0,NO_SINGLE_CHAR_XYWH
26,026_麻姑山仙坛记,麻姑山仙坛记,2,二,1,0,0,0,0,NO_SINGLE_CHAR_XYWH
26,026_麻姑山仙坛记,麻姑山仙坛记,3,三,1,0,0,0,0,NO_SINGLE_CHAR_XYWH
26,026_麻姑山仙坛记,麻姑山仙坛记,4,四,1,0,0,0,0,NO_SINGLE_CHAR_XYWH
26,026_麻姑山仙坛记,麻姑山仙坛记,5,五,1,0,0,0,0,NO_SINGLE_CHAR_XYWH
26,026_麻姑山仙坛记,麻姑山仙坛记,6,六,1,0,0,0,0,NO_SINGLE_CHAR_XYWH
26,026_麻姑山仙坛记,麻姑山仙坛记,7,七,1,0,0,0,0,NO_SINGLE_CHAR_XYWH
26,026_麻姑山仙坛记,麻姑山仙坛记,8,八,1,0,0,0,0,NO_SINGLE_CHAR_XYWH
26,026_麻姑山仙坛记,麻姑山仙坛记,9,九,1,0,0,0,0,NO_SINGLE_CHAR_XYWH
26,026_麻姑山仙坛记,麻姑山仙坛记,10,十,1,13,13,0,0,PASS
26,026_麻姑山仙坛记,麻姑山仙坛记,11,十一,1,15,15,0,0,PASS
26,026_麻姑山仙坛记,麻姑山仙坛记,12,十二,1,15,15,0,0,PASS
26,026_麻姑山仙坛记,麻姑山仙坛记,13,十三,1,15,15,0,0,PASS
26,026_麻姑山仙坛记,麻姑山仙坛记,14,十四,1,15,15,0,0,PASS
26,026_麻姑山仙坛记,麻姑山仙坛记,15,十五,1,15,15,0,0,PASS
26,026_麻姑山仙坛记,麻姑山仙坛记,16,十六,1,15,15,0,0,PASS
26,026_麻姑山仙坛记,麻姑山仙坛记,17,十七,1,15,15,0,0,PASS
26,026_麻姑山仙坛记,麻姑山仙坛记,18,十八,1,15,15,0,0,PASS
26,026_麻姑山仙坛记,麻姑山仙坛记,19,十九,1,15,15,0,0,PASS
26,026_麻姑山仙坛记,麻姑山仙坛记,20,二十,1,15,15,0,0,PASS
26,026_麻姑山仙坛记,麻姑山仙坛记,21,二十一,1,15,15,0,0,PASS
26,026_麻姑山仙坛记,麻姑山仙坛记,22,二十二,1,15,15,0,0,PASS
26,026_麻姑山仙坛记,麻姑山仙坛记,23,二十三,1,15,15,0,0,PASS
26,026_麻姑山仙坛记,麻姑山仙坛记,24,二十四,1,15,15,0,0,PASS
26,026_麻姑山仙坛记,麻姑山仙坛记,25,二十五,1,15,15,0,0,PASS
26,026_麻姑山仙坛记,麻姑山仙坛记,26,二十六,1,15,15,0,0,PASS
26,026_麻姑山仙坛记,麻姑山仙坛记,27,二十七,1,15,15,0,0,PASS
26,026_麻姑山仙坛记,麻姑山仙坛记,28,二十八,1,15,15,0,0,PASS
26,026_麻姑山仙坛记,麻姑山仙坛记,29,二十九,1,15,15,0,0,PASS
26,026_麻姑山仙坛记,麻姑山仙坛记,30,三十,1,15,15,0,0,PASS
26,026_麻姑山仙坛记,麻姑山仙坛记,31,三十一,1,15,15,0,0,PASS
26,026_麻姑山仙坛记,麻姑山仙坛记,32,三十二,1,15,15,0,0,PASS
26,026_麻姑山仙坛记,麻姑山仙坛记,33,三十三,1,15,15,0,0,PASS
26,026_麻姑山仙坛记,麻姑山仙坛记,34,三十四,1,15,15,0,0,PASS
26,026_麻姑山仙坛记,麻姑山仙坛记,35,三十五,1,15,15,0,0,PASS
26,026_麻姑山仙坛记,麻姑山仙坛记,36,三十六,1,15,15,0,0,PASS
26,026_麻姑山仙坛记,麻姑山仙坛记,37,三十七,1,15,15,0,0,PASS
26,026_麻姑山仙坛记,麻姑山仙坛记,38,三十八,1,15,15,0,0,PASS
26,026_麻姑山仙坛记,麻姑山仙坛记,39,三十九,1,15,15,0,0,PASS
26,026_麻姑山仙坛记,麻姑山仙坛记,40,四十,1,15,15,0,0,PASS
26,026_麻姑山仙坛记,麻姑山仙坛记,41,四十一,1,15,15,0,0,PASS
26,026_麻姑山仙坛记,麻姑山仙坛记,42,四十二,1,15,15,0,0,PASS
26,026_麻姑山仙坛记,麻姑山仙坛记,43,四十三,1,15,15,0,0,PASS
26,026_麻姑山仙坛记,麻姑山仙坛记,44,四十四,1,15,15,0,0,PASS
26,026_麻姑山仙坛记,麻姑山仙坛记,45,四十五,1,15,15,0,0,PASS
26,026_麻姑山仙坛记,麻姑山仙坛记,46,四十六,1,15,15,0,0,PASS
26,026_麻姑山仙坛记,麻姑山仙坛记,47,四十七,1,15,15,0,0,PASS
26,026_麻姑山仙坛记,麻姑山仙坛记,48,四十八,1,15,15,0,0,PASS
26,026_麻姑山仙坛记,麻姑山仙坛记,49,四十九,1,15,15,0,0,PASS
26,026_麻姑山仙坛记,麻姑山仙坛记,50,五十,1,15,15,0,0,PASS
26,026_麻姑山仙坛记,麻姑山仙坛记,51,五十一,1,15,15,0,0,PASS
26,026_麻姑山仙坛记,麻姑山仙坛记,52,五十二,1,15,15,0,0,PASS
26,026_麻姑山仙坛记,麻姑山仙坛记,53,五十三,1,15,15,0,0,PASS
26,026_麻姑山仙坛记,麻姑山仙坛记,54,五十四,1,13,13,0,0,PASS
26,026_麻姑山仙坛记,麻姑山仙坛记,55,五十五,1,15,15,0,0,PASS
26,026_麻姑山仙坛记,麻姑山仙坛记,56,五十六,1,14,14,0,0,PASS
26,026_麻姑山仙坛记,麻姑山仙坛记,57,五十七,1,15,15,0,0,PASS
26,026_麻姑山仙坛记,麻姑山仙坛记,58,五十八,1,15,15,0,0,PASS
26,026_麻姑山仙坛记,麻姑山仙坛记,59,五十九,1,15,15,0,0,PASS
26,026_麻姑山仙坛记,麻姑山仙坛记,60,六十,1,12,12,0,0,PASS
26,026_麻姑山仙坛记,麻姑山仙坛记,61,六十一,1,0,0,0,0,NO_SINGLE_CHAR_XYWH
26,026_麻姑山仙坛记,麻姑山仙坛记,62,六十二,1,0,0,0,0,NO_SINGLE_CHAR_XYWH
26,026_麻姑山仙坛记,麻姑山仙坛记,63,六十三,1,0,0,0,0,NO_SINGLE_CHAR_XYWH
26,026_麻姑山仙坛记,麻姑山仙坛记,64,六十四,1,0,0,0,0,NO_SINGLE_CHAR_XYWH
26,026_麻姑山仙坛记,麻姑山仙坛记,65,六十五,1,0,0,0,0,NO_SINGLE_CHAR_XYWH
27,027_旧拓魏志五种,旧拓魏志五种,1,一,1,0,0,0,0,NO_SINGLE_CHAR_XYWH
27,027_旧拓魏志五种,旧拓魏志五种,2,二,1,0,0,0,0,NO_SINGLE_CHAR_XYWH
27,027_旧拓魏志五种,旧拓魏志五种,3,三,1,0,0,0,0,NO_SINGLE_CHAR_XYWH
27,027_旧拓魏志五种,旧拓魏志五种,4,四,1,0,0,0,0,NO_SINGLE_CHAR_XYWH
27,027_旧拓魏志五种,旧拓魏志五种,5,五,1,0,0,0,0,NO_SINGLE_CHAR_XYWH
27,027_旧拓魏志五种,旧拓魏志五种,6,六,1,54,54,0,0,PASS
27,027_旧拓魏志五种,旧拓魏志五种,7,七,1,54,54,0,0,PASS
27,027_旧拓魏志五种,旧拓魏志五种,8,八,1,54,54,0,0,PASS
27,027_旧拓魏志五种,旧拓魏志五种,9,九,1,54,54,0,0,PASS
27,027_旧拓魏志五种,旧拓魏志五种,10,十,1,54,54,0,0,PASS
27,027_旧拓魏志五种,旧拓魏志五种,11,十一,1,54,54,0,0,PASS
27,027_旧拓魏志五种,旧拓魏志五种,12,十二,1,54,54,0,0,PASS
27,027_旧拓魏志五种,旧拓魏志五种,13,十三,1,54,54,0,0,PASS
27,027_旧拓魏志五种,旧拓魏志五种,14,十四,1,54,54,0,0,PASS
27,027_旧拓魏志五种,旧拓魏志五种,15,十五,1,54,54,0,0,PASS
27,027_旧拓魏志五种,旧拓魏志五种,16,十六,1,51,51,0,0,PASS
27,027_旧拓魏志五种,旧拓魏志五种,17,十七,1,41,41,0,0,PASS
27,027_旧拓魏志五种,旧拓魏志五种,18,十八,1,33,33,0,0,PASS
27,027_旧拓魏志五种,旧拓魏志五种,19,十九,1,35,35,0,0,PASS
27,027_旧拓魏志五种,旧拓魏志五种,20,二十,1,35,35,0,0,PASS
27,027_旧拓魏志五种,旧拓魏志五种,21,二十一,1,35,35,0,0,PASS
27,027_旧拓魏志五种,旧拓魏志五种,22,二十二,1,35,35,0,0,PASS
27,027_旧拓魏志五种,旧拓魏志五种,23,二十三,1,35,35,0,0,PASS
27,027_旧拓魏志五种,旧拓魏志五种,24,二十四,1,35,35,0,0,PASS
27,027_旧拓魏志五种,旧拓魏志五种,25,二十五,1,35,35,0,0,PASS
27,027_旧拓魏志五种,旧拓魏志五种,26,二十六,1,35,35,0,0,PASS
27,027_旧拓魏志五种,旧拓魏志五种,27,二十七,1,1,1,0,0,PASS
27,027_旧拓魏志五种,旧拓魏志五种,28,二十八,1,9,9,0,0,PASS
27,027_旧拓魏志五种,旧拓魏志五种,29,二十九,1,51,51,0,0,PASS
27,027_旧拓魏志五种,旧拓魏志五种,30,三十,1,60,60,0,0,PASS
27,027_旧拓魏志五种,旧拓魏志五种,31,三十一,1,60,60,0,0,PASS
27,027_旧拓魏志五种,旧拓魏志五种,32,三十二,1,60,60,0,0,PASS
27,027_旧拓魏志五种,旧拓魏志五种,33,三十三,1,60,60,0,0,PASS
27,027_旧拓魏志五种,旧拓魏志五种,34,三十四,1,60,60,0,0,PASS
27,027_旧拓魏志五种,旧拓魏志五种,35,三十五,1,60,60,0,0,PASS
27,027_旧拓魏志五种,旧拓魏志五种,36,三十六,1,60,60,0,0,PASS
27,027_旧拓魏志五种,旧拓魏志五种,37,三十七,1,60,60,0,0,PASS
27,027_旧拓魏志五种,旧拓魏志五种,38,三十八,1,60,60,0,0,PASS
27,027_旧拓魏志五种,旧拓魏志五种,39,三十九,1,14,14,0,0,PASS
27,027_旧拓魏志五种,旧拓魏志五种,40,四十,1,77,77,0,0,PASS
27,027_旧拓魏志五种,旧拓魏志五种,41,四十一,1,77,77,0,0,PASS
27,027_旧拓魏志五种,旧拓魏志五种,42,四十二,1,77,77,0,0,PASS
27,027_旧拓魏志五种,旧拓魏志五种,43,四十三,1,77,77,0,0,PASS
27,027_旧拓魏志五种,旧拓魏志五种,44,四十四,1,77,77,0,0,PASS
27,027_旧拓魏志五种,旧拓魏志五种,45,四十五,1,77,77,0,0,PASS
27,027_旧拓魏志五种,旧拓魏志五种,46,四十六,1,77,77,0,0,PASS
27,027_旧拓魏志五种,旧拓魏志五种,47,四十七,1,77,77,0,0,PASS
27,027_旧拓魏志五种,旧拓魏志五种,48,四十八,1,73,73,0,0,PASS
27,027_旧拓魏志五种,旧拓魏志五种,49,四十九,1,77,77,0,0,PASS
27,027_旧拓魏志五种,旧拓魏志五种,50,五十,1,73,73,0,0,PASS
27,027_旧拓魏志五种,旧拓魏志五种,51,五十一,1,57,57,0,0,PASS
27,027_旧拓魏志五种,旧拓魏志五种,52,五十二,1,6,6,0,0,PASS
27,027_旧拓魏志五种,旧拓魏志五种,53,五十三,1,3,3,0,0,PASS
27,027_旧拓魏志五种,旧拓魏志五种,54,五十四,1,36,36,0,0,PASS
27,027_旧拓魏志五种,旧拓魏志五种,55,五十五,1,39,39,0,0,PASS
27,027_旧拓魏志五种,旧拓魏志五种,56,五十六,1,39,39,0,0,PASS
27,027_旧拓魏志五种,旧拓魏志五种,57,五十七,1,40,40,0,0,PASS
27,027_旧拓魏志五种,旧拓魏志五种,58,五十八,1,40,40,0,0,PASS
27,027_旧拓魏志五种,旧拓魏志五种,59,五十九,1,40,40,0,0,PASS
27,027_旧拓魏志五种,旧拓魏志五种,60,六十,1,40,40,0,0,PASS
27,027_旧拓魏志五种,旧拓魏志五种,61,六十一,1,40,40,0,0,PASS
27,027_旧拓魏志五种,旧拓魏志五种,62,六十二,1,38,38,0,0,PASS
27,027_旧拓魏志五种,旧拓魏志五种,63,六十三,1,40,40,0,0,PASS
27,027_旧拓魏志五种,旧拓魏志五种,64,六十四,1,40,40,0,0,PASS
27,027_旧拓魏志五种,旧拓魏志五种,65,六十五,1,40,40,0,0,PASS
27,027_旧拓魏志五种,旧拓魏志五种,66,六十六,1,199,199,0,0,PASS
27,027_旧拓魏志五种,旧拓魏志五种,67,六十七,1,0,0,0,0,NO_SINGLE_CHAR_XYWH
27,027_旧拓魏志五种,旧拓魏志五种,68,六十八,1,0,0,0,0,NO_SINGLE_CHAR_XYWH
27,027_旧拓魏志五种,旧拓魏志五种,69,六十九,1,0,0,0,0,NO_SINGLE_CHAR_XYWH
27,027_旧拓魏志五种,旧拓魏志五种,70,七十,1,0,0,0,0,NO_SINGLE_CHAR_XYWH
27,027_旧拓魏志五种,旧拓魏志五种,71,七十一,1,0,0,0,0,NO_SINGLE_CHAR_XYWH
28,028_晋唐小楷九种,晋唐小楷九种,1,一,1,0,0,0,0,NO_SINGLE_CHAR_XYWH
28,028_晋唐小楷九种,晋唐小楷九种,2,二,1,0,0,0,0,NO_SINGLE_CHAR_XYWH
28,028_晋唐小楷九种,晋唐小楷九种,3,三,1,0,0,0,0,NO_SINGLE_CHAR_XYWH
28,028_晋唐小楷九种,晋唐小楷九种,4,四,1,0,0,0,0,NO_SINGLE_CHAR_XYWH
28,028_晋唐小楷九种,晋唐小楷九种,5,五,1,0,0,0,0,NO_SINGLE_CHAR_XYWH
28,028_晋唐小楷九种,晋唐小楷九种,6,六,1,0,0,0,0,NO_SINGLE_CHAR_XYWH
28,028_晋唐小楷九种,晋唐小楷九种,7,七,1,0,0,0,0,NO_SINGLE_CHAR_XYWH
28,028_晋唐小楷九种,晋唐小楷九种,8,八,1,153,153,0,0,PASS
28,028_晋唐小楷九种,晋唐小楷九种,9,九,1,166,166,0,0,PASS
28,028_晋唐小楷九种,晋唐小楷九种,10,十,1,143,143,0,0,PASS
28,028_晋唐小楷九种,晋唐小楷九种,11,十一,1,170,170,0,0,PASS
28,028_晋唐小楷九种,晋唐小楷九种,12,十二,1,147,147,0,0,PASS
28,028_晋唐小楷九种,晋唐小楷九种,13,十三,1,163,163,0,0,PASS
28,028_晋唐小楷九种,晋唐小楷九种,14,十四,1,144,144,0,0,PASS
28,028_晋唐小楷九种,晋唐小楷九种,15,十五,1,138,138,0,0,PASS
28,028_晋唐小楷九种,晋唐小楷九种,16,十六,1,28,28,0,0,PASS
28,028_晋唐小楷九种,晋唐小楷九种,17,十七,1,0,0,0,0,NO_SINGLE_CHAR_XYWH
28,028_晋唐小楷九种,晋唐小楷九种,18,十八,1,86,86,0,0,PASS
28,028_晋唐小楷九种,晋唐小楷九种,19,十九,1,119,119,0,0,PASS
28,028_晋唐小楷九种,晋唐小楷九种,20,二十,1,116,116,0,0,PASS
28,028_晋唐小楷九种,晋唐小楷九种,21,二十一,1,28,28,0,0,PASS
28,028_晋唐小楷九种,晋唐小楷九种,22,二十二,1,0,0,0,0,NO_SINGLE_CHAR_XYWH
28,028_晋唐小楷九种,晋唐小楷九种,23,二十三,1,0,0,0,0,NO_SINGLE_CHAR_XYWH
28,028_晋唐小楷九种,晋唐小楷九种,24,二十四,1,120,120,0,0,PASS
28,028_晋唐小楷九种,晋唐小楷九种,25,二十五,1,134,134,0,0,PASS
28,028_晋唐小楷九种,晋唐小楷九种,26,二十六,1,119,119,0,0,PASS
28,028_晋唐小楷九种,晋唐小楷九种,27,二十七,1,68,68,0,0,PASS
28,028_晋唐小楷九种,晋唐小楷九种,28,二十八,1,136,136,0,0,PASS
28,028_晋唐小楷九种,晋唐小楷九种,29,二十九,1,139,139,0,0,PASS
28,028_晋唐小楷九种,晋唐小楷九种,30,三十,1,136,136,0,0,PASS
28,028_晋唐小楷九种,晋唐小楷九种,31,三十一,1,139,139,0,0,PASS
28,028_晋唐小楷九种,晋唐小楷九种,32,三十二,1,47,47,0,0,PASS
28,028_晋唐小楷九种,晋唐小楷九种,33,三十三,1,0,0,0,0,NO_SINGLE_CHAR_XYWH
28,028_晋唐小楷九种,晋唐小楷九种,34,三十四,1,127,127,0,0,PASS
28,028_晋唐小楷九种,晋唐小楷九种,35,三十五,1,131,131,0,0,PASS
28,028_晋唐小楷九种,晋唐小楷九种,36,三十六,1,32,32,0,0,PASS
28,028_晋唐小楷九种,晋唐小楷九种,37,三十七,1,0,0,0,0,NO_SINGLE_CHAR_XYWH
28,028_晋唐小楷九种,晋唐小楷九种,38,三十八,1,99,99,0,0,PASS
28,028_晋唐小楷九种,晋唐小楷九种,39,三十九,1,99,99,0,0,PASS
28,028_晋唐小楷九种,晋唐小楷九种,40,四十,1,99,99,0,0,PASS
28,028_晋唐小楷九种,晋唐小楷九种,41,四十一,1,97,97,0,0,PASS
28,028_晋唐小楷九种,晋唐小楷九种,42,四十二,1,98,98,0,0,PASS
28,028_晋唐小楷九种,晋唐小楷九种,43,四十三,1,100,100,0,0,PASS
28,028_晋唐小楷九种,晋唐小楷九种,44,四十四,1,87,87,0,0,PASS
28,028_晋唐小楷九种,晋唐小楷九种,45,四十五,1,0,0,0,0,NO_SINGLE_CHAR_XYWH
28,028_晋唐小楷九种,晋唐小楷九种,46,四十六,1,49,49,0,0,PASS
28,028_晋唐小楷九种,晋唐小楷九种,47,四十七,1,58,58,0,0,PASS
28,028_晋唐小楷九种,晋唐小楷九种,48,四十八,1,60,60,0,0,PASS
28,028_晋唐小楷九种,晋唐小楷九种,49,四十九,1,58,58,0,0,PASS
28,028_晋唐小楷九种,晋唐小楷九种,50,五十,1,58,58,0,0,PASS
28,028_晋唐小楷九种,晋唐小楷九种,51,五十一,1,42,42,0,0,PASS
28,028_晋唐小楷九种,晋唐小楷九种,52,五十二,1,0,0,0,0,NO_SINGLE_CHAR_XYWH
28,028_晋唐小楷九种,晋唐小楷九种,53,五十三,1,0,0,0,0,NO_SINGLE_CHAR_XYWH
28,028_晋唐小楷九种,晋唐小楷九种,54,五十四,1,131,131,0,0,PASS
28,028_晋唐小楷九种,晋唐小楷九种,55,五十五,1,125,125,0,0,PASS
28,028_晋唐小楷九种,晋唐小楷九种,56,五十六,1,124,124,0,0,PASS
28,028_晋唐小楷九种,晋唐小楷九种,57,五十七,1,124,124,0,0,PASS
28,028_晋唐小楷九种,晋唐小楷九种,58,五十八,1,128,128,0,0,PASS
28,028_晋唐小楷九种,晋唐小楷九种,59,五十九,1,126,126,0,0,PASS
28,028_晋唐小楷九种,晋唐小楷九种,60,六十,1,121,121,0,0,PASS
28,028_晋唐小楷九种,晋唐小楷九种,61,六十一,1,120,120,0,0,PASS
28,028_晋唐小楷九种,晋唐小楷九种,62,六十二,1,124,124,0,0,PASS
28,028_晋唐小楷九种,晋唐小楷九种,63,六十三,1,80,80,0,0,PASS
28,028_晋唐小楷九种,晋唐小楷九种,64,六十四,1,46,46,0,0,PASS
28,028_晋唐小楷九种,晋唐小楷九种,65,六十五,1,57,57,0,0,PASS
28,028_晋唐小楷九种,晋唐小楷九种,66,六十六,1,38,38,0,0,PASS
28,028_晋唐小楷九种,晋唐小楷九种,67,六十七,1,37,37,0,0,PASS
28,028_晋唐小楷九种,晋唐小楷九种,68,六十八,1,41,41,0,0,PASS
28,028_晋唐小楷九种,晋唐小楷九种,69,六十九,1,40,40,0,0,PASS
28,028_晋唐小楷九种,晋唐小楷九种,70,七十,1,54,54,0,0,PASS
28,028_晋唐小楷九种,晋唐小楷九种,71,七十一,1,48,48,0,0,PASS
28,028_晋唐小楷九种,晋唐小楷九种,72,七十二,1,51,51,0,0,PASS
28,028_晋唐小楷九种,晋唐小楷九种,73,七十三,1,50,50,0,0,PASS
28,028_晋唐小楷九种,晋唐小楷九种,74,七十四,1,50,50,0,0,PASS
28,028_晋唐小楷九种,晋唐小楷九种,75,七十五,1,48,48,0,0,PASS
28,028_晋唐小楷九种,晋唐小楷九种,76,七十六,1,49,49,0,0,PASS
28,028_晋唐小楷九种,晋唐小楷九种,77,七十七,1,50,50,0,0,PASS
28,028_晋唐小楷九种,晋唐小楷九种,78,七十八,1,46,46,0,0,PASS
28,028_晋唐小楷九种,晋唐小楷九种,79,七十九,1,43,43,0,0,PASS
28,028_晋唐小楷九种,晋唐小楷九种,80,八十,1,45,45,0,0,PASS
28,028_晋唐小楷九种,晋唐小楷九种,81,八十一,1,13,13,0,0,PASS
28,028_晋唐小楷九种,晋唐小楷九种,82,八十二,1,0,0,0,0,NO_SINGLE_CHAR_XYWH
28,028_晋唐小楷九种,晋唐小楷九种,83,八十三,1,0,0,0,0,NO_SINGLE_CHAR_XYWH
28,028_晋唐小楷九种,晋唐小楷九种,84,八十四,1,0,0,0,0,NO_SINGLE_CHAR_XYWH
28,028_晋唐小楷九种,晋唐小楷九种,85,八十五,1,0,0,0,0,NO_SINGLE_CHAR_XYWH
28,028_晋唐小楷九种,晋唐小楷九种,86,八十六,1,0,0,0,0,NO_SINGLE_CHAR_XYWH
28,028_晋唐小楷九种,晋唐小楷九种,87,八十七,1,0,0,0,0,NO_SINGLE_CHAR_XYWH
28,028_晋唐小楷九种,晋唐小楷九种,88,八十八,1,0,0,0,0,NO_SINGLE_CHAR_XYWH
28,028_晋唐小楷九种,晋唐小楷九种,89,八十九,1,0,0,0,0,NO_SINGLE_CHAR_XYWH
28,028_晋唐小楷九种,晋唐小楷九种,90,九十,1,0,0,0,0,NO_SINGLE_CHAR_XYWH
28,028_晋唐小楷九种,晋唐小楷九种,91,九十一,1,0,0,0,0,NO_SINGLE_CHAR_XYWH
29,029_鲜于光祖墓志,鲜于光祖墓志,1,一,1,0,0,0,0,NO_SINGLE_CHAR_XYWH
29,029_鲜于光祖墓志,鲜于光祖墓志,2,二,1,0,0,0,0,NO_SINGLE_CHAR_XYWH
29,029_鲜于光祖墓志,鲜于光祖墓志,3,三,1,0,0,0,0,NO_SINGLE_CHAR_XYWH
29,029_鲜于光祖墓志,鲜于光祖墓志,4,四,1,0,0,0,0,NO_SINGLE_CHAR_XYWH
29,029_鲜于光祖墓志,鲜于光祖墓志,5,五,1,0,0,0,0,NO_SINGLE_CHAR_XYWH
29,029_鲜于光祖墓志,鲜于光祖墓志,6,六,1,0,0,0,0,NO_SINGLE_CHAR_XYWH
29,029_鲜于光祖墓志,鲜于光祖墓志,7,七,1,0,0,0,0,NO_SINGLE_CHAR_XYWH
29,029_鲜于光祖墓志,鲜于光祖墓志,8,八,1,37,37,0,0,PASS
29,029_鲜于光祖墓志,鲜于光祖墓志,9,九,1,82,82,0,0,PASS
29,029_鲜于光祖墓志,鲜于光祖墓志,10,十,1,82,82,0,0,PASS
29,029_鲜于光祖墓志,鲜于光祖墓志,11,十一,1,84,84,0,0,PASS
29,029_鲜于光祖墓志,鲜于光祖墓志,12,十二,1,82,82,0,0,PASS
29,029_鲜于光祖墓志,鲜于光祖墓志,13,十三,1,81,81,0,0,PASS
29,029_鲜于光祖墓志,鲜于光祖墓志,14,十四,1,82,82,0,0,PASS
29,029_鲜于光祖墓志,鲜于光祖墓志,15,十五,1,82,82,0,0,PASS
29,029_鲜于光祖墓志,鲜于光祖墓志,16,十六,1,78,78,0,0,PASS
29,029_鲜于光祖墓志,鲜于光祖墓志,17,十七,1,80,80,0,0,PASS
29,029_鲜于光祖墓志,鲜于光祖墓志,18,十八,1,81,81,0,0,PASS
29,029_鲜于光祖墓志,鲜于光祖墓志,19,十九,1,67,67,0,0,PASS
29,029_鲜于光祖墓志,鲜于光祖墓志,20,二十,1,71,71,0,0,PASS
29,029_鲜于光祖墓志,鲜于光祖墓志,21,二十一,1,82,82,0,0,PASS
29,029_鲜于光祖墓志,鲜于光祖墓志,22,二十二,1,77,77,0,0,PASS
29,029_鲜于光祖墓志,鲜于光祖墓志,23,二十三,1,86,86,0,0,PASS
29,029_鲜于光祖墓志,鲜于光祖墓志,24,二十四,1,87,87,0,0,PASS
29,029_鲜于光祖墓志,鲜于光祖墓志,25,二十五,1,82,82,0,0,PASS
29,029_鲜于光祖墓志,鲜于光祖墓志,26,二十六,1,72,72,0,0,PASS
29,029_鲜于光祖墓志,鲜于光祖墓志,27,二十七,1,78,78,0,0,PASS
29,029_鲜于光祖墓志,鲜于光祖墓志,28,二十八,1,70,70,0,0,PASS
29,029_鲜于光祖墓志,鲜于光祖墓志,29,二十九,1,69,69,0,0,PASS
29,029_鲜于光祖墓志,鲜于光祖墓志,30,三十,1,70,70,0,0,PASS
29,029_鲜于光祖墓志,鲜于光祖墓志,31,三十一,1,7,7,0,0,PASS
29,029_鲜于光祖墓志,鲜于光祖墓志,32,三十二,1,0,0,0,0,NO_SINGLE_CHAR_XYWH
29,029_鲜于光祖墓志,鲜于光祖墓志,33,三十三,1,0,0,0,0,NO_SINGLE_CHAR_XYWH
30,030_九成宫醴泉铭,九成宫醴泉铭,1,一,1,0,0,0,0,NO_SINGLE_CHAR_XYWH
30,030_九成宫醴泉铭,九成宫醴泉铭,2,二,1,0,0,0,0,NO_SINGLE_CHAR_XYWH
30,030_九成宫醴泉铭,九成宫醴泉铭,3,三,1,0,0,0,0,NO_SINGLE_CHAR_XYWH
30,030_九成宫醴泉铭,九成宫醴泉铭,4,四,1,0,0,0,0,NO_SINGLE_CHAR_XYWH
30,030_九成宫醴泉铭,九成宫醴泉铭,5,五,1,0,0,0,0,NO_SINGLE_CHAR_XYWH
30,030_九成宫醴泉铭,九成宫醴泉铭,6,六,1,21,21,0,0,PASS
30,030_九成宫醴泉铭,九成宫醴泉铭,7,七,1,22,22,0,0,PASS
30,030_九成宫醴泉铭,九成宫醴泉铭,8,八,1,28,28,0,0,PASS
30,030_九成宫醴泉铭,九成宫醴泉铭,9,九,1,28,28,0,0,PASS
30,030_九成宫醴泉铭,九成宫醴泉铭,10,十,1,28,28,0,0,PASS
30,030_九成宫醴泉铭,九成宫醴泉铭,11,十一,1,28,28,0,0,PASS
30,030_九成宫醴泉铭,九成宫醴泉铭,12,十二,1,28,28,0,0,PASS
30,030_九成宫醴泉铭,九成宫醴泉铭,13,十三,1,28,28,0,0,PASS
30,030_九成宫醴泉铭,九成宫醴泉铭,14,十四,1,28,28,0,0,PASS
30,030_九成宫醴泉铭,九成宫醴泉铭,15,十五,1,27,27,0,0,PASS
30,030_九成宫醴泉铭,九成宫醴泉铭,16,十六,1,28,28,0,0,PASS
30,030_九成宫醴泉铭,九成宫醴泉铭,17,十七,1,27,27,0,0,PASS
30,030_九成宫醴泉铭,九成宫醴泉铭,18,十八,1,28,28,0,0,PASS
30,030_九成宫醴泉铭,九成宫醴泉铭,19,十九,1,28,28,0,0,PASS
30,030_九成宫醴泉铭,九成宫醴泉铭,20,二十,1,28,28,0,0,PASS
30,030_九成宫醴泉铭,九成宫醴泉铭,21,二十一,1,28,28,0,0,PASS
30,030_九成宫醴泉铭,九成宫醴泉铭,22,二十二,1,28,28,0,0,PASS
30,030_九成宫醴泉铭,九成宫醴泉铭,23,二十三,1,27,27,0,0,PASS
30,030_九成宫醴泉铭,九成宫醴泉铭,24,二十四,1,27,27,0,0,PASS
30,030_九成宫醴泉铭,九成宫醴泉铭,25,二十五,1,28,28,0,0,PASS
30,030_九成宫醴泉铭,九成宫醴泉铭,26,二十六,1,28,28,0,0,PASS
30,030_九成宫醴泉铭,九成宫醴泉铭,27,二十七,1,28,28,0,0,PASS
30,030_九成宫醴泉铭,九成宫醴泉铭,28,二十八,1,28,28,0,0,PASS
30,030_九成宫醴泉铭,九成宫醴泉铭,29,二十九,1,28,28,0,0,PASS
30,030_九成宫醴泉铭,九成宫醴泉铭,30,三十,1,28,28,0,0,PASS
30,030_九成宫醴泉铭,九成宫醴泉铭,31,三十一,1,28,28,0,0,PASS
30,030_九成宫醴泉铭,九成宫醴泉铭,32,三十二,1,28,28,0,0,PASS
30,030_九成宫醴泉铭,九成宫醴泉铭,33,三十三,1,27,27,0,0,PASS
30,030_九成宫醴泉铭,九成宫醴泉铭,34,三十四,1,26,26,0,0,PASS
30,030_九成宫醴泉铭,九成宫醴泉铭,35,三十五,1,28,28,0,0,PASS
30,030_九成宫醴泉铭,九成宫醴泉铭,36,三十六,1,22,22,0,0,PASS
30,030_九成宫醴泉铭,九成宫醴泉铭,37,三十七,1,28,28,0,0,PASS
30,030_九成宫醴泉铭,九成宫醴泉铭,38,三十八,1,28,28,0,0,PASS
30,030_九成宫醴泉铭,九成宫醴泉铭,39,三十九,1,28,28,0,0,PASS
30,030_九成宫醴泉铭,九成宫醴泉铭,40,四十,1,28,28,0,0,PASS
30,030_九成宫醴泉铭,九成宫醴泉铭,41,四十一,1,28,28,0,0,PASS
30,030_九成宫醴泉铭,九成宫醴泉铭,42,四十二,1,28,28,0,0,PASS
30,030_九成宫醴泉铭,九成宫醴泉铭,43,四十三,1,27,27,0,0,PASS
30,030_九成宫醴泉铭,九成宫醴泉铭,44,四十四,1,28,28,0,0,PASS
30,030_九成宫醴泉铭,九成宫醴泉铭,45,四十五,1,27,27,0,0,PASS
30,030_九成宫醴泉铭,九成宫醴泉铭,46,四十六,1,16,16,0,0,PASS
30,030_九成宫醴泉铭,九成宫醴泉铭,47,四十七,1,0,0,0,0,NO_SINGLE_CHAR_XYWH
30,030_九成宫醴泉铭,九成宫醴泉铭,48,四十八,1,0,0,0,0,NO_SINGLE_CHAR_XYWH
30,030_九成宫醴泉铭,九成宫醴泉铭,49,四十九,1,0,0,0,0,NO_SINGLE_CHAR_XYWH
30,030_九成宫醴泉铭,九成宫醴泉铭,50,五十,1,0,0,0,0,NO_SINGLE_CHAR_XYWH
30,030_九成宫醴泉铭,九成宫醴泉铭,51,五十一,1,0,0,0,0,NO_SINGLE_CHAR_XYWH
30,030_九成宫醴泉铭,九成宫醴泉铭,52,五十二,1,0,0,0,0,NO_SINGLE_CHAR_XYWH
31,031_黄庭堅青原山诗刻石,黄庭堅青原山诗刻石,1,黄庭堅青原山诗刻石(第一辑)册一,0,0,0,0,0,NO_SINGLE_CHAR_XYWH
31,031_黄庭堅青原山诗刻石,黄庭堅青原山诗刻石,2,黄庭堅青原山诗刻石(第一辑)册二,0,0,0,0,0,NO_SINGLE_CHAR_XYWH
32,032_许真人井铭,许真人井铭,1,一,1,0,0,0,0,NO_SINGLE_CHAR_XYWH
32,032_许真人井铭,许真人井铭,2,二,1,0,0,0,0,NO_SINGLE_CHAR_XYWH
32,032_许真人井铭,许真人井铭,3,三,1,0,0,0,0,NO_SINGLE_CHAR_XYWH
32,032_许真人井铭,许真人井铭,4,四,1,0,0,0,0,NO_SINGLE_CHAR_XYWH
32,032_许真人井铭,许真人井铭,5,五,1,0,0,0,0,NO_SINGLE_CHAR_XYWH
32,032_许真人井铭,许真人井铭,6,六,1,0,0,0,0,NO_SINGLE_CHAR_XYWH
32,032_许真人井铭,许真人井铭,7,七,1,0,0,0,0,NO_SINGLE_CHAR_XYWH
32,032_许真人井铭,许真人井铭,8,八,1,5,5,0,0,PASS
32,032_许真人井铭,许真人井铭,9,九,1,6,6,0,0,PASS
32,032_许真人井铭,许真人井铭,10,十,1,6,6,0,0,PASS
32,032_许真人井铭,许真人井铭,11,十一,1,6,6,0,0,PASS
32,032_许真人井铭,许真人井铭,12,十二,1,6,6,0,0,PASS
32,032_许真人井铭,许真人井铭,13,十三,1,6,6,0,0,PASS
32,032_许真人井铭,许真人井铭,14,十四,1,6,6,0,0,PASS
32,032_许真人井铭,许真人井铭,15,十五,1,6,6,0,0,PASS
32,032_许真人井铭,许真人井铭,16,十六,1,6,6,0,0,PASS
32,032_许真人井铭,许真人井铭,17,十七,1,6,6,0,0,PASS
32,032_许真人井铭,许真人井铭,18,十八,1,6,6,0,0,PASS
32,032_许真人井铭,许真人井铭,19,十九,1,6,6,0,0,PASS
32,032_许真人井铭,许真人井铭,20,二十,1,27,27,0,0,PASS
32,032_许真人井铭,许真人井铭,21,二十一,1,0,0,0,0,NO_SINGLE_CHAR_XYWH
32,032_许真人井铭,许真人井铭,22,二十二,1,0,0,0,0,NO_SINGLE_CHAR_XYWH
32,032_许真人井铭,许真人井铭,23,二十三,1,0,0,0,0,NO_SINGLE_CHAR_XYWH
32,032_许真人井铭,许真人井铭,24,二十四,1,0,0,0,0,NO_SINGLE_CHAR_XYWH
32,032_许真人井铭,许真人井铭,25,二十五,1,0,0,0,0,NO_SINGLE_CHAR_XYWH
33,033_争座位帖,争座位帖,1,一,1,0,0,0,0,NO_SINGLE_CHAR_XYWH
33,033_争座位帖,争座位帖,2,二,1,0,0,0,0,NO_SINGLE_CHAR_XYWH
33,033_争座位帖,争座位帖,3,三,1,0,0,0,0,NO_SINGLE_CHAR_XYWH
33,033_争座位帖,争座位帖,4,四,1,60,60,0,0,PASS
33,033_争座位帖,争座位帖,5,五,1,55,55,0,0,PASS
33,033_争座位帖,争座位帖,6,六,1,59,59,0,0,PASS
33,033_争座位帖,争座位帖,7,七,1,62,62,0,0,PASS
33,033_争座位帖,争座位帖,8,八,1,98,98,0,0,PASS
33,033_争座位帖,争座位帖,9,九,1,80,80,0,0,PASS
33,033_争座位帖,争座位帖,10,十,1,116,116,0,0,PASS
33,033_争座位帖,争座位帖,11,十一,1,120,120,0,0,PASS
33,033_争座位帖,争座位帖,12,十二,1,119,119,0,0,PASS
33,033_争座位帖,争座位帖,13,十三,1,104,104,0,0,PASS
33,033_争座位帖,争座位帖,14,十四,1,108,108,0,0,PASS
33,033_争座位帖,争座位帖,15,十五,1,92,92,0,0,PASS
33,033_争座位帖,争座位帖,16,十六,1,63,63,0,0,PASS
33,033_争座位帖,争座位帖,17,十七,1,54,54,0,0,PASS
33,033_争座位帖,争座位帖,18,十八,1,0,0,0,0,NO_SINGLE_CHAR_XYWH
33,033_争座位帖,争座位帖,19,十九,1,0,0,0,0,NO_SINGLE_CHAR_XYWH
33,033_争座位帖,争座位帖,20,二十,1,0,0,0,0,NO_SINGLE_CHAR_XYWH
33,033_争座位帖,争座位帖,21,二十一,1,0,0,0,0,NO_SINGLE_CHAR_XYWH
33,033_争座位帖,争座位帖,22,二十二,1,0,0,0,0,NO_SINGLE_CHAR_XYWH
33,033_争座位帖,争座位帖,23,二十三,1,0,0,0,0,NO_SINGLE_CHAR_XYWH
33,033_争座位帖,争座位帖,24,二十四,1,0,0,0,0,NO_SINGLE_CHAR_XYWH
33,033_争座位帖,争座位帖,25,二十五,1,0,0,0,0,NO_SINGLE_CHAR_XYWH
33,033_争座位帖,争座位帖,26,二十六,1,0,0,0,0,NO_SINGLE_CHAR_XYWH
33,033_争座位帖,争座位帖,27,二十七,1,0,0,0,0,NO_SINGLE_CHAR_XYWH
33,033_争座位帖,争座位帖,28,二十八,1,0,0,0,0,NO_SINGLE_CHAR_XYWH
33,033_争座位帖,争座位帖,29,二十九,1,0,0,0,0,NO_SINGLE_CHAR_XYWH
33,033_争座位帖,争座位帖,30,三十,1,0,0,0,0,NO_SINGLE_CHAR_XYWH
33,033_争座位帖,争座位帖,31,三十一,1,0,0,0,0,NO_SINGLE_CHAR_XYWH
33,033_争座位帖,争座位帖,32,三十二,1,0,0,0,0,NO_SINGLE_CHAR_XYWH
33,033_争座位帖,争座位帖,33,三十三,1,0,0,0,0,NO_SINGLE_CHAR_XYWH
33,033_争座位帖,争座位帖,34,三十四,1,0,0,0,0,NO_SINGLE_CHAR_XYWH
33,033_争座位帖,争座位帖,35,三十五,1,0,0,0,0,NO_SINGLE_CHAR_XYWH
33,033_争座位帖,争座位帖,36,三十六,1,0,0,0,0,NO_SINGLE_CHAR_XYWH
33,033_争座位帖,争座位帖,37,三十七,1,0,0,0,0,NO_SINGLE_CHAR_XYWH
33,033_争座位帖,争座位帖,38,三十八,1,0,0,0,0,NO_SINGLE_CHAR_XYWH
33,033_争座位帖,争座位帖,39,三十九,1,0,0,0,0,NO_SINGLE_CHAR_XYWH
33,033_争座位帖,争座位帖,40,四十,1,0,0,0,0,NO_SINGLE_CHAR_XYWH
33,033_争座位帖,争座位帖,41,四十一,1,0,0,0,0,NO_SINGLE_CHAR_XYWH
33,033_争座位帖,争座位帖,42,四十二,1,0,0,0,0,NO_SINGLE_CHAR_XYWH
34,034_章吉老墓志,章吉老墓志,1,一,1,0,0,0,0,NO_SINGLE_CHAR_XYWH
34,034_章吉老墓志,章吉老墓志,2,二,1,0,0,0,0,NO_SINGLE_CHAR_XYWH
34,034_章吉老墓志,章吉老墓志,3,三,1,0,0,0,0,NO_SINGLE_CHAR_XYWH
34,034_章吉老墓志,章吉老墓志,4,四,1,29,29,0,0,PASS
34,034_章吉老墓志,章吉老墓志,5,五,1,35,35,0,0,PASS
34,034_章吉老墓志,章吉老墓志,6,六,1,37,37,0,0,PASS
34,034_章吉老墓志,章吉老墓志,7,七,1,35,35,0,0,PASS
34,034_章吉老墓志,章吉老墓志,8,八,1,32,32,0,0,PASS
34,034_章吉老墓志,章吉老墓志,9,九,1,33,33,0,0,PASS
34,034_章吉老墓志,章吉老墓志,10,十,1,32,32,0,0,PASS
34,034_章吉老墓志,章吉老墓志,11,十一,1,33,33,0,0,PASS
34,034_章吉老墓志,章吉老墓志,12,十二,1,33,33,0,0,PASS
34,034_章吉老墓志,章吉老墓志,13,十三,1,34,34,0,0,PASS
34,034_章吉老墓志,章吉老墓志,14,十四,1,33,33,0,0,PASS
34,034_章吉老墓志,章吉老墓志,15,十五,1,34,34,0,0,PASS
34,034_章吉老墓志,章吉老墓志,16,十六,1,34,34,0,0,PASS
34,034_章吉老墓志,章吉老墓志,17,十七,1,35,35,0,0,PASS
34,034_章吉老墓志,章吉老墓志,18,十八,1,33,33,0,0,PASS
34,034_章吉老墓志,章吉老墓志,19,十九,1,35,35,0,0,PASS
34,034_章吉老墓志,章吉老墓志,20,二十,1,34,34,0,0,PASS
34,034_章吉老墓志,章吉老墓志,21,二十一,1,33,33,0,0,PASS
34,034_章吉老墓志,章吉老墓志,22,二十二,1,32,32,0,0,PASS
34,034_章吉老墓志,章吉老墓志,23,二十三,1,32,32,0,0,PASS
34,034_章吉老墓志,章吉老墓志,24,二十四,1,33,33,0,0,PASS
34,034_章吉老墓志,章吉老墓志,25,二十五,1,33,33,0,0,PASS
34,034_章吉老墓志,章吉老墓志,26,二十六,1,32,32,0,0,PASS
34,034_章吉老墓志,章吉老墓志,27,二十七,1,16,16,0,0,PASS
34,034_章吉老墓志,章吉老墓志,28,二十八,1,0,0,0,0,NO_SINGLE_CHAR_XYWH
34,034_章吉老墓志,章吉老墓志,29,二十九,1,0,0,0,0,NO_SINGLE_CHAR_XYWH
34,034_章吉老墓志,章吉老墓志,30,三十,1,0,0,0,0,NO_SINGLE_CHAR_XYWH
34,034_章吉老墓志,章吉老墓志,31,三十一,1,0,0,0,0,NO_SINGLE_CHAR_XYWH
35,035_武氏祠画像题字,武氏祠画像题字,1,一,1,0,0,0,0,NO_SINGLE_CHAR_XYWH
35,035_武氏祠画像题字,武氏祠画像题字,2,二,1,0,0,0,0,NO_SINGLE_CHAR_XYWH
35,035_武氏祠画像题字,武氏祠画像题字,3,三,1,0,0,0,0,NO_SINGLE_CHAR_XYWH
35,035_武氏祠画像题字,武氏祠画像题字,4,四,1,0,0,0,0,NO_SINGLE_CHAR_XYWH
35,035_武氏祠画像题字,武氏祠画像题字,5,五,1,0,0,0,0,NO_SINGLE_CHAR_XYWH
35,035_武氏祠画像题字,武氏祠画像题字,6,六,1,0,0,0,0,NO_SINGLE_CHAR_XYWH
35,035_武氏祠画像题字,武氏祠画像题字,7,七,1,0,0,0,0,NO_SINGLE_CHAR_XYWH
35,035_武氏祠画像题字,武氏祠画像题字,8,八,1,0,0,0,0,NO_SINGLE_CHAR_XYWH
35,035_武氏祠画像题字,武氏祠画像题字,9,九,1,0,0,0,0,NO_SINGLE_CHAR_XYWH
35,035_武氏祠画像题字,武氏祠画像题字,10,十,1,47,47,0,0,PASS
35,035_武氏祠画像题字,武氏祠画像题字,11,十一,1,42,42,0,0,PASS
35,035_武氏祠画像题字,武氏祠画像题字,12,十二,1,52,52,0,0,PASS
35,035_武氏祠画像题字,武氏祠画像题字,13,十三,1,33,33,0,0,PASS
35,035_武氏祠画像题字,武氏祠画像题字,14,十四,1,28,28,0,0,PASS
35,035_武氏祠画像题字,武氏祠画像题字,15,十五,1,54,54,0,0,PASS
35,035_武氏祠画像题字,武氏祠画像题字,16,十六,1,26,26,0,0,PASS
35,035_武氏祠画像题字,武氏祠画像题字,17,十七,1,19,19,0,0,PASS
35,035_武氏祠画像题字,武氏祠画像题字,18,十八,1,24,24,0,0,PASS
35,035_武氏祠画像题字,武氏祠画像题字,19,十九,1,35,35,0,0,PASS
35,035_武氏祠画像题字,武氏祠画像题字,20,二十,1,17,17,0,0,PASS
35,035_武氏祠画像题字,武氏祠画像题字,21,二十一,1,25,25,0,0,PASS
35,035_武氏祠画像题字,武氏祠画像题字,22,二十二,1,39,39,0,0,PASS
35,035_武氏祠画像题字,武氏祠画像题字,23,二十三,1,29,29,0,0,PASS
35,035_武氏祠画像题字,武氏祠画像题字,24,二十四,1,17,17,0,0,PASS
35,035_武氏祠画像题字,武氏祠画像题字,25,二十五,1,23,23,0,0,PASS
35,035_武氏祠画像题字,武氏祠画像题字,26,二十六,1,5,5,0,0,PASS
35,035_武氏祠画像题字,武氏祠画像题字,27,二十七,1,0,0,0,0,NO_SINGLE_CHAR_XYWH
35,035_武氏祠画像题字,武氏祠画像题字,28,二十八,1,0,0,0,0,NO_SINGLE_CHAR_XYWH
35,035_武氏祠画像题字,武氏祠画像题字,29,二十九,1,0,0,0,0,NO_SINGLE_CHAR_XYWH
35,035_武氏祠画像题字,武氏祠画像题字,30,三十,1,26,26,0,0,PASS
35,035_武氏祠画像题字,武氏祠画像题字,31,三十一,1,21,21,0,0,PASS
35,035_武氏祠画像题字,武氏祠画像题字,32,三十二,1,19,19,0,0,PASS
35,035_武氏祠画像题字,武氏祠画像题字,33,三十三,1,31,31,0,0,PASS
35,035_武氏祠画像题字,武氏祠画像题字,34,三十四,1,37,37,0,0,PASS
35,035_武氏祠画像题字,武氏祠画像题字,35,三十五,1,37,37,0,0,PASS
35,035_武氏祠画像题字,武氏祠画像题字,36,三十六,1,36,36,0,0,PASS
35,035_武氏祠画像题字,武氏祠画像题字,37,三十七,1,28,28,0,0,PASS
35,035_武氏祠画像题字,武氏祠画像题字,38,三十八,1,28,28,0,0,PASS
35,035_武氏祠画像题字,武氏祠画像题字,39,三十九,1,30,30,0,0,PASS
35,035_武氏祠画像题字,武氏祠画像题字,40,四十,1,0,0,0,0,NO_SINGLE_CHAR_XYWH
35,035_武氏祠画像题字,武氏祠画像题字,41,四十一,1,0,0,0,0,NO_SINGLE_CHAR_XYWH
35,035_武氏祠画像题字,武氏祠画像题字,42,四十二,1,0,0,0,0,NO_SINGLE_CHAR_XYWH
35,035_武氏祠画像题字,武氏祠画像题字,43,四十三,1,8,8,0,0,PASS
35,035_武氏祠画像题字,武氏祠画像题字,44,四十四,1,54,54,0,0,PASS
35,035_武氏祠画像题字,武氏祠画像题字,45,四十五,1,0,0,0,0,NO_SINGLE_CHAR_XYWH
35,035_武氏祠画像题字,武氏祠画像题字,46,四十六,1,0,0,0,0,NO_SINGLE_CHAR_XYWH
35,035_武氏祠画像题字,武氏祠画像题字,47,四十七,1,0,0,0,0,NO_SINGLE_CHAR_XYWH
35,035_武氏祠画像题字,武氏祠画像题字,48,四十八,1,0,0,0,0,NO_SINGLE_CHAR_XYWH
35,035_武氏祠画像题字,武氏祠画像题字,49,四十九,1,0,0,0,0,NO_SINGLE_CHAR_XYWH
35,035_武氏祠画像题字,武氏祠画像题字,50,五十,1,0,0,0,0,NO_SINGLE_CHAR_XYWH
35,035_武氏祠画像题字,武氏祠画像题字,51,五十一,1,0,0,0,0,NO_SINGLE_CHAR_XYWH
35,035_武氏祠画像题字,武氏祠画像题字,52,五十二,1,0,0,0,0,NO_SINGLE_CHAR_XYWH
35,035_武氏祠画像题字,武氏祠画像题字,53,五十三,1,0,0,0,0,NO_SINGLE_CHAR_XYWH
35,035_武氏祠画像题字,武氏祠画像题字,54,五十四,1,19,19,0,0,PASS
35,035_武氏祠画像题字,武氏祠画像题字,55,五十五,1,21,21,0,0,PASS
35,035_武氏祠画像题字,武氏祠画像题字,56,五十六,1,20,20,0,0,PASS
35,035_武氏祠画像题字,武氏祠画像题字,57,五十七,1,18,18,0,0,PASS
35,035_武氏祠画像题字,武氏祠画像题字,58,五十八,1,18,18,0,0,PASS
35,035_武氏祠画像题字,武氏祠画像题字,59,五十九,1,17,17,0,0,PASS
35,035_武氏祠画像题字,武氏祠画像题字,60,六十,1,20,20,0,0,PASS
35,035_武氏祠画像题字,武氏祠画像题字,61,六十一,1,17,17,0,0,PASS
35,035_武氏祠画像题字,武氏祠画像题字,62,六十二,1,23,23,0,0,PASS
35,035_武氏祠画像题字,武氏祠画像题字,63,六十三,1,15,15,0,0,PASS
35,035_武氏祠画像题字,武氏祠画像题字,64,六十四,1,15,15,0,0,PASS
35,035_武氏祠画像题字,武氏祠画像题字,65,六十五,1,0,0,0,0,NO_SINGLE_CHAR_XYWH
35,035_武氏祠画像题字,武氏祠画像题字,66,六十六,1,0,0,0,0,NO_SINGLE_CHAR_XYWH
35,035_武氏祠画像题字,武氏祠画像题字,67,六十七,1,0,0,0,0,NO_SINGLE_CHAR_XYWH
35,035_武氏祠画像题字,武氏祠画像题字,68,六十八,1,0,0,0,0,NO_SINGLE_CHAR_XYWH
35,035_武氏祠画像题字,武氏祠画像题字,69,六十九,1,0,0,0,0,NO_SINGLE_CHAR_XYWH
35,035_武氏祠画像题字,武氏祠画像题字,70,七十,1,2,2,0,0,PASS
35,035_武氏祠画像题字,武氏祠画像题字,71,七十一,1,1,1,0,0,PASS
35,035_武氏祠画像题字,武氏祠画像题字,72,七十二,1,40,40,0,0,PASS
35,035_武氏祠画像题字,武氏祠画像题字,73,七十三,1,31,31,0,0,PASS
35,035_武氏祠画像题字,武氏祠画像题字,74,七十四,1,52,52,0,0,PASS
35,035_武氏祠画像题字,武氏祠画像题字,75,七十五,1,13,13,0,0,PASS
35,035_武氏祠画像题字,武氏祠画像题字,76,七十六,1,90,90,0,0,PASS
35,035_武氏祠画像题字,武氏祠画像题字,77,七十七,1,0,0,0,0,NO_SINGLE_CHAR_XYWH
35,035_武氏祠画像题字,武氏祠画像题字,78,七十八,1,18,18,0,0,PASS
35,035_武氏祠画像题字,武氏祠画像题字,79,七十九,1,18,18,0,0,PASS
35,035_武氏祠画像题字,武氏祠画像题字,80,八十,1,18,18,0,0,PASS
35,035_武氏祠画像题字,武氏祠画像题字,81,八十一,1,18,18,0,0,PASS
35,035_武氏祠画像题字,武氏祠画像题字,82,八十二,1,18,18,0,0,PASS
35,035_武氏祠画像题字,武氏祠画像题字,83,八十三,1,18,18,0,0,PASS
35,035_武氏祠画像题字,武氏祠画像题字,84,八十四,1,2,2,0,0,PASS
35,035_武氏祠画像题字,武氏祠画像题字,85,八十五,1,2,2,0,0,PASS
35,035_武氏祠画像题字,武氏祠画像题字,86,八十六,1,1,1,0,0,PASS
35,035_武氏祠画像题字,武氏祠画像题字,87,八十七,1,2,2,0,0,PASS
35,035_武氏祠画像题字,武氏祠画像题字,88,八十八,1,2,2,0,0,PASS
35,035_武氏祠画像题字,武氏祠画像题字,89,八十九,1,2,2,0,0,PASS
35,035_武氏祠画像题字,武氏祠画像题字,90,九十,1,1,1,0,0,PASS
35,035_武氏祠画像题字,武氏祠画像题字,91,九十一,1,1,1,0,0,PASS
35,035_武氏祠画像题字,武氏祠画像题字,92,九十二,1,0,0,0,0,NO_SINGLE_CHAR_XYWH
35,035_武氏祠画像题字,武氏祠画像题字,93,九十三,1,0,0,0,0,NO_SINGLE_CHAR_XYWH
35,035_武氏祠画像题字,武氏祠画像题字,94,九十四,1,0,0,0,0,NO_SINGLE_CHAR_XYWH
35,035_武氏祠画像题字,武氏祠画像题字,95,九十五,1,0,0,0,0,NO_SINGLE_CHAR_XYWH
35,035_武氏祠画像题字,武氏祠画像题字,96,九十六,1,0,0,0,0,NO_SINGLE_CHAR_XYWH
35,035_武氏祠画像题字,武氏祠画像题字,97,九十七,1,0,0,0,0,NO_SINGLE_CHAR_XYWH
35,035_武氏祠画像题字,武氏祠画像题字,98,九十八,1,0,0,0,0,NO_SINGLE_CHAR_XYWH
36,036_瘗鹤铭,瘗鹤铭,1,一,1,0,0,0,0,NO_SINGLE_CHAR_XYWH
36,036_瘗鹤铭,瘗鹤铭,2,二,1,0,0,0,0,NO_SINGLE_CHAR_XYWH
36,036_瘗鹤铭,瘗鹤铭,3,三,1,0,0,0,0,NO_SINGLE_CHAR_XYWH
36,036_瘗鹤铭,瘗鹤铭,4,四,1,0,0,0,0,NO_SINGLE_CHAR_XYWH
36,036_瘗鹤铭,瘗鹤铭,5,五,1,0,0,0,0,NO_SINGLE_CHAR_XYWH
36,036_瘗鹤铭,瘗鹤铭,6,六,1,2,2,0,0,PASS
36,036_瘗鹤铭,瘗鹤铭,7,七,1,2,2,0,0,PASS
36,036_瘗鹤铭,瘗鹤铭,8,八,1,3,3,0,0,PASS
36,036_瘗鹤铭,瘗鹤铭,9,九,1,2,2,0,0,PASS
36,036_瘗鹤铭,瘗鹤铭,10,十,1,3,3,0,0,PASS
36,036_瘗鹤铭,瘗鹤铭,11,十一,1,2,2,0,0,PASS
36,036_瘗鹤铭,瘗鹤铭,12,十二,1,3,3,0,0,PASS
36,036_瘗鹤铭,瘗鹤铭,13,十三,1,2,2,0,0,PASS
36,036_瘗鹤铭,瘗鹤铭,14,十四,1,2,2,0,0,PASS
36,036_瘗鹤铭,瘗鹤铭,15,十五,1,2,2,0,0,PASS
36,036_瘗鹤铭,瘗鹤铭,16,十六,1,3,3,0,0,PASS
36,036_瘗鹤铭,瘗鹤铭,17,十七,1,2,2,0,0,PASS
36,036_瘗鹤铭,瘗鹤铭,18,十八,1,2,2,0,0,PASS
36,036_瘗鹤铭,瘗鹤铭,19,十九,1,2,2,0,0,PASS
36,036_瘗鹤铭,瘗鹤铭,20,二十,1,2,2,0,0,PASS
36,036_瘗鹤铭,瘗鹤铭,21,二十一,1,2,2,0,0,PASS
36,036_瘗鹤铭,瘗鹤铭,22,二十二,1,2,2,0,0,PASS
36,036_瘗鹤铭,瘗鹤铭,23,二十三,1,2,2,0,0,PASS
36,036_瘗鹤铭,瘗鹤铭,24,二十四,1,2,2,0,0,PASS
36,036_瘗鹤铭,瘗鹤铭,25,二十五,1,2,2,0,0,PASS
36,036_瘗鹤铭,瘗鹤铭,26,二十六,1,2,2,0,0,PASS
36,036_瘗鹤铭,瘗鹤铭,27,二十七,1,0,0,0,0,NO_SINGLE_CHAR_XYWH
36,036_瘗鹤铭,瘗鹤铭,28,二十八,1,0,0,0,0,NO_SINGLE_CHAR_XYWH
36,036_瘗鹤铭,瘗鹤铭,29,二十九,1,0,0,0,0,NO_SINGLE_CHAR_XYWH
36,036_瘗鹤铭,瘗鹤铭,30,三十,1,0,0,0,0,NO_SINGLE_CHAR_XYWH
36,036_瘗鹤铭,瘗鹤铭,31,三十一,1,0,0,0,0,NO_SINGLE_CHAR_XYWH
36,036_瘗鹤铭,瘗鹤铭,32,三十二,1,2,2,0,0,PASS
36,036_瘗鹤铭,瘗鹤铭,33,三十三,1,2,2,0,0,PASS
36,036_瘗鹤铭,瘗鹤铭,34,三十四,1,2,2,0,0,PASS
36,036_瘗鹤铭,瘗鹤铭,35,三十五,1,2,2,0,0,PASS
36,036_瘗鹤铭,瘗鹤铭,36,三十六,1,2,2,0,0,PASS
36,036_瘗鹤铭,瘗鹤铭,37,三十七,1,2,2,0,0,PASS
36,036_瘗鹤铭,瘗鹤铭,38,三十八,1,2,2,0,0,PASS
36,036_瘗鹤铭,瘗鹤铭,39,三十九,1,2,2,0,0,PASS
36,036_瘗鹤铭,瘗鹤铭,40,四十,1,2,2,0,0,PASS
36,036_瘗鹤铭,瘗鹤铭,41,四十一,1,2,2,0,0,PASS
36,036_瘗鹤铭,瘗鹤铭,42,四十二,1,2,2,0,0,PASS
36,036_瘗鹤铭,瘗鹤铭,43,四十三,1,2,2,0,0,PASS
36,036_瘗鹤铭,瘗鹤铭,44,四十四,1,2,2,0,0,PASS
36,036_瘗鹤铭,瘗鹤铭,45,四十五,1,3,3,0,0,PASS
36,036_瘗鹤铭,瘗鹤铭,46,四十六,1,2,2,0,0,PASS
36,036_瘗鹤铭,瘗鹤铭,47,四十七,1,3,3,0,0,PASS
36,036_瘗鹤铭,瘗鹤铭,48,四十八,1,2,2,0,0,PASS
36,036_瘗鹤铭,瘗鹤铭,49,四十九,1,3,3,0,0,PASS
36,036_瘗鹤铭,瘗鹤铭,50,五十,1,2,2,0,0,PASS
36,036_瘗鹤铭,瘗鹤铭,51,五十一,1,2,2,0,0,PASS
36,036_瘗鹤铭,瘗鹤铭,52,五十二,1,2,2,0,0,PASS
36,036_瘗鹤铭,瘗鹤铭,53,五十三,1,2,2,0,0,PASS
36,036_瘗鹤铭,瘗鹤铭,54,五十四,1,2,2,0,0,PASS
36,036_瘗鹤铭,瘗鹤铭,55,五十五,1,3,3,0,0,PASS
36,036_瘗鹤铭,瘗鹤铭,56,五十六,1,2,2,0,0,PASS
36,036_瘗鹤铭,瘗鹤铭,57,五十七,1,3,3,0,0,PASS
36,036_瘗鹤铭,瘗鹤铭,58,五十八,1,2,2,0,0,PASS
36,036_瘗鹤铭,瘗鹤铭,59,五十九,1,2,2,0,0,PASS
36,036_瘗鹤铭,瘗鹤铭,60,六十,1,2,2,0,0,PASS
36,036_瘗鹤铭,瘗鹤铭,61,六十一,1,2,2,0,0,PASS
36,036_瘗鹤铭,瘗鹤铭,62,六十二,1,1,1,0,0,PASS
36,036_瘗鹤铭,瘗鹤铭,63,六十三,1,2,2,0,0,PASS
36,036_瘗鹤铭,瘗鹤铭,64,六十四,1,2,2,0,0,PASS
36,036_瘗鹤铭,瘗鹤铭,65,六十五,1,2,2,0,0,PASS
36,036_瘗鹤铭,瘗鹤铭,66,六十六,1,2,2,0,0,PASS
36,036_瘗鹤铭,瘗鹤铭,67,六十七,1,2,2,0,0,PASS
36,036_瘗鹤铭,瘗鹤铭,68,六十八,1,2,2,0,0,PASS
36,036_瘗鹤铭,瘗鹤铭,69,六十九,1,3,3,0,0,PASS
36,036_瘗鹤铭,瘗鹤铭,70,七十,1,2,2,0,0,PASS
36,036_瘗鹤铭,瘗鹤铭,71,七十一,1,2,2,0,0,PASS
36,036_瘗鹤铭,瘗鹤铭,72,七十二,1,3,3,0,0,PASS
36,036_瘗鹤铭,瘗鹤铭,73,七十三,1,2,2,0,0,PASS
36,036_瘗鹤铭,瘗鹤铭,74,七十四,1,2,2,0,0,PASS
36,036_瘗鹤铭,瘗鹤铭,75,七十五,1,0,0,0,0,NO_SINGLE_CHAR_XYWH
36,036_瘗鹤铭,瘗鹤铭,76,七十六,1,0,0,0,0,NO_SINGLE_CHAR_XYWH
36,036_瘗鹤铭,瘗鹤铭,77,七十七,1,0,0,0,0,NO_SINGLE_CHAR_XYWH
36,036_瘗鹤铭,瘗鹤铭,78,七十八,1,0,0,0,0,NO_SINGLE_CHAR_XYWH
37,037_十七帖,十七帖,1,一,1,0,0,0,0,NO_SINGLE_CHAR_XYWH
37,037_十七帖,十七帖,2,二,1,0,0,0,0,NO_SINGLE_CHAR_XYWH
37,037_十七帖,十七帖,3,三,1,0,0,0,0,NO_SINGLE_CHAR_XYWH
37,037_十七帖,十七帖,4,四,1,0,0,0,0,NO_SINGLE_CHAR_XYWH
37,037_十七帖,十七帖,5,五,1,0,0,0,0,NO_SINGLE_CHAR_XYWH
37,037_十七帖,十七帖,6,六,1,46,46,0,0,PASS
37,037_十七帖,十七帖,7,七,1,39,39,0,0,PASS
37,037_十七帖,十七帖,8,八,1,45,45,0,0,PASS
37,037_十七帖,十七帖,9,九,1,52,52,0,0,PASS
37,037_十七帖,十七帖,10,十,1,38,38,0,0,PASS
37,037_十七帖,十七帖,11,十一,1,50,50,0,0,PASS
37,037_十七帖,十七帖,12,十二,1,39,39,0,0,PASS
37,037_十七帖,十七帖,13,十三,1,47,47,0,0,PASS
37,037_十七帖,十七帖,14,十四,1,41,41,0,0,PASS
37,037_十七帖,十七帖,15,十五,1,42,42,0,0,PASS
37,037_十七帖,十七帖,16,十六,1,46,46,0,0,PASS
37,037_十七帖,十七帖,17,十七,1,45,45,0,0,PASS
37,037_十七帖,十七帖,18,十八,1,50,50,0,0,PASS
37,037_十七帖,十七帖,19,十九,1,44,44,0,0,PASS
37,037_十七帖,十七帖,20,二十,1,45,45,0,0,PASS
37,037_十七帖,十七帖,21,二十一,1,42,42,0,0,PASS
37,037_十七帖,十七帖,22,二十二,1,50,50,0,0,PASS
37,037_十七帖,十七帖,23,二十三,1,48,48,0,0,PASS
37,037_十七帖,十七帖,24,二十四,1,42,42,0,0,PASS
37,037_十七帖,十七帖,25,二十五,1,43,43,0,0,PASS
37,037_十七帖,十七帖,26,二十六,1,49,49,0,0,PASS
37,037_十七帖,十七帖,27,二十七,1,51,51,0,0,PASS
37,037_十七帖,十七帖,28,二十八,1,30,30,0,0,PASS
37,037_十七帖,十七帖,29,二十九,1,31,31,0,0,PASS
37,037_十七帖,十七帖,30,三十,1,40,40,0,0,PASS
37,037_十七帖,十七帖,31,三十一,1,39,39,0,0,PASS
37,037_十七帖,十七帖,32,三十二,1,30,30,0,0,PASS
37,037_十七帖,十七帖,33,三十三,1,0,0,0,0,NO_SINGLE_CHAR_XYWH
37,037_十七帖,十七帖,34,三十四,1,0,0,0,0,NO_SINGLE_CHAR_XYWH
37,037_十七帖,十七帖,35,三十五,1,0,0,0,0,NO_SINGLE_CHAR_XYWH
37,037_十七帖,十七帖,36,三十六,1,0,0,0,0,NO_SINGLE_CHAR_XYWH
37,037_十七帖,十七帖,37,三十七,1,0,0,0,0,NO_SINGLE_CHAR_XYWH
38,038_十七帖,十七帖,1,一,1,0,0,0,0,NO_SINGLE_CHAR_XYWH
38,038_十七帖,十七帖,2,二,1,0,0,0,0,NO_SINGLE_CHAR_XYWH
38,038_十七帖,十七帖,3,三,1,0,0,0,0,NO_SINGLE_CHAR_XYWH
38,038_十七帖,十七帖,4,四,1,48,48,0,0,PASS
38,038_十七帖,十七帖,5,五,1,40,40,0,0,PASS
38,038_十七帖,十七帖,6,六,1,46,46,0,0,PASS
38,038_十七帖,十七帖,7,七,1,50,50,0,0,PASS
38,038_十七帖,十七帖,8,八,1,37,37,0,0,PASS
38,038_十七帖,十七帖,9,九,1,50,50,0,0,PASS
38,038_十七帖,十七帖,10,十,1,41,41,0,0,PASS
38,038_十七帖,十七帖,11,十一,1,46,46,0,0,PASS
38,038_十七帖,十七帖,12,十二,1,40,40,0,0,PASS
38,038_十七帖,十七帖,13,十三,1,40,40,0,0,PASS
38,038_十七帖,十七帖,14,十四,1,47,47,0,0,PASS
38,038_十七帖,十七帖,15,十五,1,46,46,0,0,PASS
38,038_十七帖,十七帖,16,十六,1,48,48,0,0,PASS
38,038_十七帖,十七帖,17,十七,1,43,43,0,0,PASS
38,038_十七帖,十七帖,18,十八,1,45,45,0,0,PASS
38,038_十七帖,十七帖,19,十九,1,41,41,0,0,PASS
38,038_十七帖,十七帖,20,二十,1,52,52,0,0,PASS
38,038_十七帖,十七帖,21,二十一,1,54,54,0,0,PASS
38,038_十七帖,十七帖,22,二十二,1,43,43,0,0,PASS
38,038_十七帖,十七帖,23,二十三,1,41,41,0,0,PASS
38,038_十七帖,十七帖,24,二十四,1,48,48,0,0,PASS
38,038_十七帖,十七帖,25,二十五,1,49,49,0,0,PASS
38,038_十七帖,十七帖,26,二十六,1,31,31,0,0,PASS
38,038_十七帖,十七帖,27,二十七,1,27,27,0,0,PASS
38,038_十七帖,十七帖,28,二十八,1,34,34,0,0,PASS
38,038_十七帖,十七帖,29,二十九,1,39,39,0,0,PASS
38,038_十七帖,十七帖,30,三十,1,30,30,0,0,PASS
38,038_十七帖,十七帖,31,三十一,1,21,21,0,0,PASS
38,038_十七帖,十七帖,32,三十二,1,0,0,0,0,NO_SINGLE_CHAR_XYWH
38,038_十七帖,十七帖,33,三十三,1,0,0,0,0,NO_SINGLE_CHAR_XYWH
38,038_十七帖,十七帖,34,三十四,1,0,0,0,0,NO_SINGLE_CHAR_XYWH
38,038_十七帖,十七帖,35,三十五,1,0,0,0,0,NO_SINGLE_CHAR_XYWH
38,038_十七帖,十七帖,36,三十六,1,0,0,0,0,NO_SINGLE_CHAR_XYWH
38,038_十七帖,十七帖,37,三十七,1,0,0,0,0,NO_SINGLE_CHAR_XYWH
38,038_十七帖,十七帖,38,三十八,1,0,0,0,0,NO_SINGLE_CHAR_XYWH
38,038_十七帖,十七帖,39,三十九,1,0,0,0,0,NO_SINGLE_CHAR_XYWH
39,039_淳化阁帖,淳化阁帖,1,淳化阁帖册一,0,0,0,0,0,NO_SINGLE_CHAR_XYWH
39,039_淳化阁帖,淳化阁帖,2,淳化阁帖册二,0,0,0,0,0,NO_SINGLE_CHAR_XYWH
39,039_淳化阁帖,淳化阁帖,3,淳化阁帖册三,0,0,0,0,0,NO_SINGLE_CHAR_XYWH
39,039_淳化阁帖,淳化阁帖,4,淳化阁帖册四,0,0,0,0,0,NO_SINGLE_CHAR_XYWH
39,039_淳化阁帖,淳化阁帖,5,淳化阁帖册五,0,0,0,0,0,NO_SINGLE_CHAR_XYWH
39,039_淳化阁帖,淳化阁帖,6,淳化阁帖册六,0,0,0,0,0,NO_SINGLE_CHAR_XYWH
39,039_淳化阁帖,淳化阁帖,7,淳化阁帖册七,0,0,0,0,0,NO_SINGLE_CHAR_XYWH
39,039_淳化阁帖,淳化阁帖,8,淳化阁帖册八,0,0,0,0,0,NO_SINGLE_CHAR_XYWH
39,039_淳化阁帖,淳化阁帖,9,淳化阁帖册九,0,0,0,0,0,NO_SINGLE_CHAR_XYWH
39,039_淳化阁帖,淳化阁帖,10,淳化阁帖册十,0,0,0,0,0,NO_SINGLE_CHAR_XYWH
40,040_洛神赋十三行四种,洛神赋十三行四种,1,一,1,0,0,0,0,NO_SINGLE_CHAR_XYWH
40,040_洛神赋十三行四种,洛神赋十三行四种,2,二,1,0,0,0,0,NO_SINGLE_CHAR_XYWH
40,040_洛神赋十三行四种,洛神赋十三行四种,3,三,1,0,0,0,0,NO_SINGLE_CHAR_XYWH
40,040_洛神赋十三行四种,洛神赋十三行四种,4,四,1,0,0,0,0,NO_SINGLE_CHAR_XYWH
40,040_洛神赋十三行四种,洛神赋十三行四种,5,五,1,0,0,0,0,NO_SINGLE_CHAR_XYWH
40,040_洛神赋十三行四种,洛神赋十三行四种,6,六,1,0,0,0,0,NO_SINGLE_CHAR_XYWH
40,040_洛神赋十三行四种,洛神赋十三行四种,7,七,1,0,0,0,0,NO_SINGLE_CHAR_XYWH
40,040_洛神赋十三行四种,洛神赋十三行四种,8,八,1,126,126,0,0,PASS
40,040_洛神赋十三行四种,洛神赋十三行四种,9,九,1,130,130,0,0,PASS
40,040_洛神赋十三行四种,洛神赋十三行四种,10,十,1,166,166,0,0,PASS
40,040_洛神赋十三行四种,洛神赋十三行四种,11,十一,1,167,167,0,0,PASS
40,040_洛神赋十三行四种,洛神赋十三行四种,12,十二,1,88,88,0,0,PASS
40,040_洛神赋十三行四种,洛神赋十三行四种,13,十三,1,66,66,0,0,PASS
40,040_洛神赋十三行四种,洛神赋十三行四种,14,十四,1,0,0,0,0,NO_SINGLE_CHAR_XYWH
40,040_洛神赋十三行四种,洛神赋十三行四种,15,十五,1,0,0,0,0,NO_SINGLE_CHAR_XYWH
40,040_洛神赋十三行四种,洛神赋十三行四种,16,十六,1,0,0,0,0,NO_SINGLE_CHAR_XYWH
40,040_洛神赋十三行四种,洛神赋十三行四种,17,十七,1,0,0,0,0,NO_SINGLE_CHAR_XYWH
40,040_洛神赋十三行四种,洛神赋十三行四种,18,十八,1,0,0,0,0,NO_SINGLE_CHAR_XYWH
40,040_洛神赋十三行四种,洛神赋十三行四种,19,十九,1,0,0,0,0,NO_SINGLE_CHAR_XYWH
40,040_洛神赋十三行四种,洛神赋十三行四种,20,二十,1,0,0,0,0,NO_SINGLE_CHAR_XYWH
40,040_洛神赋十三行四种,洛神赋十三行四种,21,二十一,1,0,0,0,0,NO_SINGLE_CHAR_XYWH
40,040_洛神赋十三行四种,洛神赋十三行四种,22,二十二,1,127,127,0,0,PASS
40,040_洛神赋十三行四种,洛神赋十三行四种,23,二十三,1,130,130,0,0,PASS
40,040_洛神赋十三行四种,洛神赋十三行四种,24,二十四,1,0,0,0,0,NO_SINGLE_CHAR_XYWH
40,040_洛神赋十三行四种,洛神赋十三行四种,25,二十五,1,0,0,0,0,NO_SINGLE_CHAR_XYWH
40,040_洛神赋十三行四种,洛神赋十三行四种,26,二十六,1,0,0,0,0,NO_SINGLE_CHAR_XYWH
40,040_洛神赋十三行四种,洛神赋十三行四种,27,二十七,1,0,0,0,0,NO_SINGLE_CHAR_XYWH
40,040_洛神赋十三行四种,洛神赋十三行四种,28,二十八,1,0,0,0,0,NO_SINGLE_CHAR_XYWH
40,040_洛神赋十三行四种,洛神赋十三行四种,29,二十九,1,0,0,0,0,NO_SINGLE_CHAR_XYWH
40,040_洛神赋十三行四种,洛神赋十三行四种,30,三十,1,0,0,0,0,NO_SINGLE_CHAR_XYWH
40,040_洛神赋十三行四种,洛神赋十三行四种,31,三十一,1,0,0,0,0,NO_SINGLE_CHAR_XYWH
40,040_洛神赋十三行四种,洛神赋十三行四种,32,三十二,1,0,0,0,0,NO_SINGLE_CHAR_XYWH
40,040_洛神赋十三行四种,洛神赋十三行四种,33,三十三,1,0,0,0,0,NO_SINGLE_CHAR_XYWH
40,040_洛神赋十三行四种,洛神赋十三行四种,34,三十四,1,0,0,0,0,NO_SINGLE_CHAR_XYWH
40,040_洛神赋十三行四种,洛神赋十三行四种,35,三十五,1,0,0,0,0,NO_SINGLE_CHAR_XYWH
40,040_洛神赋十三行四种,洛神赋十三行四种,36,三十六,1,146,146,0,0,PASS
40,040_洛神赋十三行四种,洛神赋十三行四种,37,三十七,1,112,112,0,0,PASS
40,040_洛神赋十三行四种,洛神赋十三行四种,38,三十八,1,123,123,0,0,PASS
40,040_洛神赋十三行四种,洛神赋十三行四种,39,三十九,1,146,146,0,0,PASS
40,040_洛神赋十三行四种,洛神赋十三行四种,40,四十,1,117,117,0,0,PASS
40,040_洛神赋十三行四种,洛神赋十三行四种,41,四十一,1,83,83,0,0,PASS
40,040_洛神赋十三行四种,洛神赋十三行四种,42,四十二,1,18,18,0,0,PASS
40,040_洛神赋十三行四种,洛神赋十三行四种,43,四十三,1,0,0,0,0,NO_SINGLE_CHAR_XYWH
40,040_洛神赋十三行四种,洛神赋十三行四种,44,四十四,1,0,0,0,0,NO_SINGLE_CHAR_XYWH
40,040_洛神赋十三行四种,洛神赋十三行四种,45,四十五,1,0,0,0,0,NO_SINGLE_CHAR_XYWH
40,040_洛神赋十三行四种,洛神赋十三行四种,46,四十六,1,0,0,0,0,NO_SINGLE_CHAR_XYWH
40,040_洛神赋十三行四种,洛神赋十三行四种,47,四十七,1,0,0,0,0,NO_SINGLE_CHAR_XYWH
40,040_洛神赋十三行四种,洛神赋十三行四种,48,四十八,1,0,0,0,0,NO_SINGLE_CHAR_XYWH
40,040_洛神赋十三行四种,洛神赋十三行四种,49,四十九,1,0,0,0,0,NO_SINGLE_CHAR_XYWH
40,040_洛神赋十三行四种,洛神赋十三行四种,50,五十,1,0,0,0,0,NO_SINGLE_CHAR_XYWH
40,040_洛神赋十三行四种,洛神赋十三行四种,51,五十一,1,0,0,0,0,NO_SINGLE_CHAR_XYWH
40,040_洛神赋十三行四种,洛神赋十三行四种,52,五十二,1,157,157,0,0,PASS
40,040_洛神赋十三行四种,洛神赋十三行四种,53,五十三,1,126,126,0,0,PASS
40,040_洛神赋十三行四种,洛神赋十三行四种,54,五十四,1,73,73,0,0,PASS
40,040_洛神赋十三行四种,洛神赋十三行四种,55,五十五,1,22,22,0,0,PASS
40,040_洛神赋十三行四种,洛神赋十三行四种,56,五十六,1,0,0,0,0,NO_SINGLE_CHAR_XYWH
40,040_洛神赋十三行四种,洛神赋十三行四种,57,五十七,1,0,0,0,0,NO_SINGLE_CHAR_XYWH
40,040_洛神赋十三行四种,洛神赋十三行四种,58,五十八,1,0,0,0,0,NO_SINGLE_CHAR_XYWH
40,040_洛神赋十三行四种,洛神赋十三行四种,59,五十九,1,0,0,0,0,NO_SINGLE_CHAR_XYWH
40,040_洛神赋十三行四种,洛神赋十三行四种,60,六十,1,0,0,0,0,NO_SINGLE_CHAR_XYWH
40,040_洛神赋十三行四种,洛神赋十三行四种,61,六十一,1,0,0,0,0,NO_SINGLE_CHAR_XYWH
40,040_洛神赋十三行四种,洛神赋十三行四种,62,六十二,1,0,0,0,0,NO_SINGLE_CHAR_XYWH
40,040_洛神赋十三行四种,洛神赋十三行四种,63,六十三,1,0,0,0,0,NO_SINGLE_CHAR_XYWH
40,040_洛神赋十三行四种,洛神赋十三行四种,64,六十四,1,0,0,0,0,NO_SINGLE_CHAR_XYWH
41,041_思古斋黄庭经颍上兰亭序合册,思古斋黄庭经颍上兰亭序合册,1,一,1,0,0,0,0,NO_SINGLE_CHAR_XYWH
41,041_思古斋黄庭经颍上兰亭序合册,思古斋黄庭经颍上兰亭序合册,2,二,1,0,0,0,0,NO_SINGLE_CHAR_XYWH
41,041_思古斋黄庭经颍上兰亭序合册,思古斋黄庭经颍上兰亭序合册,3,三,1,0,0,0,0,NO_SINGLE_CHAR_XYWH
41,041_思古斋黄庭经颍上兰亭序合册,思古斋黄庭经颍上兰亭序合册,4,四,1,0,0,0,0,NO_SINGLE_CHAR_XYWH
41,041_思古斋黄庭经颍上兰亭序合册,思古斋黄庭经颍上兰亭序合册,5,五,1,101,101,0,0,PASS
41,041_思古斋黄庭经颍上兰亭序合册,思古斋黄庭经颍上兰亭序合册,6,六,1,0,0,0,0,NO_SINGLE_CHAR_XYWH
41,041_思古斋黄庭经颍上兰亭序合册,思古斋黄庭经颍上兰亭序合册,7,七,1,0,0,0,0,NO_SINGLE_CHAR_XYWH
41,041_思古斋黄庭经颍上兰亭序合册,思古斋黄庭经颍上兰亭序合册,8,八,1,0,0,0,0,NO_SINGLE_CHAR_XYWH
41,041_思古斋黄庭经颍上兰亭序合册,思古斋黄庭经颍上兰亭序合册,9,九,1,0,0,0,0,NO_SINGLE_CHAR_XYWH
41,041_思古斋黄庭经颍上兰亭序合册,思古斋黄庭经颍上兰亭序合册,10,十,1,0,0,0,0,NO_SINGLE_CHAR_XYWH
41,041_思古斋黄庭经颍上兰亭序合册,思古斋黄庭经颍上兰亭序合册,11,十一,1,0,0,0,0,NO_SINGLE_CHAR_XYWH
41,041_思古斋黄庭经颍上兰亭序合册,思古斋黄庭经颍上兰亭序合册,12,十二,1,88,88,0,0,PASS
41,041_思古斋黄庭经颍上兰亭序合册,思古斋黄庭经颍上兰亭序合册,13,十三,1,126,126,0,0,PASS
41,041_思古斋黄庭经颍上兰亭序合册,思古斋黄庭经颍上兰亭序合册,14,十四,1,125,125,0,0,PASS
41,041_思古斋黄庭经颍上兰亭序合册,思古斋黄庭经颍上兰亭序合册,15,十五,1,123,123,0,0,PASS
41,041_思古斋黄庭经颍上兰亭序合册,思古斋黄庭经颍上兰亭序合册,16,十六,1,128,128,0,0,PASS
41,041_思古斋黄庭经颍上兰亭序合册,思古斋黄庭经颍上兰亭序合册,17,十七,1,126,126,0,0,PASS
41,041_思古斋黄庭经颍上兰亭序合册,思古斋黄庭经颍上兰亭序合册,18,十八,1,123,123,0,0,PASS
41,041_思古斋黄庭经颍上兰亭序合册,思古斋黄庭经颍上兰亭序合册,19,十九,1,121,121,0,0,PASS
41,041_思古斋黄庭经颍上兰亭序合册,思古斋黄庭经颍上兰亭序合册,20,二十,1,122,122,0,0,PASS
41,041_思古斋黄庭经颍上兰亭序合册,思古斋黄庭经颍上兰亭序合册,21,二十一,1,118,118,0,0,PASS
41,041_思古斋黄庭经颍上兰亭序合册,思古斋黄庭经颍上兰亭序合册,22,二十二,1,125,125,0,0,PASS
41,041_思古斋黄庭经颍上兰亭序合册,思古斋黄庭经颍上兰亭序合册,23,二十三,1,0,0,0,0,NO_SINGLE_CHAR_XYWH
41,041_思古斋黄庭经颍上兰亭序合册,思古斋黄庭经颍上兰亭序合册,24,二十四,1,0,0,0,0,NO_SINGLE_CHAR_XYWH
41,041_思古斋黄庭经颍上兰亭序合册,思古斋黄庭经颍上兰亭序合册,25,二十五,1,0,0,0,0,NO_SINGLE_CHAR_XYWH
41,041_思古斋黄庭经颍上兰亭序合册,思古斋黄庭经颍上兰亭序合册,26,二十六,1,0,0,0,0,NO_SINGLE_CHAR_XYWH
41,041_思古斋黄庭经颍上兰亭序合册,思古斋黄庭经颍上兰亭序合册,27,二十七,1,0,0,0,0,NO_SINGLE_CHAR_XYWH
41,041_思古斋黄庭经颍上兰亭序合册,思古斋黄庭经颍上兰亭序合册,28,二十八,1,0,0,0,0,NO_SINGLE_CHAR_XYWH
41,041_思古斋黄庭经颍上兰亭序合册,思古斋黄庭经颍上兰亭序合册,29,二十九,1,0,0,0,0,NO_SINGLE_CHAR_XYWH
41,041_思古斋黄庭经颍上兰亭序合册,思古斋黄庭经颍上兰亭序合册,30,三十,1,0,0,0,0,NO_SINGLE_CHAR_XYWH
41,041_思古斋黄庭经颍上兰亭序合册,思古斋黄庭经颍上兰亭序合册,31,三十一,1,0,0,0,0,NO_SINGLE_CHAR_XYWH
41,041_思古斋黄庭经颍上兰亭序合册,思古斋黄庭经颍上兰亭序合册,32,三十二,1,0,0,0,0,NO_SINGLE_CHAR_XYWH
41,041_思古斋黄庭经颍上兰亭序合册,思古斋黄庭经颍上兰亭序合册,33,三十三,1,0,0,0,0,NO_SINGLE_CHAR_XYWH
41,041_思古斋黄庭经颍上兰亭序合册,思古斋黄庭经颍上兰亭序合册,34,三十四,1,28,28,0,0,PASS
41,041_思古斋黄庭经颍上兰亭序合册,思古斋黄庭经颍上兰亭序合册,35,三十五,1,46,46,0,0,PASS
41,041_思古斋黄庭经颍上兰亭序合册,思古斋黄庭经颍上兰亭序合册,36,三十六,1,47,47,0,0,PASS
41,041_思古斋黄庭经颍上兰亭序合册,思古斋黄庭经颍上兰亭序合册,37,三十七,1,48,48,0,0,PASS
41,041_思古斋黄庭经颍上兰亭序合册,思古斋黄庭经颍上兰亭序合册,38,三十八,1,44,44,0,0,PASS
41,041_思古斋黄庭经颍上兰亭序合册,思古斋黄庭经颍上兰亭序合册,39,三十九,1,45,45,0,0,PASS
41,041_思古斋黄庭经颍上兰亭序合册,思古斋黄庭经颍上兰亭序合册,40,四十,1,39,39,0,0,PASS
41,041_思古斋黄庭经颍上兰亭序合册,思古斋黄庭经颍上兰亭序合册,41,四十一,1,0,0,0,0,NO_SINGLE_CHAR_XYWH
41,041_思古斋黄庭经颍上兰亭序合册,思古斋黄庭经颍上兰亭序合册,42,四十二,1,0,0,0,0,NO_SINGLE_CHAR_XYWH
41,041_思古斋黄庭经颍上兰亭序合册,思古斋黄庭经颍上兰亭序合册,43,四十三,1,0,0,0,0,NO_SINGLE_CHAR_XYWH
41,041_思古斋黄庭经颍上兰亭序合册,思古斋黄庭经颍上兰亭序合册,44,四十四,1,0,0,0,0,NO_SINGLE_CHAR_XYWH
41,041_思古斋黄庭经颍上兰亭序合册,思古斋黄庭经颍上兰亭序合册,45,四十五,1,0,0,0,0,NO_SINGLE_CHAR_XYWH
41,041_思古斋黄庭经颍上兰亭序合册,思古斋黄庭经颍上兰亭序合册,46,四十六,1,0,0,0,0,NO_SINGLE_CHAR_XYWH
41,041_思古斋黄庭经颍上兰亭序合册,思古斋黄庭经颍上兰亭序合册,47,四十七,1,0,0,0,0,NO_SINGLE_CHAR_XYWH
41,041_思古斋黄庭经颍上兰亭序合册,思古斋黄庭经颍上兰亭序合册,48,四十八,1,57,57,0,0,PASS
41,041_思古斋黄庭经颍上兰亭序合册,思古斋黄庭经颍上兰亭序合册,49,四十九,1,72,72,0,0,PASS
41,041_思古斋黄庭经颍上兰亭序合册,思古斋黄庭经颍上兰亭序合册,50,五十,1,91,91,0,0,PASS
41,041_思古斋黄庭经颍上兰亭序合册,思古斋黄庭经颍上兰亭序合册,51,五十一,1,0,0,0,0,NO_SINGLE_CHAR_XYWH
41,041_思古斋黄庭经颍上兰亭序合册,思古斋黄庭经颍上兰亭序合册,52,五十二,1,36,36,0,0,PASS
41,041_思古斋黄庭经颍上兰亭序合册,思古斋黄庭经颍上兰亭序合册,53,五十三,1,36,36,0,0,PASS
41,041_思古斋黄庭经颍上兰亭序合册,思古斋黄庭经颍上兰亭序合册,54,五十四,1,25,25,0,0,PASS
41,041_思古斋黄庭经颍上兰亭序合册,思古斋黄庭经颍上兰亭序合册,55,五十五,1,0,0,0,0,NO_SINGLE_CHAR_XYWH
41,041_思古斋黄庭经颍上兰亭序合册,思古斋黄庭经颍上兰亭序合册,56,五十六,1,0,0,0,0,NO_SINGLE_CHAR_XYWH
41,041_思古斋黄庭经颍上兰亭序合册,思古斋黄庭经颍上兰亭序合册,57,五十七,1,0,0,0,0,NO_SINGLE_CHAR_XYWH
41,041_思古斋黄庭经颍上兰亭序合册,思古斋黄庭经颍上兰亭序合册,58,五十八,1,0,0,0,0,NO_SINGLE_CHAR_XYWH
41,041_思古斋黄庭经颍上兰亭序合册,思古斋黄庭经颍上兰亭序合册,59,五十九,1,0,0,0,0,NO_SINGLE_CHAR_XYWH
41,041_思古斋黄庭经颍上兰亭序合册,思古斋黄庭经颍上兰亭序合册,60,六十,1,0,0,0,0,NO_SINGLE_CHAR_XYWH
41,041_思古斋黄庭经颍上兰亭序合册,思古斋黄庭经颍上兰亭序合册,61,六十一,1,0,0,0,0,NO_SINGLE_CHAR_XYWH
41,041_思古斋黄庭经颍上兰亭序合册,思古斋黄庭经颍上兰亭序合册,62,六十二,1,0,0,0,0,NO_SINGLE_CHAR_XYWH
41,041_思古斋黄庭经颍上兰亭序合册,思古斋黄庭经颍上兰亭序合册,63,六十三,1,0,0,0,0,NO_SINGLE_CHAR_XYWH
41,041_思古斋黄庭经颍上兰亭序合册,思古斋黄庭经颍上兰亭序合册,64,六十四,1,0,0,0,0,NO_SINGLE_CHAR_XYWH
41,041_思古斋黄庭经颍上兰亭序合册,思古斋黄庭经颍上兰亭序合册,65,六十五,1,0,0,0,0,NO_SINGLE_CHAR_XYWH
41,041_思古斋黄庭经颍上兰亭序合册,思古斋黄庭经颍上兰亭序合册,66,六十六,1,0,0,0,0,NO_SINGLE_CHAR_XYWH
41,041_思古斋黄庭经颍上兰亭序合册,思古斋黄庭经颍上兰亭序合册,67,六十七,1,0,0,0,0,NO_SINGLE_CHAR_XYWH
41,041_思古斋黄庭经颍上兰亭序合册,思古斋黄庭经颍上兰亭序合册,68,六十八,1,0,0,0,0,NO_SINGLE_CHAR_XYWH
41,041_思古斋黄庭经颍上兰亭序合册,思古斋黄庭经颍上兰亭序合册,69,六十九,1,0,0,0,0,NO_SINGLE_CHAR_XYWH
41,041_思古斋黄庭经颍上兰亭序合册,思古斋黄庭经颍上兰亭序合册,70,七十,1,0,0,0,0,NO_SINGLE_CHAR_XYWH
41,041_思古斋黄庭经颍上兰亭序合册,思古斋黄庭经颍上兰亭序合册,71,七十一,1,0,0,0,0,NO_SINGLE_CHAR_XYWH
41,041_思古斋黄庭经颍上兰亭序合册,思古斋黄庭经颍上兰亭序合册,72,七十二,1,0,0,0,0,NO_SINGLE_CHAR_XYWH
41,041_思古斋黄庭经颍上兰亭序合册,思古斋黄庭经颍上兰亭序合册,73,七十三,1,0,0,0,0,NO_SINGLE_CHAR_XYWH
41,041_思古斋黄庭经颍上兰亭序合册,思古斋黄庭经颍上兰亭序合册,74,七十四,1,0,0,0,0,NO_SINGLE_CHAR_XYWH
42,042_太室西阙铭,太室西阙铭,1,一,1,0,0,0,0,NO_SINGLE_CHAR_XYWH
42,042_太室西阙铭,太室西阙铭,2,二,1,0,0,0,0,NO_SINGLE_CHAR_XYWH
42,042_太室西阙铭,太室西阙铭,3,三,1,0,0,0,0,NO_SINGLE_CHAR_XYWH
42,042_太室西阙铭,太室西阙铭,4,四,1,23,23,0,0,PASS
42,042_太室西阙铭,太室西阙铭,5,五,1,25,25,0,0,PASS
42,042_太室西阙铭,太室西阙铭,6,六,1,24,24,0,0,PASS
42,042_太室西阙铭,太室西阙铭,7,七,1,24,24,0,0,PASS
42,042_太室西阙铭,太室西阙铭,8,八,1,24,24,0,0,PASS
42,042_太室西阙铭,太室西阙铭,9,九,1,25,25,0,0,PASS
42,042_太室西阙铭,太室西阙铭,10,十,1,24,24,0,0,PASS
42,042_太室西阙铭,太室西阙铭,11,十一,1,24,24,0,0,PASS
42,042_太室西阙铭,太室西阙铭,12,十二,1,3,3,0,0,PASS
42,042_太室西阙铭,太室西阙铭,13,十三,1,5,5,0,0,PASS
42,042_太室西阙铭,太室西阙铭,14,十四,1,0,0,0,0,NO_SINGLE_CHAR_XYWH
42,042_太室西阙铭,太室西阙铭,15,十五,1,0,0,0,0,NO_SINGLE_CHAR_XYWH
42,042_太室西阙铭,太室西阙铭,16,十六,1,0,0,0,0,NO_SINGLE_CHAR_XYWH
42,042_太室西阙铭,太室西阙铭,17,十七,1,0,0,0,0,NO_SINGLE_CHAR_XYWH
42,042_太室西阙铭,太室西阙铭,18,十八,1,0,0,0,0,NO_SINGLE_CHAR_XYWH
42,042_太室西阙铭,太室西阙铭,19,十九,1,0,0,0,0,NO_SINGLE_CHAR_XYWH
42,042_太室西阙铭,太室西阙铭,20,二十,1,0,0,0,0,NO_SINGLE_CHAR_XYWH
42,042_太室西阙铭,太室西阙铭,21,二十一,1,0,0,0,0,NO_SINGLE_CHAR_XYWH
43,043_司马昞妻孟敬训墓志,司马昞妻孟敬训墓志,1,一,1,0,0,0,0,NO_SINGLE_CHAR_XYWH
43,043_司马昞妻孟敬训墓志,司马昞妻孟敬训墓志,2,二,1,0,0,0,0,NO_SINGLE_CHAR_XYWH
43,043_司马昞妻孟敬训墓志,司马昞妻孟敬训墓志,3,三,1,0,0,0,0,NO_SINGLE_CHAR_XYWH
43,043_司马昞妻孟敬训墓志,司马昞妻孟敬训墓志,4,四,1,0,0,0,0,NO_SINGLE_CHAR_XYWH
43,043_司马昞妻孟敬训墓志,司马昞妻孟敬训墓志,5,五,1,0,0,0,0,NO_SINGLE_CHAR_XYWH
43,043_司马昞妻孟敬训墓志,司马昞妻孟敬训墓志,6,六,1,36,36,0,0,PASS
43,043_司马昞妻孟敬训墓志,司马昞妻孟敬训墓志,7,七,1,42,42,0,0,PASS
43,043_司马昞妻孟敬训墓志,司马昞妻孟敬训墓志,8,八,1,42,42,0,0,PASS
43,043_司马昞妻孟敬训墓志,司马昞妻孟敬训墓志,9,九,1,42,42,0,0,PASS
43,043_司马昞妻孟敬训墓志,司马昞妻孟敬训墓志,10,十,1,42,42,0,0,PASS
43,043_司马昞妻孟敬训墓志,司马昞妻孟敬训墓志,11,十一,1,42,42,0,0,PASS
43,043_司马昞妻孟敬训墓志,司马昞妻孟敬训墓志,12,十二,1,42,42,0,0,PASS
43,043_司马昞妻孟敬训墓志,司马昞妻孟敬训墓志,13,十三,1,42,42,0,0,PASS
43,043_司马昞妻孟敬训墓志,司马昞妻孟敬训墓志,14,十四,1,38,38,0,0,PASS
43,043_司马昞妻孟敬训墓志,司马昞妻孟敬训墓志,15,十五,1,34,34,0,0,PASS
43,043_司马昞妻孟敬训墓志,司马昞妻孟敬训墓志,16,十六,1,0,0,0,0,NO_SINGLE_CHAR_XYWH
43,043_司马昞妻孟敬训墓志,司马昞妻孟敬训墓志,17,十七,1,0,0,0,0,NO_SINGLE_CHAR_XYWH
43,043_司马昞妻孟敬训墓志,司马昞妻孟敬训墓志,18,十八,1,0,0,0,0,NO_SINGLE_CHAR_XYWH
43,043_司马昞妻孟敬训墓志,司马昞妻孟敬训墓志,19,十九,1,0,0,0,0,NO_SINGLE_CHAR_XYWH
43,043_司马昞妻孟敬训墓志,司马昞妻孟敬训墓志,20,二十,1,0,0,0,0,NO_SINGLE_CHAR_XYWH
44,044_崔敬邕墓誌,崔敬邕墓誌,1,一,1,0,0,0,0,NO_SINGLE_CHAR_XYWH
44,044_崔敬邕墓誌,崔敬邕墓誌,2,二,1,0,0,0,0,NO_SINGLE_CHAR_XYWH
44,044_崔敬邕墓誌,崔敬邕墓誌,3,三,1,0,0,0,0,NO_SINGLE_CHAR_XYWH
44,044_崔敬邕墓誌,崔敬邕墓誌,4,四,1,0,0,0,0,NO_SINGLE_CHAR_XYWH
44,044_崔敬邕墓誌,崔敬邕墓誌,5,五,1,0,0,0,0,NO_SINGLE_CHAR_XYWH
44,044_崔敬邕墓誌,崔敬邕墓誌,6,六,1,0,0,0,0,NO_SINGLE_CHAR_XYWH
44,044_崔敬邕墓誌,崔敬邕墓誌,7,七,1,0,0,0,0,NO_SINGLE_CHAR_XYWH
44,044_崔敬邕墓誌,崔敬邕墓誌,8,八,1,27,27,0,0,PASS
44,044_崔敬邕墓誌,崔敬邕墓誌,9,九,1,29,29,0,0,PASS
44,044_崔敬邕墓誌,崔敬邕墓誌,10,十,1,23,23,0,0,PASS
44,044_崔敬邕墓誌,崔敬邕墓誌,11,十一,1,32,32,0,0,PASS
44,044_崔敬邕墓誌,崔敬邕墓誌,12,十二,1,32,32,0,0,PASS
44,044_崔敬邕墓誌,崔敬邕墓誌,13,十三,1,32,32,0,0,PASS
44,044_崔敬邕墓誌,崔敬邕墓誌,14,十四,1,31,31,0,0,PASS
44,044_崔敬邕墓誌,崔敬邕墓誌,15,十五,1,31,31,0,0,PASS
44,044_崔敬邕墓誌,崔敬邕墓誌,16,十六,1,31,31,0,0,PASS
44,044_崔敬邕墓誌,崔敬邕墓誌,17,十七,1,31,31,0,0,PASS
44,044_崔敬邕墓誌,崔敬邕墓誌,18,十八,1,32,32,0,0,PASS
44,044_崔敬邕墓誌,崔敬邕墓誌,19,十九,1,32,32,0,0,PASS
44,044_崔敬邕墓誌,崔敬邕墓誌,20,二十,1,31,31,0,0,PASS
44,044_崔敬邕墓誌,崔敬邕墓誌,21,二十一,1,32,32,0,0,PASS
44,044_崔敬邕墓誌,崔敬邕墓誌,22,二十二,1,32,32,0,0,PASS
44,044_崔敬邕墓誌,崔敬邕墓誌,23,二十三,1,32,32,0,0,PASS
44,044_崔敬邕墓誌,崔敬邕墓誌,24,二十四,1,32,32,0,0,PASS
44,044_崔敬邕墓誌,崔敬邕墓誌,25,二十五,1,32,32,0,0,PASS
44,044_崔敬邕墓誌,崔敬邕墓誌,26,二十六,1,32,32,0,0,PASS
44,044_崔敬邕墓誌,崔敬邕墓誌,27,二十七,1,32,32,0,0,PASS
44,044_崔敬邕墓誌,崔敬邕墓誌,28,二十八,1,31,31,0,0,PASS
44,044_崔敬邕墓誌,崔敬邕墓誌,29,二十九,1,30,30,0,0,PASS
44,044_崔敬邕墓誌,崔敬邕墓誌,30,三十,1,32,32,0,0,PASS
44,044_崔敬邕墓誌,崔敬邕墓誌,31,三十一,1,23,23,0,0,PASS
44,044_崔敬邕墓誌,崔敬邕墓誌,32,三十二,1,0,0,0,0,NO_SINGLE_CHAR_XYWH
44,044_崔敬邕墓誌,崔敬邕墓誌,33,三十三,1,0,0,0,0,NO_SINGLE_CHAR_XYWH
44,044_崔敬邕墓誌,崔敬邕墓誌,34,三十四,1,0,0,0,0,NO_SINGLE_CHAR_XYWH
44,044_崔敬邕墓誌,崔敬邕墓誌,35,三十五,1,0,0,0,0,NO_SINGLE_CHAR_XYWH
44,044_崔敬邕墓誌,崔敬邕墓誌,36,三十六,1,0,0,0,0,NO_SINGLE_CHAR_XYWH
44,044_崔敬邕墓誌,崔敬邕墓誌,37,三十七,1,0,0,0,0,NO_SINGLE_CHAR_XYWH
44,044_崔敬邕墓誌,崔敬邕墓誌,38,三十八,1,0,0,0,0,NO_SINGLE_CHAR_XYWH
44,044_崔敬邕墓誌,崔敬邕墓誌,39,三十九,1,0,0,0,0,NO_SINGLE_CHAR_XYWH
44,044_崔敬邕墓誌,崔敬邕墓誌,40,四十,1,0,0,0,0,NO_SINGLE_CHAR_XYWH
44,044_崔敬邕墓誌,崔敬邕墓誌,41,四十一,1,0,0,0,0,NO_SINGLE_CHAR_XYWH
44,044_崔敬邕墓誌,崔敬邕墓誌,42,四十二,1,0,0,0,0,NO_SINGLE_CHAR_XYWH
44,044_崔敬邕墓誌,崔敬邕墓誌,43,四十三,1,0,0,0,0,NO_SINGLE_CHAR_XYWH
44,044_崔敬邕墓誌,崔敬邕墓誌,44,四十四,1,0,0,0,0,NO_SINGLE_CHAR_XYWH
44,044_崔敬邕墓誌,崔敬邕墓誌,45,四十五,1,0,0,0,0,NO_SINGLE_CHAR_XYWH
44,044_崔敬邕墓誌,崔敬邕墓誌,46,四十六,1,0,0,0,0,NO_SINGLE_CHAR_XYWH
44,044_崔敬邕墓誌,崔敬邕墓誌,47,四十七,1,0,0,0,0,NO_SINGLE_CHAR_XYWH
44,044_崔敬邕墓誌,崔敬邕墓誌,48,四十八,1,0,0,0,0,NO_SINGLE_CHAR_XYWH
44,044_崔敬邕墓誌,崔敬邕墓誌,49,四十九,1,0,0,0,0,NO_SINGLE_CHAR_XYWH
44,044_崔敬邕墓誌,崔敬邕墓誌,50,五十,1,0,0,0,0,NO_SINGLE_CHAR_XYWH
44,044_崔敬邕墓誌,崔敬邕墓誌,51,五十一,1,0,0,0,0,NO_SINGLE_CHAR_XYWH
44,044_崔敬邕墓誌,崔敬邕墓誌,52,五十二,1,0,0,0,0,NO_SINGLE_CHAR_XYWH
45,045_石鼓文,石鼓文,1,一,1,0,0,0,0,NO_SINGLE_CHAR_XYWH
45,045_石鼓文,石鼓文,2,二,1,0,0,0,0,NO_SINGLE_CHAR_XYWH
45,045_石鼓文,石鼓文,3,三,1,0,0,0,0,NO_SINGLE_CHAR_XYWH
45,045_石鼓文,石鼓文,4,四,1,0,0,0,0,NO_SINGLE_CHAR_XYWH
45,045_石鼓文,石鼓文,5,五,1,0,0,0,0,NO_SINGLE_CHAR_XYWH
45,045_石鼓文,石鼓文,6,六,1,0,0,0,0,NO_SINGLE_CHAR_XYWH
45,045_石鼓文,石鼓文,7,七,1,0,0,0,0,NO_SINGLE_CHAR_XYWH
45,045_石鼓文,石鼓文,8,八,1,0,0,0,0,NO_SINGLE_CHAR_XYWH
45,045_石鼓文,石鼓文,9,九,1,0,0,0,0,NO_SINGLE_CHAR_XYWH
45,045_石鼓文,石鼓文,10,十,1,0,0,0,0,NO_SINGLE_CHAR_XYWH
45,045_石鼓文,石鼓文,11,十一,1,0,0,0,0,NO_SINGLE_CHAR_XYWH
45,045_石鼓文,石鼓文,12,十二,1,22,22,0,0,PASS
45,045_石鼓文,石鼓文,13,十三,1,22,22,0,0,PASS
45,045_石鼓文,石鼓文,14,十四,1,16,16,0,0,PASS
45,045_石鼓文,石鼓文,15,十五,1,0,0,0,0,NO_SINGLE_CHAR_XYWH
45,045_石鼓文,石鼓文,16,十六,1,17,17,0,0,PASS
45,045_石鼓文,石鼓文,17,十七,1,18,18,0,0,PASS
45,045_石鼓文,石鼓文,18,十八,1,9,9,0,0,PASS
45,045_石鼓文,石鼓文,19,十九,1,0,0,0,0,NO_SINGLE_CHAR_XYWH
45,045_石鼓文,石鼓文,20,二十,1,29,29,0,0,PASS
45,045_石鼓文,石鼓文,21,二十一,1,28,28,0,0,PASS
45,045_石鼓文,石鼓文,22,二十二,1,12,12,0,0,PASS
45,045_石鼓文,石鼓文,23,二十三,1,0,0,0,0,NO_SINGLE_CHAR_XYWH
45,045_石鼓文,石鼓文,24,二十四,1,20,20,0,0,PASS
45,045_石鼓文,石鼓文,25,二十五,1,25,25,0,0,PASS
45,045_石鼓文,石鼓文,26,二十六,1,7,7,0,0,PASS
45,045_石鼓文,石鼓文,27,二十七,1,0,0,0,0,NO_SINGLE_CHAR_XYWH
45,045_石鼓文,石鼓文,28,二十八,1,4,4,0,0,PASS
45,045_石鼓文,石鼓文,29,二十九,1,0,0,0,0,NO_SINGLE_CHAR_XYWH
45,045_石鼓文,石鼓文,30,三十,1,11,11,0,0,PASS
45,045_石鼓文,石鼓文,31,三十一,1,5,5,0,0,PASS
45,045_石鼓文,石鼓文,32,三十二,1,16,16,0,0,PASS
45,045_石鼓文,石鼓文,33,三十三,1,16,16,0,0,PASS
45,045_石鼓文,石鼓文,34,三十四,1,12,12,0,0,PASS
45,045_石鼓文,石鼓文,35,三十五,1,0,0,0,0,NO_SINGLE_CHAR_XYWH
45,045_石鼓文,石鼓文,36,三十六,1,13,13,0,0,PASS
45,045_石鼓文,石鼓文,37,三十七,1,4,4,0,0,PASS
45,045_石鼓文,石鼓文,38,三十八,1,21,21,0,0,PASS
45,045_石鼓文,石鼓文,39,三十九,1,17,17,0,0,PASS
45,045_石鼓文,石鼓文,40,四十,1,12,12,0,0,PASS
45,045_石鼓文,石鼓文,41,四十一,1,6,6,0,0,PASS
45,045_石鼓文,石鼓文,42,四十二,1,3,3,0,0,PASS
45,045_石鼓文,石鼓文,43,四十三,1,6,6,0,0,PASS
45,045_石鼓文,石鼓文,44,四十四,1,0,0,0,0,NO_SINGLE_CHAR_XYWH
45,045_石鼓文,石鼓文,45,四十五,1,0,0,0,0,NO_SINGLE_CHAR_XYWH
45,045_石鼓文,石鼓文,46,四十六,1,0,0,0,0,NO_SINGLE_CHAR_XYWH
45,045_石鼓文,石鼓文,47,四十七,1,0,0,0,0,NO_SINGLE_CHAR_XYWH
45,045_石鼓文,石鼓文,48,四十八,1,0,0,0,0,NO_SINGLE_CHAR_XYWH
45,045_石鼓文,石鼓文,49,四十九,1,0,0,0,0,NO_SINGLE_CHAR_XYWH
45,045_石鼓文,石鼓文,50,五十,1,0,0,0,0,NO_SINGLE_CHAR_XYWH
45,045_石鼓文,石鼓文,51,五十一,1,0,0,0,0,NO_SINGLE_CHAR_XYWH
45,045_石鼓文,石鼓文,52,五十二,1,0,0,0,0,NO_SINGLE_CHAR_XYWH
45,045_石鼓文,石鼓文,53,五十三,1,0,0,0,0,NO_SINGLE_CHAR_XYWH
45,045_石鼓文,石鼓文,54,五十四,1,0,0,0,0,NO_SINGLE_CHAR_XYWH
45,045_石鼓文,石鼓文,55,五十五,1,0,0,0,0,NO_SINGLE_CHAR_XYWH
45,045_石鼓文,石鼓文,56,五十六,1,0,0,0,0,NO_SINGLE_CHAR_XYWH
